-0.068429582
-0.023973344
0.0039115432
0.089108907
-0.062736452
-0.088894106
-0.12882945
0.10024238
0.10032538
0.043494847
0.028017346
0.020726293
-0.084228203
-0.0050858799
-0.083734199
-0.063606419
0.0034532109
-0.062769309
-0.10438017
-0.024115946
0.040162072
-0.0039148647
-0.070409954
-0.047447447
0.10706469
0.097720042
-0.14432499
-0.0081547089
0.043677028
-0.037998129
-0.079660811
-0.044871397
-0.087874033
-0.14332204
0.10517924
0.198908
-0.011418314
0.11130294
-0.018498179
0.13802639
0.054158375
-0.018492555
-0.090121187
0.020561198
-0.16461979
-0.0017071277
0.0423765
0.18425679
-0.027052242
0.10729379
-0.03393114
-0.082566217
-0.11886766
0.04296555
-0.017924597
-0.13832161
0.050737679
0.074547596
0.00054234243
-0.086335145
0.1438625
0.013381481
-0.0010028577
-0.011554451
-0.02746255
0.10553545
0.067881465
-0.015700852
-0.020118289
-0.043782011
0.15015334
-0.027877266
0.15538733
-0.048939496
-0.17290404
0.031954579
0.036731713
-0.0060770283
0.067300417
-0.17158251
0.11872536
-0.11008676
-0.10808155
-0.16848025
-0.077515192
-0.12549667
0.094087265
0.02885955
0.084168337
-0.034353089
-0.024944274
-0.084756032
0.18588519
-0.035452716
0.036363807
-0.035158671
-0.046587858
-0.030442201
-0.079097636
-0.089692824
-0.094875775
0.08349105
-0.17218494
-0.0039325366
0.10337622
-0.075302638
-0.045784127
-0.12411164
-0.050388142
0.054009102
0.06906186
-0.00065228023
0.064032629
0.15018265
-0.11363167
-0.00083722663
-0.068027698
0.077874213
-0.16532823
0.090443492
0.11165559
0.13966237
-0.062230483
-0.11994904
0.03871968
-0.0010574964
-0.030589966
0.0024490287
0.035261273
-0.014846653
0.045688894
-0.021699728
0.13062879
0.019966867
-0.02685163
-0.001181967
-0.0026287476
0.030106692
0.12494892
0.081083789
0.10469761
0.062679715
-0.052153315
-0.011611346
-0.015679834
0.011800465
0.040123265
-0.061213732
0.10155297
0.067987449
-0.017854111
-0.025852546
-0.1066181
0.10964161
0.018548813
0.0026554107
-0.11124205
0.068016469
0.11209629
-0.036192901
0.017998355
0.063331775
-0.016798837
-0.093385398
0.076667644
-0.05792262
0.052893162
-0.001313837
0.069043912
-0.088028602
-0.00045139441
-0.083281606
0.02749962
0.074757099
-0.010322915
-0.097289711
0.081695564
-0.053138174
-0.074826472
-0.031211277
0.086739779
0.010562394
0.141242
-0.014590216
-0.036175646
-0.065428875
0.022573372
0.036717154
-0.022743663
0.0023450949
-0.081904896
0.029077232
0.065805294
0.10999329
0.042819045
0.049578797
-0.095267542
0.095234498
-0.018216232
-0.053616311
-0.13575459
-0.054304801
0.013248411
0.039142415
0.035185158
-0.016752796
-0.00012007599
0.062984005
0.03259087
0.027901694
-0.083251752
0.10731354
0.20582445
0.012657699
0.10930913
0.035272457
-0.16485487
0.0012033276
0.0088362871
0.10336857
0.064441122
0.013687729
-0.091892093
-0.090181097
0.11655418
-0.074596263
-0.014464064
-0.044464868
-0.027595052
0.047099736
0.058463052
0.09747909
-0.010017699
0.14806361
0.020898925
0.091947399
0.11777049
-0.021982832
0.016592819
0.07664641
0.019450866
-0.072456174
-0.0085242949
0.10302769
0.02329631
0.10581803
0.0093261106
-0.043150522
-0.088441089
-0.018110225
0.042416785
-0.042134333
-0.12588271
0.044095669
0.051054157
0.021733211
-0.22702177
0.12538512
0.049600724
0.1564213
0.0668706
-0.11893269
-0.019486682
0.068603002
0.0050465255
0.047905181
0.040752728
0.038715437
0.06951198
0.0044965521
0.20729089
-0.05278616
-0.059446272
0.093906261
-0.09146753
0.044231184
0.17741513
0.040421139
0.019100212
-0.0092688501
-0.086989269
0.1374234
-0.055344567
0.00088532717
0.073466428
0.013931008
0.048639163
-0.023381181
0.10948935
-0.056712121
-0.135869
0.011273388
0.065856032
0.098105423
0.015914151
0.13476349
-0.034467138
-0.12195051
-0.2152507
0.034201164
0.069485962
0.13401838
0.097992018
-0.028568067
0.02948829
0.11755779
-0.038667805
-0.014983416
0.070100822
0.080165938
-0.14041404
0.049770467
-0.054950994
-0.0056298566
-0.014168899
0.015100871
-0.036910489
-0.049245153
-0.046621758
-0.052312654
0.031636748
0.21922985
-0.0889026
0.018615328
-0.16829114
0.022319712
-0.048976291
0.032362767
-0.023491913
-0.1185279
0.031261545
0.023713293
-0.027255127
-0.06196351
-0.013103408
0.04394348
0.044906095
-0.11641113
-0.039600972
0.084453516
0.13702577
-0.014703877
0.058148678
-0.017153999
0.090990059
0.0030545429
-0.058603697
0.15451422
0.040910352
0.08908315
-0.1043941
-0.10076102
0.047932953
0.19444364
0.14148407
0.04995314
-0.037349805
-0.052662451
0.12725794
-0.24289668
0.10492318
-0.05845812
0.11407931
0.064684808
0.14969289
0.091963232
-0.0028194836
-0.044651367
-0.069171466
-0.0072056078
-0.028970197
0.12092381
-0.077267587
-0.088964373
0.010480468
-0.00097287452
-0.14978857
0.010798342
0.043393325
-0.026710199
0.11588196
-0.041528959
-0.13625909
-0.047919761
-0.02549771
0.009283023
-0.0087147206
0.011820044
-0.00031250081
0.044296633
0.0766408
0.086860128
0.062553048
0.051273383
-0.017966583
0.052750349
0.036147047
-0.023766974
0.017169528
0.027804639
-0.002535505
0.018629188
-0.04104225
-0.0054224506
0.011285067
-0.00029389854
0.045354716
-0.018238258
0.024117155
0.057589866
0.049285423
0.064250983
0.013041635
0.091122679
-0.017094737
-0.07582929
0.021498045
0.057243135
-0.037116129
-0.0095630307
-0.012569542
0.073021404
-0.092202596
0.023316933
-0.016807759
0.0019185756
-0.081195407
0.084668778
0.059417546
-0.024876105
0.0047399313
0.01781307
0.063563637
0.084231682
-0.056061924
0.048579473
0.016023306
-0.02351879
0.059819628
0.039545454
0.049481627
0.025343329
0.045754448
0.0040653395
0.046579875
-0.013666973
-0.044412654
0.024617814
0.083773233
-0.072986394
0.009519523
0.074394636
-0.029677305
0.01618021
0.057019059
0.062573284
0.074953258
0.0033323092
-0.10359751
0.077269964
0.018690534
0.040625211
-0.052537963
-0.024448493
-0.0073751733
0.0081465002
0.021053774
0.034620017
0.066745415
-0.019861568
-0.030633373
0.01532455
-0.032011077
-0.04321279
-0.032977954
0.059030823
0.076391563
0.063858584
-0.066589624
0.008422249
0.079386301
-0.097122096
-0.027632536
-0.17053464
-0.045489315
0.060577162
-0.084698074
-0.025040781
-0.021895433
-0.073740959
0.067099594
-0.02703863
0.017756969
0.040319886
0.091625392
-0.084633894
0.014424405
0.062748216
-0.052774213
0.046732139
0.080654018
-0.022516757
-0.11613401
-0.065288536
0.063532509
0.019075545
-0.085305043
-0.11433974
0.06498193
-0.11868406
-0.059928276
-0.040256277
-0.023146052
0.069625027
0.027741553
-0.0069382633
-0.011816083
0.032390811
0.060437988
-0.11328181
-0.075960621
0.075992882
-0.035659563
-0.020525873
0.14077999
0.10787303
0.12463681
0.0704621
-0.080307446
-0.022855379
0.040860187
-0.069030762
0.086046204
0.048854332
-0.02063789
0.10298011
0.011824496
0.087009683
0.11206316
0.11787492
0.013805078
-0.078836836
-0.0011914604
0.0043057892
-0.010649229
0.012131931
-0.069649987
-0.063753247
0.00041622351
0.058627024
0.034129445
-0.023405211
0.080194093
0.13404337
-0.0098357266
0.068138018
0.081655815
0.076039918
0.029687908
-0.041536968
-0.015015643
-0.031121075
0.059116691
0.0065872357
0.099307649
-0.047454573
-0.013130075
0.11662955
0.033554092
-0.089631803
0.053025488
0.084973589
-0.033979755
-0.05381123
0.034948338
-0.028165713
-0.12637487
-0.0028046477
-0.04110672
0.15329644
-0.01439602
0.042603284
-0.039002735
-0.061604727
0.057430353
0.092538707
0.043309737
-0.019192984
-0.057192255
-0.041339044
0.041122206
0.032568552
-0.00062546763
-0.047439907
0.0076329671
0.033153508
0.015419145
-0.055090457
-0.042641375
-0.10225129
0.028565554
-0.0060740556
0.073190048
-0.028825002
-0.095776625
-0.057050567
-0.014738352
-0.027521543
0.063145429
0.00027527931
0.037556145
-0.049188167
0.056057513
-0.052860446
0.052287646
-0.13853073
0.089962445
-0.042279702
0.06905286
0.070814513
0.093872264
0.099234961
-0.015949847
0.076520763
0.056555457
-0.012408566
-0.055962075
-0.015707854
-0.001557378
-0.077148005
0.10176203
0.038742565
0.0052664275
-0.019040698
0.038059127
0.027285859
-0.071916603
-0.0054454501
-0.037628099
0.0085795708
-0.032198645
-0.014430586
0.051857684
0.019858018
-0.032447644
-0.042344321
0.066569544
0.017408194
-0.054218445
-0.010725934
0.076602466
-0.090100899
-0.030466139
0.011676246
0.056376256
0.032130402
0.088958248
0.071409926
-0.02441204
0.037347212
-0.028251477
0.030769575
0.042704288
-0.027112851
0.081829175
-0.052398287
0.027758906
-0.064532086
0.0084878886
-0.10517625
0.082149044
-0.11191746
0.094247028
-0.0072766724
-0.042187754
-0.06895595
0.072851092
0.1412622
0.12346762
-0.06313993
-0.011828083
-0.070843756
-0.010455904
-0.095721558
-0.113289
0.059558671
0.12069099
0.013836324
0.011430657
0.10974851
0.06702964
0.026401453
0.00093273603
0.12517667
0.054202709
0.047716081
0.015866132
0.14188153
0.084380515
-0.07592994
-0.051706616
-0.022600217
0.026838861
-0.04611918
0.020382173
0.084351048
0.079697527
-0.019249985
0.029152164
0.040969837
-0.041991271
0.0073722876
0.067321144
-0.0023519141
0.10426841
0.034513038
0.066321462
0.090012401
0.034758806
-0.074988753
0.036957931
0.081410497
-0.0085371928
-0.0075893844
0.0029015122
0.02717131
0.10091717
-0.049687456
-0.043214019
0.017184637
-0.13462479
-0.031259298
-0.03009928
0.091264479
-0.050152689
-0.14480701
-0.054449562
-0.11598752
0.008372155
-0.059539247
0.067521982
0.075168528
0.10725988
-0.0098455697
0.088452317
0.061985895
0.052171767
-0.085048258
0.013551678
0.01233539
-0.07495147
-0.018864585
0.014157666
-0.055648725
-0.055035047
0.0088799354
0.090782002
-0.041480802
0.012933058
0.046913154
0.088652194
0.13059948
0.0033823077
-0.04993375
-0.085703567
-0.013438814
0.04462469
-0.0032186583
-0.022285173
0.011981348
0.12714161
0.001241017
-0.074144356
0.032679651
0.044487111
0.029120155
0.072115466
-0.060601115
-0.039929684
-0.10644956
-0.024821311
0.022708848
-0.085778661
0.10522306
0.050966751
0.025793429
0.044342689
0.067259207
-0.017560143
0.0085901925
0.10586634
-0.070010103
0.042891592
-0.034708474
-5.0458155e-05
0.1460574
0.031078827
0.0070644077
0.0018707082
-0.098407246
0.046269052
0.13278799
-0.077268966
-0.054725803
0.024178043
0.093403563
-0.016055202
0.10538926
-0.0027060255
-0.0080991499
-0.12615612
-0.074506208
-0.030854991
-0.021651125
-0.066945583
-0.042875189
0.10324588
-0.039942726
0.099355541
0.1816258
-0.042824373
0.02816038
-0.025524803
0.057257272
-0.12290327
0.041035172
-0.16531907
0.037518941
0.00021006729
0.0020373785
0.12485991
0.022765202
-0.0048225936
0.050375808
-0.028788986
0.041970365
0.022576042
-0.12866722
-0.020907728
0.087700106
0.049916111
-0.034445841
-0.019576879
0.19545484
0.096091479
0.016107814
0.02434136
0.060644228
0.062549919
0.13419408
0.014126255
0.10131018
-0.073414795
0.0091030924
-0.026680406
-0.069462426
-0.14600205
-0.097795971
0.017103627
0.0052931635
-0.025496311
0.14176777
0.026467374
0.00021461825
-0.071512312
-0.042204391
-0.0012267031
-0.011565071
0.071176521
0.11065412
0.024140473
0.039902218
0.090993948
-0.21266036
-0.028897671
0.01508942
-0.037941191
0.020725194
0.10135796
0.033880614
-0.0099593392
0.13028502
0.030136328
0.0060729436
0.038325772
-0.010764408
-0.061800838
-0.15267213
-0.023025019
-0.038310967
-0.073605962
-0.2273093
0.083514817
-0.04911672
0.043435019
0.011504166
0.075276978
-0.046297498
0.044581797
-0.0069737611
0.016133031
0.023871424
0.0026796227
0.046742391
-0.13468526
-0.04833008
-0.025580309
0.0063075535
-0.015223776
-0.026167806
0.017919546
0.081548385
-0.068630397
-0.0039956071
-0.036134578
-0.085352644
0.0049372884
-0.047735799
0.095977157
-0.0052881427
-0.0054968097
-0.045350507
-0.0051308605
0.01025672
0.090688974
-0.02859574
0.030662397
-0.038690489
-0.083494022
0.045722343
0.031891648
0.062486719
0.058934525
-0.10759646
0.098071724
-0.021878542
0.013498247
-0.0038506251
0.0016713156
0.13239273
0.024079155
0.026559649
-0.0032866318
0.024970651
0.027564282
-0.044758298
-0.012168604
0.021121129
0.037048426
0.0049176556
0.040465988
-0.022856278
0.12958314
0.0029165789
-0.14122826
0.037269626
-0.0062976633
0.051238064
-0.05457145
-0.0004546151
-0.10440403
0.0034132062
-0.062242426
-0.012332365
0.056610502
0.082509436
-0.031447783
0.0066878097
0.023710705
0.057013799
0.010296267
0.092117272
0.063968182
0.19576813
0.02027683
0.024576763
-0.076707423
0.029548472
-0.016964305
0.0091499127
0.034310792
0.056182478
-0.035060976
0.027087148
0.067334838
0.029898945
-0.0073421351
0.021650648
-0.13276674
-0.10111932
0.097043186
-0.0051072943
-0.0020128477
0.045496687
-0.0092080636
0.028030394
0.12448905
-0.0081911711
0.088750809
-0.023352237
0.097654961
-0.061364684
0.1285069
-0.020126017
0.038420349
0.014307377
-0.043625735
0.055035912
-0.049381353
-0.11240336
-0.022404632
0.0067408672
-0.012035508
0.11177263
0.033079918
0.074739076
-0.028845793
-0.14737114
-0.02585637
0.019772384
0.10814471
0.099688612
-0.091406293
0.11800065
0.065138608
0.011158668
0.032689366
-0.0088429609
0.12089327
-0.10821122
0.03395161
0.033908527
-0.048253458
-0.025165454
-0.00089698465
-0.052592825
0.036136255
0.094619714
0.036137156
0.019556442
0.038294535
0.11590089
-0.041284736
-0.053366803
-0.028417522
-0.047980178
-0.04960626
0.098970659
-0.018275715
0.064602368
0.05888119
-0.073823452
-0.062124062
0.10947421
-0.06746503
0.065079883
-0.069097295
-0.021361848
0.084139287
0.028428264
0.026447611
-0.0038306413
-0.041064061
0.14899854
0.069021642
0.052906502
-0.040372886
0.13793127
0.062268451
0.035349056
0.067195378
-0.060008105
0.0047728205
-0.053615037
-0.040921487
-0.0209336
-0.0064925449
0.0047047581
0.01129326
0.0021435847
0.0078765536
-0.00046110633
0.07024236
-0.0036490553
-0.05156111
0.0090795234
0.069044136
-0.03164687
-0.049356706
-0.066980489
-0.060424071
0.082204029
-0.028534403
0.095319152
0.014005076
-0.10614383
-0.0086915232
-0.058671154
0.063891709
0.099883527
-0.010522633
0.10317394
0.046618298
-0.025256233
-0.062926263
0.107967
0.054789983
0.015239225
-0.0061736843
-0.014105462
0.057693001
0.0039786599
-0.039190378
-0.076982781
0.026102291
-0.028973484
-0.03165289
0.0018193497
-0.038527232
0.034373026
0.076995812
0.0032143702
-0.045523025
0.10148706
-0.015282091
-0.053955011
0.04048093
0.011240587
-0.0076773926
-0.03248952
-0.023283303
0.017723281
-0.12279953
0.049081162
-0.024582602
-0.051098991
0.057992391
0.011825927
-0.064795688
-0.024084458
0.028672719
-0.011859142
-0.035506394
0.018052874
-0.051934738
-0.080437467
0.01991648
0.12254173
0.01413837
-0.0089182071
-0.090406664
-0.00012042135
0.073002875
0.0050721718
-0.03972071
-0.047297861
0.021057585
0.048327614
-0.026939066
0.097843945
0.0037544498
-0.0056107147
0.029031219
-0.061999101
0.010066007
0.042851746
-0.047039758
0.068859786
0.083306804
0.051477265
-0.079272009
-0.023114046
-0.081711918
0.070403978
0.030927265
-0.0012256299
0.024457242
-0.11958332
-0.052935131
0.010726989
0.051120829
0.02882606
-0.006168317
0.081780262
-0.044084199
-0.01348686
-0.00058156071
0.043575771
-0.083173588
-0.069529273
0.018533563
-0.029359026
0.1249451
0.020801658
-0.012464575
0.097576968
0.004269795
-0.0087710526
-0.020137625
-0.080636382
0.0329853
0.011765177
0.057319909
0.066416942
-0.037801277
0.087644838
-0.075057648
-0.063312851
-0.015404525
-0.0096025355
0.091996096
0.023180574
0.023779314
0.027079584
0.0095491456
0.068725482
0.035015527
0.016702505
0.05862416
-0.022643119
-0.035729408
0.013861299
0.018466506
-0.040329501
-0.025208347
0.0020529951
0.055684194
-0.067875765
0.073772147
0.1124903
-0.03527531
-0.023795925
-0.024716698
0.030384531
-0.036571927
0.014932649
-0.025842819
-0.0011181063
-0.055978138
0.063442163
-0.018248888
-0.046473604
-0.0318629
-0.096685737
0.057317957
0.0068561849
0.031206105
-0.002412179
0.043147355
0.028113415
-0.08564169
-0.017480893
0.053514723
0.019292902
0.06046759
0.053167962
0.018022042
-0.0091999965
-0.020590343
0.051085845
0.064439669
-0.02651394
-0.14608751
-0.048324857
0.062221196
-0.099507429
0.0052073658
0.018223932
0.064794272
-0.0023824677
-0.029512612
0.096386224
-0.010411305
0.024724839
0.022862956
0.096205033
0.040760234
0.071488135
-0.031815387
-0.066191263
0.05612221
0.092586286
0.031574883
0.13460077
-0.019311119
-0.031256553
-0.044078618
0.11021495
0.01051873
-0.017343031
-0.091080725
0.065690957
-0.04407322
-0.017193001
0.018124482
-0.019418707
0.047287345
-0.00099684484
-0.05920906
-0.055862043
-0.048202161
0.0025134168
0.046440437
0.061925266
-0.06546513
-0.016379723
-0.080739632
-0.05807478
-0.036726139
-0.033907659
0.065163128
-0.073186398
-0.055482373
-0.037827048
-0.053795084
-0.081369489
0.063899063
-0.0020550319
0.045592844
0.004737244
0.05513645
0.055251922
-0.076050423
0.020493781
-0.036807716
-0.10019914
-0.030230593
0.046536416
-0.018162534
0.067373291
0.04717873
-0.074499317
0.0097579435
0.045348503
0.056706753
-0.0081666214
0.011000488
0.070346899
0.071129121
-0.051130302
-0.040648352
0.063331656
0.0011333158
-0.053334944
0.021758456
-0.023534589
0.07787884
0.049918827
0.053034302
0.13117348
0.016082991
-0.030164583
-0.0091114519
-0.0013178035
-0.15848617
-0.099948525
-0.012074604
0.034903437
0.02371675
0.021073099
0.082252316
-0.1432012
-0.069250666
-0.062504217
0.045028862
-0.038410198
0.020834854
0.078537814
0.0064788428
0.053006161
-0.029338274
0.07332965
-0.11374378
-0.085722253
-0.079837106
0.048380252
-0.036650859
-0.01044217
-0.012175361
-0.0893673
-0.0026376357
0.027749958
-0.034567021
0.067788817
-0.058489624
-0.039415855
0.033182587
-0.0073052007
0.14926267
0.030690966
-0.0071276845
-0.072943583
0.028862542
-0.013479348
0.045661274
0.084766932
0.035102081
0.012323934
-0.09564396
0.050697472
0.0011501616
0.11905988
-0.044399615
-0.030082099
-0.0061745914
-0.03191185
-0.0022376052
0.078135915
-0.10162491
-0.047756802
-0.06425295
-0.066667832
-0.13989159
0.1323003
0.043257393
0.14106077
0.045314025
0.040129624
-0.094115801
-0.023735726
0.078178681
0.064652048
0.068025798
0.077884182
0.14400239
0.017894028
-0.032359969
0.035421856
0.0024227677
-0.10218153
0.10307336
-0.096103691
0.031248478
-0.052758768
0.11378391
0.036869399
-0.067123227
-0.041343685
-0.034027144
0.0080366358
-0.056074828
-0.016019067
0.11100546
-0.039751094
-0.07407961
-0.07620357
-0.10591771
-0.066085659
0.039836898
0.064742111
0.06159417
0.056490634
0.030885484
-0.021879146
-0.088984713
-0.042822614
-0.080916934
-0.100335
0.054359376
0.01147729
-0.045360111
-0.12893856
-0.10690474
-0.029711513
0.069591634
0.0084732715
-0.0027827141
0.11408109
-0.0001581449
-0.0084304465
0.092366025
-0.00623404
-0.0012831945
-0.15397285
0.070642583
0.070953459
-0.03531459
0.043423261
-0.013984755
0.072106317
0.061138574
0.024770029
-0.049128775
-0.060745377
0.058895599
0.0099482518
0.030967899
0.10549758
-0.018389434
-0.092413418
-0.023283983
0.035411842
0.054380197
0.055043377
0.023012532
0.072124824
-0.040053133
-0.017168019
0.0089970892
0.000633644
-0.004500391
-0.096846469
0.073302276
0.17250228
0.11329287
0.093874432
-0.093349226
-0.0092988349
0.036712456
0.054449219
0.022729725
-0.076116793
0.12627418
-0.0056948857
-0.066035867
-0.034657396
0.021982724
0.025149487
-0.061029732
-0.011221889
0.12473717
-0.034281291
0.12130431
0.017562967
-0.0053829132
-0.09129478
0.096646547
0.036124684
0.0076779947
-0.092229828
-0.015276109
0.08836408
0.014244516
-0.051714923
0.047636006
-0.08263953
-0.053760864
0.020933809
0.09529689
-0.072032265
0.036365367
0.13654801
0.058643728
-0.02897927
0.025543066
0.090405986
-0.029353971
0.10863483
0.047597133
-0.14386706
-0.11445158
0.02276727
0.034217514
-0.042661272
-0.0059240242
-0.014788091
-0.068594694
-0.041237094
0.0015770878
-0.052802052
0.10099816
0.026523834
0.081206717
-0.031776857
0.072489709
-0.063860357
-0.026197081
0.025058473
0.054634497
-0.0049097543
0.033174574
0.015220008
0.099096701
0.0019400211
-0.013272563
-0.029540483
-0.036023617
-0.033059556
0.087021276
-0.036111295
0.03568444
-0.060388345
-0.020445058
-0.0038962767
-0.095470712
0.011963353
-0.0033231331
0.074927732
0.072852962
0.0012864921
0.013844815
-0.02949013
-0.041834451
0.0094138654
-0.012248197
-0.044744615
-0.019570593
-0.021307319
0.034165177
-0.034743547
0.022256881
-0.0083780196
-0.0090654232
0.037000291
-0.053030808
-0.13856137
-0.052916665
0.028692503
-0.077747107
0.059220143
0.016384184
-0.0060644583
0.011246859
-0.038413674
0.060928304
0.0011029274
-0.0054385802
0.049442302
-0.035360627
-0.03473407
-0.0046608457
0.077328384
0.024873046
0.036862746
-0.036383297
0.076316617
-0.0098684747
-0.019640397
-0.027071061
0.031007998
0.016427262
-0.024496542
-0.037039328
-0.10116615
0.077423461
0.0384495
-0.065667033
0.11095645
-0.070042744
0.0072224666
-0.027154183
-0.10613143
0.057396654
0.013361011
-0.10372201
0.024164326
-0.033187188
0.023153698
-0.038946137
0.0022267508
0.099467605
-0.012810051
0.091129519
0.082482725
0.065411359
-0.098281719
0.060536362
-0.045166884
0.067944176
-0.018441381
-0.05480773
0.012644214
0.04829485
0.093824081
0.06255959
-0.020979442
-0.090992972
-0.034105778
-0.094609648
-0.010963048
-0.010563252
-0.023964718
-0.10837346
-0.021552935
0.0023148125
-0.021222983
0.032288637
-0.028200421
-0.030966274
0.093331724
0.040066879
-0.036651861
0.0082586445
-0.010429895
-0.12349956
-0.041810963
0.07942301
-0.01333459
0.0045197238
-0.02481335
0.10603079
-0.01943196
0.010424362
-0.039205287
0.086697064
-0.071333624
-0.035035308
0.000256253
-0.064167738
-0.028633948
0.029027909
-0.045255478
-0.062731244
0.080567397
0.0081939045
-0.035330612
-0.0018697194
0.036562618
-0.013366405
0.020717347
-0.030862093
-0.032475363
0.046033666
-0.09857545
-0.013706547
-0.049046267
-0.0041031186
0.070443995
-0.017728705
-0.013662353
0.0067563802
0.031464554
-0.023184277
-0.025347307
-0.026297819
-0.037027277
-0.04975443
0.076758772
0.05321015
0.097817712
-0.020810271
-0.00039055146
0.041054394
0.022784365
0.019648289
-0.021492263
-0.086912878
0.10028449
0.062064286
0.11579303
0.10275207
0.066052228
0.082437955
0.056477413
0.042485215
0.0076632607
-0.095656559
-0.031143097
0.072832935
0.015638374
0.0088684233
-0.082112633
0.0018636975
0.061463587
0.065879241
-0.025980622
0.069627248
0.095947422
-0.021366039
-0.072448187
0.011181003
-0.025608139
0.081885599
0.029406812
0.097434074
-0.027479755
-0.066794701
0.098188035
-0.033585466
0.046974719
0.087543361
-0.005101149
-0.10303605
0.081040591
-0.071186215
-0.03573516
-0.066804782
-0.11362644
-0.11104285
-0.0020718183
-0.050402455
0.14099008
-0.063221127
-0.011762109
0.051708378
0.051112145
0.029263383
-0.031983346
-0.0089373402
-0.059849344
0.0070062899
0.070301376
0.050952431
-0.089486666
-0.0073816259
0.059822321
0.063091718
-0.072550282
0.022604125
-0.077843241
0.044251677
-0.037973668
0.0099038379
-0.074546412
-0.070538916
0.025809905
0.095756933
0.069780298
-0.05509625
-0.056051638
0.021418529
-0.0045316587
0.038126532
-0.018437818
0.030208327
0.044786848
-0.011641333
-0.064262435
0.022709608
-0.12214524
-0.10168903
-0.0065257116
0.0040323534
-0.070581406
-0.068039678
0.1117586
-0.029606305
0.0087412819
-0.024210677
-0.020611959
0.092561759
-0.029508112
-0.053825412
-0.037653659
-0.055001646
0.035128083
-0.040978551
-0.062157076
-0.012978919
0.15368217
0.06730476
0.095377229
0.10177802
-0.035877038
-0.0054015722
0.030198272
-0.033210579
0.02920874
0.024549525
0.050008025
-0.025012847
-0.050148174
-0.065579072
-0.035813827
0.025818786
0.051858149
-0.061226305
-0.018542314
0.047885135
0.017527351
0.12388359
0.026025539
0.11704805
-0.015772851
0.11954738
-0.0057291272
-0.0349534
-0.052426241
0.038468257
0.0049619977
0.023247402
-0.032068469
0.043907557
0.048431136
0.0033000126
0.092752457
0.038828142
0.067475453
0.028683295
-0.033325985
0.018022368
-0.080722965
0.1124332
-0.085693955
-0.037054002
0.0099046454
0.0021784413
0.059482638
-0.055071991
0.010951568
-0.056851249
0.040207118
0.038613811
0.016601922
0.13078074
0.073704645
-0.014507947
0.04803836
0.015824256
0.097202174
0.027640676
0.013402429
0.088231653
0.05799346
0.020675872
0.10168131
-0.028617505
-0.01906698
0.035129081
0.056719277
-0.077302217
0.044953618
0.0023807778
0.029503694
-0.070294432
0.087578662
0.038192481
-0.030426983
-0.0059572272
0.018906016
-0.10819324
-0.017508574
-0.02958611
-0.034500826
-0.065152965
-0.018682169
0.023281716
-0.01302358
-0.086573951
0.048124947
-0.05140527
0.074789427
0.022286188
-0.02993799
0.003960581
-0.0036995157
0.055909567
0.0042737694
-0.021695901
-0.0039803302
0.097517669
-0.014975296
0.02891686
0.025708335
0.00091828196
-0.027023651
0.046614788
0.012721836
-0.03170244
-0.056851443
0.12598838
-0.021628156
0.071530871
-0.093800396
-0.039985057
0.0077819061
0.029147094
-0.019112876
0.027752597
-0.027905559
0.00037613662
-0.036969308
0.024382491
-0.10061744
0.048023686
0.019591659
-0.01674908
-0.017211903
0.0080695255
0.01940817
-0.085559726
0.070900932
0.062591292
-0.056442987
0.046559479
-0.04627946
-0.037407335
-0.089172356
-0.082338423
0.011257898
0.04291762
-0.059017424
0.031127423
-0.082841478
0.059377279
0.049217064
-0.058813229
-0.050225325
-0.12713318
-0.062771715
-0.064281955
0.025268747
-0.032298762
0.078953214
-0.030653749
0.0089623397
-0.0074995961
-0.036723301
-0.0084176827
0.096531704
-0.0040173931
0.028891612
0.054846246
0.116202
-0.017339524
0.011489117
-0.014522525
-0.0039411411
0.063512705
0.064964615
-0.039596051
0.0028040442
-0.054476961
0.034728818
-0.057413485
0.085101865
0.13012946
0.062795579
0.03796811
0.10776598
0.12188329
0.048199601
0.029130816
-0.027342303
-0.037978515
0.022352016
0.073064692
0.091801271
-0.11463945
0.072042957
0.010139129
-0.029477574
0.0072799637
-0.025262674
0.033460781
0.056895435
0.075309917
-0.037076212
-0.081310391
0.031142483
-0.057260532
0.010584356
0.059534777
-0.041784208
0.025698194
-0.014136767
0.11141864
-0.039887756
-0.066499971
-0.018620491
0.035752065
-0.074907422
-0.067280672
0.018350324
0.042687662
-0.010772036
0.11414319
-0.0643766
0.038512141
-0.12248748
0.039051257
-0.00090427964
-0.098296613
-0.026333155
-0.014239745
0.025534239
0.13144672
0.033847861
0.043654848
0.083258055
-0.021156754
-0.011680114
0.01339383
0.013763071
-0.029984714
0.08438886
-0.10130168
0.10662887
0.022837151
-0.011197039
0.01064846
0.10084829
0.04767837
-0.036824167
0.03987097
-0.029892547
-0.028121727
-0.021282103
-0.035825297
-0.081478208
0.063851304
-0.055053055
-0.033771448
-0.087075308
-0.062717229
0.033197887
0.058552288
-0.082413726
0.043481935
0.048210431
0.029042838
-0.0064353789
0.038296875
0.061185207
-0.059872601
0.026382973
-0.11188247
0.044763133
0.095405363
-0.022765642
0.028804842
0.10454781
-0.025348814
0.030324273
0.092812091
-0.032227341
-0.056053899
-0.074561447
0.02642842
0.098603457
0.01277298
-0.07922253
-0.050986975
-0.00068962947
0.0081760949
-0.042663619
0.076821126
-0.0068597179
0.031873122
0.14937831
-0.0026878607
-0.02551702
-0.016562669
0.012985707
-0.073023118
0.045372408
0.012515182
0.051640797
0.098908678
0.0035603882
0.059800878
0.1129839
0.025218364
-0.02882711
0.0042388537
0.011192448
0.10714534
0.019821148
-0.009958907
0.0596991
0.0025467623
0.17353018
-0.098718084
-0.028135799
-0.18846478
-0.054577202
0.0045527532
-0.083636932
0.06009471
0.072809353
0.011382545
-0.011091116
0.20357451
-0.011162537
0.021637509
0.0094558029
0.074365593
-0.0071534798
-0.024860909
0.058731765
0.067414358
0.046707891
0.0062250458
0.0036897068
-0.0029510991
-0.04719631
-0.016180169
-0.0079604685
0.16472293
-0.080449365
0.039384779
-0.1232121
0.055459373
-0.11091721
-0.046891395
-0.030407887
-0.035006624
-0.028012602
0.057801899
0.033021394
0.015251053
0.028476696
0.0030203431
-0.018702801
-0.094496347
0.0089549422
-0.021286318
0.086968273
-0.11048099
-0.027762584
0.041522443
-0.018529113
-0.027419103
-0.027577022
-0.03646839
-0.04158815
0.027157627
-0.076260872
-0.01411655
-0.042011678
-0.0030480709
-0.045236982
0.012127432
-0.0073141926
0.069554225
0.016423782
0.069776736
-0.052484609
-0.065084942
-0.07985279
0.039085452
0.063433923
0.034921911
-0.053106926
-0.088725328
0.11409437
0.0079631684
0.073839709
-0.02125519
-0.0057158535
0.042304486
-0.024572192
-0.10484967
0.024200784
0.046920612
0.094525769
0.013100147
0.012252192
0.068087429
-0.065490261
-0.078058563
0.092160262
-0.032367744
0.092921108
0.10442772
-0.057349935
0.013540642
-0.031449586
-0.074733831
0.043925833
0.12057389
0.023879515
0.026065862
0.066798434
-0.1078725
0.086432949
0.0021092386
0.11277676
0.022009959
0.078569211
-0.040755648
-0.052159403
-0.0090754442
-0.059169304
-0.150997
-0.095699809
0.04814665
-0.042463005
0.0605959
0.060402039
0.055859767
0.0081357164
0.066899575
-0.02107504
0.064171948
0.044450711
0.03562678
0.085532695
0.081110843
0.055764157
0.073800705
-0.011395397
0.02393866
0.046003737
0.015083646
-0.019870162
-0.0013467064
-0.0055718161
-0.032218512
0.0052693454
-0.060754858
0.019161619
0.00027962908
0.0074415742
0.022550093
-0.017758518
0.0055456245
-0.05973547
-0.016913094
-0.056185897
-0.0037596887
0.0012067525
-0.023304101
-0.0084773749
0.021119153
0.088719182
-0.057454098
0.074387737
-0.078682907
0.028478203
0.08196456
0.11839169
0.031944245
-0.037617788
0.047902871
0.057134613
0.060707282
0.058467962
-0.080721281
0.045263093
-0.035377417
-0.056643937
0.0010709473
0.06849578
-0.042739801
0.063170165
0.08553084
0.060686704
-7.4463162e-05
-0.0056447741
-0.041261949
0.0097195301
0.055168752
0.030618107
0.096181296
-0.044097397
-0.053634066
0.009446729
0.033338379
-0.096418373
-0.022639552
0.064191937
-0.11235476
-0.10615399
0.03977016
-0.049193397
-0.0073081395
-0.088004678
-0.026477758
-0.18749167
-0.15134238
-0.017197669
-0.025550153
-0.049467109
0.089433461
0.057663005
0.0020486589
0.0049719852
0.0022977502
-0.019292912
-0.068614401
0.022567123
-0.0053899526
0.10040805
0.10676543
0.071500622
-0.047430698
-0.028477095
0.12025217
-0.077217102
0.1606358
0.076503508
-0.017193735
0.120951
0.014440555
-0.0095358565
-0.045746859
-0.032204699
-0.14429997
-0.10724056
-0.082193278
0.0074972026
0.020338401
0.038306288
-0.02771871
-0.070767336
-0.042137168
-0.05806328
-0.0038122903
0.032964978
0.080278277
0.043493256
-0.064447589
0.07867334
-0.045215305
0.022542691
-0.16020307
0.0070184912
-0.00400258
-0.0053913887
0.037796479
-0.080957606
-0.064992763
-0.16605011
0.05008173
0.070244677
-0.0012716439
0.067077108
-0.14019606
-0.063997835
-0.06917154
0.12530288
-0.05727686
0.0069975769
0.056019314
-0.026053358
-0.062176891
-0.029966425
0.050404102
0.028692601
0.069229998
-0.030619781
0.093474194
-0.022832427
0.016289337
-0.033257097
0.00081301655
0.072470702
0.010437603
-0.031973179
0.0037266749
-0.038590863
-0.071528286
-0.069252819
-0.038349073
-0.0057136687
0.14072551
0.072684877
-0.016112251
0.14917204
0.037256058
0.019830188
0.13544315
0.038597353
0.051599715
-0.043245614
0.020324923
-0.090420671
0.090145893
0.015846644
-0.063003056
0.011542486
0.11444046
0.036428418
-0.037821729
0.1740846
-0.014542337
-0.055002693
0.049659483
0.02182119
0.082841717
0.001052927
0.10798449
0.16155839
0.16244693
0.0031065226
-0.057561684
-0.22437474
-0.11440821
0.098258957
0.085683353
-0.14016983
0.1330325
0.078097604
-0.026149567
-0.012776187
-0.029286878
0.067330509
0.2121079
-0.036054879
-0.10810909
-0.10890501
-0.0026739
0.21555561
0.051579636
0.021146771
0.045097709
0.078813791
0.054887053
-0.051953223
0.052484386
0.045097128
-0.11042901
-0.038818121
0.08449658
-0.26739284
0.031813197
0.17375632
0.018803282
-0.11257744
-0.1421805
0.08490824
-0.14444639
0.04612175
0.055797935
-0.08901754
0.12761165
0.168128
-0.0496994
0.030693373
-0.098012567
-0.048719555
-0.088383585
0.15749341
-0.039015494
0.085388459
-0.082865246
-0.10119964
0.090698496
-0.18545565
0.032637294
-0.054751288
-0.07710927
-0.037796486
0.0097767645
0.076064572
0.1073399
-0.055139281
0.11945415
0.095022298
0.0025755246
-0.028672922
0.049654607
0.17457306
0.14980979
-0.027921909
0.1237031
0.10705183
0.035993543
0.071743667
-0.3041549
0.041367549
-0.062438991
0.044359628
-0.018072354
0.052086785
0.10795864
-0.13287142
-0.079492286
0.011142598
0.05391039
0.10036356
-0.084259957
0.01962875
-0.04721991
-0.0091191698
-0.0072700246
-0.021094818
0.1363475
0.10991788
-0.095926031
-0.031638965
-0.04271806
0.031926598
-0.041157704
0.070889167
0.023346812
0.015384231
0.034047544
-0.0022104031
0.036903128
0.077195451
-0.035595439
0.090231702
0.035571389
0.015881527
0.0010628897
0.045079373
0.062018067
-0.050021775
-0.069912814
-0.07942684
0.030246893
-0.037245799
0.054057308
0.083912164
-0.088462099
0.074899696
0.030468674
-0.060984679
0.020268794
-0.090045474
-0.081806615
0.033940043
0.010315576
0.079156376
0.051531505
-0.050516315
-0.0035355482
0.089892477
-0.0068450188
-0.0033225215
0.044521648
-0.0018999875
-0.022636916
0.093685649
-0.0030430676
0.066987738
-0.053273618
0.015711317
0.10030138
-0.060288679
0.026158033
-0.042038132
-0.094749153
-0.0057740388
0.073405541
0.022283522
-0.0098614842
0.090465717
-0.0063183261
-0.060270172
-0.021682147
0.035676241
-0.00048428882
-0.029325327
0.013563124
0.062933289
0.084646687
0.027259178
0.029997947
0.05925094
0.026650151
0.061890479
0.0011012111
-0.0045443801
0.12671413
-0.043732788
0.028406849
0.029482564
0.080191977
-0.017209994
-0.0098395683
0.072701305
-0.0684627
-0.058982711
0.061288711
0.0038330948
0.1195202
0.01324742
0.1174356
0.036120974
0.016945524
0.016791016
0.040755533
0.098623574
0.021580106
-0.0063664662
0.052827261
-0.015942389
0.036829129
-0.039514892
0.0032129001
0.024068179
0.045305528
-0.017121693
0.030342814
0.032444194
0.069474377
-0.027167603
0.052081969
0.076191857
0.038710929
0.072263844
-0.0093843145
0.093563639
-0.024387341
-0.084751524
-0.0088157104
-0.016131818
0.090277553
0.015951557
-0.004507463
0.011024456
-0.030059144
0.070667379
-0.036617346
0.036817051
-0.10987035
0.062301897
-0.025603326
-0.01427352
-0.045184579
0.041709118
0.045313347
0.11371882
0.078465827
0.064338915
-0.030239569
-0.055596165
-0.022840716
-0.012534967
0.028653666
-0.084527679
0.085354596
0.027478918
0.015020041
0.10882781
0.043200403
0.099330321
0.080310702
-0.037309501
0.028731409
-0.032018743
-0.012222846
0.0039425408
0.067514017
0.10494825
-0.075471275
-0.008746664
0.10150512
0.006587192
-0.016303437
-0.013792434
-0.027982846
0.077026345
0.0078748679
-0.065248594
-0.064433724
-0.034859009
-0.0004985616
0.063840099
0.061178848
0.026803819
-0.04702352
-0.011883132
0.087331675
7.2104262e-06
-0.086015239
-0.018103067
0.044624887
-0.0043277876
0.037890669
-0.0030581495
-0.056276832
-0.048162304
0.056742162
0.0012446879
0.061207723
0.06228292
-0.023365019
-0.021509297
0.054759823
0.019936146
-0.015849348
0.03763086
-0.065782562
-0.0136104
0.11433879
-0.053499766
0.037310597
0.014676192
-0.046355862
-0.044302691
0.0066005331
-0.066217832
0.096225284
-0.016263347
-0.041782551
-0.032014873
0.10842846
0.023492729
0.043423191
0.053479232
-0.023459315
0.022201871
0.030657262
0.12603779
-0.036965426
0.038632806
0.083823748
0.05085896
0.028489968
0.03650628
0.088167153
-0.032947183
0.056526218
-0.054532826
-0.0057105888
-0.038964819
-0.0035311906
-0.069205873
-0.073302232
0.025104232
0.045408059
0.11062954
0.061579518
-0.035047341
0.0092347516
-0.036043584
0.11935174
-0.032188583
0.076809675
-0.016425701
-0.0021582802
-0.02908548
-0.053786982
-0.040424801
0.0016297414
-0.030497914
-0.024427697
-0.012265425
0.05311425
0.088944428
-0.05091485
-0.066834301
0.042196702
0.056386955
0.079836115
-0.00068797823
0.053113904
-0.14747714
0.032565199
-0.032839656
-0.031745069
-0.074725434
0.043166928
-0.059083216
-0.018240212
-0.10507105
0.073827095
-0.094134778
-0.19955385
-0.004692893
-0.089429095
-0.15279433
0.03256958
-0.011684448
0.033853028
-0.040802862
0.034536496
0.11090985
0.014909328
-0.047018252
-0.052280117
-0.03178031
-0.086444892
-0.037787501
-0.033627898
-0.049266648
0.036251899
0.037583455
0.0032644332
-0.0040145055
0.15956429
0.15633081
-0.11309378
-0.077492215
-0.13080622
0.0047403248
0.10970333
0.13958704
-0.013312438
0.029588073
0.061024535
0.07020919
0.086664803
-0.071782641
-0.071702138
0.019765917
-0.0029662312
0.092865244
0.10186621
0.020421274
0.015577681
-0.02528543
-0.10121465
-0.010206109
0.13869278
0.039503481
-0.18010736
-0.023238905
-0.093867667
0.10015116
0.052664567
-0.010729355
0.032437671
-0.0060318392
0.049271662
-0.092254527
0.051243458
-0.023977865
-0.0085463999
0.081362598
-0.019254448
0.062356059
0.043924168
0.097275518
0.083528109
-0.014499282
-0.047860235
-0.019964872
0.073481806
0.023834895
0.069061704
0.044800319
-0.047424782
-0.12225219
-0.035157375
0.052385863
0.092186376
-0.021648958
-0.080952726
-0.040386487
-0.050938673
0.18342537
0.071606636
-0.12152109
0.035649724
0.021799818
0.027277092
0.12610872
-0.0026680606
-0.074671887
-0.0075179888
-0.065764032
-0.082753532
0.058100291
-0.05710062
-0.072747312
-0.014842027
-0.012808856
-0.087556936
0.042040534
0.04307732
0.027967067
-0.13826489
-0.11879427
0.017428167
0.01552966
0.03401259
0.083658792
-0.096530125
0.12289486
-0.047296703
-0.042171754
0.042512238
0.018092269
-0.010777974
-0.012566322
-0.096874282
0.078820996
0.060946926
-0.0147375
0.02027558
0.0051212837
-0.041037757
-0.057989545
-0.067624398
-0.001071931
0.074024446
0.028542249
0.030952258
0.063561425
0.057341699
-0.041115053
0.0014111385
-0.049739819
-0.080659404
0.04209929
0.058624431
0.045757454
0.0047616479
-0.025433898
0.090397015
0.021815967
0.056820933
0.052428249
0.036619108
-0.059015743
-0.0058628037
-0.029238449
-0.010886741
-0.01694816
-0.072051652
0.021220965
-0.0099980943
0.01527796
0.038046561
-0.054462951
-0.078107074
-0.0072779255
-0.033428606
-0.049548376
-0.0074449303
0.088579118
0.091892458
0.0063816034
0.046080735
-0.042283446
-0.037667528
0.00072184089
-0.11220099
-0.0093124621
-0.045417275
-0.035857275
0.010192346
0.01203755
0.065952599
0.044864863
-0.081511647
-0.033313725
0.044026487
-0.0051620156
-0.042208828
0.078520902
-0.013169517
0.09280131
0.047706828
0.070658267
0.055142507
0.047952686
0.031845357
0.087150231
-0.049805813
0.066186816
0.019067453
0.064060666
0.012688431
0.10369942
0.002429609
-0.058753636
0.015197596
0.037823126
0.07495866
-0.0057558813
-0.098748766
-0.022165919
-0.04347663
-0.059066251
0.033347834
0.0072668931
-0.0067780577
-0.028658519
0.11231799
0.065874621
-0.075245827
-0.057678692
0.037260737
0.068601429
0.13604638
0.031196082
0.046146985
-0.048753314
-0.051859826
0.070589758
-0.08142969
-0.010969288
-0.039737299
0.055649575
-0.089575827
-0.0046486943
0.0068252501
0.025112625
-0.032473668
-0.056756403
0.013837298
-0.040739533
-0.0059487894
0.01953703
0.028876603
0.036575317
0.011114302
0.1371572
-0.0048554768
0.047189508
0.077045985
0.04183403
0.094109572
0.018696699
0.15270345
0.032037433
0.10498181
0.048123702
0.022912886
-0.015952364
0.081062518
-0.065072507
0.10190242
0.091579624
-0.055087529
-0.054740146
-0.013812096
0.041263215
-0.085141949
-0.0076968176
0.012358661
0.17511325
0.051472422
0.074315026
0.0093467291
0.052772559
0.03130031
0.02823394
0.16087417
-0.051335014
0.049083475
0.016829412
0.043010868
0.14318179
-0.11064468
0.01172749
0.0030159594
-0.047590163
0.038895804
0.028284777
0.026207168
0.085895635
0.11230236
0.051567197
-0.0084269242
0.091128469
0.025362538
-0.0042530596
-0.079139717
0.1184752
-0.0041499664
0.019662075
0.038232695
0.10767663
0.1298622
-0.02502254
0.11902821
0.026663404
0.060941808
-0.031379141
0.016846765
0.014892551
-0.00024938327
-0.035877135
-0.0085604358
0.057513889
0.034452893
-0.043053437
0.11196509
-0.20155653
-0.041782476
-0.00079197844
-0.0034874694
0.063528739
0.061288808
0.10743885
0.11371556
0.033131398
0.083293341
-0.024911677
-0.02611975
0.0085388469
0.13958196
0.069793671
-0.15124395
0.03554973
-0.01152468
-0.0016746848
0.10439929
0.076237015
0.010977961
0.0041914778
0.091081463
-0.17889817
-0.018465171
-0.083151892
-0.020194434
-0.01513521
-0.10313669
0.1079938
-0.082826264
0.034348037
-0.091704264
-0.13977796
0.19152188
-0.0055751679
0.018394232
-0.088138744
0.018680066
0.0093382942
0.059085742
0.031820402
0.075873256
0.046953928
-0.042443473
-0.079319492
0.018920783
0.046048481
0.03244916
-0.0037323181
-0.023506999
-0.041342691
0.044235677
-0.11387905
-0.061947666
0.0068331673
0.010005156
0.039652009
-0.0080939308
-0.061224248
0.095844716
-0.10218912
-0.054685052
0.0077282549
-0.072857559
0.040903568
0.062569864
0.063184544
0.083854429
-0.084675618
-0.11771262
0.011719514
0.0083778463
0.048100043
0.0046811905
-0.055663545
-0.074584216
-0.041304588
-0.06339734
0.078802429
0.057918679
0.058065984
-0.0073555852
-0.010387305
-0.026324898
-0.062826186
-0.0060459608
0.025453543
-0.011812143
0.013984991
0.053563904
0.064342223
-0.043729335
0.064463846
-0.085231766
0.0078081088
-0.024872867
-0.032720804
0.085996509
0.081967458
-0.0060207359
0.031775109
-0.091743611
0.048892848
0.0095651308
-0.060812488
-0.03587573
-0.087527297
0.010525267
0.11616798
0.12425663
-0.023828881
0.015017407
-0.014481013
0.0075835851
-0.097771063
-0.042840429
0.093707584
-0.060398981
0.093502082
-0.022330552
0.11419872
-0.010487888
-0.047019962
-0.020758579
-0.079631671
0.058627199
0.0078914072
-0.064093918
-0.090407014
-0.058012031
0.025226329
0.026713593
0.02703766
0.049966507
0.0084897084
0.015951112
0.087812766
0.027408211
0.018981071
-0.017489305
-0.032891657
-0.0036671504
0.021470781
0.016091693
0.077280723
0.024346052
0.020905171
-0.068398066
0.008898777
0.02932463
-0.0080124419
-0.023692064
0.074627355
-0.027953945
-0.038778946
0.019799685
-0.13826606
0.033496957
0.049432199
-0.014782907
-0.023042619
0.0065188874
-0.03693565
0.061845958
0.076223046
0.067338534
-0.015116286
0.010848369
0.032118052
-0.079814114
-0.1119201
-0.022726288
0.080769859
-0.04415239
-0.052506801
-0.0036362852
0.13841964
0.037139542
-0.051757313
0.018597905
0.072501555
0.01043606
-0.062808648
0.080668516
0.062119808
0.073721789
0.09252049
-8.1845297e-05
0.0013324386
0.0066656955
0.11203142
-0.013923553
0.12415905
0.067282625
-0.05788644
-0.022002073
-0.023848142
0.058379062
0.012652966
0.062204357
-0.014223544
0.07638441
-0.14664727
0.09174981
0.090367354
0.0098240478
-0.017275898
0.11682554
0.052337036
-0.053433388
0.092781797
0.053547785
0.01613663
0.053460587
0.009956019
0.023332303
-0.060158882
0.088550188
0.069904894
0.041949801
-0.062025588
-0.060992386
0.0026624461
0.04696992
0.095234625
-0.064016372
0.08892601
0.061002895
0.088837534
-0.073606774
-0.12383227
-0.01890442
0.064482272
0.03678355
0.011110547
0.047828179
-0.018503617
0.097227968
0.060717806
0.054028351
-0.090670541
0.031591628
-0.082635276
0.092834003
0.048315659
0.017327983
0.02787002
-0.026610777
0.0038013109
-0.074917138
0.015741345
0.030373132
0.017513867
0.032502275
-0.01269152
0.025996817
0.065735795
-0.077516645
0.065401539
0.060720764
-0.039397404
-0.026578926
0.042420447
0.052612394
-0.02454523
0.066075429
-0.016304728
0.07351058
0.032493748
-0.003047297
0.029532168
0.097280554
-0.14080125
0.034717023
-0.12479076
-0.0014554086
-0.057679739
0.053707689
0.094959393
-0.15053616
-0.023483053
0.0056684534
0.074007958
0.045514762
-0.076681107
0.067898907
0.081434503
0.088172019
-0.042862505
-0.10011568
0.060030613
0.053425048
0.04217311
0.018017296
-0.024035109
-0.016820857
-0.0065611107
-0.12538645
0.045875471
0.095963523
-0.031728432
-0.00400401
-0.021778056
-0.049057286
0.087614611
-0.046926752
0.04295424
0.029332912
0.10352217
0.12867762
0.11757684
-0.018806687
-0.11846296
0.037189264
-0.18858765
-0.022764135
-0.039838325
-0.048654635
-0.076997735
0.16599697
-0.052572802
-0.069423735
0.078000352
0.17593756
0.033213213
-0.094588988
-0.19460365
0.031848148
-0.12579063
-0.072774656
0.085477099
-0.011329803
-0.012140304
-0.034430992
-0.095823862
-0.10987785
0.050287817
-0.040535368
-0.17966099
-0.097844444
-0.11128695
-0.1384901
0.064445496
0.091278359
-0.023688018
0.030619502
0.010014581
0.094450809
-0.021108352
-0.21083499
0.10588325
-0.058426108
0.074804083
-0.093169481
0.095143579
0.024009477
0.079579584
0.061934199
-0.0082591707
0.13552888
-0.11892697
0.044662789
0.051211696
-0.22386767
0.0081933644
0.16715266
0.041315097
0.16618356
0.022118647
-0.025703676
0.047610432
-0.088853173
0.073180228
-0.095324568
0.0036451844
0.10969843
0.066529542
0.24949555
0.053673085
0.11939759
0.034479499
0.042849921
-0.021009363
0.13196388
-0.0088503519
0.12842496
0.2128184
-0.024189632
-0.050781399
0.059456095
0.11533403
-0.12025717
-0.013092548
-0.15569244
0.0017731561
0.066802263
-0.10207327
0.031271648
0.05123299
0.013376827
-0.10388534
0.022720704
0.067379452
0.22834007
-0.017419482
-0.20506786
0.14119516
0.048518706
0.15835863
0.058106158
0.027094975
0.29388446
0.074684821
0.075941101
-0.0076482138
0.024182187
-0.1340607
0.13661842
-0.090043738
-0.080994591
0.19185795
0.030498831
-0.024821486
0.0036867205
-0.023473678
-0.045729149
-0.20184518
0.11204565
0.1447193
-0.0052048392
0.0010830512
-0.045487326
0.10316713
0.076807745
0.089937203
0.084609479
0.24114977
-0.01179426
0.046667248
0.053523544
-0.015063984
-0.010170246
0.0040430664
0.045254078
0.023714725
0.064007729
0.050227307
-0.11233721
0.021484973
-0.10731023
-0.0091051292
-0.08253023
-0.0030840957
0.05875022
-0.08818154
0.087038867
-0.052945614
-0.066691488
-0.029092895
0.012808498
-0.14044842
0.070392616
0.012338643
-0.10332721
0.0078798588
-0.0091446564
0.022332842
0.031391114
0.02486193
-0.07432884
0.030509738
0.093756258
0.060627155
-0.027961558
0.016343134
0.021135032
0.0056380876
-0.073135868
-0.020742236
0.12068584
0.009682036
-0.11280835
0.0083993161
0.014469632
0.14905818
-0.040092587
-0.0012063876
0.14865959
0.0088057751
-0.016800459
-0.04580586
-0.019998282
-0.0081066852
0.087528169
-0.012072683
-0.065480523
0.10277167
0.16124544
0.038691103
0.085355826
0.10125029
0.052924365
-0.080657743
0.047051307
0.018818393
0.012436319
-0.025106953
0.094333783
0.076674923
0.10265961
0.056474004
-0.030814234
-0.067988634
-0.073042646
-0.04523252
0.091606736
-0.044092126
0.0096885655
-0.018388337
-0.060691915
-0.019683328
-0.12191742
0.0095208138
0.016826298
0.098864146
0.073473915
0.057717055
0.023566348
-0.052873548
0.12529613
0.066489913
0.13925397
-0.07455267
-0.11067913
-0.16113822
-0.014072489
0.0090285474
0.085383907
0.067624658
-0.001241911
-0.051216044
-0.021668186
-0.10954192
0.039773092
-0.014007211
0.03198459
0.012374405
0.015410128
-0.001278344
0.012377168
0.041147452
0.15704487
0.0053906655
0.032885917
0.025274111
0.096231304
-0.065878391
0.15291911
0.010856795
0.018192949
-0.0476445
0.074000463
0.048276786
0.046289857
0.038314976
0.13601533
0.036761776
0.038354822
0.045699552
0.005707921
0.073694915
0.036797445
0.11320812
-0.021700416
0.0096605951
-0.098481365
-0.025362944
-0.030892979
-0.045689628
-0.00068228337
0.13411188
-0.0051315273
-0.10062023
0.092267007
0.11099031
-0.04763234
-0.010552722
0.033733331
-0.027101176
-0.01971161
-0.029528245
0.04384673
0.080680519
-0.017461354
0.023597969
0.086423799
-0.12392553
-0.10561977
0.076958798
-0.047281284
0.0010692835
-0.0067205052
0.084241979
-0.070516884
-0.09723857
0.028837085
0.11455557
0.070722193
0.030924533
-0.027280305
-0.10096423
-0.18608576
-0.011156676
0.071291327
-0.018771572
0.069700293
0.001369788
-0.054682866
-0.097312562
-0.11273628
-0.05191344
0.099720754
-0.024521977
-0.08759515
-0.014112893
0.047895726
0.02747665
-0.021657214
-0.011812185
0.080224305
-0.10174794
0.011219979
0.04450386
0.082306005
0.098579444
-0.0058077634
0.11292822
0.023032652
0.101497
-0.076878563
-0.048391536
0.059886303
0.0303577
0.070140369
0.014823738
-0.014317466
-0.025527954
0.018134162
0.0067414478
0.027584892
0.078234911
0.017434789
-0.018770481
-0.056355953
0.096432053
0.0071552028
-0.043340333
-0.16174078
0.036676299
0.065883286
-0.041047491
-0.10916074
0.011390787
0.039493337
-0.0037012957
0.0048068594
-0.048437551
-0.032899704
0.097660229
-0.04438705
0.0091408622
0.001651258
0.059836578
0.086560324
-0.010499736
0.081566453
0.0039621857
0.010067158
0.04440061
0.12508187
-0.077575728
0.0053268177
-0.082280889
0.13279638
-0.058272962
0.013795997
-0.01284522
-0.10095417
0.027436344
0.026425207
-0.015042544
-0.016695838
0.049387865
-0.02968082
-0.12323187
-0.037007388
-0.0076536685
-0.11184347
0.15254571
0.013015854
-0.0065331734
0.059470065
0.087931588
-0.14420971
0.10643423
0.10306538
0.079853669
0.0090892455
-0.11263955
-0.039692033
0.11291769
0.062669165
-0.014021704
0.064557336
0.040052779
-0.068132646
-0.14806452
-0.019732971
0.12350827
-0.031239768
0.020787571
-0.14180024
0.035690755
-0.029945403
0.14096674
0.014747122
-0.10696578
0.097488061
-0.0093850885
0.030754656
-0.0096224481
-0.076068804
0.032603867
-0.0072368681
-0.094753891
-0.068529956
-0.0077981437
-0.079918563
0.010430037
0.022958858
-0.076203398
-0.02006322
0.045919225
-0.062416017
-0.098666839
0.11987241
-0.092606843
0.099048644
0.070237398
-0.1088652
0.039489757
-0.046767943
-0.025948389
0.071323738
-0.12837648
-0.0095313331
0.023971904
-0.061804149
0.067439094
0.070225708
0.068944983
-0.014125731
0.10255682
-0.025632288
-0.043290604
0.15260831
-0.024171464
-0.010481465
0.017818158
0.074687533
-0.047955867
0.033994585
0.08127711
0.095043011
-0.22140105
0.059409138
-0.05222502
0.055527385
-0.008999357
-0.072554685
0.061876733
0.11663695
0.09133108
0.02694072
0.12945871
0.13591106
-0.062100075
0.024872953
-0.042803343
0.079041012
0.10012143
0.092543907
0.03234981
0.052183539
0.078053147
-0.013116717
-0.055672649
0.015023281
-0.078639671
0.0081396047
0.024649138
0.16469367
0.10803714
-0.10202773
-0.035560533
-0.024039652
-0.012057756
-0.027301708
0.028685404
-0.040087406
-0.010411164
-0.018790228
0.064550862
0.080793597
0.010226284
0.14817064
0.034116361
-0.18833467
0.028554883
0.12185903
-0.010204262
0.15168726
-0.11490905
0.0063652243
0.037073478
0.089944758
0.04518152
-0.1179344
0.085479811
0.13110031
-0.056902908
-0.050346497
-0.007038035
-0.031680159
-0.15633272
-0.0054489947
0.018806111
-0.049239662
-0.0025180788
-0.06770549
-0.022485329
-0.08865799
-0.096480988
0.057719965
0.044712722
-0.02091202
0.052185331
-0.023223972
-0.074780315
0.043274973
0.013898725
-0.079873815
0.04969041
-0.051678158
-0.04669385
-0.014969436
0.085526749
-0.0091832196
0.050116491
0.066188924
0.01380031
-0.023491062
0.08049278
-0.13791998
0.1373485
0.015413275
0.11885189
0.040292647
0.081367262
0.055065464
0.053548042
0.053261258
0.01631443
-0.10431364
0.10784175
-0.054890972
-0.13226825
0.0019989656
0.0035985219
-0.020060567
0.036165506
-0.030656893
0.036184188
0.10687622
0.070172288
-0.037862908
0.025598867
0.0022146862
-0.10957816
0.062682927
0.084547289
0.032489251
0.060345899
0.013886073
-0.065624483
0.055114679
0.039181184
0.14117551
0.09130609
-0.039132468
0.0043014451
-0.023923153
0.038945798
0.043138396
-0.077778406
-0.02807303
-0.022290714
0.035707098
-0.065125734
0.093850859
0.068115823
-0.12210713
-0.084167026
0.0083850808
0.034217842
0.19279025
-0.062500864
0.0036947324
0.004900841
-0.028746638
0.086924627
0.050346311
-0.031130159
-0.047754176
0.021752676
0.041754853
-0.003247991
0.09794309
-0.053645317
0.024896445
-0.069538072
-0.034929741
0.054330476
0.05465012
-0.020287778
-0.10746855
-0.10593703
-0.05069606
0.02175099
-0.035033248
0.074246578
-0.09271282
0.010568631
0.033437692
-0.0016055579
0.099160925
0.053369146
0.077489391
0.097301193
0.025427919
0.17645606
0.0020251162
-0.072143406
0.13338637
-0.036844
-0.080646478
0.066238105
-0.11086784
-0.035329472
-0.0012740701
-0.0027880934
0.074928924
0.078920402
-0.070665516
0.057443459
0.061997194
-0.059597302
-0.074899234
0.045870371
-0.041675203
0.033165611
-0.023095623
0.044098411
-0.046428435
-0.053243686
0.14493011
-0.0010223942
-0.02909652
0.092795201
-0.059005018
0.082778923
-0.036612514
-0.004795433
0.0032545766
0.13064496
-0.10196856
0.085111894
-0.030667325
-0.091293462
0.12982057
0.11517344
0.015978819
0.05167656
0.069895312
-0.030131366
-0.06209407
-0.047136482
-0.049647469
-0.025389638
0.056417603
0.11043851
-0.10976583
-0.071694717
-0.034052849
0.045203298
0.058887493
-0.042094339
0.02059016
0.081998773
0.011351652
0.069243923
-0.079875462
0.10488894
0.067868203
-0.088498525
-0.050699793
0.093607597
-0.076383792
0.14227152
-0.0097331628
-0.15999664
0.12720579
-0.008580423
-0.0884002
0.069968872
-0.067771405
0.032440711
-0.034707922
-0.048713971
-0.10924523
-0.080216855
0.0066495463
-0.056286588
-0.12515976
0.046706691
-0.010898909
-0.07354176
0.025346236
-0.046742298
-0.025539968
0.038027026
0.078667626
-0.038384683
-0.027840821
0.15104066
-0.0044700694
0.1075664
0.014068556
0.04192514
-0.063576996
0.050805733
0.0093137557
-0.024055708
-0.059868716
-0.14148502
0.039905403
0.050265212
-0.14980367
0.082576126
-0.07360936
0.068525814
0.11045218
-0.013793007
-0.0060503627
-0.1168411
0.032435872
-0.026726561
-0.043176305
-0.1050723
-0.1076551
-0.0038839462
-0.055242129
0.052021079
0.050437823
0.0169496
0.0040867426
-0.019571537
0.062100776
-0.07110884
0.0044214316
0.0068536503
0.053057827
-0.097222112
0.018232806
-0.012618727
0.036603782
0.030369086
0.045147259
0.010701476
-0.018698053
0.064599775
-0.049872298
0.0065001338
-0.082232572
0.1096705
-0.029182106
0.089869112
-0.022818424
0.11432768
0.00094629993
0.033115663
0.014196219
0.0093630711
-0.046264686
-0.12626077
-0.019932706
-0.05581253
0.083882071
0.10043224
-0.0055368412
0.040217225
0.013281154
0.047914952
-0.01801482
0.014584937
0.00086810824
-0.084887795
0.058377147
0.0087450519
-0.07431154
0.051459361
-0.019415649
-0.071049727
0.057148363
-0.025660014
0.014122772
0.040306889
-0.081547409
-0.041705444
-0.017733986
0.069299154
0.063854858
-0.021448705
-0.10581803
0.039453726
0.020351686
-0.0062365583
0.001669604
0.062193412
0.0087925643
0.0062900926
-0.0094198827
0.12039804
0.011495398
-0.014451674
-0.017995562
0.0012985824
-0.018350556
-0.081209727
0.019624043
0.07061705
0.00073070428
-0.03182679
-0.020370975
0.043404102
0.0040427051
-0.046295173
-0.097878538
0.11522631
0.0066723903
-0.031728517
-0.0078198854
0.0043706801
-0.034678798
-0.11377593
-0.016894825
0.015193849
-0.048850495
-0.053183451
-0.024832565
0.025924241
-0.084313288
-0.1350235
-0.063349485
-0.031656619
-0.0238389
0.058511633
0.0719776
0.053075839
0.031973388
0.16132087
-0.016358377
0.049755234
0.046880554
0.038754039
-0.020601172
-0.039718926
-0.049890731
0.01825895
-0.079447977
-0.10513453
-0.035848532
0.051385246
-0.028132752
0.030592071
-0.13633232
-0.023838462
-0.071248092
-0.025854765
0.037361529
-0.032814085
-0.017084658
-0.035412699
0.10109539
0.026717896
0.089924358
-0.084686175
-0.081379905
-0.055729236
-0.10357521
0.030777317
-0.047059834
0.09043172
-0.023448156
0.020871034
-0.10600156
-0.020220257
-0.010526129
0.0049893511
0.0040605124
0.095180996
0.15035066
0.077192776
-0.15501733
0.1057969
0.014802599
-0.039421957
-0.081120685
-0.15519129
-0.054498013
-0.046504069
0.071541525
-0.10181293
0.00066148629
0.051260795
0.035302434
0.047876526
0.087312475
0.0053424709
-0.11240314
-0.0089712748
-0.042492561
0.056258544
-0.043800779
0.0025143609
0.16068906
0.04063702
-0.030343438
0.036787331
0.072321802
0.024370916
0.038391672
-0.070332408
-0.028115729
0.040051695
-0.0031403957
0.01915038
-0.051140804
-0.087755285
0.12687087
-0.061347034
-0.12086412
-0.021303708
-0.024291547
0.059932921
0.061831445
0.0067801201
0.078040846
-0.11700118
0.083728924
0.051954184
0.046532482
-0.05400249
-0.053154338
-0.0043837386
-0.071507804
0.068776473
-0.049212102
-0.056594707
-0.072832413
0.081617109
0.09496282
0.11211457
-0.1147037
0.04984685
-0.018759055
0.056768559
-0.010480963
-0.043322597
-0.065480448
-0.095679194
-0.043080267
0.0010686123
-0.046544861
-0.1043259
-0.049117308
0.083078869
0.082044117
0.08826445
-0.04917689
0.036537677
0.099995695
-0.011345519
-0.024530333
-0.088987283
0.071259968
0.045585737
-0.0040076426
-0.053730465
0.14371423
-0.050816469
-0.0030344229
-0.057633404
-0.075634055
0.13120537
0.0496291
0.04265178
0.1072155
0.10378785
-0.0034584245
-0.033217341
-0.0049145524
0.020699942
0.041084927
0.050404325
-0.067439571
0.048241414
-0.074883915
0.066501945
0.035825398
-0.065029591
0.1026502
-0.16139734
0.02380945
-0.068991803
0.047447603
-0.16084471
-0.004394264
0.0040104399
-0.046823516
0.041939415
-0.051870648
0.0094846161
-0.097265728
-0.086976476
-0.013227865
-0.06891074
-0.05342295
-0.048206378
-0.15386575
-0.055273358
-0.012218107
-0.037973668
-0.029433947
-0.0085522057
0.012798955
0.093359955
-0.005241794
0.037829291
-0.019952863
0.023804286
-0.067525327
-0.025831258
0.040910177
0.031966884
-0.0036854579
0.045260981
0.12073182
0.0564854
-0.022040736
-0.0035073319
0.01248135
0.024621386
-0.077152602
0.080840454
0.092702575
-0.068049908
0.046214648
0.032282386
-0.015088457
0.0051361369
-0.090084501
-0.068125315
0.093822479
-0.030879768
0.098976187
-0.025772687
-0.020432914
0.041973893
0.044122346
0.025771648
-0.14850609
0.057621185
-0.082898974
-0.080954865
-0.040079881
0.037536252
-0.11705061
-0.11275801
-0.01956613
0.076800197
-0.031581569
0.021172632
0.099605322
0.037387315
0.094195306
0.039248347
0.04627984
-0.0066409279
-0.052359637
0.080170698
0.10480668
0.030529503
-0.027109588
0.09266004
-0.048912212
-0.0034076069
-0.0030045325
0.0065748906
-0.039379355
0.04506309
0.023162829
-0.044376571
0.093209319
-0.076862238
0.0023082388
-0.066711985
0.083586439
0.12636328
-0.055078145
-0.07059034
-0.019380027
0.051964868
-0.0385736
0.052117206
0.03493445
-0.031048715
0.018708924
-0.092167236
-0.05121005
0.055625364
0.022753855
-0.007536713
-0.070106626
0.18083078
-0.007458278
0.0098622078
-0.029531818
-0.094926521
-0.029695144
-0.05591752
0.066432975
-0.069334157
-0.032084458
-0.14955491
-0.0014923448
0.080434218
0.012805067
-0.023098703
0.037897211
0.17835572
-0.082092911
-0.0005163094
-0.028491965
0.12146682
-0.086822301
0.010268346
0.050095372
0.03604573
0.047879316
0.020460328
-0.079761788
0.062562458
-0.065843105
0.0027650862
0.14327787
-0.013505102
0.04133011
-0.077810682
-0.11152525
-0.016145792
0.048994768
0.034111377
0.059457678
-0.054419689
0.02240243
-0.025032219
-0.06772504
0.081543632
0.051529571
-0.053857315
-0.0052317316
0.052329689
-0.019212415
0.0078726485
0.12518848
-0.063713841
-0.023390347
-0.042119417
0.065333523
0.0061791129
-0.042831235
-0.056195814
-0.094493605
-0.016494239
0.097681284
0.023742264
0.050019007
0.079413764
-0.0089367414
-0.032552239
0.029566094
-0.087000579
-0.011369292
-0.010196256
-0.048671283
0.059170566
-0.01513094
-0.12657301
-0.098557018
-0.012476332
0.026731657
0.017571468
0.062538497
-0.0718849
-0.011165076
-0.029574137
0.076005183
0.05248924
0.043806192
-0.024477597
-0.026193747
0.092157096
0.035505779
-0.024264205
0.023330308
-0.041319974
0.022980776
-0.077017494
0.067096688
0.025208639
-0.015032973
-0.11981962
0.028662909
0.079176277
-0.0030999607
0.054802787
0.083478071
-0.0056946594
0.010988322
-0.036849722
-0.059259977
0.073775887
-0.02862804
0.0079022963
-0.05234395
0.075423919
0.087462164
0.044807374
-0.098840587
-0.059834484
-0.030850962
-0.090204857
-0.054715008
-0.15673733
-0.030859113
-0.068126723
0.077200882
0.042169515
0.13242158
0.048147462
0.057755705
-0.13982448
0.014511822
0.0014964661
-0.10905521
0.068370156
-0.0557037
-0.10901534
-0.027601775
-0.0013751315
0.028785888
0.01517472
0.052562423
0.0078398688
0.028081572
-0.076524362
-0.0094767511
-0.044470999
-0.044467416
0.017775301
0.0090945717
0.010934352
0.067844912
0.077175975
-0.036373571
0.10919978
0.022223188
-0.043027811
-0.08557041
0.091984399
-0.038444322
0.078837268
0.023948601
-0.019739212
0.086868361
0.042182021
-0.051556263
-0.07968837
-0.03134517
-0.041734658
0.0030381153
0.05189535
0.0083164182
-0.0034065219
-0.045678772
0.023444349
0.043022659
0.071255967
0.04386742
-0.062985308
0.02618177
-0.014279668
-0.012953348
0.094649106
0.07423313
-0.056941409
-0.0042737881
0.10617904
0.05536399
-0.01700042
0.0019799757
0.0087260567
0.033409648
0.07220421
0.065689377
0.035362471
0.063429408
0.072708674
-0.07361234
-0.044848323
0.083810002
0.036735136
0.074655823
-0.079991423
0.058782429
-0.073843062
-0.013677455
0.038955919
0.097673185
-0.0015217598
-0.069558777
-0.013923059
0.0957046
0.077265345
0.10290397
-0.058798924
-0.014459626
0.059508752
-0.034967966
0.082773998
-0.12077973
0.064879768
-0.041599393
0.04940768
0.073829114
0.021173406
-0.05272501
0.043445215
0.046361413
-0.062322397
-0.034577399
-0.011940559
0.08613766
-0.038435522
0.021903969
0.026039623
0.019850234
-0.012921945
0.0084040901
0.080463074
-0.066120468
0.0080507994
-0.013690948
0.040022798
0.0070131458
0.0097217932
0.11813834
-0.024716659
0.082217373
-0.028063836
-0.075218499
0.040900674
0.062312428
-0.012317561
0.0018951889
0.10030323
0.02337156
0.061329283
-0.097909331
0.01899948
-0.015629355
-0.13397743
-0.040464673
0.065519139
0.035412408
0.034369584
0.0094604846
0.0091013247
0.017474663
-0.030899227
0.098804839
0.022725424
0.032682501
0.032285269
-0.053794067
-0.030921645
-0.07910274
-0.11940236
-0.078308932
0.058202311
-0.0057358849
0.023376249
0.050430272
-0.063569315
-0.060162086
0.023720672
-0.12198274
-0.0093674054
0.15167896
0.056372814
0.09088029
0.046929609
0.034190018
0.0067559392
0.096896857
0.082637951
-0.16507328
-0.048186995
0.11105365
-0.27213708
-0.0044247387
-0.11018645
0.005803267
0.02596589
0.090238295
-0.017309999
-0.026533045
-0.05101021
-0.094399817
0.0036399004
-0.017441604
-0.07415735
-0.00405209
-0.13940847
-0.095927231
-0.20043592
0.052058753
0.060915943
-0.051598366
0.016354529
0.04694869
0.040451903
-0.035905659
0.052073441
-0.0930328
-0.081675649
0.072907127
-0.002261993
0.1030575
-0.11584869
-0.0036955455
0.060877435
0.017961586
-0.13024004
-0.070267163
0.054482322
-0.059007868
-0.069373108
-0.07860896
0.067435063
-0.096290268
0.052880563
0.1036258
0.029214935
-0.041823726
0.055352788
0.080388106
0.034747463
-0.086734623
0.090573005
-0.023920935
-0.0069318842
0.057001449
-0.036572333
0.12530036
-0.0044803466
-0.047530446
-0.067461826
-0.033704273
0.0014540401
0.076964431
0.091399387
0.026202317
0.068777852
-0.094851911
-0.00083738758
0.11661784
-0.034403272
0.012123972
0.05202172
0.11530774
0.08984296
-7.3362549e-05
-0.020347053
-0.10033229
-0.080584578
-0.0066547953
0.046896767
0.019716648
-0.024073601
0.0076417672
0.10197773
0.0035731788
-0.010164743
0.10219771
-0.01824763
-0.048909716
0.05840873
0.024563232
-0.15237841
0.010046763
-0.12615453
-0.062498935
0.0060878149
0.19163573
0.035493329
0.015183929
-0.10858227
-0.040118888
0.10561735
0.011176975
-0.0013773987
-0.016091427
0.16106594
-0.089686587
-0.033730652
0.035137359
-0.025541635
0.06764628
-0.010511539
0.041782763
-0.0092245284
0.059889674
-0.016585615
0.019377803
0.053553719
-0.023635982
-0.093163349
0.07164599
-0.035013679
0.033849906
0.045674261
0.021413857
-0.12775177
0.05688706
0.059208877
0.048222292
0.077414401
-0.025752535
0.0022536721
0.079678193
0.077761911
0.013725306
0.074085996
0.019176427
-0.082772069
0.04950773
0.00079976104
-0.099649265
-0.002434087
-0.023955468
0.085262783
-0.034557153
-0.0053610695
0.028310169
0.026955482
-0.024449078
-0.083315045
-0.065753736
0.054736141
0.077835515
-0.094228305
0.0040326403
0.082896233
-0.018048994
0.054436073
-0.024221055
0.055611938
0.0068118288
-0.094959721
-0.079891525
0.047010764
0.0004075969
0.088344269
-0.013504586
-0.00083787943
-0.014711174
-0.068218201
-0.061449513
-0.024726564
-0.02580704
0.043143362
-0.028514799
0.038329042
-0.037475783
-0.055606272
0.014336863
0.024891725
-0.0050287754
0.0018400784
0.0476874
-0.086153373
-0.073785566
-0.037862591
0.10752518
0.078278787
0.029390182
-0.028824218
-0.080101013
-0.038202256
-0.028565509
0.057112202
-0.071768053
0.010470171
-0.016579621
-0.077585742
0.081618078
0.027732493
0.069945052
0.047841858
0.060053825
-0.066732079
0.0023301728
0.11422281
0.0083982581
-0.054314263
-0.045045428
0.0048339129
-0.028807675
-0.057342716
-0.061838616
-0.088487059
-0.057903204
0.039957196
0.027774772
-0.040631302
0.05780378
-0.072402336
-0.052180342
0.095196024
0.07786876
0.076405823
-0.070103176
-0.017042588
-0.042996965
0.033774719
-0.028092092
-0.027175756
-0.04973508
-0.038491759
0.085660376
0.01925901
-0.021372106
0.034171857
0.012414933
0.0378148
-0.030730803
0.055288386
0.075735472
0.0074922154
-0.018410724
0.083451055
0.038280871
0.0059487005
-0.0064195003
-0.047667436
0.005411109
-0.064114146
-0.008442915
0.074019574
-0.028558293
-0.071292877
0.13707736
-0.06683334
-0.049930062
0.04727149
0.10334477
0.13812397
0.113894
0.092494667
0.021669792
0.055311039
0.003992368
-0.0084754406
0.010145884
0.01499697
0.075752541
0.070304289
0.085385263
0.073112577
0.034440625
0.025669122
-0.016439201
0.073666565
-0.045863092
0.044001073
0.073529914
0.06945689
0.079914182
-0.056403417
-0.033357516
-0.047951538
0.0024789814
0.041953415
-0.039403364
-0.042930856
0.035631243
0.021845408
-0.036866538
0.043140862
0.0019762649
-0.042412471
0.052808944
-0.042655375
0.14822908
0.031336553
-0.043388058
0.031400565
-0.083115406
0.089996599
-0.057005774
0.031319968
0.045837361
0.083110787
0.032624401
-0.012520796
-0.034029473
0.043722745
-0.12845445
-0.10701128
0.058292855
0.030237688
0.032556318
0.018143071
0.14394207
-0.062516533
-0.040726438
-0.038275331
0.061490037
-0.017943274
-0.00058772083
0.023686709
0.058525588
-0.046782076
0.014108321
0.017759534
0.0028651371
-0.017145153
0.1388656
0.038579788
-0.034752395
-0.018779844
-0.046994131
0.0051687825
-0.012028885
-0.017101822
-0.058021773
0.0074746888
0.0049262107
-0.054082148
-0.050536692
0.059414651
0.023669519
0.096697524
-0.031890899
0.028753771
0.099364899
0.0080151996
0.04092288
0.11239956
-0.051913463
-0.090505525
0.011887583
0.059799332
-0.024883801
-0.01765129
-0.013102829
-0.025455978
-0.0026275259
-0.038077254
0.13171822
0.023465563
-0.018168967
0.093357906
-0.013767876
0.001932103
-0.077551186
-0.012985602
-0.041559599
0.034498278
-0.094136089
0.010759871
0.0069081145
0.04867278
0.13952531
0.0048586456
-0.037957039
-0.061934043
-0.012882635
0.075531788
-0.043792736
-0.035882615
0.040224355
-0.074828237
0.038680088
-0.023059424
-0.069716409
0.01932965
0.053147469
-0.064447433
-0.040130191
-0.079815529
-0.073271267
-0.040482808
-0.031445887
-0.0066767004
0.0020533495
0.042452022
-0.083996065
-0.063857809
0.07853578
0.048212025
0.099801891
-0.050115548
0.045811664
0.025724268
-0.10068962
0.11417082
0.044289988
-0.041650508
-0.051795047
-0.11943596
0.076322965
-0.036605839
-0.042142533
0.022511913
0.085506037
-0.12054361
0.0053051482
0.031760816
0.052108243
0.045187131
-0.039938118
0.019577356
-0.058359168
0.043294378
0.13797382
0.056241784
-0.051787183
0.13729078
-0.014604403
-0.013107819
0.022222122
0.12430447
0.041424431
-0.081578262
0.059159897
-0.071719378
0.07740882
0.064406045
0.057944909
-0.020804655
-0.015887236
0.036030304
0.17027159
0.026315454
0.074802458
0.007382629
-0.014049642
-0.013082946
0.016806182
0.06825871
-0.044028938
0.014023738
0.046131697
0.058138132
-0.016259694
0.030076182
0.089077771
0.011925529
0.059521805
-0.070090771
0.034819283
0.14594612
-0.019210584
0.21271844
0.070407331
-0.030284623
0.15904716
-0.016673947
-0.029123817
-0.04136112
-0.0015991046
-0.0014025648
0.10739372
0.033669975
0.011972774
-0.060480248
-0.0025520162
0.055472642
0.0080800401
-0.037636627
-0.043626249
0.15930966
0.07020127
0.039262779
-0.08463984
0.061780017
-0.079785861
0.033151891
-0.094540887
0.074060768
-0.077919357
0.080319934
-0.04975285
0.0077300784
-0.013033479
0.053077765
-0.021884495
0.056079444
-0.079795152
0.04734873
0.041777391
0.014437851
-0.0010183759
-0.034666613
0.069349065
0.027984327
-0.095762782
-0.081606157
0.046186622
-0.066490635
0.075524308
-0.064159386
-0.010028922
-0.028642183
-0.052478276
0.069890305
-0.065222904
-0.0027031829
-0.053261917
0.082395852
0.045225915
0.045047347
0.0099016698
0.027027832
0.051869314
0.035011768
0.020531382
0.05236724
0.038048286
0.099533141
0.0056099752
0.034615975
-0.066719085
-0.0041304221
0.019315897
0.031814318
0.088233687
-0.08737468
0.0083776126
0.019738244
-0.07273493
0.068574235
0.056973815
-0.024888797
-0.01000063
-0.040342521
0.032814946
0.065505609
0.027595971
0.05844859
0.023691177
-0.016584914
0.034360576
0.052811265
0.099045828
-0.0094018867
0.065862291
0.024848623
0.087547809
-0.015143247
0.014471845
-0.1101897
0.018192559
-0.062673561
0.091885537
-0.068371579
-0.043638077
-0.047198102
-0.0032013501
-0.036941011
-0.0068758884
0.053458069
0.016408242
0.075966969
0.066231057
0.021707533
0.12439585
0.063259795
0.09986008
-0.017342767
0.066375457
0.04520971
-0.0067982553
-0.069160484
0.051191699
-0.022279004
0.063117012
0.037085634
-0.0018926074
-0.031620659
0.06075475
-0.057904605
0.015295141
0.009281652
-0.034413967
-0.083470613
0.049420428
-0.027301457
0.096942924
-0.028591914
0.022003759
-0.017076064
0.011724855
-0.027567809
0.029456545
0.056529265
-0.0026185191
0.027536493
-0.024778638
-0.036054146
-0.0101308
0.046170551
-0.030256106
0.066613488
0.24477187
0.090178579
0.2059948
0.076790884
0.05339573
-0.022585496
-0.018664232
0.14846812
0.076597415
0.10526084
-0.19847955
0.11743333
-0.064341381
-0.11898599
0.17870334
0.032547139
-0.026997387
0.017480299
-0.20697112
0.10163656
0.080435649
-0.0064226971
0.046698254
0.030301655
0.098236069
0.021779932
-0.027897902
0.11126585
0.1957106
0.0013574075
0.076317452
-0.00013964734
0.10679241
-0.11965563
0.10984045
0.0354327
-0.018722152
0.16777468
-0.018053137
0.10125557
-0.050635666
-0.046820041
-0.24523087
-0.03319772
0.033772957
0.24268594
-0.039091937
0.10673506
0.025084702
-0.069754861
-0.11269715
0.01327153
0.046466727
-0.058637571
-0.025947092
-0.054513033
0.1647667
-0.13927521
0.016717734
-0.0062362892
-0.03275286
-0.087717809
-0.10678726
0.075943172
0.059637796
0.11420116
-0.0034764113
0.030746749
-0.12782371
0.016376467
-0.098190546
0.066158779
0.0088608246
-0.063150831
0.13094582
0.058662832
0.036748424
0.010474402
0.24822393
0.037738618
0.00050591072
-0.018083433
0.035182722
-0.023135202
0.024048364
0.12342099
0.17322344
-0.12789102
0.14406559
0.15752453
-0.13533117
0.15479906
-0.052393716
0.071929663
0.028280631
-0.039162148
-0.03708813
-0.047972247
-0.09506359
0.0014230376
-0.018051604
-0.016455265
0.045442592
-0.067341417
-0.036786888
0.026783329
0.18619007
-0.067769602
0.05478511
0.080853805
0.073824488
0.019820061
-0.092049144
0.022618271
-0.083998285
0.030900452
-0.11191334
0.024199696
0.09133897
0.046109095
0.02914379
-0.091819748
0.039568931
-0.0023672085
0.15047678
0.03411486
0.07369332
0.022802508
0.0074004065
0.090941504
0.094694957
-0.071993731
0.010708612
-0.1364252
-0.068326488
-0.050081003
-0.010382938
-0.11760071
0.14379592
-0.032095067
-0.17457993
0.03835519
-0.14299388
0.050346784
-0.039045196
0.0015426967
0.009912163
0.019608488
0.0080629531
-0.10914144
0.050830618
-0.055135548
0.02003745
-0.024908243
-0.074856445
0.099263847
-0.0028911235
-0.053400964
0.016534621
-0.078702241
0.0052118655
0.0031662111
0.031236958
0.094813578
-0.06219776
0.12085006
0.044294819
0.078673802
-0.00019931179
-0.026059844
-0.08010865
-0.031714946
0.045045383
0.0015331693
0.015919061
0.13968799
0.10471369
-0.021365518
0.0003156988
0.087323055
-0.089539669
0.082349904
-0.037861224
0.0092831776
-0.00094139209
0.028744576
0.056180872
0.098397501
0.022683829
0.097113423
0.072048627
-0.048911728
-0.022450607
-0.094556972
-0.12036178
0.045886423
-0.0046891859
-0.076115794
-0.046972897
0.067879491
-0.0094029885
-0.059490167
0.025479546
0.088330887
-0.056632601
0.023422901
-0.042733319
0.023555445
0.088494264
-0.050444249
-0.016097218
0.028954446
0.0033344976
-0.032643657
0.022615965
0.048915368
0.12217962
-0.094023913
0.050574396
0.077555537
-0.009829822
0.066259876
0.00914298
0.01371051
-0.013339786
-0.022380471
0.09839014
0.10095548
0.030335875
0.047726773
-0.0097128907
0.023783334
-0.059364073
0.035772387
-0.012972714
0.061706934
-0.050166648
0.071370907
0.18278264
-0.092259765
0.040865138
0.14413178
0.007673088
0.088309601
0.021309489
0.020566858
-0.067702562
-0.096578106
-0.022816945
-0.035931651
0.014774959
-0.16980244
0.076134987
0.018176068
-0.10694764
-0.044655692
-0.039654266
-0.0067611556
-0.095117308
0.053844042
-0.068529978
0.020293066
-0.10430606
-0.032748457
0.0012796809
0.033145055
0.029156288
0.066125743
-0.050999638
-0.015789352
-0.0066117556
-0.038233619
-0.010242717
0.028288841
-0.053134326
-0.016410833
0.090725735
0.085872889
-0.03341775
0.008219799
-0.049524013
0.061005082
-0.11869393
-0.066320688
0.022419021
-0.026634024
0.05400515
0.1084751
0.068514869
-0.057327572
-0.098664626
-0.077606507
0.074182436
0.09770678
0.02658648
0.13287142
-0.052218795
0.083533458
-0.094196923
0.038179938
-0.10901609
0.051916409
0.043806233
-0.027360139
0.040569656
-0.024798691
-0.043071255
-0.036689527
0.050419871
0.077212945
0.086554632
0.0067384047
0.048637442
-0.017783822
0.08682745
-0.017192906
0.016180661
-0.033138335
-0.0063642748
-0.13940971
0.016056662
0.11222189
0.039371811
-0.035461877
-0.039988227
-0.032848798
-0.038625944
-0.073319025
0.08364325
0.0063662585
0.011090775
0.041962251
-0.0065141334
0.051484082
-0.10496133
-0.084074631
0.042586092
-0.010595384
-0.010732844
0.019304067
-0.063184679
-0.1141934
0.058923002
0.029886203
0.10287643
-0.055253588
-0.1357678
0.031498559
0.08446148
0.016385298
-0.077025034
-0.062933236
0.093486771
0.18935046
-0.072611474
0.068127759
-0.021670774
0.084146447
-0.010000163
-0.02180233
0.1047409
0.039737877
-0.087610461
0.00053500285
-0.1529292
0.045757294
0.13922621
-0.17367224
0.076815575
0.040414885
-0.057280336
-0.0065453821
-0.027327359
-0.0090755643
-0.17053755
0.13244592
-0.045428045
0.10713022
-0.023214232
0.034953427
0.0051451172
-0.12109301
0.052402791
0.0091522727
-0.14636429
0.015671765
0.052299257
-0.054954119
0.0040327213
0.038238488
-0.021919981
-0.039836571
0.017110221
-0.0017301814
0.011399949
0.022790192
-0.017362675
-0.0038312322
-0.093828633
0.042702995
-0.056161478
0.044393301
0.070657268
0.014906086
0.051604532
-0.032124214
0.079638846
0.056819949
-0.036754843
-0.016319986
0.0022441961
0.080575541
0.010406543
-0.018083898
0.020366468
-0.022009313
-0.069962241
-0.077603966
-0.036837164
0.037074417
0.035986561
-0.0077060387
-0.0064660003
-0.04068321
-0.044027537
-0.057110626
-0.021202644
-0.021930378
0.0068143834
-0.093057707
-0.075347833
-0.060860634
0.041897044
0.040930908
-0.0058026798
0.018352712
0.1126522
0.047103219
-0.013972427
0.0028668793
0.0037657951
0.045933411
-0.053721141
-0.030645622
-0.021328663
-0.058144193
0.043610528
-0.0031930385
0.0085341847
-0.040928505
-0.044765905
0.047392655
0.03721986
-0.034386523
0.066358939
-0.059400406
0.0080568455
0.12624472
-0.046415705
-0.10465863
0.051475175
0.039639067
0.037761677
0.035750732
0.067624748
0.013580802
-0.021433819
0.047550354
-0.050583322
0.039873354
-0.058483537
0.057510693
-0.0061923019
0.079008348
0.011131516
0.041943572
-0.024839347
0.035144377
0.024823051
-0.041510817
-0.048202693
-0.077767015
-0.0050804242
-0.0016473962
0.057957288
-0.077817664
0.056865141
-0.0200161
-0.036432281
-0.061034374
0.081655294
0.050166059
-0.00037877634
-0.021058265
0.029537423
-0.047249224
-0.057321433
0.026419224
-0.0088271732
0.031994082
-0.022997506
-0.044525761
0.055317726
0.0016052837
0.086456753
-0.0014977804
0.085653141
-0.032715105
-0.051927458
0.053185809
-0.022871424
-0.027717285
-0.12626605
0.02633198
-0.06343624
-0.036335111
0.041801553
-0.019026259
0.019835848
0.014382039
0.014073097
0.013243098
-0.00094471645
-0.053800128
0.0065891487
0.051205616
0.019751826
0.017231559
0.054258242
0.01698656
0.015720816
0.065489404
-0.0026981586
-0.0023713778
-0.061911732
0.02755269
0.081018038
0.052857138
0.039493196
-0.05992309
-0.047168966
-0.039290164
-0.029803777
0.012864151
0.0305358
-0.045058671
-0.026523562
0.037503228
-0.0076392661
0.079837821
-0.022936881
0.025510596
0.082118966
0.062033106
-0.059802584
0.028063342
-0.016805224
-0.0025825584
-0.0066255447
0.041905828
-0.040766928
0.090520538
0.054501876
0.01977279
-0.0055069625
0.054517388
-0.035065584
0.029454835
0.05463637
-0.039630931
0.089292832
-0.081186086
0.04399595
0.049531136
-0.024993427
-0.016527867
0.015293773
0.10488734
0.034035068
0.043174755
0.073658764
-0.026785716
0.125176
-0.10787936
0.078023143
0.035519291
-0.014372271
0.010049663
0.05069175
0.068039
0.0033707879
0.0090512391
0.0013435942
-0.031346239
0.070690781
0.049831994
-0.043973785
-0.11139523
-0.0020364067
-0.035743196
-0.054403186
-0.030420816
0.014281984
-0.019403799
-0.024751801
0.0044025378
0.080597311
0.073121205
-0.030207597
0.0064363838
-0.075718626
-0.062460054
-0.075290509
0.088893898
0.05817024
-0.11510786
0.11197572
-0.0092036081
-0.059516378
0.052355733
-0.013201029
0.080011152
0.035627689
-0.026419705
0.1303606
0.096552595
0.083090901
-0.0053091198
0.074372895
-0.07410647
0.052027296
0.0046784393
0.09272933
0.048222017
-0.0067817951
0.098865628
0.026368152
-0.069615185
-0.012143097
-0.012049856
0.1732558
0.071414508
0.14247502
0.016436841
-0.14308228
0.010549115
0.13920878
-0.012322593
0.0040595569
0.0082369512
0.021340111
-0.027258215
-0.058988947
0.036960758
-0.040511154
0.068455398
-0.15859827
-0.11332112
0.0090675605
-0.0013241967
-0.1031151
0.14592673
-0.032809287
0.035284091
0.14434601
0.053966492
0.032363042
0.0013533357
0.02107456
-0.063807562
0.01955037
-0.023250515
-0.15931699
0.11200525
0.096216477
-0.0051043206
0.035917036
0.088442735
0.078749381
0.060337264
-0.14065605
0.015745597
-0.061118588
-0.028786877
-0.0023738074
-0.07738585
-0.074391052
-0.0071160626
0.051424898
-0.002086129
0.02111543
-0.024545413
-0.015762201
-0.15949272
-0.024576696
0.1511575
0.06357722
0.064217545
-0.058375057
0.013873743
-0.045250773
0.016848439
0.099284992
-0.0056253802
-0.12224676
-0.079041198
-0.037413638
0.13399564
0.034623664
-0.1235866
-0.032292668
0.0088689309
0.00046055211
-0.025493046
0.069333479
-0.0028434403
-0.094870143
-0.081226677
0.045603171
-0.0019932757
0.065699019
-0.093458496
0.035426483
-0.0036548891
-0.14785089
0.12880372
-0.099222466
0.026904507
0.099722989
0.042659257
-0.020017583
0.1301806
-0.11520015
0.092859082
-0.047751669
0.018196817
-0.068470553
-0.12184019
-0.022504469
0.094911307
-0.049431413
-0.055496212
-0.079955116
-0.03807627
0.0061167292
-0.047418442
0.00078481983
-0.081406288
0.044688694
-0.12154748
0.098541334
-0.030042576
-0.082258046
-0.042423356
0.040257815
0.011067912
-0.0217917
-0.12479705
-0.11093184
-0.10064939
0.012811349
-0.02158742
-0.026160726
-0.056326624
0.0069715581
0.1010031
0.0071419394
-0.038418617
-0.093348488
0.014766185
0.088671319
-0.023033634
0.05085073
-0.016342172
-0.044465579
0.088455483
-0.033341043
-0.0022192462
0.00053111912
0.052774418
0.11678861
0.075832576
-0.088713914
-0.016631553
0.016316159
0.0061007268
0.0056473673
0.00027744329
0.059159257
-0.097788967
0.099114984
0.03854527
-0.02938815
-0.0053212298
-0.023917126
0.12889151
-0.11804476
0.0077128815
0.062586285
0.010565398
-0.066020563
0.065401673
0.10801618
0.073553622
0.039208185
-0.030286252
-0.052108511
0.10915107
-0.033215716
0.025606016
0.062441364
0.039454736
-0.033091929
-0.037905768
-0.14523666
0.037936829
0.036437541
0.023695484
0.042411208
0.060556158
0.09210813
0.024288991
-0.080384046
0.063994333
0.012924568
0.016441461
-0.077133216
0.052904218
-0.024926204
-0.025094964
0.017359355
-0.022667622
0.073871814
-0.10617141
-0.090099178
0.12154073
-0.046868507
0.0705093
0.0095088426
0.06824071
0.064221531
0.11620753
-0.11405355
-0.06221661
-0.07049986
-0.014589428
-0.036416743
0.082659245
-0.054955706
-0.016601982
-0.078293636
0.024428004
-0.012139923
0.085390672
-0.0080381529
0.019407688
0.042422678
-0.00081213564
0.041639604
-0.0046261791
-0.022428626
-0.11894221
0.04881696
-0.0016625477
-0.046852473
-0.02100431
-0.024151806
-0.065802425
0.13430995
-0.030573018
0.079973973
-0.021970665
0.042978793
-0.074690424
0.12263278
0.12925674
-0.041703098
0.097656004
-0.030398782
0.020496061
-0.042008091
-0.036064494
0.073028244
-0.015452635
-0.007259463
0.06342072
0.065200754
0.019802455
-0.017069397
-0.089924909
-0.044776257
0.069977865
0.035715107
0.045974784
0.031904861
0.0039407001
0.050818823
0.075335056
-0.050645534
-0.018664274
0.057701681
-0.065356836
0.054377522
-0.060745854
0.042164285
0.030609274
0.097387701
-0.066842794
0.013360078
0.077902459
0.010969735
-0.051706441
-0.019082466
0.052661229
-0.040535107
0.066449143
0.10082407
0.040344425
-0.070646942
0.066095613
0.066512562
-0.00064160733
0.018164527
0.014020427
-0.069102056
0.068292707
0.008229536
0.017323092
0.089550197
-0.016790107
-0.023294438
-0.029775422
0.0014379553
0.076810889
0.024813158
-0.08144737
0.0093426574
0.079017803
-0.047816347
-0.032374244
0.053932443
-0.015946236
0.036257293
0.041895714
-0.01094672
0.0039185062
-0.0490853
0.059722416
-0.050612327
-0.038037755
-0.035890326
-0.03928056
-0.0086441152
0.064986028
0.0037916109
0.061219878
0.084970929
0.052985501
0.1029385
0.0010645045
-0.042137187
0.014518181
-0.04467852
0.054030214
-0.070621401
0.010175455
0.11564711
-0.0657686
0.069377027
-0.078510001
0.071902134
0.039959081
-0.065050825
-0.013722313
-0.075868696
0.029990135
0.095138803
-0.0040490227
0.078410022
0.026074369
-0.017724955
0.0069324337
0.0063925036
-0.030464355
0.017488332
-0.088548213
-0.071984962
-0.093162045
-0.018917132
0.022359403
0.054790411
0.036217798
0.073759295
0.08620932
0.037795309
0.057049721
-0.022181368
-0.025813648
0.10070269
0.032758597
-0.0098196948
0.056457881
-0.0037911995
-0.058359277
0.0039171115
-0.035930216
-0.063736618
-0.00084601255
0.10032851
0.056222647
-0.045185789
0.013216543
-0.0083945468
-0.027095823
-0.083813563
0.074322812
-0.032081813
0.065102518
0.065511949
0.026202708
-0.063656315
-0.027043518
0.024893593
0.02775115
0.052530322
0.044166282
0.056437839
-0.010847691
-0.25687143
0.060325086
0.09615095
0.024048148
0.071808375
-0.035223398
-0.05267689
-0.017241281
-0.089629419
-0.094719477
-0.11169378
0.10280684
0.024499729
0.087746188
-0.13040479
0.15693137
-0.055747081
0.1017443
-0.0037985218
-0.078025654
0.11343391
-0.021217516
-0.081413195
-0.16354994
0.14207682
0.018931469
-0.0091299489
0.048127946
0.086565703
-0.043172553
0.0015267573
0.048489619
-0.054272134
0.15456165
0.047183022
0.087245874
0.042205904
-0.07502839
-0.21515974
-0.11984867
0.11589414
0.052037165
-0.090140119
0.025265792
0.075993791
-0.026305135
0.033477075
0.083107322
-0.14347133
0.023779515
-0.049681634
0.0034026005
0.037316903
-0.082812019
0.12964113
0.092626654
0.093026891
0.048398625
-0.068877272
-0.093166947
-0.0069457875
0.054738246
-0.008170329
0.089137122
0.0073951324
-0.14561209
0.032317031
0.053227056
-0.04630661
0.044424996
0.042073015
0.06815885
0.13920429
-0.020527868
-0.014054187
0.018471027
0.13797241
0.059662621
-0.017742096
0.037792128
-0.10615481
0.011270395
0.11625087
0.097685091
-0.0064556431
-0.002797785
-0.12787652
0.016582772
-0.077549443
0.1102099
-0.091964081
0.11047731
0.027464446
0.043844592
-0.12137996
0.23187751
0.096144155
-0.00311381
5.5409491e-06
0.1086591
0.061742473
0.068720736
-0.077642366
-0.016442599
0.0031402451
0.053692233
0.089715689
-0.069769152
-0.066396274
0.13201146
-0.032811005
0.091212444
0.19407639
0.079105437
-0.064845212
0.080131449
0.025179131
0.12775424
0.034910973
0.046693925
0.010403343
-0.033061467
0.14374405
0.023137657
0.077552997
-0.089613684
0.11992945
0.10224556
0.0043694731
-0.032355111
0.030394707
0.016572906
-0.0063155405
-0.1034494
-0.0041911094
0.02849282
0.073034048
-0.16785572
-0.095773399
-0.038960408
0.073262826
0.10856485
-0.020679163
-0.054033551
0.13438642
0.025041597
0.0045199431
0.02828566
-0.065877452
0.06122056
0.045787912
-0.001640039
-0.039754294
0.07318449
0.040507104
-0.067048185
0.096810676
-0.062122848
-0.030577097
-0.0017371994
0.094798654
0.035993036
-0.058960907
0.11553739
-0.0073759598
-0.09185607
-0.13294935
-0.13626465
0.04805069
0.075066842
-0.042352874
0.010368894
-0.024354979
0.025530476
0.050518285
0.088033587
0.0015501975
-0.026797336
0.12245567
0.055328447
0.027614878
-0.14302243
-0.0063879187
0.044884775
0.075052798
-0.060570259
0.038797677
0.027620612
-3.0567069e-05
0.030301252
-0.12020993
0.036189534
-0.10622717
0.0078966161
-0.0022551685
-0.047229689
-0.038266812
0.014571282
0.072745502
0.097963586
-0.074731179
-0.14882886
0.0023027889
0.066362858
0.087281391
0.11772625
-0.017666928
0.019133281
-0.038221106
0.049014237
0.057766434
-0.020373059
0.063960522
-0.010576383
-0.082417466
0.065775655
0.052670356
0.11286601
0.045406949
0.013036601
0.0011283604
-0.061453041
0.025219137
0.05072099
-0.040979706
-0.042963266
0.058146611
0.12403292
-0.093270436
0.15336396
0.026564948
-0.083058648
-0.05740888
0.010627865
0.004623801
0.027839703
-0.063685343
0.089413159
0.033799458
0.069722027
-0.037398215
0.14258106
0.0068317838
-0.070072301
0.079006337
-0.021058105
0.054528404
0.055687174
-0.04334328
-0.0036112193
0.10036577
0.038256403
-0.034561913
0.043919433
0.0161865
0.027715405
-0.030035717
0.00071006827
0.01082776
-0.074494205
-0.018761747
0.07998205
0.0030743058
0.071847513
0.07689736
0.055090241
-0.060858291
-0.032929078
-0.11390465
0.059148442
0.044784587
-0.040981751
-0.053845659
0.078264676
0.028765969
-0.043680921
-0.051585127
0.051922727
0.10958697
-0.036280055
-0.02246443
0.036551092
0.023331806
-0.0058235112
-0.01594279
0.025038566
0.060683351
-0.059113912
0.12653734
-0.0774858
0.054802943
-0.01781732
-0.024747349
0.010503467
0.03953696
-0.033284951
0.047090016
-0.077127099
-0.012976124
-0.054747302
-0.029813077
-0.044953082
0.0055804662
-0.063370019
0.036858618
-0.073792435
0.026678877
0.076496162
0.033464145
0.024544708
0.064036563
-0.010819349
-0.0016350157
-0.025215967
-0.10626855
0.078711055
0.053677902
-0.026919695
0.022164254
0.012268977
-0.0042585437
0.046484262
0.019565785
-0.020852949
0.015014232
-0.035872135
0.027417436
-0.11728527
-0.084842913
0.073835552
-0.093574882
-0.056420777
-0.010077396
0.0096796798
-0.041750185
0.033743534
-0.013363883
0.046462763
-0.0098267356
0.036400825
-0.026867779
0.084397718
0.018471111
0.011475113
-0.022383828
-0.050288022
-0.066751525
0.027242728
0.032082811
0.06031983
0.011308516
-0.032091323
-0.0015781869
0.084262423
0.00094355136
-0.076964043
-0.023119804
0.061469845
-0.026198078
0.086125277
0.028895251
0.07240916
0.020168565
0.068137676
-0.016952615
-0.065576807
0.097785585
-0.087969944
0.041450575
-0.036844075
0.016459387
0.09375257
0.038272966
0.0064602736
0.055606924
0.13079277
-0.10467967
-0.068927415
0.0081449682
-0.0033841766
0.069967747
0.020575294
0.091345303
0.032023232
0.066605665
0.011833476
0.024046386
0.064548723
0.0052615446
-0.11514103
-0.011988032
0.0067674746
-0.033834312
-0.038879238
-0.070250735
0.11507342
-0.0091434661
-0.035520215
-0.029262315
0.037465069
-0.053635001
-0.12544799
0.08160989
0.062245052
-0.06973061
0.016791107
-0.049650285
-0.017705364
-0.018924115
-0.085849732
0.020186009
-0.036101867
0.03712498
0.055611458
-0.068210825
0.040230907
-0.072799653
-0.028569417
-0.007521553
-0.088867724
0.096975975
-0.012878756
-0.029875921
-0.0043215938
0.062097158
-0.057412606
0.011006475
0.09225063
0.08854486
0.013062967
0.055901688
0.13625517
0.020396812
0.059505265
-0.048416011
-0.077371977
-0.087534711
-0.055337608
-0.039486747
0.13522702
-0.018485066
0.12486489
0.00038722815
0.0027414984
0.13882336
-0.031758774
-0.034671217
0.072926253
0.1048292
0.080534473
-0.084686436
0.055034757
0.12964179
0.10359274
-0.0025379553
0.076151296
0.018604755
0.052714195
-0.057924531
0.061693177
0.055168118
-0.097599
-0.044143848
-0.017653693
0.048670042
-0.014707052
-0.0060502673
0.0028590492
0.021414874
-0.11460922
0.042046517
0.02324819
0.096264474
0.13591701
0.045296486
0.021662556
-0.042367563
-0.044419207
-0.07392896
0.076907568
0.14402571
0.036563084
0.040263236
-0.098993681
-0.021729276
0.0090395855
-0.027592055
0.054449596
-0.034607906
0.049528711
0.065153725
0.0040349346
-0.023538543
0.12128171
0.016567582
0.043226901
0.070012525
0.031256143
0.060295455
-0.032723866
-0.013726491
0.034560721
-0.024804974
-0.19451562
0.098553494
-0.095300213
0.040656649
0.050438993
0.068133809
0.08376462
0.15731049
-0.077735074
0.088918395
-0.061008614
0.075087711
0.11663869
-0.029714076
0.01234785
0.061753511
-0.0089736218
-0.036780521
0.057884194
0.047722049
0.016549682
-0.062544525
-0.047693729
-0.070232078
0.036779918
0.016498359
0.026217474
-0.058301177
0.054097906
-0.031852219
0.12072738
0.10625976
-0.011432495
0.04359208
-0.061303381
0.047416396
0.011020563
0.021125795
-0.022442127
0.052133687
0.0077853203
0.0085921455
0.00086643215
-0.078402922
0.10589132
0.069166221
-7.8637611e-05
0.068962038
-0.081515551
0.064501517
-0.027915439
0.083835356
-0.10157273
0.015296703
-0.039135393
0.038767535
0.032153293
-0.056328524
-0.079459697
0.093480378
0.0086533194
0.0018614032
-0.076181009
0.10209458
0.036511764
-0.049123194
0.0006432638
0.065358341
-0.056643333
0.012790961
-0.14259851
-0.044940203
0.032602377
0.0343219
-0.042630825
-0.093943506
0.041871745
-0.025583597
0.042695384
-0.015102698
0.10153467
-0.12508915
-0.054606773
0.030613868
-0.052062541
0.052471809
-0.053822339
-0.041122518
-0.032977339
-0.16598181
-0.024399294
-0.012492633
0.0075034685
-0.054609675
-0.006723925
-0.090839349
0.11279864
-0.015919041
-0.016998895
0.041370679
0.12125956
0.10216459
0.018262118
-0.057456374
0.0044092922
-0.071861014
-0.031443343
0.045573168
-0.062840335
0.03494643
-0.06493403
0.051090036
0.03712371
0.001151148
0.094596632
0.031432725
0.010242273
-0.02366793
0.037014987
0.0071530552
-0.047799055
0.033215526
0.090438463
-0.096204266
-0.10024364
-0.0013454705
0.00062174047
-0.063974231
0.037197825
0.082217768
-0.0077357572
-0.027054686
-0.049322397
-0.030912833
0.087153502
-0.0045202863
0.021430822
0.064072244
-0.044927612
0.094623931
0.0051738117
0.063556641
-0.020812904
0.075646102
-0.016256189
-0.032085057
-0.047584943
-0.029055011
-0.030284472
0.030715687
-0.04885583
0.018912064
-0.026442356
-0.037502751
-0.084652178
0.0017534557
-0.048986711
0.068721458
0.04384217
0.040787067
0.087513506
0.054001633
0.021841167
-0.031641923
-0.047698535
0.034627996
-0.054913756
0.073517233
-0.017799886
-0.12877259
-0.059195079
-0.013268076
0.035367548
0.089908168
0.020874305
-0.074768685
0.048203878
-0.033944741
0.0199349
0.053939406
0.075056538
0.032466374
0.085269272
0.076820649
-0.006485255
0.036552679
-0.039008111
0.063957565
0.039296959
-0.0081621818
-0.044352125
-0.048682235
0.10521848
-0.035660211
0.033198889
0.10511085
-0.081499919
-0.0048056934
-0.020552799
-0.056415342
-0.029902089
0.021717113
-0.084163368
0.0032744866
0.04841676
0.02033201
0.05216587
-0.043008838
-0.027718246
0.070976369
-0.010367881
-0.017123409
0.13676061
0.033031952
-0.036456872
0.0027125359
0.12018231
0.0032000418
-0.053033255
-0.040079117
0.10040689
-0.0053817225
0.027248375
0.068781286
0.015714794
0.009394845
0.027394056
0.02053846
0.10138974
0.094577953
-0.023134725
0.020735158
0.1131796
0.014084176
-0.035188247
-0.05304214
-0.0016560053
0.011090227
-0.034608163
0.036167376
-0.0053386358
0.041507244
-0.00077612203
0.1099316
-0.0024420964
-0.027316071
0.035337206
0.033786327
0.047555335
-0.012036139
0.067021012
-0.035424192
0.036668662
0.064101182
0.040914707
0.0054236092
-0.093955301
0.10696459
-0.028100619
0.04111056
0.0068929875
0.10694686
-0.061686806
0.080306627
-0.022889746
0.098096006
-0.0011390889
-0.042328853
0.0038224526
-0.069373399
-0.038542639
0.060985636
0.14721298
0.068217166
-0.05073015
-0.050369814
-0.070059657
0.039838478
0.058138289
0.064241342
0.012588488
0.032614361
-0.0192935
-0.049142208
0.036397301
-0.07006339
0.078311205
0.085591957
-0.067070514
0.041910071
-0.028533926
0.068177819
-0.093748108
0.055699211
-0.077897288
0.022280445
0.037627079
0.02130885
0.0020411878
0.046968877
-0.050317388
-0.014669052
-0.0024750663
-0.050952438
-0.0095114633
-0.072322562
0.079304263
0.014639256
-0.027188012
0.087083071
0.06287238
-0.077130817
-0.046033107
0.085637331
0.061207797
0.13458833
0.063570358
0.062657118
0.033859149
0.049307454
0.045425758
-0.035266433
0.038184959
0.10832474
-0.051692713
-0.00028096786
0.077924766
-0.076385766
-0.048485383
-0.058060944
0.005577181
-0.071068048
0.035041664
-0.087262534
-0.042591698
0.10084647
0.10481574
-0.0021102079
0.089370757
-0.092833653
0.094099268
-0.025545347
0.038375385
0.017404966
0.072446741
-0.057807315
-0.03107651
0.01976775
0.017428311
-0.022793559
0.014881955
-0.09225329
-0.10476103
0.053920604
0.019008866
-0.017733634
-0.10471704
0.063837536
-0.084684126
-0.037874848
0.11936125
0.018814841
-0.0029454187
0.012441794
0.019782519
0.011232543
0.11706036
0.07326775
-0.0066276202
-0.045531131
-0.030530082
0.053123768
0.014209131
0.024029614
0.0077930465
0.0086166589
0.078202084
-0.036164097
0.0088809859
0.020174714
-0.049794961
0.0014744521
0.013676412
0.086386934
-0.040644124
0.039936911
0.0019675312
-0.072346456
0.091917619
0.14818595
0.17667946
0.011131785
0.034258809
0.054712027
0.12402773
0.095569983
0.023439974
0.031087479
-0.078880072
-0.28589535
-0.024036441
0.064299256
-0.013700103
0.03866902
0.16948761
0.03769454
-0.15429026
0.11582952
0.00025987285
0.062617265
0.064531907
0.043820955
-0.16572972
0.12733901
-0.044969566
0.038196281
0.13328922
-0.040229015
-0.027108371
0.018629733
-0.088073716
0.021223759
0.14399362
-0.33792877
-0.0039300546
-0.095734596
0.073364384
0.026629735
0.053356662
-0.058276456
0.17251107
-0.078731589
0.023048243
0.041671988
-0.032600913
-0.180618
-0.075663276
0.065293416
0.055935822
0.016230663
0.19210312
-0.080028765
-0.022356708
-0.089152403
0.024893645
-0.084685765
-0.067667827
-0.13311699
-0.0095936498
-0.0043374295
-0.0364682
-0.0098624052
0.12369542
0.093295045
-0.061162587
0.029263511
0.0047992878
0.10745714
0.18295018
0.083607025
0.11325621
-0.1107521
-0.056674402
-0.020578461
0.050215855
-7.9042598e-05
-0.085623287
0.15533666
0.021391476
0.079910025
0.090116747
-0.037316903
0.044693835
-0.042378992
0.14912689
-0.084648095
-0.025715554
-0.13970257
0.011885262
0.10404875
-0.032911412
-0.14929876
-0.041843534
0.14097203
0.056628913
-0.032059539
0.076597795
-0.053327519
-0.0072645415
0.029915942
-0.087285064
-0.0087200208
0.19137308
-0.062735938
-0.0181075
-0.11988159
-0.062023748
0.17139749
0.059989553
0.0088087441
0.13514955
-0.058341578
-0.019496586
0.0034458181
0.077533953
0.0012967132
-0.15046319
0.21157169
-0.10363679
-0.088904671
0.063783228
-0.045718707
-0.13543148
-0.0038411994
0.047254968
0.032586679
0.049033605
0.10567327
-0.084522821
0.10551284
0.017259318
-0.038967874
-0.018304182
0.10230879
0.065076187
-0.14097656
-0.018153828
0.0011300031
-0.19141088
-0.078157596
0.063475281
0.0077479505
0.18338619
0.040981896
-0.092267953
0.12048682
0.14594682
-0.11470151
0.056906477
0.034749962
-0.051644415
0.092435598
-0.07089299
-0.13826148
0.017503662
0.079336494
0.068349294
0.085764475
0.029423419
0.076154388
0.14833789
0.22800288
0.17091915
0.03010406
0.04326972
-0.023758247
-0.064069428
0.0026557001
0.084153406
0.21561019
-0.04124609
-0.036528647
0.0011858055
-0.076691113
0.12045281
0.031472243
-0.016997052
0.097490251
0.013373591
0.072745629
-0.019271689
0.03765038
0.046408642
0.065556839
0.06325572
-0.065918334
-0.064231507
-0.069307983
0.14405604
-0.031731088
0.17958444
0.087535381
-0.0026527857
0.01083164
0.082607947
0.030200325
0.1138756
0.042326409
-0.058293864
-0.060869012
0.067311607
0.040599633
0.1766106
-0.023497799
-0.12295819
0.074099012
-0.042941254
-0.022380499
0.10520752
-0.034795087
0.03353294
0.087115385
0.10810088
0.058608487
-0.04856462
0.051012013
0.10067494
0.068173692
0.25264814
0.11043411
0.16522041
0.075860992
-0.083344221
-0.1213697
-0.24016678
0.19415884
0.00033118509
-0.05182673
0.21226624
0.021617541
0.094097309
0.071239091
-0.039337799
0.10034756
-0.0098759551
0.061571881
0.01154865
0.068681613
0.16708082
0.086149104
-0.079803124
0.1673265
0.020877456
0.19407152
0.2195783
0.043026991
-0.020744221
0.022593325
-0.10634124
0.069700792
-0.018130332
0.12409757
0.095284067
0.024283076
-0.26681849
-0.0151764
0.057486288
0.011343712
0.061326832
0.066814601
-0.067322217
0.059761055
-0.026150271
-0.085251711
0.0051501384
0.098905072
-0.029236263
-0.023381464
0.10272636
0.045566179
-0.013029594
0.069007508
0.081289656
-0.085588053
0.0049811108
0.051945899
0.025545795
-0.032727096
-0.13697165
-0.037487261
0.061281893
0.048121616
-0.046985157
-0.015598753
0.084252097
0.086880498
-0.070943385
0.081778646
0.041221146
-0.064554319
-0.046525393
-0.033456508
0.010992067
0.080425076
-0.059108675
0.011633215
-0.11895908
-0.052799892
-0.055857085
0.15416279
-0.1132509
-0.029533621
0.07675413
0.056271844
0.04012727
-0.018371521
0.050920427
0.014061792
-0.02603093
0.0061908094
-0.055779964
-0.045468781
-0.010497268
0.095359109
-0.099222869
0.0016021593
0.086537637
-0.13107339
0.04603057
0.041804999
0.072079204
0.023531981
0.014936594
-0.068025365
-0.060520496
0.037851706
0.0048968806
-0.066145264
0.024680262
0.033490002
-0.11937638
-0.029415725
0.021198774
-0.07710968
-0.066421829
-0.054781351
-0.034412604
0.045066226
0.097674899
0.13490662
0.029403049
0.13999915
-0.020662094
-0.077202976
0.026258769
-0.075204983
-0.044883721
-0.058238633
0.045061249
0.035334423
-0.027416319
0.004605141
-0.10493197
-0.038196295
-0.035936542
0.00092379574
-0.096914127
-0.01671706
-0.0042789998
-0.049520604
0.01321286
0.05842907
0.15112792
0.044749588
-0.089416884
0.027012093
-0.10034075
-0.0098470096
0.098099016
0.026941922
0.065235838
0.062147539
-0.12022201
-0.14158238
0.020426353
-0.048360609
0.06293831
0.0072528701
-0.061294243
0.082608663
-0.1216413
-0.05948709
-0.029892547
0.30466449
0.02335915
-0.054965734
0.11009475
0.1497831
-0.050323229
-0.048121125
0.051004756
-0.0059306384
-0.1510876
0.05161646
-0.097028568
-0.020560738
0.057041857
-0.12231363
0.088062748
0.059910614
0.014111926
-0.096512929
-0.12068236
-0.072927594
0.071397915
0.032229755
-0.073531635
-0.16500683
-0.0043930491
-0.090584204
-0.097830892
-0.048238866
-0.032609429
0.099054724
-0.10010231
-0.12669502
0.011548835
0.082396969
0.12220137
0.035792742
-0.11528672
0.075811617
0.051040694
0.073001355
0.050666079
-0.021533793
0.017954838
-0.07664533
0.077817909
-0.10328761
-0.035560403
-0.055938359
-0.065158762
-0.080061994
0.027398381
-0.016242452
0.038774222
-0.0097873472
-0.0084543405
-0.13014819
0.0071699722
0.01584444
-0.0095038805
-0.090902746
0.080044478
-0.083250873
-0.012690797
-0.034145564
0.05898248
0.082860775
0.012505831
0.037616391
0.11252494
0.020537471
-0.00736401
-0.18522291
0.037771948
-0.0727356
-0.032495834
0.027246458
-0.0059619299
-0.12641773
0.10762932
-0.04030481
0.037535705
-0.13010719
-0.11895762
0.14560945
-0.04679475
0.081135936
-0.0064770849
-0.089858085
0.0036622856
-0.0054524657
0.038853146
-0.007800492
-0.02344623
-0.1112236
-0.061439171
0.069564648
0.034028355
0.044607542
-0.070319116
0.12047401
-0.008758273
0.025788717
0.27089161
0.0029214665
0.18844144
0.045980897
0.040749632
0.074132293
0.062429417
-0.06478326
0.0071033435
-0.058008287
-0.064103886
-0.092100337
0.041263677
-0.042455394
0.084623545
-0.11578657
0.076803647
-0.022987427
0.004961696
0.012900238
0.035546593
-0.012211037
-0.015254389
0.037526798
0.00027287257
0.13062593
-0.11208557
1.6861619e-05
0.079082832
0.051955238
-0.11345342
0.03991843
-0.014222752
0.031072941
-0.058439974
0.057916429
0.038065854
-0.11561
0.016997745
0.048308179
-0.03203271
-0.085703164
-0.079037376
-0.076909587
0.025708903
-0.077324733
0.085888527
-0.0026487191
0.061055698
0.08241035
-0.029193664
-0.10106006
-0.067180775
0.035882719
0.022548206
-0.091240183
0.091962934
-0.078556411
0.028249264
-0.075683936
-0.026054574
0.012945447
0.0093950341
0.10741611
-0.03667365
-0.046369966
0.066264689
-0.09245114
0.095263183
-0.021320701
-0.0044370061
0.012804935
0.039404515
0.023269774
0.047429927
0.064385273
0.015513862
-0.075896598
0.051025297
-0.074846767
-0.040939812
-0.026645696
-0.015687995
-0.0051097185
-0.029814998
-0.0425421
0.03430815
0.062243611
0.098013327
-0.0211289
0.010585403
0.053023167
0.014532574
0.035561331
-0.093954414
0.079681091
-0.074512586
0.046055317
-0.015369886
0.073325969
0.0160864
0.10876426
0.049121711
0.044448182
-0.058370832
0.071250655
0.094329946
0.028553875
-0.022835629
-0.041953802
0.02593982
0.019108489
-0.027264114
-0.049667202
-0.0091078617
0.017231893
-0.026078306
0.02410984
-0.011817395
0.11168714
0.021452695
-0.026768364
-0.005144076
-0.014498079
0.038508348
0.022990188
0.067257985
0.069617555
-0.0010596166
0.077483758
-0.040183764
0.0414281
-0.084828235
-0.032114942
-0.1144544
0.055497047
0.047618985
-0.047230747
0.00082545786
-0.022450363
-0.043953341
9.8485943e-05
-0.028652437
-0.051009953
-0.026195709
0.00060943002
-0.01802564
0.022282656
0.019008672
-0.0046128733
0.050823227
0.047174953
0.005715121
0.09271992
-0.024875037
-0.051089257
0.11103387
-0.057750199
0.096226737
-0.025590036
-0.027607897
0.11323427
0.086552955
0.019495443
0.10150846
0.065558605
0.033350576
0.020793226
-0.016178858
0.041653655
-0.045095518
-0.0065532443
0.058254212
-0.10088506
0.020824196
-0.016633809
0.0028651005
0.063890748
0.080265932
0.064339995
-0.10499477
-0.043949042
-0.030756192
0.079691827
0.06748794
-0.06708356
0.01006343
0.011856275
-0.068221152
0.11229168
-0.039451778
-0.095470376
-0.048508234
0.035084113
-0.0086994646
-0.058269583
0.0057206671
-0.0005387378
0.02062078
0.080368064
0.0097581381
-0.017750502
-0.052243456
-0.014306675
-0.04167461
-0.026346209
0.059292443
0.024614045
-0.066403158
0.016772775
0.057774737
-0.017910944
-0.13348465
0.025547897
-0.01235392
-0.0090697519
-0.060537111
0.091772392
-0.015011209
0.079639375
-0.076872684
0.061922513
-0.029355781
0.021563733
0.011157195
0.10423379
0.02473662
-0.033256814
-0.024577562
0.059930824
0.0054031084
0.014914279
-0.060800958
0.024265597
-0.023083955
-0.049246456
-0.12520967
0.070699543
0.053236701
0.12726519
0.061021224
-0.13374549
-0.055996094
0.039051365
-0.088339604
0.023136871
-0.084558286
-0.058415353
-0.094891608
-0.029710941
0.03601424
-0.01657117
-0.091299191
0.043394238
0.00088354677
-0.099643677
0.062701412
0.057947107
-0.017186681
0.031344339
-0.011466498
0.024588156
0.1074544
-0.049120862
-0.077344552
0.091405705
-0.024742141
-0.00014326282
0.07575646
-0.026810417
-0.028167026
-0.091931179
0.055057727
0.084815726
0.11760428
0.031939775
0.047650237
0.0041407309
-0.0083144633
0.04059181
0.080680147