0.021900399
0.051787492
-0.047617238
0.0346024
-0.016485879
0.017776532
-0.051648643
0.0038066467
-0.16834603
-0.063738562
-0.00053170673
0.054520831
-0.01550327
0.021914529
-0.033230249
0.059198804
0.049531408
-0.066820808
0.023291575
-0.058912858
-0.027913468
0.017274836
0.11758263
-0.0089975726
0.0015032252
0.023181982
-0.0047875722
0.0041513471
-0.02810088
0.014078757
-0.0046087834
0.023118194
-0.029829714
-0.027127109
-0.0063438527
-0.0093596186
0.087688565
-0.031179117
0.091650844
0.053204417
0.024349203
-0.039130583
0.010476552
0.040706657
0.040958919
-0.010761607
0.015124912
0.056236602
-0.041323602
0.046452645
-0.0082116723
0.015892163
0.010906748
-0.04415502
-0.01301728
-0.078838989
0.01268181
-0.040478416
0.071583018
-0.022179827
0.010497405
-0.080860749
0.00047372835
0.072437324
-0.0085949106
0.067358047
0.011152023
-0.028690644
0.026591966
-0.04529367
-0.040667467
-0.11339924
-0.022585001
0.031538457
0.055184033
-0.068864658
0.036289722
0.062939644
-0.033663515
0.0010646019
0.020117147
0.028149294
0.091983937
-0.018102648
0.0060360385
-0.027614718
0.046609592
0.039248608
-0.16711201
0.018899646
0.063460231
-0.067444123
0.015283307
0.009827897
-0.032790348
-0.010785538
0.024514131
-0.034457061
-0.01432448
-0.026147274
-0.013411734
0.02686152
0.058928378
0.040295567
0.065324806
0.0031315526
0.025705252
-0.090869844
0.0085491622
0.064526536
0.01419136
0.0051039173
-0.085189961
-0.021951318
0.004021117
0.011759952
0.033623807
0.005000602
0.027833603
0.024156749
0.03918615
0.021133464
-0.039042208
-0.067733191
0.0058891359
0.093818866
0.038473547
0.0039340523
-0.010393907
-0.024489187
-0.021476164
0.049335793
0.054356229
-0.15321405
0.080470666
-0.043451183
0.00019609253
0.052513968
0.0091109043
0.0045484141
-0.0097765727
0.083896093
0.043912973
0.017816354
-0.027438484
-0.0082010189
0.028364813
0.039662596
-0.096723169
0.03198408
0.085970931
0.08300218
0.024310594
0.13018058
-0.011354985
-0.01903145
-0.049345195
-0.031569179
0.040795088
0.043396305
-0.030857239
0.067728959
0.0048882975
-0.051304869
-0.038086001
-0.14051069
0.033858303
0.050242178
-0.025080675
0.013955931
0.026566681
0.050126683
-0.11717918
0.093663014
-0.049063113
0.025394164
-0.026074095
0.030250892
-0.027196828
-0.007316445
-0.0021087977
-0.069514811
-0.041556094
0.012078462
-0.07813476
-0.019026076
-0.044521328
0.0065925173
0.0075786049
0.02920036
0.02596424
-0.015150291
0.0015919985
0.038864993
-0.09783484
-0.021501686
0.050100133
-0.012721497
-0.049606454
-0.074480884
-0.015210222
-0.026614008
-0.031552456
0.010482674
0.040401574
-0.030379865
0.034994278
0.056011114
0.025802167
0.051385239
-0.0072104451
-0.011535108
-0.0017236605
-0.064465947
0.037989829
-0.0036895489
-0.00077908934
0.049396589
0.0064003309
0.046088889
0.057570841
-0.059977885
-0.1545479
0.0009063842
0.0032694167
0.042477392
-0.10244812
-0.023793833
-0.099870034
-0.02777845
0.072277717
-0.00072868064
0.05879882
0.061870962
-0.030907776
-0.067421801
0.041549418
0.051702712
0.012814119
0.033159815
0.01884627
0.042937562
0.042606011
0.096081287
-0.04296317
0.12107447
0.011936597
0.034980614
0.064875446
0.072246671
-0.13331543
-0.018545469
-0.085526235
0.11322121
0.044635519
0.082167231
-0.010529989
-0.077614814
0.024566377
-0.012128955
-0.021357542
0.044368017
0.025698844
0.02045282
0.037025616
0.0075579262
0.03006055
0.13539736
0.020330062
0.022979792
0.01118586
0.025745252
0.0031183723
-0.022497941
-0.044354249
0.028010795
0.021552611
0.022154838
0.0033525876
0.067263298
0.085715674
-0.01074803
0.034314219
0.078567013
-0.042594139
-0.015462971
-0.0065171011
0.038557764
-0.034327909
0.016678896
0.015089836
0.037186071
0.027871069
-0.0062022652
-0.095730022
-0.081334278
0.11663752
-0.028705068
0.00096116046
0.046443127
0.0053529749
-0.023714453
0.022189379
0.021373978
-0.031799339
0.032524299
0.002876777
0.03380248
-0.061582908
-0.0090625389
0.00020670332
-0.06492997
3.9345679e-05
0.037094466
-0.013132463
0.057662565
0.048886228
0.030908298
-0.085149303
0.12364062
0.012383599
-0.0229814
0.024496567
-0.0049582059
0.031609491
0.020524848
-0.0086176014
0.066345535
-0.064545371
0.062483557
-0.016456231
-0.021748317
-0.033130474
-0.04004617
-0.019756069
0.044251196
0.037473716
-0.048460525
-0.044294562
0.025736302
0.028837482
0.017073566
0.036801551
0.029699031
0.013342446
-0.011762108
0.070244722
-0.015994694
0.041952487
-0.074787743
-0.016767308
-0.056992564
0.029346636
0.048868667
-0.06323579
-0.013044346
0.009510966
-0.028309649
-0.030945398
0.041804142
0.017952807
-0.0036519612
-0.011240813
-0.01770995
0.034917723
-0.013861716
0.00086361507
-0.027740613
-0.12319187
0.040165395
-0.056594856
-0.029731669
-0.06968604
0.052822396
-0.010167067
0.0070109386
0.026547736
-0.00073983619
-0.018999176
-0.11711112
0.057712957
-0.013356505
-0.020118341
0.058489073
0.0032253026
0.085020684
0.088656835
-0.0087471744
0.0021826946
-0.01272703
0.017014315
-0.028180631
0.026185483
0.018042864
0.076418951
0.013380636
0.037091937
-0.021257967
-0.0025224753
0.031809356
0.048312459
-0.0034712579
-0.078187428
0.10304378
0.090648077
-0.0013227692
-0.051287193
-0.048441764
0.006598067
-0.011941131
-0.039438456
0.018160701
-0.0081448918
-0.021516513
0.050663274
0.084751844
0.02112372
0.023510391
-0.022735333
0.0016145301
-0.072147876
0.041640848
-0.0095204888
-0.079297356
-0.0044646543
0.0012304569
0.039633032
-0.0382265
0.0053339908
-0.019824674
-0.0062858379
-0.054817636
0.063695438
-0.018709945
0.021049863
-0.0034623749
-0.053922102
0.033350017
0.05387
-0.02920639
-0.018183714
-0.055683326
-0.061225872
0.089520648
0.022941051
-0.017319016
0.0019191364
0.053636931
-0.1621258
-0.071619906
0.076646365
-0.10833087
-0.0014892799
0.013394536
0.011462497
0.069929525
-0.029474428
-0.081394739
-0.025970733
-0.0077901231
-0.0078220032
-0.055885963
0.086731203
0.040434152
0.069893472
0.041780829
0.0046554995
0.036447432
-0.049125832
-0.035482649
0.022384882
0.040785406
-0.045811772
-0.0048035639
0.0085217748
-0.010817229
-0.071612641
0.020064192
-0.018227706
0.041812181
-0.032063156
-0.0067869406
-0.031391349
-0.018412445
0.023759589
-0.068720177
-0.0028852741
-0.025437979
-0.0011432897
-0.0038268769
-0.0070114746
-0.0013214803
-0.0065342002
0.041295439
-0.0055832467
-0.05169357
0.00058977678
0.017808732
0.05740859
0.0053266133
0.032656107
-0.01127331
0.00323923
0.0014091904
0.011106551
0.044297546
0.049057506
-0.035621785
0.040857583
-0.04030434
0.024043972
-0.047801703
-0.029364154
-0.0038856508
0.04503252
0.016774574
0.011253774
-0.060590129
0.071538657
-0.031426888
0.055831965
0.013621002
0.00093628746
0.0085803326
0.050852239
0.053801674
-0.018518439
-0.010274588
0.056555036
-0.00077822525
0.05592908
-0.032069217
0.025838846
0.016572574
-0.021168999
0.039414939
0.0081895245
-0.002354078
-0.06659539
0.010063333
-0.0039319536
-0.046891171
-0.024277614
0.077100523
-0.052929372
-0.024309356
-0.011019594
0.0041135964
-0.066226959
-0.12251594
0.00021959585
-0.031787928
-0.081469052
-0.0029038885
0.060372401
-0.017319001
-0.028093886
0.055689327
-0.055431467
-0.078287318
0.031955995
0.002970272
0.045718368
0.06559822
0.006544691
-0.0058465158
-0.0065990943
0.074972324
-0.017793432
-0.00070711278
-0.011144164
-0.019537846
0.0049485769
-0.071885929
0.0038882075
-0.031020192
-0.028802168
0.027553895
-0.071410656
-0.10831121
-0.045610216
0.029982846
-0.044435427
0.0011876907
-0.019227793
-0.0086340569
-0.026931504
-0.042922154
0.012837205
-0.025477111
-0.013149208
0.029361816
-0.0059037386
-0.024265707
0.051865421
-0.035940561
-0.017436173
-0.033759728
0.0526576
-0.0018919132
0.042405628
-0.012150182
-0.037828684
0.039667726
0.035933945
0.050041024
-0.022564486
-0.0048097763
-0.0049568717
-0.0099277925
0.043949533
0.021635512
-0.079232305
-0.036751475
-0.040714175
0.036904845
-0.03928208
-0.034088794
0.024337897
0.029463388
-0.01932607
-0.0009566574
0.014942023
0.036890458
0.053579535
0.016221588
0.017714988
-0.033978302
-0.017958682
0.00084714178
-0.028749419
-0.0039369613
-0.087244324
0.04320807
-0.064532153
0.10364631
-0.035955757
-0.00027586683
-0.017529646
0.063776352
0.017990295
0.06574849
-0.10129973
0.0039700451
0.01002215
0.030288411
0.013225782
-0.025487002
-0.061850525
-0.15216552
0.0069862171
-0.099332616
-0.046003841
-0.056719895
0.0075779711
-0.068624377
0.0076478939
-0.048720211
0.0020983643
0.010934717
0.043409843
-0.096167281
0.024688318
-0.013275763
-0.10914078
-0.027859256
0.011266
-0.0028330523
0.026346579
0.04232819
0.028368711
-0.082319207
-0.10455322
-0.055655759
-0.075801298
0.010694996
0.035352282
0.084366202
0.042442109
0.060740199
-0.066880293
0.0050896388
0.02229506
-0.0047380347
0.059041485
0.013853318
0.01955956
0.093856841
0.074540399
-0.05645138
0.075300261
0.053489521
0.061425604
0.013595875
-0.006054902
-0.039137688
0.10306563
-0.010981774
0.029431814
-0.070817955
-0.059015006
-0.049243666
0.041155074
0.025951033
0.013015547
0.053880248
0.060478177
0.057060398
-0.032507498
-0.069538839
0.067296691
-0.079921089
-0.035388034
0.018695012
0.037884355
-0.019842623
0.053424567
0.0043839123
-0.071704343
-0.032218151
0.035215143
0.019308152
-0.051251616
-0.022652376
0.031964868
-0.040519029
-0.080280863
0.029358046
-0.054919112
-0.04376578
0.0037081013
-0.13203909
-0.040788028
0.033536628
-0.054901529
0.00014145629
-0.087554291
0.040866408
-0.0023960948
-0.041355062
0.020799482
-0.018920692
0.056388069
0.038015548
0.010975261
0.081448413
0.0044096955
0.023470398
0.031479828
-0.011069291
-0.0028732943
-0.0015626106
0.020000404
-0.072428577
-0.015176449
-0.050544474
0.035123784
-0.07971216
0.0079918299
-0.047160331
0.068689622
-0.037118416
0.032651644
-0.0031843435
0.024708813
0.0025596013
-0.010860292
-0.0059850798
0.00016377325
0.024757273
0.021136096
0.018204218
-0.031431966
0.0016572659
0.049808718
-0.016695036
-0.042881757
-0.0065816594
0.0078731058
-0.0013178593
-0.024535
0.052495159
-0.038189266
0.0078864936
0.0031267265
-0.020824658
-0.034619007
-0.024655363
0.015709653
-0.036512457
-0.010370784
0.055360068
0.0039313422
0.033661745
-0.002834657
0.017728344
-0.030044295
-0.050911665
0.011739882
-0.077567033
-0.061624538
0.0062920051
0.0051096794
0.066911258
0.008017865
-0.06317696
-0.054350112
-0.085227787
0.060497638
-0.0002972871
0.013286208
-0.008681437
-0.059043262
0.091634385
0.02364417
-0.0055965418
0.027543379
0.013036391
0.039348546
0.0103161
-0.02299295
0.017175017
0.008559756
-0.064059101
-0.039359983
-0.0084010325
-0.007907494
-0.024737272
-0.047925711
0.0072594448
0.0048804125
0.0058536516
0.045566224
0.051648933
-0.028179187
-0.0031605773
-0.041972324
-0.0021526024
-0.091829732
-0.062131163
0.007164137
0.026496939
-0.024445079
-0.084508255
0.010728456
-0.0012432832
0.0087944157
0.033571459
0.040844042
-0.066510253
0.015884064
-0.0013167898
0.034636151
0.0077487812
0.016139943
0.027184572
-0.020967849
-0.0086671365
-0.042367656
-0.01607842
-0.025806945
0.025382172
0.010380352
-0.017026985
-0.05622828
0.069890112
-0.041666109
0.0097639896
0.039610196
0.0046328134
-0.058940083
0.017428966
0.0082236649
0.027259046
0.02160231
-0.019027913
0.023467831
-0.047288064
0.012099343
-0.012356838
-0.035205308
0.055812161
0.027624661
-0.022361098
0.023426417
0.051238213
-0.013502846
-0.00013863255
-0.055251032
-0.019143829
-0.044912484
-0.053987674
0.0086972201
0.04894961
0.0034929428
0.0041871569
-0.099690728
0.038247637
0.035989296
0.039075442
0.056026418
-0.063416883
0.032881726
0.006817311
0.01167852
0.029258825
-0.067641124
-0.0057846387
-0.011978922
0.020336833
0.010036082
-0.040346481
-0.052608885
0.0017790828
-0.010747989
0.038293913
0.020215662
-0.039945394
0.008004277
-0.027296402
0.059877295
-0.010578679
-0.03119402
0.082517676
0.02949715
0.025020907
-0.11954672
0.030034963
0.029136514
-0.030246636
-0.031818859
0.046856757
-0.034460757
-0.035938874
-0.064601742
-0.05270664
-0.019953756
-0.049260892
0.038861636
0.071367711
0.02910432
0.029637445
0.010559869
0.016067646
-0.0046729771
0.067379758
-0.032870181
0.18098082
-0.01824674
-0.027089737
-0.008082943
-0.0093890466
0.015227485
0.072468385
0.03000615
0.037407901
0.12693863
-0.031196132
-0.034819525
0.05340381
-0.045065086
-0.042218018
0.027883479
-0.046661172
0.04521545
-0.0067207706
-0.050146434
0.016403735
-0.025721021
0.016645251
0.0068727829
0.026852647
-0.0049976315
-0.089241125
-0.0108889
0.070546769
-0.029139034
-0.051943634
0.0030436933
0.024701109
-0.064170875
0.017060569
0.014959214
-0.025214065
-0.0010011063
0.045002047
0.075515926
0.020009246
0.043244865
0.018936485
-0.021386307
0.041184124
0.027694879
-0.026189605
0.033548251
-0.053479709
-0.019267881
-0.014969463
-0.0084297564
-0.038128048
0.02954462
-0.054164886
0.017961441
0.064139329
-0.025290197
-0.0068738172
-0.048044696
-0.022499984
-0.0044602137
0.0073461672
-0.011651522
-0.017707946
-0.094966784
0.018962312
-0.027869688
0.027156917
-0.083113797
0.06004421
0.035209119
-0.012773433
-0.049170483
-0.006962467
-0.020380387
0.0029323066
0.0025214108
0.026967946
0.036694493
-0.0083247591
0.063486606
-0.025317447
-0.032668352
-0.022161707
0.020053405
0.032480679
0.097276285
-0.0048334179
-0.044387843
-0.013834064
0.074295253
-0.041676067
-0.035428934
0.0031998076
-0.021771176
0.018585844
-0.023735095
-0.014578157
-0.072893307
0.067614287
0.055884574
0.026333591
-0.048311628
-0.00062152365
0.081233613
-0.022221755
0.014059731
-0.044328533
0.0069011548
-0.039664727
0.057223238
-0.017663173
-0.02339193
-0.0022521133
0.015116976
0.045599006
0.0077602966
0.057218786
-0.021468906
-0.067629322
-0.094150364
0.0040201256
0.027477324
-0.060396176
-0.020543078
-0.0050155642
-0.023264669
-0.048766781
-0.05968954
-0.091558091
0.033939783
0.059425514
0.022377715
-0.060651612
0.037341088
-0.059820492
0.0082692942
-0.0030687714
0.018290168
0.034539733
-0.044630602
0.0026572554
0.012115345
0.0031670991
-0.046583306
0.045677856
-0.027352029
0.023496972
0.018097412
-0.06685663
0.024627034
-0.059794411
-0.067605078
-0.0055129617
0.015158756
-0.0047502685
-0.013461382
-0.0061773839
-0.010666918
0.030561211
0.012847628
-0.010766027
-0.028743943
-0.03913261
0.043597434
0.040844519
-0.041942615
0.010656644
-0.024712322
0.019532803
-0.06866131
-0.044399265
0.042241633
-0.020446595
-0.016027922
-0.034627274
-0.051387202
0.0060292538
-0.054360043
0.039724354
-0.0046633063
-0.015173541
0.011292919
-0.015741153
0.040595803
-0.044801716
0.02260267
0.0012307962
-0.013238029
0.00020198865
-0.020918125
-0.026707614
0.036038499
0.0243748
0.011821078
-0.025778335
0.034816485
0.042608373
-0.03732539
0.041819405
0.0068984623
-0.085905753
0.007520814
0.061050881
0.043318499
0.085465103
0.060685202
-0.011758481
0.039338522
0.0064534964
0.0077853366
-0.0089729913
-0.075673319
0.042348217
0.080302685
0.0482333
-0.019495344
0.021971224
-0.018894544
0.025795031
0.026567463
-0.058824278
-0.038318887
0.034325566
-0.044920497
0.069556043
0.030610137
0.035895418
0.057561584
0.103397
-0.055383366
0.040491808
0.10755723
0.032894496
0.058963083
0.0637137
-0.020651927
0.016373858
-0.087160699
0.011673362
0.02120921
-0.077221267
0.025029926
-0.018470775
-0.033028625
0.032234471
0.0032526716
-0.0051016514
-0.046892624
0.024208948
-0.024791516
-0.02077597
0.042768728
0.039806664
0.00019085269
0.029025899
-0.032274552
-0.054423537
-0.029583251
0.0012849147
0.013437492
-0.15042657
-0.059247345
-0.14626467
0.0127936
-0.14842999
-0.026074212
0.035388794
-0.037001513
0.033318996
-0.0012671693
-0.091272138
-0.031004943
-0.016178725
-0.036476191
-0.039685473
-0.074347697
-0.013011438
0.006343062
-0.050550349
0.025121162
0.0082771769
0.096715495
0.07019487
0.031006234
-0.036226626
0.035844482
0.031042911
0.022787407
-0.022528082
-0.022907251
0.0079787821
-0.030408341
0.040626902
-0.021546479
-0.030175038
-0.0091296649
0.077383175
-0.10002041
0.025853815
0.025497582
-0.027025158
-0.04676332
-0.00055459945
-0.0317479
-0.076766707
0.012032349
0.013214293
0.051667813
0.04945568
-0.0078541068
-0.017682111
0.029361708
0.0085867299
0.056920499
0.014422456
-0.040220745
0.050832797
-0.042655651
-0.019200787
-0.012996824
0.061448231
0.013726228
0.031702913
0.082583666
0.034065574
0.014816973
-0.081142925
0.038552843
0.042970937
0.068370953
0.00096650701
0.019650832
-0.044819623
0.0062993388
-0.015638432
-0.0080093239
0.066860996
-0.045144867
-0.081864543
-0.045317445
0.047727615
0.005238492
0.014427789
0.033836138
-0.01030546
-0.00011554531
-0.012401335
-0.023277843
-0.014845843
0.0062209945
-0.042427078
-0.038832355
0.021719595
-0.0011148943
0.045086708
0.041321721
0.027823029
0.048552193
-0.029110305
0.071536541
0.00020751802
-0.0078159617
-0.054173507
0.073630638
0.0063585076
-0.010447644
-0.030720659
-0.018234722
0.023780005
0.016192837
-0.015808592
0.0061404607
0.023401927
-0.097301885
-0.05193948
0.020293856
0.0061304574
0.022250246
-0.098919675
0.0071029905
-0.01699228
-0.014336141
-0.016012225
-0.047142576
-0.037925705
-0.027826648
0.04450915
-0.04329953
0.06823612
-0.01399208
0.044492461
0.014534466
-0.079271182
-0.025615973
0.050735511
-0.11708197
-0.054699846
-0.022558983
0.037111036
0.013238362
-0.011432278
0.044677019
0.028368458
-0.041359339
0.030771926
0.0049880953
0.018163415
-0.056574464
-0.0060233637
0.052177053
-0.006896826
0.040537734
-0.0080581708
-0.0011924914
0.00075136725
-0.00077778962
0.01872015
-0.013391022
0.027366346
0.0022017267
-0.00037722944
0.010471627
-0.062886573
-0.0027290862
0.013643024
0.015495182
0.022209717
-0.037788272
0.036581933
-0.042677473
-0.034391686
0.030676117
0.028585862
0.010661487
-0.06951303
0.024307081
-0.027542159
0.0072035468
-0.046208702
-0.0061438102
0.083390176
0.018688062
0.0013942434
0.1130195
0.005984419
-0.014436647
-0.076824345
0.017433606
-0.014448323
0.0080912523
0.027796224
0.076376252
0.058452014
0.033132005
0.024486834
-0.023361215
-0.063748106
-0.0060388143
0.047555454
0.020742793
-0.020825179
0.062019199
0.037462991
-0.038003363
0.0471064
0.021396939
-0.018540235
-0.095231675
-0.09766902
-0.05442806
-0.023076039
-0.04936894
0.067877688
0.030087715
0.038811192
0.10937382
-0.11267766
-0.026022471
-0.019350104
-0.05438593
0.038805284
0.052127905
0.05019917
-0.062465545
0.019343795
0.00025687367
0.033349566
0.04125794
0.029207228
0.04349
-0.093153328
-0.085669242
-0.051446494
-0.0078483662
0.025914311
0.0034954408
-0.0018170816
0.060377896
-0.022717498
-0.014261808
-0.0005871696
0.047451098
0.017253567
-0.028560255
0.057985742
0.059977051
0.15605712
0.054567352
-0.069583662
-0.043458428
-0.015357824
0.04489075
0.034723748
-0.046937559
-0.071495846
0.032670736
0.14222802
0.10024419
-0.089064814
-0.11013605
-0.041743211
-0.0090005156
-0.004276867
0.20628172
0.087235063
-0.12955473
-0.0099162087
-0.091602877
0.070945553
-0.077614211
-0.0069493563
0.025768202
-0.039479639
0.11142453
-0.016224382
-0.0021435809
0.06274318
-0.063656993
-0.058134332
0.01239559
-0.010575552
-0.029975956
0.058475144
0.037515081
-0.025125885
0.050579909
-0.04417463
-0.11252375
0.00038939554
0.084936902
-0.075167373
0.11666289
0.081857316
-0.089876406
-0.12489083
0.039155334
0.066011555
0.0060371072
0.060775805
-0.015399487
0.06267672
-0.021666592
-0.020184971
-0.031817712
0.0061963201
0.017490361
-0.045044821
0.094915487
0.023100151
-0.062104914
0.026709206
-0.069128454
0.067822076
-0.10883471
-0.12585048
0.084127091
-0.020994805
0.02406361
-0.039705116
0.039656792
0.033970654
-0.16204013
0.10335561
0.012047102
0.10120615
-0.11930887
0.076030642
0.047581859
0.070486113
0.028963977
0.049985055
-0.11842932
0.01646053
0.099510871
-0.1137253
-0.024988243
0.033738837
0.037681535
0.043182768
-0.0066242162
-0.0031373841
0.046384793
0.0011006298
0.032091115
0.023715161
-0.094763197
-0.051244039
0.03913011
-0.060332004
0.037295941
0.018091982
-0.015974399
-0.0023354904
-0.054220505
0.10583664
0.034493305
-0.086261064
0.057361577
-0.056784883
-0.047507916
0.025552105
-0.06980928
0.12007885
-0.08565639
-0.090470433
-0.024120618
-0.020322291
0.02605528
-0.07825318
-0.0051961085
0.032053705
0.0372109
0.038036015
0.025511803
0.042959232
-0.010752851
-0.041029949
0.046554722
0.001026523
0.10511467
-0.015233518
0.035492428
-0.048970576
0.08987207
-0.088715106
0.0021979534
-0.041926309
0.088199817
0.040592127
0.0075410064
-0.030134942
-0.0052385554
0.11182611
0.017221736
-0.055595186
0.029542172
0.018664779
-0.065900691
-0.060634948
-0.10779081
-0.1053644
0.066026524
-0.007520454
0.067237481
-0.03077013
-0.046077814
-0.023496181
-6.2313316e-05
0.042589702
-0.07037285
0.025657222
-0.0063676927
0.025088103
-0.081628479
0.042602211
0.0078623053
-0.03631027
0.060503021
-0.071386687
0.0053059119
-0.04073444
0.040292636
-0.019158483
-0.10466958
-0.014901995
-0.11537111
0.014355065
-0.0083954968
-0.02405303
-0.014207456
0.053904254
0.056312181
0.057156112
-0.023493238
-0.049532164
-0.00079413352
0.0029912903
0.075814754
-0.033634946
-0.045821592
-0.07539852
0.064472243
-0.021599686
-0.042254873
0.041840933
0.057274498
-0.051956777
0.027293859
-0.044263955
0.075361982
-0.023160443
0.051164195
-0.022244962
0.024040701
0.081732325
-0.0058163595
0.069657184
-0.026332758
0.018257087
0.015864206
0.0051966677
0.041194282
0.082841359
-0.00967055
-0.009762072
0.032791257
0.0085374424
-0.08269576
0.024928169
-0.011250562
0.002154493
-0.026870329
0.00051702454
-0.0017378883
0.0072080223
-0.056940887
-0.036428973
-0.014444974
-0.062577069
-0.078131005
-0.12120905
-0.019457264
-0.078822389
0.038593382
0.023946242
0.099014014
0.057409856
0.039868347
-0.0088185808
0.067549922
-0.063018695
-0.042512167
0.058586065
-0.003119403
0.041458435
0.019394005
0.0011377006
-0.035428103
0.0015502545
0.12123146
-0.011047622
-0.077417955
0.11317709
-0.0013256649
-0.07555262
0.018022189
-0.037808686
-0.053841617
0.037584614
0.027168771
0.078158043
0.031753972
0.072821431
-0.051481877
0.048192229
0.011044582
-0.0030967386
-0.015838319
-0.035642054
0.04660172
0.041410234
0.011318088
0.018655626
-0.063106053
-0.0067370087
0.031833876
-0.044792097
0.016317263
0.099217482
-0.037694581
0.027674451
0.0080711562
0.060838625
0.0072372798
-0.077792414
-0.024266634
0.05157448
0.058205232
0.0087154033
0.042528003
-0.015182653
-0.04054499
-0.049845666
-0.041875944
-0.040956181
-0.011965625
0.01611558
0.016232586
0.0034581632
-0.025819222
0.018687407
0.063573651
-0.016499244
-0.044666488
0.072603166
-0.0051703686
0.01308959
-0.0034922841
-0.028187996
-0.019876346
0.069267124
-0.013907872
0.06077902
0.10925642
0.058131941
-0.036475793
0.012584289
0.043246124
-0.11332261
-0.023075188
0.048361067
0.078078218
0.015075492
-0.014879882
-0.017748384
0.057219509
-0.041186046
0.010437646
0.016146181
0.026173968
0.081943639
-0.020574579
0.042758062
0.072252601
0.10077614
0.010570657
-0.075044014
0.012308072
0.082219854
-0.02833431
0.023828276
0.056090079
-0.0077706636
0.061363619
0.044825897
-0.083949558
-0.16554762
0.01268943
0.022597788
0.065979987
0.012771978
-0.084778853
0.049798422
0.062763281
0.040908627
-0.028435584
-0.045877825
-0.041600067
-0.096297853
0.00057764561
-0.020702729
0.047024008
0.067417249
0.1002213
0.09642522
0.020153042
0.0016879517
0.011699894
-0.020369666
0.016808195
0.09682662
-0.050253108
0.023707327
-0.015646202
0.0025937452
0.025772275
-0.092348114
-0.014877551
-0.046862014
0.04734474
0.024664767
0.061423529
0.0088701798
0.013139175
-0.0043083397
-0.051914077
0.039873492
0.067041278
-0.022674026
0.083818026
-0.00033342521
0.024619371
-0.052053366
-0.0087171579
-0.04057556
-0.043579623
0.043725576
0.050962858
-0.011229577
0.058290411
0.076649137
-0.066075601
0.064357258
0.0694988
-0.035700556
0.071060978
-0.023140656
0.029188493
0.0078941323
-0.040016782
0.053348158
-0.009773707
-0.050008163
0.042477317
0.068344809
-0.013581551
0.021250425
0.029199867
-0.0064932327
0.051490277
0.023240503
-0.012810673
-0.076323897
0.051951975
0.0054401513
-0.029999636
0.065617241
-0.00093431823
-0.032111917
0.051865544
0.025504492
-0.024786815
0.037426915
0.082299024
0.028694721
-0.04260001
-0.034275521
0.023067493
0.0045124972
-0.087442137
0.030110467
0.10886211
0.033011515
0.0037453491
-0.051365659
-0.071576953
0.060851794
-0.041253373
-0.044931922
0.017706772
-0.15048704
0.0084326351
-0.02195807
-0.0003038705
-0.022051925
0.072115116
-0.077205226
0.077852339
0.0024764703
-0.001384822
-0.037386451
-0.043755017
-0.010184033
-0.0083260005
0.0054657222
0.085664213
-0.063669302
-0.045439012
0.084532306
-0.011953418
0.049260665
-0.062443994
-0.056763545
-0.094319969
0.088417776
0.019463854
0.05244663
0.0052284244
0.0031679701
0.013340436
0.064664736
-0.13700366
0.046315324
0.037395526
0.0077772751
0.10268927
0.047671299
0.012280349
-0.10492374
0.066274367
0.12895922
-0.040540483
0.043454017
0.06428463
-0.062462475
0.044806115
-0.20677675
-0.006632478
0.024100391
0.055985346
0.12252989
-0.036292974
0.028024092
0.020625712
0.051500324
0.0065731187
0.0013955577
-0.040286083
-0.012362265
0.034222964
0.02686069
0.028579827
0.05465015
-0.093930997
0.038833335
-0.0042447476
0.031170046
0.012231259
0.063412249
0.022807728
0.0093631288
-0.020440895
0.010954538
0.05149148
0.014248475
-0.0097497497
-0.057589762
0.020976387
-0.016633747
0.064706877
0.019894637
0.10805976
0.023573587
0.030426577
0.056710515
-0.011696012
-0.025034221
0.029221861
0.025942933
-0.0037101649
0.036760256
0.03496103
0.01422006
0.029775456
-0.0034638883
0.058939815
-0.022078643
0.098320328
-0.0082386611
-0.016672015
0.075810328
0.0007568312
0.052082017
0.0073501449
0.065008812
-0.12370541
-0.014282666
0.022445524
-0.072095037
0.020872103
0.039739687
-0.097776413
-0.044875603
0.015186836
0.0052763592
0.0026126439
-0.034463834
-0.0052537508
-0.00033498526
0.13712771
0.024646187
0.019643227
0.07725659
0.0033849473
-0.026623284
-0.030304989
0.12643163
0.043776747
0.051068448
0.035183057
-0.0037750946
0.040787462
-0.036647886
0.057813264
0.0077263108
-0.015732337
0.034261353
-0.066628516
-0.029499559
-0.068126529
-0.013479872
0.00085197587
0.028669825
0.015927432
-0.015743462
-0.026129987
0.099092402
0.024853773
-0.06161667
0.0043365164
-0.0058411183
0.025412321
-0.050694212
0.036761153
-0.083722852
0.037142299
-0.029763155
0.0011830953
-0.044059016
-0.0076529561
-0.17606398
-0.10140011
-0.013601866
-0.024831142
0.017131677
0.013957313
0.031767841
-0.051543452
-0.044900727
-0.068778746
-0.076560132
-0.031585351
-0.010101371
0.012243485
0.0043916395
0.0205203
-0.031952836
-0.062577419
0.014729743
-0.0084494669
0.0045139948
-0.024509992
0.032480985
-0.026315086
-0.03285085
-0.0047743004
0.0090184901
0.007057819
-0.047021434
0.0021490452
0.0024154284
0.015724722
-0.008715665
-0.0012689499
-0.052803326
-0.010083455
0.057575502
0.044151906
0.066176228
-0.0967106
-0.015455662
0.054944955
-0.07332287
0.17326629
0.11361885
-0.01913997
0.061376926
-0.0042501735
-0.0075358888
0.0085344836
0.032645822
-0.010939858
0.073953047
-0.0024067366
-0.08227101
-0.030387716
0.067044355
0.006158934
-0.066742778
-0.051223308
-0.040448409
0.024838373
-0.069644965
0.047937613
0.058330633
0.00092234876
-0.036338359
0.017033134
-0.029450633
-0.084086753
0.084621407
0.055991575
-0.084962837
0.053238183
0.03581826
-0.040405687
0.030628132
0.019275431
0.044738863
0.024829889
0.037471943
-0.019556321
-0.015116697
0.023616778
0.014051949
-0.057890486
0.0014449038
-0.090489507
-0.094768889
-0.060070444
0.033317972
0.0082602436
0.06166159
-0.05600331
0.039977401
-0.04581042
-0.064699084
-0.0036304439
0.028470207
-0.039145082
-0.040242653
-0.086675778
-0.009652283
0.082927465
0.035308599
-0.0094263051
-0.030801797
0.046547361
-0.1354441
0.0044023888
0.017560726
0.036498941
0.027327921
-0.11877522
0.044117596
0.032685313
-0.016462732
-0.04297094
0.093036257
0.084341809
0.015634639
0.011013041
-0.0066744923
0.05922763
0.052274797
0.0054306989
-0.043327339
-0.0064871903
0.0027292245
0.014835257
0.041970555
0.036699641
-0.093807645
0.031745929
0.044377975
0.014402567
0.057669759
-0.095628493
-0.098053098
0.038736913
0.018780004
0.055082973
-0.015150153
0.12415309
-0.039538216
0.053203158
-0.055072621
0.054443367
0.0012033264
-0.053148072
0.084972158
0.060526513
0.0087082274
0.075241983
-0.030559164
0.035167072
-0.028046625
0.02025084
0.020429004
-0.032663051
0.055729579
0.0043989737
-0.012877431
0.021270422
0.0055567576
0.023758657
0.023523694
0.083589636
-0.095569208
-0.020131009
0.017281966
0.072239183
-0.021201391
0.03745383
-0.026425058
-0.0021883505
-0.10221826
-0.070448026
0.074952401
-0.067382298
-0.0060219318
0.086405329
-0.079388812
0.031140316
-0.0076676859
-0.10335628
-0.00013800108
0.030395549
-0.1429918
-0.009203786
0.041664306
0.0345915
0.02229044
-0.055967152
0.035855163
0.032511648
-0.031939939
-0.038949184
-0.0058105825
0.012135007
-0.008619911
0.060953464
-0.012393735
0.073962711
-0.083875984
-0.029614093
-0.020573998
-0.0030374995
0.044008899
-0.014973603
0.0028899452
0.036254875
-0.001542759
0.016545959
0.05714
-0.071395971
0.070452511
-0.039771896
0.027061407
0.032193799
-0.015982494
-0.053658042
-0.054938179
0.040794101
0.020843225
-0.043646719
0.086861007
0.023895275
-0.022527492
-0.027805772
-0.025920054
-0.069963939
0.035854205
-0.018046491
-0.0054397113
-0.040633935
0.09220434
-0.0088779256
0.064791322
-0.040423796
0.026662201
-0.01755042
0.049811795
0.021070139
0.017005166
0.05248782
-0.069440275
-0.048985485
-0.085945405
-0.044471331
-0.061416604
-0.0055142674
0.015968425
-0.039532296
-0.0067371777
0.043246292
-0.08164864
-0.016756311
-0.029374009
-0.069649309
-0.042015262
-0.0012574502
-0.0075757611
0.016918907
0.047772046
0.041396234
0.076249845
-0.0070291613
0.019790452
-0.047080446
0.01921132
-0.039285231
0.062672496
-0.045671217
0.017758187
-0.10619361
-0.048900101
-0.0025319725
0.040363677
0.018199883
0.027464183
0.047707152
-0.052248675
0.015344853
0.049349446
-0.024799185
0.00013042983
0.073098935
0.055388756
0.022389596
-0.082086585
-0.016539721
-0.074866168
0.038292278
0.040377263
-0.031284481
-0.0066865236
0.012003238
0.028294511
-0.017785758
0.035040796
0.049414817
-0.0083278762
0.053283695
-0.037355304
0.044503104
-0.059813995
-0.0025185351
-0.033726446
-0.019069975
-0.00045539325
0.021098895
-0.032383744
0.019118892
0.0017968861
0.023806633
0.044311296
0.030289708
-0.039309002
-0.0026072972
0.017385582
-0.034593172
0.06484665
-0.043122932
-0.068772279
-0.013402252
0.0088281166
-0.018631265
-0.0024840995
0.028207572
-0.018542321
-0.070792563
-0.011738114
0.05903849
0.051194079
-0.014609168
0.024403851
0.0057753734
-0.014018054
0.027257856
-0.014122364
-0.0055213058
-0.024967609
0.032731183
-0.00028937188
-0.019641573
-0.0056668497
0.028780378
0.056074243
0.011230465
-0.015524791
-0.018447317
-0.057342246
-0.07616058
0.012335441
0.0015776604
-0.098643854
-0.031264815
-0.012236751
0.04254248
-0.060662236
0.0081771342
0.031547233
-0.10183661
-0.019961491
-0.040988974
0.076129258
0.12179464
-0.049584448
-0.025667721
0.09152443
0.15835232
0.0032414622
0.040798549
0.031757899
0.11196448
-0.091251008
0.031515077
-0.092144042
-0.097146116
0.11260723
0.041100111
0.082333408
-0.038973343
0.10169051
-0.001954864
-0.048330065
-0.068285957
0.034654524
-0.056214742
0.17022395
-0.031789634
-0.16000566
-0.062565438
0.044826906
0.05204406
-0.09716557
0.020650595
-0.010013557
-0.10046291
-0.011011953
0.021913232
0.055606198
-0.053093936
-0.029664805
0.016927661
0.13190955
0.048019107
-0.057280459
-0.14139307
-0.071762599
0.041529104
-0.017292516
-0.039292168
-0.058411021
0.068339348
-0.017063135
0.11058705
-5.0037546e-05
0.04592758
-0.030153474
0.029598301
-0.077218093
0.12416712
0.090041503
-0.0078610936
-0.028488522
-0.17259127
-0.077709056
0.030828506
-0.0016499126
0.14440545
-0.010897819
-0.034445714
0.013727004
-0.013628972
0.04948023
-0.084152646
0.067355476
0.0041128928
-0.1235813
8.5798907e-05
0.062527761
-0.027817246
0.045438059
-0.093843646
0.011229767
0.062807709
-0.071426943
-0.037144292
-0.068404511
0.093900733
0.066343784
-0.0045093158
0.13111486
-0.20827626
-0.14475988
0.025014086
-0.0023173671
0.068907768
-0.053298522
0.09169203
0.082165875
-0.090632066
-0.0035986945
-0.048022851
-0.088864669
-0.063411213
-0.12561487
-0.027448077
-0.029484335
0.061052348
0.033557866
0.0018683292
0.052284628
0.093973741
-0.070858322
0.05265766
0.14069721
-0.18415654
0.1426515
-0.054103833
-0.0057990421
-0.042763818
-0.11467008
0.04022567
0.1094866
-0.026569229
-0.16051547
0.12255163
-0.042088803
0.0025238858
-0.064734265
-0.034093056
0.094742775
-0.025474133
-0.048966289
0.044027325
-0.017246727
-0.075310692
-0.067133501
-0.03742221
0.037613429
0.018091911
-0.012153915
-0.033912197
-0.024272365
0.019282762
0.017523833
0.048330195
-0.045466766
0.032181777
-0.10362313
0.0017795113
0.0085251797
0.013387564
0.018519638
-0.035284407
-0.01065244
-0.045227438
-0.0091204308
-0.061814196
-0.10866908
-0.016651323
0.0037194502
0.014547332
0.087237149
0.086260594
-0.027329126
0.020261383
-0.012853592
-0.020274805
-0.048603911
-0.038130816
0.040166475
-0.0045678327
0.021644397
0.029397363
0.05726264
0.063676059
-0.032575179
0.051070139
-0.0330371
-0.027303817
-0.0055199293
-0.0276537
-0.0049778344
0.010398564
-0.0020068972
0.075064503
-0.035589639
-0.034611635
-0.036686115
0.0093755238
0.012554263
0.047388885
-0.0020461695
-0.049247853
-0.046944864
-0.01844532
-0.065575987
-0.027509926
-0.066405356
0.0096971495
0.041380674
0.077080041
-0.022307405
-0.0003276694
-0.0046301871
-0.061057415
0.031846531
0.066345721
-0.088283949
-0.02447794
0.047878295
-0.024066769
0.063847639
-0.042402919
-0.019449715
-0.038466953
0.044996098
-0.027769702
-0.033091031
0.056002602
-0.082065471
0.094357513
-0.062255867
0.013499788
0.024186969
0.021717282
-0.0055190995
-0.0075385398
0.065492786
0.023151152
-0.03621681
-0.0097755548
-0.059307672
0.01390403
-0.047552384
-0.074903555
0.067119382
0.054220807
0.064924985
-0.049542047
0.031221939
0.0091282679
-0.049915507
-0.093872078
0.084774062
-0.027625339
-0.053239156
-0.019814095
-0.049466506
-0.096578009
0.049837932
0.0025852197
0.045026165
-0.018716868
0.021424213
-0.071543418
0.015244257
0.046666119
0.0039808801
0.079279453
-0.00045818914
0.022847757
0.066683725
0.0098118903
0.041908648
-0.015824132
-0.026039636
0.006600759
-0.013186959
0.0056573073
0.059109058
-0.052343
-0.011779731
-0.0030436714
0.037247967
-0.088571355
0.054105144
0.081501417
-0.012436179
0.025554432
0.018558523
0.035911057
-0.024622286
0.015030826
0.045363966
-0.015607459
0.086954415
-0.021478228
0.0044955863
0.020516561
0.011886078
-0.04681344
-0.019401951
-0.025226938
0.1294615
0.011380966
0.017007867
-0.016769707
0.069150887
0.1059678
-0.066933848
-0.072983705
-0.014393711
-0.037258875
0.013353161
-0.057786636
0.012571334
-0.078773163
0.0090052607
0.048366241
0.054683026
0.008702701
0.063569739
0.003621317
0.14791745
0.090298183
0.036690574
0.042783275
0.063147053
-0.09398862
-0.12589939
0.092101417
-0.045035157
0.046187364
0.037045583
0.031542778
0.021335058
-0.017479291
0.036020458
-0.066458479
0.063210629
-0.0015359162
-0.078622505
0.0036824294
0.049261995
0.01793305
0.083711036
0.075813584
0.0456944
0.01569636
-0.054544348
0.050999295
-0.022251815
0.0010143833
0.088120118
0.025715416
0.01043488
-0.069557384
0.066157468
-0.064157434
0.053701535
0.029422089
-0.031840462
-0.0083870348
-0.065942198
-0.085699737
0.012281107
0.02419159
0.02080421
0.0065388945
-0.03565754
0.016781799
-0.027065666
0.01686009
0.035363588
0.0039631263
0.049491398
0.011168193
-0.011604942
0.061104704
0.12037276
0.0065635298
0.020883886
0.039841913
-0.017049434
0.092789873
-0.085038632
0.085297078
-0.058482289
-0.045962844
-0.11172803
0.0050844615
-0.019815171
-0.060127746
-0.049348477
-0.11530812
-0.038099784
0.071803533
-0.11101247
0.020069491
0.0081573194
0.044753559
-0.10181247
0.029160317
0.013000851
-0.0069651618
0.11832123
-0.013403745
-0.12687114
-0.10338212
0.010249523
0.082190447
0.09522792
-0.030657664
-0.032724828
-0.0070524053
-0.092193179
-0.032360181
0.10442275
-0.079936661
0.03753069
-0.015436087
-0.017195534
0.022307513
0.038178343
-0.0076577929
-0.0031915016
-0.056042198
0.066289902
-0.019300828
0.026876435
-0.016598832
0.016496832
0.020998398
0.012641036
0.070369177
0.036962997
0.061558452
0.056722831
-0.1091442
0.033795722
0.026624138
-0.042459387
-0.051587105
-0.01547904
0.0091111492
-0.05020263
-0.035847358
0.051190831
0.024459837
0.0062537692
0.013249375
-0.046608355
0.029359985
0.031689417
-0.00029552344
-0.07281176
0.072942458
0.018116299
0.090248466
-0.0016121627
0.10157999
-0.14717343
-0.024686327
-0.069845296
-0.042659711
0.019159652
0.0033381386
0.014674199
0.085131444
0.02240832
0.029055482
0.10790353
-0.0033378995
-0.019313499
-0.078839853
-0.06688688
0.039629444
-0.03320777
-0.010237007
-0.035395
-0.070585296
0.019465324
-0.028254943
0.052800689
-0.059492417
-0.028822917
0.037517097
0.081953712
-0.016072556
-0.01697805
-0.0028744228
-0.053027786
0.01792453
0.0065383157
0.071719274
0.00012960352
-0.015895914
0.023206575
0.0034416164
0.00024997475
-0.010026234
0.037488438
-0.020087853
0.019063275
-0.0056417519
-0.039725583
0.056261607
0.1158555
0.036613476
0.030511323
-0.089606106
-0.028146598
-0.012163291
-0.038975373
0.050398644
0.031665571
-0.018169189
-0.0096448325
0.054334104
-0.054759376
-0.012985075
-0.00038801663
-0.040704474
0.009152147
-0.032794882
-0.0082093505
0.003164523
-0.021492684
0.014023178
0.042573333
-0.0070836791
-0.0044120043
0.020127105
-0.049372949
0.031224901
0.034850746
0.02288471
-0.055419322
0.012095916
-0.04379965
0.05431024
-0.0097798305
-0.043349855
0.020742211
-0.0020120565
-0.012343497
-0.023521185
-0.035214733
-0.0053453017
0.03472947
0.02357568
-0.046819348
0.0016538684
0.049760796
-0.046561874
-0.00033432053
-0.019159274
0.011961361
-0.11357492
-0.0066909003
-0.021097014
0.015039557
0.024135137
-0.040209934
-0.03123867
0.018290006
0.035733528
-0.074442953
0.030019609
-0.066452377
-0.056809757
0.016467229
0.077131808
-0.03665268
-0.07644657
0.034354899
-0.042994235
-0.059208263
0.027595693
-0.024329934
-0.07349465
-0.0010560033
-0.0073601617
0.0073063681
-0.058817185
0.046096276
-0.086516142
0.016028536
-0.060457926
0.088667408
0.047696266
-0.038180895
0.048315533
0.029972108
0.03930917
-0.0033908922
0.014148273
-0.0069456124
0.03001295
-0.010613763
0.049857713
0.0061781863
-0.029051969
0.042542987
0.036069211
-0.047005825
-0.0017362133
0.0056829527
0.068400174
-0.077019006
-0.016940553
0.049817026
0.042228039
-0.017732766
-0.019728959
-0.029073259
-0.082790531
0.0026672233
0.013032062
-0.022586631
0.049529854
0.017248392
0.028130699
0.015669364
0.04023904
-0.035843957
-0.03667853
0.023339786
0.0013844825
-0.067986101
0.012445378
-0.028791545
-0.015964173
0.074770771
-0.025180042
-0.10044804
0.095922858
-0.04592713
-0.029805252
-0.022512786
0.037918154
0.058564287
-0.037001226
-0.035794336
0.070317306
0.018029852
-0.0089456756
-0.018957341
0.033309519
-0.025401324
-0.019746682
-0.0085292216
0.019581202
0.031558044
-0.00015948135
0.0098944018
0.049579438
0.026812606
0.026194759
0.039096128
0.049099889
0.0031953985
0.034200352
0.021402694
0.05758366
0.054994736
-0.018875077
0.046543494
0.082970791
0.03323146
-0.014907883
-0.078689069
-0.015290331
-0.080054268
0.01242449
0.054326717
0.028976016
-0.021027928
0.0045196861
0.018780718
0.059392802
-0.020900112
0.054142803
-0.0096290754
-0.029948926
0.076247267
-0.0013229477
-0.036569357
0.034395941
-0.053834088
0.03526023
0.060310725
-0.0032017946
-0.031237725
0.017339792
0.0010219464
0.0036423411
0.022070043
-0.0069626388
0.077466674
-0.045831382
0.039152782
0.030961951
0.0024574059
0.02065962
-0.045766871
0.055315334
0.02694861
0.093726121
-0.010401834
-0.014675056
-0.02599228
-0.037077356
-0.06632717
0.10621553
0.041334484
0.035423875
-0.024471642
-0.027511805
0.081014983
0.0396281
-0.015694866
-0.014196663
0.0024244145
-0.030889524
-0.070259474
0.022811567
0.077820472
0.021412017
-0.078612313
-0.021797894
0.0180554
0.040234201
0.064196989
-0.03151862
-0.018548965
0.025891971
0.061236475
-0.057746589
0.011645638
-0.062798716
0.034320988
0.063986629
0.0043464815
0.048374914
0.042952336
0.024647905
0.0094004218
0.10308915
-0.020961778
-0.070831746
-0.0093206549
-0.040071253
-0.041143455
0.056726154
0.058035981
-0.048741296
0.073431775
0.016119836
-0.0041246288
0.034082919
0.019617893
0.030727591
0.023458021
-0.037526306
0.040688157
-0.16126826
-0.0090135885
-0.059810273
0.018406272
0.028778804
0.0065598148
-0.03062504
-0.039784878
0.032120079
0.0090679778
-0.0100343
-0.028978016
0.016623717
0.022200705
-0.00063955592
-0.042309713
0.027284268
-0.085560672
0.01337776
0.051664479
-0.02682885
0.060499892
0.050814226
0.088066116
0.027624279
0.056430593
0.068942793
0.0040031304
0.021449465
-0.026205987
-0.037934173
-0.068570428
-0.080081254
0.053393405
0.026475208
0.037955314
0.0042874049
0.013971198
0.030748218
-0.087486126
-0.0088803358
0.0016679318
0.039893303
0.032815788
0.011755159
0.004481195
-0.049892355
-0.061520282
-0.018203666
-0.0037738485
0.033964619
0.032682195
0.023091847
-0.030621566
-0.099310338
0.086257011
-0.06721475
-0.022823265
0.020729946
0.022831168
0.012321204
-0.044746689
-0.058815137
-0.068453752
-0.022663036
-0.0090119252
0.020134622
-0.0027036092
0.02569419
-0.01271264
-0.04271422
0.022388738
0.041701857
-0.030765921
-0.035051018
0.0021540194
-0.018699359
0.018583829
-0.068048388
0.044376466
0.049489021
-0.067635991
-0.018096995
-0.0036621755
-0.037616074
-0.018665656
0.0055298544
0.07271383
0.018573869
-0.053394761
0.030793888
-0.054111809
0.035364959
-0.02073266
-0.010830192
-0.014515576
0.022179967
-0.060846426
-0.016533619
-0.042354912
-0.14667451
0.096685484
0.070864581
-0.055768188
0.043545097
0.02298774
0.050404478
0.057037238
0.015329984
0.049112774
0.031810392
0.011008226
-0.040965833
0.041035894
0.058496423
0.016835643
0.030119
-0.093662053
-0.0081945565
-0.0031760421
-0.0086094327
0.081983514
-0.010425425
0.022136616
-0.026758568
0.09817227
0.059189368
0.064501666
-0.068140008
0.029989881
-0.0046502636
-0.047024284
-0.11172481
0.0572007
0.02644594
0.045208808
-0.035968997
-0.02174072
-0.0057768361
0.0012398899
-0.11427711
-0.021781486
-0.012273111
-0.049539782
0.015471222
0.038523726
0.0076913899
0.025785198
0.0081528332
0.034157574
-0.051676136
-0.022723038
0.026163854
-0.070502222
0.010191293
0.0047871536
0.056618307
-0.00097778765
0.0077223475
0.013466357
-0.054054581
0.066637374
-0.051562842
0.067223676
-0.0059682205
0.022180069
0.031377289
0.0074987984
0.026609726
0.005425991
-0.046684362
9.2975264e-05
0.0061767767
0.0023323088
-0.14274178
-0.033964597
-0.05570922
0.0045554554
-0.075179175
0.040692087
0.046027422
-0.018144539
-0.072415121
-0.038784038
-0.019859958
-0.12798619
0.0024397282
-0.032717958
0.030843129
-0.00064710807
0.016993074
-0.073318139
-0.054528702
-0.029563824
0.012237219
0.018296128
0.040195581
-0.039794274
-0.013625582
-0.0053902441
0.021200396
-0.061652362
-0.00066166214
0.044146847
-0.039199021
0.088691302
0.012894373
0.028047135
-0.0059597096
-0.011976862
0.0017813805
0.025455555
-0.033997219
-0.025635028
0.026881527
0.0004190779
0.0151777
-0.016822474
-0.016745718
0.027377633
-0.025255937
0.0075420407
0.054090615
-0.011879114
-0.012714872
-0.069657244
0.073818296
0.0041551688
0.0056042518
0.064718798
0.042917412
-0.011930038
-0.059148937
-0.0032454194
0.012699241
0.041415371
0.062747516
0.0027135015
-0.061116911
-0.011561076
-0.05900735
0.043077972
0.0078413673
0.0015609555
0.025587784
-0.015389834
-0.0027803967
-0.039544549
-0.0036918444
-0.014122176
-0.055957772
-0.04587784
-0.029704912
-0.076574877
-0.057943594
-0.0092271576
-0.035933807
0.075775914
0.063971683
0.011465895
-0.036728628
0.015506299
0.034396153
0.0079993745
-0.068212964
0.07404267
0.091733448
-0.016129566
0.06515944
-0.044703178
-0.095257849
0.020519093
-0.031976607
-0.050129376
-0.18530884
0.066833451
-0.092417285
0.080910884
0.016494498
0.030571345
-0.09455692
0.065730207
0.103084
-0.074866042
-0.0093320161
-0.071205489
-0.026088709
0.030344542
0.086313531
0.096949086
0.052578121
0.021480808
-0.0062047471
-0.013387818
0.041752011
-0.026748791
0.089584522
-0.066996485
-0.0099866977
0.0830504
-0.058466803
0.060491264
0.059687503
-0.00934547
0.035503257
0.027700556
0.10137954
0.0062268618
0.0065878402
-0.059402909
0.064714052
0.097514518
0.020553118
0.076134406
-0.054008298
-0.000737336
-0.061820716
0.025062144
0.0086459583
0.015704248
0.012756635
0.058837697
0.010915622
0.11054076
-0.057695709
0.048700724
-0.031300776
0.03125279
-0.01682066
0.03887986
0.008844004
0.012047711
-0.039435584
-0.10419
0.0056850547
0.042462301
0.00050776469
-0.15800571
0.058618609
0.014337419
0.011079422
-0.0025098012
0.0049058823
0.039271209
-0.023313569
0.00042366656
-0.022051066
-0.0095943483
0.076077111
0.08145225
0.035481427
-0.041964229
-0.012409191
-0.032447483
-0.054999217
-0.039890599
0.016089493
-0.16476545
0.033224709
0.027311176
0.032496352
-0.06928654
-0.0049707228
0.022497859
-0.032861531
0.031936761
0.067107633
0.029949309
0.05969435
-0.0082964273
-0.059915151
0.0022473861
0.0021728722
0.013142776
0.0032910209
0.025485771
0.026935816
-0.098869622
0.036676779
0.048699383
-0.055661157
-0.12453791
0.043751612
0.0072034528
0.037885185
-0.044774845
-0.0040212986
0.071233727
0.049982786
0.066959888
-0.053246263
0.046389565
0.021502849
0.057645135
-0.099514425
0.074698113
-0.011755219
0.022958469
0.064573899
-0.016176155
0.070621148
0.059696987
0.058598615
-0.030426294
0.033969481
0.018941551
-0.014824733
0.051144365
0.023003101
-0.026935419
-0.058918137
-0.014878636
0.014194452
0.019849224
-0.024445711
-0.065515675
0.018730871
-0.023129018
0.0091563733
0.042067952
-0.050995924
-0.03469158
0.024260845
-0.017430596
0.070745192
0.10548683
-0.070771806
-0.0063911313
0.012707602
-0.0029215072
-0.030144097
0.019668121
-0.029818526
0.055471357
-0.10301081
-0.0031242748
0.060515679
-0.0064129415
-0.015228824
0.019381905
-0.082214132
0.075873412
0.0067159566
-0.049893092
-0.020989351
-0.030147266
0.017826898
-0.022409402
-0.040202919
0.017012578
-0.04101415
0.051969979
0.016632587
0.057478551
-0.033208933
0.037513264
0.041048475
-0.061382588
0.025802013
0.013118356
0.08575765
-0.039375052
-0.0094558429
-0.0047705737
0.085385114
-0.054658554
-0.00069232198
0.0036231643
-0.048620418
0.033673421
0.054659635
-0.033945411
-6.0993298e-05
0.022627721
0.031994287
0.095209412
0.057695072
-0.060239352
-0.0062108519
-0.0071874904
-0.026483769
-0.058473691
-0.020598236
-0.027483556
0.0076213866
0.079565823
0.025118724
-0.02317124
0.032804962
-0.050223146
-0.077569425
0.098346658
0.01596853
0.05804212
-0.014038333
0.032246057
0.11086597
0.012489837
-0.027714962
0.058212139
-0.014364533
0.042547688
-0.025944037
0.010361241
0.0090757767
0.04086078
0.034021437
-0.065543249
0.027194509
0.040287998
0.057911251
-0.04722891
-0.095579214
-0.060426913
0.0069061778
-0.095160097
-0.019767206
-0.015879938
0.011999238
0.048481598
-0.0028181912
-0.053234316
-0.010608245
0.057955716
-0.005988501
-0.047809571
0.019861739
0.08268068
0.0082618315
0.0544287
-0.011999203
-0.092572078
0.070701413
-0.014520542
-0.015179143
-0.04399287
0.030850139
2.3206301e-05
-0.043589864
0.017721666
-0.008345007
0.021782789
0.095331438
-0.076114811
0.035768464
-0.066800788
-0.03467546
-0.057080001
0.041038852
0.022239059
0.026427997
0.060515173
-0.004005088
-0.03668813
-0.030760681
-0.0029025702
0.019136636
0.017301252
0.0056605213
0.085997678
-0.016038321
0.020856848
-0.036832105
-0.097689435
0.0062128846
0.047721166
0.033011001
-0.045433544
-0.002810674
0.061973009
-0.030551825
0.015079061
0.071866371
-0.048479412
0.066250533
0.022575371
0.084010802
-0.042431086
0.01604934
-0.050966792
-0.023796344
-0.017638765
0.0044871224
0.011209291
0.062548749
0.014424452
0.042410769
0.0075366604
0.0015243595
-0.032638177
0.035605352
0.038240865
0.062318586
-0.042174235
-0.025174066
-0.01392798
-0.044059724
-0.031172728
-0.028611917
-0.021990506
0.037891746
0.019991819
0.026926942
0.07534416
-0.032341313
0.0021153421
6.1319565e-06
0.078530677
-0.052301023
0.02415981
-0.011275312
-0.018774332
0.0086236121
-0.024314905
-0.025876783
0.037075762
0.013476263
0.0032369997
-0.041679155
-0.035655227
0.025364785
0.014851594
0.015343186
0.0013914921
0.012734368
-0.00034217499
-0.078211561
-0.040750019
0.056635298
-0.015976394
-0.021358533
-0.011258245
0.051697474
-0.03811432
-0.068711609
-0.044270251
0.035471801
-0.05803293
-0.088099591
-0.064403109
0.014712394
-0.0069274246
0.0016567615
-0.038668375
0.051764805
-0.092737727
0.036973394
-0.0031514831
-0.0037948308
-0.031458959
-0.076254033
0.0021888397
-0.025229469
0.04074173
0.044594731
0.0099266013
0.020835431
-0.0010347986
0.031519089
-0.060009316
0.019813765
-0.051357213
0.0048054638
-0.042880934
0.0099318177
-0.083070114
0.066731177
0.065087281
-0.037686389
-0.025560651
0.019760193
-0.015604233
-0.078436509
-0.012201593
-0.086236022
-0.011700974
0.041291688
0.0039289319
0.015511876
0.045632109
0.022406429
0.032020986
-0.033189964
-0.023414373
0.028102895
-0.024504736
-0.044486247
0.048259124
-0.00070552086
-0.02085809
-0.13028708
-0.041514173
-0.013641238
0.063704297
-0.019579934
-0.0017520343
0.0082257427
-0.042413663
0.019152757
0.034973875
-0.00084961869
-0.032191448
0.078891844
0.0048666233
-0.008868265
-0.048746739
0.025266388
-0.10330148
0.071412764
-0.10684425
0.0016059787
0.031875193
0.026474657
-0.08722005
0.02320293
0.041070975
0.019811306
0.055574957
0.020604229
0.0088817505
-0.0014102834
0.020257473
0.0025875233
-0.011301339
-0.027506184
-0.013231881
-0.010312501
-0.0095412927
0.013791938
0.043708894
0.013534485
0.0038231397
-0.098531723
0.0099280458
-0.029269626
0.041297633
-0.097056471
-0.07394293
-0.0024183157
0.060936842
-0.014892121
0.011924885
-0.026544536
-0.019843873
0.058146339
-0.017000809
-0.035974316
-0.036330178
0.082812138
0.063959412
-0.035057176
0.0044018263
-0.030469524
0.023545198
0.026002323
0.034447558
0.037654627
-0.086967506
-0.027175227
-0.037375428
0.050787427
0.041301295
-0.08684472
-0.010975359
-0.033385821
0.030267974
-0.087000616
0.00045805148
-0.059178706
-0.058769852
0.041570362
-0.053140189
-0.027122622
0.042856257
0.065299608
-0.069680303
0.040714983
0.0050881803
0.028688708
0.027226353
0.024697755
-0.011358086
-0.039720971
0.10661552
-0.0066257715
-0.10626759
-0.15206614
-0.030517373
-0.0025719325
-0.087293431
0.075966164
0.024426894
-0.03621519
0.039679211
0.078989387
-0.0171459
0.020381156
-0.080995917
0.03046334
-0.00061811571
0.041587185
0.074195288
-0.031086227
-0.077614315
0.044413343
-0.040114295
0.10625468
0.010415908
0.011622823
-0.028644912
0.045915306
0.0061097341
0.036821399
-0.077901736
0.05620794
-0.037651993
0.15177296
-0.0076909764
-0.053248603
-0.016879128
-0.075625144
-0.13781339
0.053123061
0.014774393
0.078772023
0.0062796432
0.020144621
0.028034406
-0.038321171
-0.07674931
-0.026845602
-0.012647479
0.00030499892
0.042109452
0.012349286
-0.0036501
0.039391983
-0.063581906
-0.071934268
0.010669676
-0.036631752
-0.03493708
0.020812128
-0.05191531
-0.072778389
0.009463557
0.02630393
-0.029731972
0.055386238
-0.039506108
-0.027636239
0.056632187
0.0016836703
0.093304217
0.020940183
0.051148206
-0.017308591
-0.074978605
0.067243576
0.011313352
0.063201897
0.027626647
-0.0057069296
-0.053144231
0.0050350176
0.086691432
-0.083255477
-0.02224867
-0.035691164
-0.077449106
0.0074362108
0.051749196
0.056955907
-0.034345061
-0.034026153
-0.039358623
0.098645672
0.01003582
0.0099759875
-0.027305724
-0.011777958
-0.071276635
0.047823589
0.060824178
-0.01100423
-0.10481152
0.031018592
0.072187975
0.032942325
-0.0056857425
0.068405896
-0.017614508
-0.0067007798
-0.097375482
0.037125945
-0.022118084
-0.0096869273
0.051403996
0.068393096
0.023660984
0.0069414703
0.047442634
-0.049503304
0.11345183
-0.0051070182
-0.012471437
-0.03577726
0.0074596014
0.046319518
0.0259551
-0.0057672835
0.040578321
-0.0014816825
-0.094585165
-0.144189
-0.087685794
-0.082445905
-0.10316397
-0.031061275
0.073797442
-0.016115911
-0.0036794222
0.037479982
-0.031162763
0.067722492
-0.011385336
-0.042910233
0.016196441
0.016775077
0.062963434
-0.0036260879
0.0040576709
0.028766565
0.0034006918
0.14049669
0.064827107
0.063410446
-0.04591712
-0.021803647
-0.017512215
-0.032242894
-0.067004181
0.05972255
-0.032164883
0.047557563
0.060772173
-0.037388343
0.046739284
-0.030762795
-0.044454049
-0.064727806
0.0062473449
0.0019927549
0.042894609
-0.0024730559
-0.022740869
-0.033126213
-0.025603812
0.015262179
0.023058219
-0.02661871
0.047679722
0.053692579
-0.012091621
0.0028381373
-0.055316605
-0.076255195
-0.068868473
-0.043648329
0.026866531
0.031209059
-0.0064323
-0.040823344
0.057270557
-0.10803718
0.05102421
-0.032888629
-0.057372667
0.011067568
0.039627615
0.04197938
-0.022999531
0.01630128
0.10029529
-0.026817486
0.04539169
0.0066249915
0.0012713956
-0.0091967518
-0.0030188111
0.023877837
0.0017889108
0.0024457034
-0.0022930179
-0.11694471
-0.0018278572
-0.027656665
-0.048190307
0.038474377
0.090897754
-0.0045204284
0.0090513648
-0.050772447
0.010557556
0.07827425
-0.070619918
0.026420478
0.051414587
-0.015471667
0.012067934
0.034630064
0.046268955
0.028666282
0.013934542
0.0091818999
-0.01304977
-0.027297657
0.0054696868
0.00063184014
0.017970601
-0.042895071
-0.00081340183
0.080304451
-0.031745676
0.016093608
-0.06345585
0.012284424
0.01425719
0.0071734223
0.022584325
0.0016088975
0.087502621
-0.081452839
0.0073179877
0.049284995
-0.035477217
-0.0096324729
-0.015375675
-0.0099151684
0.03965757
-0.020230414
-0.0086837364
-0.067448668
0.0083423117
-0.017528731
0.039667726
-0.041945383
-0.026429219
-0.018636659
0.041435529
0.060500316
-0.031671368
0.071618117
-0.067507312
0.0081081735
-0.00041821666
0.042340536
0.050827608
-0.017280584
-0.0072240951
0.052005038
-0.038827427
0.0040051397
0.081327468
0.026291367
-0.069615938
0.027123347
0.028829366
-0.033994932
0.029750831
0.056521066
-0.070366196
-0.039858922
-0.059946261
0.053847589
0.010706778
0.047919147
-0.021414913
-0.029545298
-0.024809837
-0.0014117386
-0.034906056
-0.017813997
-0.038385775
0.0049873581
0.00054395781
-0.035441201
-0.020025697
-0.026215715
-0.02564368
0.0086171087
-0.051100455
-0.0021629427
-0.012761929
-0.078866899
-0.067401007
0.010941429
0.045625485
-0.034226436
0.061676286
-0.0015806853
0.028486272
-0.073317274
0.019339107
-0.043530338
-0.057269491
-0.007290632
-0.048820749
-0.0067618634
-0.13828677
0.012547293
0.028390925
0.0098368125
0.0060262657
0.00088317727
0.037554137
0.034587879
-0.023855984
-0.031225661
0.043247975
-0.030497067
0.061225291
0.008114568
-0.059648231
0.049227618
-0.0077487049
-0.0016762934
0.0012816547
-0.054527219
0.011002219
-0.025228245
-0.019813523
-0.10027346
0.024285099
0.024497699
-0.046885822
-0.021522686
0.025534308
0.00055734889
-0.056145858
0.043715488
-0.00083641766
0.023595402
0.0017320678
0.032001257
-0.018329976
-0.027377071
0.014995291
-0.0035214538
-0.065834589
0.021122387
-0.059917163
0.057293139
0.054938253
0.061671183
0.0012021188
0.0057955631
-0.040081877
-0.032729778
0.0049916916
0.037820362
0.042390868
-0.032689601
-0.06698449
-0.026880559
-0.022909209
0.029161736
-0.069379449
0.019261146
-0.049551167
0.030617967
0.0080716638
-0.026445201
0.03313316
0.065704875
0.057994917
0.027748901
0.01211681
-0.09465839
-0.03512283
0.048908435
-0.013646349
-0.014995928
0.006101008
-0.016588047
-0.018376587
0.042766646
0.034677785
-0.060895752
0.022809891
-0.035934195
-0.069538191
0.019543128
0.013629623
-0.010906207
0.0013061952
-0.040578455
0.019837609
0.026801219
-0.070589885
-0.020070253
0.041126847
0.02242744
0.032844856
-0.034483533
-0.058795732
-0.042038437
0.052505538
-0.024299189
0.0068234075
0.032752384
-0.014628787
-0.010733005
0.013047148
-0.023179885
-0.045191847
-0.02779156
0.031860612
-0.061217129
0.028479932
-0.082418978
0.04859462
-0.030013042
0.035690907
0.040301427
0.026547937
-0.031673759
0.0074536758
-0.016677342
-0.03920728
0.023232916
0.031496044
-0.045186803
-0.0052918103
0.029312676
0.04587293
0.029261403
0.044237591
-0.016368328
0.032723457
0.046263207
0.015540067
0.018129162
-0.024682831
0.046031892
-0.044653058
-0.018086798
-0.061646655
0.070935741
8.9751244e-05
-0.012943404
-0.016405491
-0.018009264
-0.053439368
-0.034227073
0.012377907
-0.044098943
-0.0016147672
-0.066660248
0.066195421
0.033083178
-0.026627323
0.010477884
-0.077518195
0.046207462
0.060089607
0.053665418
0.048172772
-0.040114917
-0.0024923477
-0.017969554
-0.0059229974
0.008808434
0.016832924
-0.0057745543
0.042043239
-0.00015849668
0.067689128
0.061894085
-0.051835183
-0.016753865
-0.027824661
-0.040825594
-0.018759795
-0.055946317
-0.0044843894
-0.034171645
-0.049311727
0.051310018
-0.045912214
0.029644519
0.019112181
-0.08017768
0.025397195
-0.0036391527
-0.052156545
0.10483009
-0.023644026
-0.079395987
-0.11675623
-0.053679191
-0.072485112
-0.039201949
0.080311969
-0.040092289
-0.010794836
-0.046032906
-0.02429501
-0.0010040795
0.032998327
-0.050261419
0.0095731681
0.071655326
0.0298439
-0.078976527
0.10846078
-2.1870903e-05
-0.038665157
0.0096826423
0.066621117
-0.016345123
-0.038557213
-0.079627998
-0.042213827
-0.11188395
-0.038240839
0.082679644
-0.012806746
0.064366214
0.05867146
-0.056863464
-0.0048021018
-0.0028491747
0.038155857
0.096979707
0.05706621
-0.015688147
0.091226324
-0.064328358
-0.056274276
0.011720358
0.084867865
0.047113899
0.011099427
-0.04504285
-0.073876783
0.022160901
0.019839562
0.038789414
-0.11768932
0.087507062
-0.039139785
0.042631686
0.053208303
0.053281382
0.051832076
-0.0080182999
-0.020992981
0.071420096
-0.089649335
-0.011389125
-0.070486143
-0.079404689
-0.024668599
0.0071207169
-0.0075805206
0.069694445
-0.030573292
-0.063772716
0.012841639
-0.0080547379
0.021080293
0.0042403089
0.013744795
0.030043164
-0.0076436647
-0.058563687
-0.036191478
-0.069531724
0.029556215
0.020223951
-0.10305398
0.0028340756
0.0066859215
-0.061857812
-0.046502639
-0.082349949
-0.056837443
-0.048320141
-0.012266607
-0.07778763
-0.027446585
0.085217655
0.0017261073
0.056129944
0.084867984
0.030817566
0.0038861588
0.017232005
0.013485752
0.024736306
-0.012765575
-0.051510382
-0.070281692
-0.0028466373
-0.044574093
-0.00080727338
0.05970088
0.033544745
-0.075997904
0.019708781
-0.018717527
0.037482254
-0.014879784
-0.020136019
0.0870829
0.061288215
-0.0038210552
0.044519156
0.020189295
0.05209627
-0.010222053
-0.016012423
0.030994577
-0.006215075
-0.054608699
-0.056951504
-0.0068521663
0.067375124
0.070672974
0.042828497
-0.020786118
0.021231724
0.028523343
0.042571291
0.01155281
-0.046290271
0.082433365
0.036330827
-0.0010605954
-0.050712135
0.015483902
-0.054370373
-0.00040345706
-0.026665475
0.065403052
-0.057540335
-0.10650939
-0.0010049888
0.00051832793
0.030638274
-0.032905824
0.030701555
-0.042314813
0.036642455
-0.026589815
0.020021701
0.028039197
0.077428512
-0.038996954
-0.0023009919
0.056862112
-0.025418887
0.057514939
-0.0062179789
0.042127594
0.034626424
0.031885978
0.048816718
-0.015982674
-0.10398409
0.0099126585
0.0044609155
-0.079206973
0.066881135
-0.023769937
-0.017241549
-0.085013367
-0.016092274
0.0011859135
-0.04092887
-0.046500083
0.028774424
0.014543576
0.047901552
-0.058109034
-0.012540247
-0.04517033
0.0318368
0.0037516952
0.019030571
-0.023287008
-0.034638416
-0.045446623
0.0075351503
0.04273897
0.047781631
-0.014354566
0.070373707
-0.059009261
-0.045128033
-0.041240256
-0.062860236
-0.0085628992
-0.083885767
0.027740359
0.010375547
-0.033436462
-0.081938468
-0.030294593
0.013643472
-0.002442545
0.038125981
-0.030960958
-0.0056810929
0.086303048
-0.066852279
-0.018850278
0.016468367
-0.041070871
-0.058859881
-0.074998014
0.00091437361
0.02925613
-0.021599632
0.045261648
0.04484557
0.076160669
0.039666545
0.013983163
0.041190464
-0.041120484
0.025281549
0.10898166
-0.024238057
0.012872255
-0.061634034
-0.024043828
0.027123427
-0.043125942
-0.08754193
-0.013776693
-0.060413972
0.030197442
-0.023082454
0.039918587
-0.069411531
0.064909928
0.10199878
-0.04860368
-0.076106116
0.084046952
0.010986433
-0.060420882
-0.027484745
-0.0070500239
0.010118261
0.10096348
-0.044145331
0.018313533
-0.025131213
0.10660874
-0.015993224
-0.034831248
-0.042365316
0.0054307925
0.063442566
0.0025925261
0.049013011
0.0032290185
-0.013550085
-0.1599099
0.037679762
-0.021617021
-0.050632883
-0.035049334
0.010776712
0.10703159
-0.012167429
0.010827348
0.098114833
0.01720229
0.076747902
0.079610661
0.037618455
-0.0021562469
0.03359367
0.023154687
-0.063907593
-0.044866174
0.027320668
0.013990832
0.010997985
0.057342567
-0.0041611861
0.038576495
-0.020000596
-0.13004935
-0.038267106
0.072513789
0.051797785
-0.050490636
0.069423221
0.070950106
-0.0042598411
0.062492058
-0.13481022
0.10769365
-0.048924983
0.02563031
0.042225305
-0.023715336
0.0088625727
-0.019135209
-0.08256118
0.083137684
0.038859405
-0.028628211
-0.0022679134
0.010128832
0.040564939
0.036959767
-0.036450069
0.058866821
-0.016343474
-0.034902889
0.09238372
-0.014935451
0.062318336
0.023708289
0.055454992
-0.030149786
0.030226158
0.052650582
0.035693917
-0.025385693
-0.015114062
-0.11626946
-0.017389538
0.040432427
-0.0012638668
-0.028792687
-0.14195167
0.067247421
-0.017220037
0.0085747726
0.040301297
0.056524199
0.0081418566
0.060738746
0.040854499
0.06056172
0.047988195
-0.027472451
0.017020324
0.076601811
-0.036241539
-0.0047460473
-0.026435688
0.037308387
-0.02380573
0.027020294
0.10721297
-0.10088225
-0.042456198
-0.09501937
0.040704627
-0.004038854
-0.036933791
-0.055030119
-0.038697451
-0.056118082
-0.015382874
0.021968409
-0.015628483
0.060506266
0.0030082478
0.039131276
-0.06843511
-0.038466763
0.093686365
0.0051427986
-0.023683414
0.001169554
-0.0024137145
-0.031106697
0.026086291
0.031122088
-0.037295856
0.0069699646
0.0013241196
0.019600188
-0.046837941
-0.026559481
-0.0028002628
-0.016005889
0.023646487
-0.0093134874
-0.020829607
-0.022079948
-0.029301064
0.0064750379
-0.037984386
-0.078345224
0.054560766
-0.019327607
-0.0052109072
0.045423821
-0.028398074
0.041704454
0.00014064956
-0.06655734
-0.015969953
-0.062976591
0.026746335
0.0320259
0.013760481
-0.048555396
-0.058214936
0.044245318
-0.020765642
-0.010093111
-0.019180806
-0.072879948
0.012684163
-0.067672014
0.048457328
-0.02063287
-0.069077075
-0.045876279
0.0031089988
-0.050655134
0.022169542
-0.040437978
0.032131586
-0.049520891
0.012059188
0.015390583
-0.036311503
0.042353645
-0.021703932
-0.053433053
0.014297392
0.041720271
-0.082764342
0.03503507
-0.014658521
-0.096361756
-0.0025913713
0.025513111
0.036752444
0.0095617156
0.0034688674
-0.035564158
0.01810907
-0.0040109428
-0.019272503
-0.013083802
0.026472528
-0.039497871
0.038207062
0.027911291
0.075655095
0.07267192
-0.034906276
-0.04946531
0.026180409
0.021730689
0.037858475
-0.031504013
-0.11656894
0.03800508
-0.043533921
0.0048622326
0.033542722
-0.043460064
-0.001241331
0.049704552
0.022890074
0.060940415
-0.04363222
-0.056721218
-0.031887833
-0.04813306
0.013936064
-0.022738654
0.035176054
-0.00473837
0.023222674
-0.024986949
0.045378871
-0.0051904554
0.0026210675
-0.02253316
-0.02658296
0.035775751
-0.038722821
0.0056443852
-0.01435412
-0.026992094
0.030525545
0.0033693407
-0.018939428
0.058028046
0.05400927
0.0083224466
0.06691882
-0.06960541
0.037419565
-0.076602429
-0.00012157641
0.013254097
0.059962846
0.026868658
0.05198035
0.054190807
-0.029188842
-0.044628516
-0.022014042
0.055653237
-0.03497323
0.079821639
0.0450118
0.038873751
-0.014376495
-0.046833318
0.026888162
-0.027400197
-0.076037273
-0.020518459
-0.027195945
-0.073044449
-0.076559424
0.073154591
-0.011255615
0.014522909
-0.0064811208
-0.049052503
-0.0066738068
0.017804515
0.049392682
-0.019535046
-0.044533424
0.00060253858
0.028279899
-0.0016262563
-0.03729884
0.021276992
-0.030680846
-0.045837667
0.050520502
0.038947601
-0.0011942107
0.011672743
-0.077306792
-0.056813739
0.070197463
-0.052721992
-0.0046950271
0.012360171
0.0049427226
-0.012305418
-0.00066741504
-0.0014758704
-0.012174056
-0.0014106551
-0.088819191
-0.054491326
0.043246292
0.0074683782
-0.0067070643
-0.033269066
0.035034418
0.05269127
-0.018522548
-0.061397202
-0.042686258
0.017802414
-0.033139408
-0.077925734
0.060397707
0.061523091
0.02890387
-0.028994424
-0.0038238575
-0.013288739
0.01082055
0.017915897
-0.069523416
0.0032191339
-0.045893736
0.047901906
-0.042077925
-0.039747052
-0.10808598
0.082322463
-0.018662494
0.025729163
0.010624343
0.043195844
0.00087067275
-0.019215798
-0.0057883179
-0.054908343
-0.0058219703
0.016634071
0.019516896
-0.0013426468
-0.027212262
0.0065309228
0.0029073495
0.078090481
0.032107949
-0.0016834583
0.052161887
0.0048870323
0.076314606
0.043708373
0.011826948
0.029310461
-0.050559267
0.010006216
0.017973447
-0.045195363
-0.010009215
-0.0045906706
0.031086726
-0.075003348
0.015240874
-0.004474483
-0.027201544
-0.073965535
-0.00092615862
0.0072356388
0.069588326
0.050029632
-0.089224443
0.028846743
0.092492066
0.0065929918
-0.019535081
0.066850707
0.082148522
-0.045088593
0.0080161765
-0.080230117
-0.030086463
0.038289189
0.0020182284
0.015231766
-0.026437208
0.068400413
-0.032331552
-0.024495216
0.04419136
-0.099362232
0.0093380399
-0.00062632293
-0.015885131
0.0056331949
-0.028733695
0.018700557
0.090729058
0.0039258623
0.0090548182
-0.007518271
0.0096687553
0.094513834
-0.055453774
-0.025690211
0.048231754
-0.094495215
-0.037312612
0.11844457
-0.0027331754
-0.053868897
0.023785118
-0.046247065
0.016111983
0.016302951
0.029451899
-0.042060494
-0.0034069617
0.023253724
-0.020500811
-0.049911279
-0.001495057
0.061794255
-0.0097330399
0.10204403
0.14367355
0.072890379
-0.013074376
0.02254853
-0.030323811
-0.088303454
0.087035634
0.077642284
0.055655379
-0.052026041
0.014151619
0.045734752
0.04787676
0.065205209
-0.058699787
0.0090124384
-0.047940485
-0.070118979
-0.066049024
0.06558083
-0.013553452
-0.1362759
-0.01412622
-0.029189313
0.016453236
0.061434943
-0.026347103
-0.034879129
0.072115868
0.035677187
0.0034379966
0.10215435
-0.036271714
-0.027168283
0.066102117
0.056210674
0.087894469
0.040226128
-0.025198571
0.010652097
0.022654561
0.0049174773
-0.036214441
0.019299977
-0.044704121
-0.069713943
0.023858318
0.049025495
-0.0054881708
0.043406986
0.05642809
0.027124763
0.045988563
0.058861114
0.0061082193
0.0056075845
-0.18063495
0.079097435
-0.069021232
0.027580693
-0.059633333
-0.066456266
-0.020861469
-0.0037891145
0.0020369312
-0.067382827
-0.047129177
0.034990221
0.0203193
-0.021502085
-0.037963804
-0.029430944
-0.027191196
0.046420686
0.02151444
0.12075109
0.12109759
0.12079449
0.12430653
-0.0055374834
-0.0029173938
-0.073598206
-0.037445031
-0.10235535
-0.033509865
0.022001572
-0.054560877
-0.028017797
0.02884143
0.11011933
-0.056100231
0.019488933
0.037079148
0.047657575
-0.00881573
-0.016593233
0.058811046
0.033649113
-0.0097472193
0.027736168
0.010108612
0.072261788
0.062749632
0.049886867
-0.081062682
0.0036669206
-0.11910667
-0.027453983
0.024788734
0.047460239
0.045668926
0.085822389
-0.068182215
-0.062185016
-0.034367986
-0.27424067
-0.0022463221
-0.046642967
0.01132005
-0.044468474
0.050870858
-0.022745173
0.050334636
0.045930773
-0.065001413
-0.061467025
-0.016502269
0.087188445
0.12972362
-0.0087526385
0.032068916
-0.0020612897
-0.30013132
-0.075223789
0.040219821
-0.030933108
0.068462223
0.067329876
-0.024126679
0.081146918
-0.02537591
-0.0062168697
-0.088712357
0.0089319004
0.10506653
-0.099860281
-0.018563639
0.028791677
-0.037731413
0.0061807162
-0.069887772
0.089291565
0.019205909
-0.051574938
0.04536701
5.3678363e-05
0.11341963
0.052429639
0.013618615
0.13371253
-0.054527905
-0.075420894
-0.019241065
0.030306239
0.022568095
-0.060836274
-0.045012541
0.084576488
-0.0516604
-0.06582018
-0.009642587
-0.045289069
-0.048164148
-0.15560885
0.022159394
-0.080535814
-0.0036012549
-0.017956225
0.020170944
0.015628641
-0.038178269
0.044048149
0.025897674
-0.069011375
-0.12734571
0.029011928
-0.1150573
0.037894264
0.050645329
0.028187832
0.033902545
-0.083971888
0.019036302
-0.12845685
0.028197637
-0.038707867
-0.0477583
-0.0013725137
-0.0049225818
-0.0023892222
0.028598508
-0.0077416571
-0.020712372
-0.048039071
0.027448568
-0.034694649
-0.066779889
0.081460558
0.0759404
0.0011174229
-0.078847662
0.053996224
0.040135063
-0.022180503
0.0031362087
0.026461741
-0.017016606
-0.044928923
-0.0023829106
0.056060761
-0.017844798
-0.085396193
-0.012291173
0.035326023
0.075781099
-0.041029867
0.023656104
0.007095926
0.034229677
-0.020780856
0.034359604
0.010637404
0.083435543
0.053332824
0.030558895
0.010745195
-0.0091457581
-0.01096538
-0.01296035
-0.014836987
-0.028206961
0.003944763
0.066771448
0.018799707
0.06335552
-0.0044056019
0.0098976176
-0.011257247
-0.0055440315
-0.020498239
-0.010097499
0.053391844
-0.058050688
0.01732829
0.031268828
-0.045122433
-0.019507568
0.016881783
-0.046190966
0.017165719
0.049368709
-0.019734316
0.020212367
-0.044543352
0.011818445
-0.086475439
0.018996183
-0.020169673
0.041059449
0.074688025
0.036159452
0.026113193
0.0043033473
0.0071886168
0.067380391
0.068833508
0.062335968
-0.03911652
0.055693917
0.0049728835
0.078101911
0.023989579
-0.06837558
-0.066950172
-0.057311244
-0.0061226222
-0.079759799
-0.031825207
-0.0065280944
-0.044227887
0.015557935
-0.036642715
0.06186064
-0.01701235
0.067725159
-0.015112266
0.038790863
0.070930503
-0.03728459
-0.031554937
-0.013189425
0.061151441
0.036875755
0.035257444
0.019028867
0.03160277
-0.054768886
0.0068866392
0.030471785
-0.0099601652
-0.027025189
-0.022743577
0.037585486
0.075406529
-0.040142778
-0.022691699
0.024749639
-0.027177373
-0.092744172
0.12291425
0.022612985
0.034609359
-0.036488086
0.0052646301
-0.025231618
0.032629933
0.0089954427
-0.014637177
-0.014543412
0.071556844
0.011115641
-0.0047752126
0.04096628
0.0023005782
0.017022301
-0.037214473
0.06017033
0.011656556
0.036392987
-0.01816866
0.014166079
0.044687226
0.068856634
-0.099603117
-0.014981114
-0.13001844
-0.073788032
-0.019774618
-0.02500473
-0.0852485
0.0056428602
-0.0034818794
0.034928109
-0.038712062
-0.011789394
0.047005791
0.0075580585
-0.0071776346
0.054906692
-0.041334976
0.022342065
0.083838992
-0.065329686
0.044757064
-0.033615839
-0.016887479
0.038861826
-0.031799283
-0.03403138
0.050141193
-0.019726261
-0.033417497
-0.033470526
0.0078765489
0.033174876
-0.11096024
0.023061706
0.040675893
-0.0089749312
-0.016493509
-0.071535721
-0.04972754
0.049156778
-0.022557566
-0.12502454
0.06008561
-0.011888491
0.021922717
-0.071614422
-0.043637283
0.0057882885
0.055528127
-0.04855784
0.037326638
0.02088134
0.00034567839
0.050971612
-0.017672269
-0.04794772
0.042147379
-0.022028955
0.041347045
0.021924328
-0.0048740474
0.0037493075
0.030379176
-0.019059347
-0.061972216
0.015831936
-0.026015928
0.053034294
0.010031085
0.0025723353
0.014908245
-0.13089386
0.0072303326
0.022545895
-0.060361367
0.025727468
-0.046234265
-0.061389565
0.056644861
0.012597315
0.013724897
0.010306402
-0.017486418
0.019799724
-0.038438059
-0.019545915
-0.062321655
-0.010270667
-0.10185915
-0.092603333
-0.036523581
-0.020994468
0.013600141
0.094344921
-0.0075979601
0.012892203
0.073465578
0.0028331489
-0.0023009782
-0.17796029
0.0068015065
-0.0040290216
-0.047258087
-0.028509488
-0.015938675
0.065659113
-0.063318923
-0.049776778
-0.081523709
0.069966815
-0.029581154
-0.038328025
0.071594723
-0.016258676
0.044499751
0.037596039
-0.029764112
0.0279033
-0.0092098908
-0.10368559
-0.098684065
0.088526197
-0.038154908
-0.0065954719
-0.01691802
0.029148646
0.057914656
-0.0056768986
-0.04509725
0.021410454
-0.26508355
-0.031249523
0.016203057
-0.023908049
-0.056743231
-0.02519398
0.068734221
0.011599393
-0.12864475
-0.07177642
-0.032259405
-0.0078427596
0.020745955
-0.092347667
0.043748252
0.036480714
0.013909527
-0.056641258
-0.044758454
-0.0079524601
-0.059773788
-0.026728222
0.011697573
0.070206203
0.0056478628
0.036185596
0.033811968
0.065196529
-0.077742547
0.027865764
-0.083644256
0.088225387
0.020545663
-0.018220901
-0.016576331
0.029525511
0.060262725
0.075110532
-0.013904137
-0.023235198
0.056673523
0.023687266
-0.056812994
0.031087905
0.030974561
-0.012962132
0.042407695
0.0496291
0.026330329
0.0061270609
-0.011041379
0.00089214335
0.10344671
0.037127759
0.020872099
0.047102194
-0.070998497
-0.024315894
-0.030660463
0.02675857
-0.02699692
-0.02803232
0.030052764
0.03297279
0.049982816
-0.11482359
0.025632206
0.020492999
0.018832302
-0.045357693
0.01103525
0.0035463949
-0.070174605
0.11397146
-0.022043826
-0.057533104
0.017391589
0.016165646
-0.0013096556
0.035198186
0.043327279
0.042661574
-0.044048771
-0.0091152359
-0.011329998
0.020874945
-0.028161006
-0.17830028
0.013162918
-0.010400845
-0.00067278417
0.039299984
-0.0095162308
-0.016944395
-0.061564106
-0.069417201
0.044578854
-0.094552971
0.006685249
-0.090001918
-0.019867351
-0.027159141
0.021050422
0.0031274338
-0.003902487
0.04649936
0.049538016
-0.048965927
-0.073990799
-0.074001282
0.054164886
0.03077621
0.019372657
0.016361553
0.1002671
0.014720093
-0.094982266
0.038995918
0.045602035
0.02579754
-0.0069665457
0.036385909
-0.072122365
-0.019001026
0.058468491
0.072065189
0.0073984577
-0.043364555
-0.013254378
-0.038998999
-0.014774995
-0.015856016
0.0018592469
0.0020018248
-0.0071714213
0.011450591
0.030455701
-0.035000477
-0.060178876
-0.035396107
-0.053089421
0.054030508
-0.012806761
-0.010599893
-0.085303202
-0.02954589
0.0088967532
-0.061364181
-0.0048742052
3.0139816e-05
-0.011670018
-0.019723421
-0.09697254
0.028517442
-0.0074946289
0.022025483
0.012310572
-0.033268835
-0.026854593
0.0030536689
-0.11855834
0.013001578
-0.0068013812
0.027444484
-0.052354414
0.0035811968
-0.084769771
0.0093597872
-0.095177129
0.014790989
0.036288653
0.00056627608
0.012592288
-0.0042453604
-0.0075767539
0.061074585
0.024252234
-0.066491365
0.056497566
0.027172469
-0.014373442
0.023612361
-0.1120832
-0.0075598089
-0.0016514522
0.014844689
-0.013308981
-0.027917335
0.023815805
-0.075807318
-0.033796918
0.033040367
0.010064013
0.024816297
-0.067478098
0.043931797
0.071527608
0.02187345
0.04365851
0.032103606
-0.035794504
-0.013237279
0.012019357
0.021021355
-0.11082634
0.017181681
-0.0033924445
-0.086486258
0.03552575
-0.046988934
0.022544224
-0.023383955
0.021996725
-0.0051795063
-0.075889423
0.048269033
-0.02725645
-0.045237072
0.090287037
-0.025876671
0.003821976
-0.012554326
-0.035792533
-0.084040746
0.0053732432
-0.012134829
0.031586129
0.040523324
0.01139502
-0.029183358
0.13874035
-0.010494377
-0.072572425
-0.00030908422
-0.039859977
-0.044087246
0.052294895
-0.038552135
-0.01512388
-0.0031915212
-0.080926165
0.10733195
-0.017824773
0.033434369
0.025815761
-0.00085498107
0.053523496
0.02464409
0.044589456
-0.02929317
0.027001143
-0.043924555
-0.0050239889
-0.025033405
-0.057341479
-0.052106384
0.0076818047
-0.024613135
0.075590976
0.036951333
0.083737619
0.012745776
-0.0021607738
0.030191161
-0.049690973
-0.016038943
0.069871798
0.028165352
0.042086396
-0.0072085327
0.032315008
-0.061056104
-0.085333906
-0.034232978
0.008843923
0.010723541
-0.007195665
0.014218273
-0.018222444
-0.096283376
0.1359676
-0.0060222591
-0.15554908
0.029761542
-0.011579181
0.0055810693
-0.025170783
-0.036799088
-0.058333993
-0.0592901
0.034074862
-0.10822126
-0.048328169
0.045081533
0.068299368
-0.045266356
0.057665557
0.068416074
0.012015305
-0.084247619
0.022936301
0.01032045
-0.060097635
-0.02405593
0.073996611
-0.0059840688
-0.072064951
0.021713682
0.026226975
-0.075574957
0.048138008
3.1420682e-06
0.030966682
0.04207373
0.022790752
0.077690303
0.034286354
0.022757353
0.035874516
0.047567189
-0.0083689364
0.054802045
0.010076527
0.0016105764
0.0049453755
0.062168121
0.047661524
0.084214836
-0.05875789
-0.0046238941
-0.032438114
0.012030418
0.033655521
0.015146021
0.039929055
0.017676525
-0.032470621
0.011211472
0.053392366
0.060208198
-0.049535707
0.02706185
-0.035485819
-0.018533284
-0.022518849
0.0076577221
0.01991155
-0.0078247469
0.084856465
-0.035668563
-0.0013265826
-0.020534564
0.072021477
-0.0046453704
0.019150166
-0.017336899
-0.012891172
-0.059036594
-0.0092060855
-0.022515601
-0.027062144
-0.01126223
-0.024621272
0.026660509
-0.026388451
0.047362089
-0.03816326
-0.018571034
0.098168939
-0.059693184
-0.046749651
-0.010125856
-0.01143788
-0.0036590672
-0.014074271
0.088447124
-0.074647762
-0.0031723576
-0.040012214
-0.0058622956
-0.0081427684
-0.01033993
-0.0078153247
0.079924785
0.00090153445
0.017212342
-0.017053323
-0.01962108
-0.062476218
0.016787646
0.069217354
-0.047010593
-0.044225462
-0.011777263
-0.028843096
0.020009823
0.024264552
-0.014480469
0.043202359
-0.021643799
0.016209936
0.013996414
-0.038528677
0.024693284
-0.13528055
0.0092156753
0.022016285
0.010393864
0.0043099718
0.012933538
-0.035045553
0.016074147
-0.043777365
-0.00048623342
0.00073870702
0.040788811
0.0079482999
0.050756015
-0.021279275
0.062724456
-0.037486672
0.034381818
0.028117403
0.013838794
-0.021308934
0.012805167
0.038384318
-0.042531237
-0.014868928
0.049084935
0.0029962985
0.043613154
-0.018599642
-0.015893651
0.039240167
0.026449874
-0.035970408
0.030442601
-0.0023451326
-0.047808755
0.00013976614
0.031344801
0.030249204
0.015796607
-0.017114045
-0.06525325
0.043180775
-0.024740979
0.030889081
-0.042776469
0.022830805
0.032234423
-0.075094238
0.058139015
-0.068042897
-0.043417007
0.0068618343
0.033671178
0.041160882
0.013729707
-0.011940364
-0.015143301
0.015284188
-0.022881866
0.034204625
0.0083855549
-0.016157836
0.017402889
-0.015404742
0.0085729267
-0.041526061
-0.079171501
0.010677814
0.045981273
-0.02416423
-0.05320191
-0.010148506
-0.0089276815
-0.077444844
-0.06441924
0.029737983
-0.037611779
-0.062804826
-0.033461351
-0.00011916515
0.05147526
-0.017964978
0.016719587
-0.046944361
0.03847152
0.07575307
0.017148864
-0.014236196
-0.056925893
0.053524517
0.016311107
-0.029402209
0.021971995
-0.020084236
0.023172114
0.019002754
0.04203539
0.048772063
0.07172583
0.067523107
0.0032329254
-0.045187443
-0.0095759826
0.061819054
-0.0070020845
-0.060079485
0.0062237065
-0.0053828433
-0.0031559486
0.037416279
0.0047484105
0.090019211
0.04234121
-0.0047607129
0.0063593802
-0.03802944
-0.047347929
-0.024005786
0.027461017
0.084969901
0.014198161
0.070053525
-0.02176691
0.010665075
-0.01873662
-0.027219338
-0.02387883
-0.027436946
-0.017107785
0.020797294
0.023746135
0.056317005
0.029012943
-0.047900006
-0.002427076
-0.0022501696
-0.05869789
0.016543157
0.076566055
-0.07786379
-0.083144069
0.005765676
-0.030240057
0.01026094
0.024519052
0.0089398585
0.013242799
-1.5899466e-05
-0.041088577
-0.016907332
0.020579124
0.033904992
-0.0097600464
-0.060770307
0.005354729
0.0045018354
-0.03493591
0.028608225
-0.0012486437
-0.01752379
-0.010317034
0.035747975
0.047734998
-0.073281646
-0.026918711
-0.037036438
-0.034608942
0.021409413
0.018007288
0.0061559347
-0.016687136
-0.064156234
0.035257999
0.029229913
0.066680104
0.026482541
0.044217311
0.085063368
-0.0010186585
-0.06172581
0.05952619
-0.0051566111
0.010258088
-0.018389706
0.031569462
-0.014905253
-0.059956644
0.011911578
-0.032066122
-0.0011275316
0.013763862
-0.017023461
-0.0087926826
-0.057403587
0.0066530881
-0.049305737
0.01549144
-0.018045137
0.0016672155
0.066633612
0.029994139
-0.029982937
-0.086520582
0.034973841
-0.03025867
0.0080846129
0.0077434559
0.027776293
-0.071503066
0.015329111
0.013635092
0.0033765773
-0.028632229
0.036669053
0.015614049
-0.0041595912
-0.0042513083
-0.024443444
-0.01372645
-0.005906662
-0.030208919
0.02217135
-0.044186432
0.040159252
0.0081963688
0.050436046
0.041015867
-0.03104955
0.038147006
0.026689321
0.055484485
-0.023261044
0.017854508
-0.025349591
0.0084553706
0.013280327
-0.051036768
0.049193509
0.027429961
-0.0062379213
0.050356619
-0.050305296
-0.02097879
0.026719019
0.02219026
0.036213756
0.0037514647
0.01540848
0.02443558
-0.033351164
0.043802917
-0.03310544
-0.0028098607
-0.067155048
-0.001222621
0.05078508
-0.028439838
0.0032828602
-0.057929337
-0.028334014
0.004634738
-0.081991106
0.018902149
0.057571117
-0.051408298
0.027005993
-0.04148107
0.054424737
-0.046966981
-0.079750329
-0.03114963
-0.017413318
0.00040191686
0.036916569
-0.062389523
-0.028111041
0.0077684526
0.057440978
-0.031722032
-0.015336439
-0.036701109
-0.011208658
-0.064804338
-0.0066685337
0.05013923
0.029861551
0.025984734
0.048065323
-0.040474847
-0.059693877
0.0013789878
0.011221135
0.037269112
0.050449178
0.057875365
-0.044872571
0.0019045708
-0.010641465
-0.009039958
0.026403978
-0.0097147385
0.054399502
0.033691913
-0.0055984794
0.021534545
0.042490501
0.060143974
-0.018393183
-0.023531569
-0.015102686
0.030719563
0.00034338215
-0.064935736
0.0085307052
-0.021375516
-0.017898042
-0.079006612
0.030731583
-0.056683641
0.0012816195
0.019418122
-0.0023521422
-0.007652414
-0.01406402
0.050303653
-0.028472403
0.024201155
0.018966012
-0.061041713
-0.040788177
0.000565489
0.010873597
0.039999101
0.07313519
0.048257589
0.051218461
-0.072158247
-0.072287224
-0.050612319
0.024755349
0.018835554
0.041093163
0.05753703
0.011972379
0.030712603
-0.087284178
-0.081899658
0.029559014
0.0009582208
-0.07228899
-0.25818726
-0.044793155
0.00061286933
0.0051008933
0.040692933
0.10754329
-0.024345359
0.066134267
0.066289462
-0.059636664
0.04138517
0.017318757
-0.014275928
0.019884242
0.062776901
0.093849696
0.023183851
-0.025756491
-0.0070404285
-0.020992063
0.030824943
0.026250413
-0.024548456
0.020355148
0.022897527
-0.013861594
-0.040315036
-0.045438144
0.085867397
-0.00077866635
0.10591445
0.019589303
-0.061558019
-0.01689063
-0.060072619
-0.057352524
0.02302815
0.083152212
-0.003190265
0.038710095
0.0061757658
0.016203059
-0.018100662
0.027010942
-0.070166595
0.015647722
0.043814965
0.0083620008
0.010827064
0.021580461
-0.13672245
-0.021392452
-0.00052020303
-0.033662908
-0.045033228
0.0058153933
0.025463762
-0.051256146
-0.022058088
-0.049430542
0.042456999
-0.037513953
-0.0038506286
-0.052846774
-0.02623041
-0.041712113
0.063980564
-0.0219739
-0.041659847
0.014535768
0.0046444992
-0.027727101
0.071105964
-0.0066577918
0.085946098
0.053312819
-0.016764635
-0.030668883
0.020353846
0.067723446
-0.12252814
-0.0027091054
0.015341137
-0.22430824
0.024687042
0.064474106
-0.041022047
-0.012504307
-0.089055911
-0.0022837196
-0.0035884634
-0.065128997
0.018126315
-0.0074990145
0.0698715
0.00011729464
0.028284542
0.071546681
-0.018438078
-0.055655222
0.031438496
0.10771861
-0.011457288
0.028219556
-0.0074024582
-0.03057131
0.058169238
-0.02345138
0.078182667
-0.015660303
0.022337282
-0.080251537
0.057439912
0.041688949
0.053212088
-0.0068167644
-0.10631761
0.0043848827
0.0082367007
0.036337078
-0.073923677
0.012780624
0.0060288324
0.0074019451
0.044089533
-0.069942236
0.015028927
-0.073059142
0.0064748083
-0.045140214
0.017791634
0.025143592
0.046853472
0.092609346
0.00037000503
0.015374798
0.017535202
-0.0058676195
0.017103832
0.075848669
-0.045904409
-0.0014511627
-0.020050062
0.050943658
0.00030053093
-0.010457069
-0.031026494
0.0058319373
0.021310845
0.038918108
-0.051764071
0.055795781
0.011933252
-0.094574802
0.061079651
0.044123005
0.089906693
-0.025349779
0.07700105
0.015259366
-0.031193014
0.0090052048
0.041132588
-0.065719612
0.041826166
0.022427972
0.0045028566
0.084166646
0.09386088
0.083963498
-0.034012217
0.013272952
0.045271695
-0.0032853663
-0.014696917
-0.015542627
0.016943095
0.021212423
0.030607343
0.003229955
-0.035329778
-0.0033556412
-0.012386984
-0.056233067
-0.003543589
-0.053458489
0.078049384
-0.023444599
0.010928809
-0.048151705
-0.057775602
-0.050892644
-0.014409338
-0.017602369
0.028095294
0.036475468
0.037147209
-0.0078414436
0.043553881
0.11309338
0.035397585
-0.022798715
0.015050306
-0.027584879
-0.011659908
-0.009619588
-0.0015899467
-0.041501798
-0.1082342
0.015269114
-0.067298934
-0.11906448
-0.050633252
0.015041932
-0.046855107
-0.072618559
-0.015260856
-0.017452275
0.077147923
-0.13203025
0.058055673
-0.01423811
0.013084176
0.03020421
-0.022947272
0.10587735
0.051533345
-0.043898702
-0.022783542
-0.0042264825
-0.067772269
0.020376209
0.0062752292
-0.072874628
0.024849661
0.011057823
0.019956404
0.055947505
0.0035689792
-0.07544487
0.015584588
0.026768813
-0.038831715
0.073364824
-0.092604809
-0.041438464
0.059477717
-0.012412752
0.014643458
0.049484797
0.034564562
-0.010039885
-0.030966112
0.039159417
-0.013430088
0.068484418
-0.032329168
0.0044247666
0.055033404
-0.023461416
-0.064441882
-0.067444734
0.038725652
-0.0082900058
-0.010411483
0.026532959
0.027295006
-0.034167785
0.078166932
-0.0045098546
-0.013975479
-0.021385778
-0.038273532
-0.072221592
0.034132801
-0.085664526
0.057616893
0.075823151
0.029798977
0.075932637
-0.0073586702
0.047647852
0.03645844
-0.011241226
0.037157197
0.07922329
-0.044054795
-0.0097053796
-0.017038073
0.036963798
-0.039050233
-0.049377408
-0.016226929
-0.053880725
0.019818449
-0.063323297
0.037792429
0.0056209047
-0.058462925
-0.067946814
-0.022186151
0.053732559
0.03048384
0.02332532
-0.032733928
0.0035117422
0.045631994
-0.025938736
-0.096541107
0.0059254612
0.02502254
-0.022337893
-0.044644032
0.017725008
0.022582168
0.091884896
-0.033400651
0.051401548
0.036131933
0.02102703
-0.00050227507
-0.023626503
-0.050534945
0.021307919
0.021784032
0.029918656
0.02067499
0.0085624382
-0.012768529
0.051595058
-0.06598255
0.0022422534
-0.011583519
-0.015005671
-0.0020855353
0.043029893
0.055485658
-0.075931214
0.02635159
0.026574245
-0.0012198419
-9.7470474e-05
-0.0046813455
-0.028527012
-0.034119111
0.0049189278
0.036171082
-0.0015143759
-0.0022874745
0.010843507
0.044075571
-0.0057202256
-0.022325167
-0.034060113
0.029255547
0.0013207877
0.0034444986
-0.011308296
0.0077595296
0.021455256
-0.0055716601
0.057314422
-0.054245159
-0.023284134
-0.017728135
-0.059023723
-0.018002845
0.027536739
0.089096047
0.01702673
0.008628088
-0.081386879
0.085332021
-0.01507445
0.017590638
0.00064363942
-0.028942253
-0.02927709
0.072248317
0.0097804684
0.053430159
0.086683981
-0.10673399
0.094813295
0.0089935707
-0.012918257
0.0081242854
0.072979651
-0.0098107932
-0.0024203772
0.016301073
0.025223052
0.049879719
-0.034710862
0.050297633
-0.055341229
-0.0040447386
-0.019198818
0.00522864
0.0001976918
0.048271552
0.051392633
0.033187341
-0.017653506
-0.026567174
0.022445083
0.067382857
0.063301273
0.047587141
0.044656046
0.09970443
-0.038172524
0.040551122
0.0017255018
-0.012388661
0.014851158
-0.0058529694
0.023558201
-0.01641354
0.016471367
-0.0066106552
-0.076798938
0.033892799
-0.087472647
-0.002126768
0.017088395
-0.029845627
-0.070756666
-0.082282797
-0.062812306
-0.030219618
-0.011436945
-0.048731331
0.0068854662
0.025254566
0.013748148
-0.12418749
0.0066498551
0.025154434
0.042327154
0.044905663
0.041278176
-0.038652159
0.080572195
-0.085015386
0.027497364
0.067673281
0.015886879
0.074459061
0.08259166
0.021277541
0.016458277
0.018862028
-0.026554706
0.020615539
-0.010024612
-0.019554397
0.020896599
0.051334143
0.010593096
0.031309742
0.0033380163
0.058038555
-0.022048874
-0.028821927
-0.01029444
0.037106063
-0.012007198
0.047562476
-0.0015509474
-0.070177659
-0.0048581385
0.047918774
0.012228436
0.022420254
0.067684256
-0.033650372
0.0095871612
0.01676557
0.0089140367
-0.024044385
-0.056048606
0.048332822
-0.015325002
0.088738017
-0.012652044
-0.02007113
0.0013021736
-0.091190338
-0.0048308512
-0.027198462
-0.035192128
0.00340094
-0.0059550311
0.020955434
0.036383074
0.011332665
0.066312149
-0.013290167
0.0097069712
0.035616878
-0.0080326255
-0.085385293
0.0071926275
0.013727063
0.0042914604
-0.029387442
0.044220787
0.00021232493
0.040392719
-0.0086714029
0.016889187
-0.088399142
-0.062632285
-0.031670555
-0.072811134
-0.00033352335
0.016229065
0.04730437
0.0042565437
0.030751893
-0.0024488992
0.047988191
-0.017700855
0.0018872982
-0.066095136
0.0017899395
0.057249326
-0.053446166
-0.027456369
-0.031021271
0.054051112
0.0081351846
-0.026112892
-0.0036907131
-0.23516779
-0.023951504
-0.0020204631
0.026917186
0.022628471
0.00045151511
-0.011480166
0.01487581
0.012580868
-0.0034490481
0.012797235
-0.0064706705
0.01928743
0.035655655
-0.012260763
-0.013415607
0.043477945
0.034589898
-0.080069765
-0.002822615
-0.022012154
0.011213602
0.0065290281
0.020477872
-0.02587175
0.069249608
-0.014345979
0.021050673
-0.072511591
-0.005083276
-0.023466514
0.035316594
-0.01433827
0.020502687
0.010852918
0.02286843
-0.0024215761
0.0054470953
-0.015106837
-0.054396648
-0.05294564
0.03179726
0.017402226
0.03601234
-0.040006731
0.0076416829
0.025448412
-0.020897318
-0.039342981
-0.042279631
0.048613947
0.011486693
-0.0054698247
0.033925276
-0.025206149
-0.086774677
0.0024015568
-0.01665731
0.01254089
-0.048089538
-0.034110993
-0.024143778
0.01134967
0.053228103
0.030708715
0.0020653214
-0.0003570116
0.023681803
-0.046285037
0.028921261
-0.015782934
0.014541382
-0.041875329
-0.00094518822
0.043816742
0.0061976193
-0.028823011
-0.019947238
-0.012484781
-0.044195939
0.039987646
0.015499093
-0.064764887
0.052507207
0.0032786692
0.0065204399
-0.094499327
-0.0049672229
-0.079905577
0.016733337
-0.0044417731
-0.026073894
0.042995565
0.0095220925
0.012848151
0.042818997
-0.012090499
0.029748993
-0.033375572
-0.0058869394
0.03674401
-0.035240673
0.076835707
-0.055786841
-0.036553036
-0.00059235183
-0.018368475
-0.027208695
0.039388422
0.064554147
-0.061125673
-0.038617976
-0.0029487205
-0.008605157
-0.005577866
0.022872839
0.0010300828
0.10143326
0.022417536
0.02150582
0.055099443
0.035587542
-0.013022144
-0.011861863
-0.019126287
-0.0010135104
0.0031870198
-0.066844195
0.0067883641
0.064850911
-0.031857956
0.028096212
-0.026687775
0.032145526
0.01610011
0.011543505
-0.065844499
0.069198914
-0.11565159
0.037570022
0.064892218
0.0031825227
-0.072096691
0.043837443
-0.039522149
0.0097498605
0.032832529
0.041411128
-0.019414768
0.0055730939
0.037957743
0.027968252
-0.066076249
0.0098674549
0.025516422
-0.00053314323
0.038214155
0.073794007
0.023548951
0.019090516
0.013904745
-0.028072722
-0.045889314
-0.00063519389
-0.017430251
-0.0031854415
0.027900612
-0.0093952771
0.0692636
0.027830714
0.028717635
-0.079395957
-0.053421397
-0.050315149
-0.018133178
-0.020970035
0.015911594
0.0059303511
-0.090172604
-0.021221347
0.042308878
-0.04082175
0.063287467
-0.019149162
0.04055832
-0.00052680011
-0.0033540793
0.041804194
-0.018395888
-0.061385062
0.050076533
-0.0017143758
0.032286454
0.061736755
-0.02136022
-0.049439158
-0.0056786351
-0.018572066
0.0061725383
-0.020525396
-0.011146859
0.0010286975
-0.028699728
0.029225761
-0.031776674
0.0024076703
0.031374022
0.034770682
0.0016721961
-0.021197751
0.024760989
0.01296982
-0.084640719
-0.057387799
0.019966856
0.0368139
-0.0060837534
-0.04609517
0.032442998
-0.023199422
-0.048845731
0.028572649
-0.14663988
-0.016453825
-0.016012713
-0.016600925
-0.062701829
-0.085154623
0.03019252
0.018312296
0.015575555
-0.012204129
-0.02042434
-0.12316231
-0.030063646
-0.086059637
-0.058746859
-0.024708005
0.084661588
-0.017812345
-0.019778155
-0.035192303
-0.055274129
0.091171272
-0.059402544
-0.043279305
-0.03343932
0.019636367
-0.0026874002
0.070682354
0.095080353
-0.060164936
-0.069579221
0.017268155
0.034935787
-0.099863246
-0.070507348
0.010708815
-0.043059435
0.0054010535
0.012663991
0.0016942709
-0.18585016
-0.0011826161
0.084909134
-0.074229941
-0.011265034
-0.026719389
-0.025586862
0.095660187
0.011195477
0.016384678
0.012693089
-0.0034450132
-0.037932102
-0.0045013232
0.015389507
-0.00044144772
-0.020385219
-0.041059431
0.014711604
0.009830635
0.053791188
0.032683879
-0.0025025164
0.0096725095
0.0077534253
0.073189043
0.0090062227
-0.043531206
0.001990333
-0.00057759124
0.023106959
0.10716854
0.047696296
-0.051300332
-0.043240182
-0.069776848
-0.07980635
0.074402221
-0.11904693
0.0027038686
-0.017079568
-0.0024621927
0.013810441
-0.068500467
-0.010986552
0.0030438621
0.051775888
0.045207396
0.032666296
0.0038743599
-0.0014295053
0.015539889
0.0008774114
0.0010593322
-0.010478874
0.050468534
0.046441443
-0.022989254
0.060478009
0.0053307125
-0.046512701
-0.047274563
-0.022523878
-0.024115101
-0.036681045
0.042490266
0.037295427
0.016713528
-0.036436364
0.050312463
-0.04876592
-0.053329721
-0.018411357
-0.046661489
0.045578822
0.0083349766
-0.051720135
-0.038191378
-0.018533418
0.060338322
0.011824287
-0.0096714906
0.056636684
-0.025466308
-0.012089822
0.054399252
0.0080742054
-0.061514117
0.028588092
0.013248265
0.023583414
0.067199267
0.01001962
0.0096272938
-0.047239617
-0.021567266
0.083062306
-0.019158818
-0.047769122
-0.067796826
-0.027455587
-0.013795405
-0.032715399
-0.016548133
-0.039883647
0.063149609
-0.027714722
0.0097339945
-0.0061795451
0.060590122
-0.05663982
0.059673496
-0.057637971
-0.018752735
8.9525231e-05
-0.01828678
-0.043797035
0.030387081
-0.041423943
-0.001669978
0.056926448
0.0085970797
-0.11435602
-0.0088694999
0.0025690356
-0.043877192
0.039146416
0.0025983653
0.034607649
0.013721612
-0.063359164
-0.038653627
-0.00014258244
-0.047806088
-0.039121676
0.096761383
-0.04413268
0.05583382
0.072407141
0.0048620878
-0.044549886
-0.012999348
0.045371506
0.048001178
0.026044037
0.008650003
-0.041590445
-0.0066538355
0.0078737801
0.009880349
-0.041216962
-0.026556941
-0.036239926
-0.044528347
-0.022061495
0.0050445115
0.020990243
-0.04184784
0.071979709
-0.061697643
0.0043431898
0.066600829
-0.0033207466
-0.021513011
-0.0031360101
0.045747589
-0.013631091
0.012423537
0.017453538
-0.0062430291
-0.058088396
0.010551143
0.026962765
-0.022587016
0.012464995
0.0010787055
-0.007367962
-0.02663327
0.030858593
-0.021895761
-0.053565636
0.0075773131
-0.048960634
0.035620622
0.041069601
-0.00069984468
-0.0005761183
-0.086034745
-0.020008085
-0.034229577
-0.065217003
0.015898837
-0.028379308
0.0052903597
0.0097390534
-0.00057221536
0.055384517
-0.031978905
-0.082245268
0.027027374
0.012259371
0.010385933
-0.011392757
0.066003934
-0.012970974
-0.046723198
-0.1129205
0.045187227
-0.08170177
0.046191283
0.021441493
0.052222304
0.066193096
0.019320548
0.005572624
-0.022717608
0.043450683
-0.041101884
0.032856066
-0.011345185
-0.018699927
-0.015987737
-0.012055656
0.021346586
-0.03433951
-0.038311098
0.041560128
-0.010678009
-0.04790426
0.014313984
0.012510524
-0.0064122481
-0.010829729
0.042455249
-0.081755571
-0.06274765
-0.0086392183
0.075804234
0.027304733
0.033486523
-0.032659858
-0.047580551
-0.050793402
-0.022462603
-0.0019820773
-0.025232328
-0.010067116
0.034386326
0.031974815
-0.090509929
-0.0092726853
-0.052794706
0.027120184
0.048648778
-0.056493625
-0.012504125
-0.030685097
-0.032570988
0.098703898
-0.060276087
0.042137712
0.014993653
0.038410071
0.0063478705
-0.0738701
-0.04813531
0.033359855
-0.018521871
-0.017626181
0.028612094
-0.0044679539
-0.062401041
-0.038486402
0.022396443
-0.012311812
0.047255181
0.01746279
-0.0041297758
0.028023953
-0.037383504
-0.062207159
0.06575609
0.030787233
-0.041298721
-0.036644652
0.065665834
-0.0035562615
0.016013836
-0.069305055
0.045300003
-0.0043170862
-0.019350387
-0.0057428596
-0.013674429
-0.055115055
0.048955508
-0.021498179
0.041220751
0.031675652
-0.01111142
0.017917795
-0.071857274
-0.027826246
0.027752828
-0.014954535
0.0053808796
-0.0013873489
-0.021924704
0.0042058453
-0.0047295243
0.04782806
-0.074633569
-0.024396319
-0.025331516
0.019533399
-0.013730816
-0.040309608
0.051498957
0.065188698
-0.036711175
-0.018140234
0.0048330161
-0.021821229
-0.01589934
-0.015894104
-0.015672095
-0.041525871
-0.0070186295
0.066069581
0.02862809
0.00077531004
0.022398869
-0.0032559119
0.047296397
0.01965346
-0.081681073
-0.017041693
-0.010635824
0.054656606
0.014254075
-0.0084360056
0.0013329295
-0.056104969
0.060084045
-0.017555606
-0.0066614342
-0.056179006
-0.04264408
-0.001953576
0.014862785
-0.00089091918
0.035594847
0.043472584
0.043364421
0.022122372
0.034128092
-0.035828479
0.040205155
0.10335901
0.062112123
0.00063397019
-0.034995291
-0.050729726
-0.0044358061
0.085522778
0.015094364
0.068913154
-0.025489764
0.007947892
-0.052332457
-0.011837715
-0.054452885
0.024938004
-0.035923004
0.048731405
0.071196564
0.028624641
0.034769874
0.090793356
-0.024942659
-0.007538463
0.03183078
0.01474233
-0.037608244
-0.076811172
-0.033459753
0.093956545
-0.065819532
0.07575278
0.023415497
0.059723292
-0.056773014
-0.081773609
0.013171472
0.038808063
-0.0034539669
0.037649274
0.021132419
-0.054919492
0.028269706
-0.08384376
0.073267132
-0.0065113385
0.03716623
-0.1219208
0.016641149
-0.091854386
0.020886134
-0.022973137
0.071955472
0.0017914374
0.068241611
0.0087373573
0.011970223
0.03685835
-0.00052656268
0.026918378
-0.044638649
0.024249315
-0.028362172
0.011295956
0.021767758
-0.045258909
0.021052321
0.049291555
0.011902138
-0.0090064136
0.010608123
0.054458596
-0.055867337
0.0079657258
0.027251668
0.011256149
0.020666838
-0.11695193
-0.047885105
0.06995602
-0.02297915
0.0044413176
-0.019420495
0.033858277
-0.055937324
-0.028439835
0.038112354
-0.04751062
0.050849985
0.006763278
-0.056091245
0.041942116
-0.12955837
-0.047149334
0.0038856971
-0.064361267
0.074747965
-0.089636683
0.014076385
-0.040977493
-0.024735032
0.063464738
-0.088119306
-0.046615317
-0.04621191
-0.033378404
-0.073233262
0.088753916
0.011269469
0.071199194
0.079611272
0.01939551
-0.11190851
0.024736289
0.049654737
-0.078752227
0.029387906
0.021523496
-0.094906889
-0.067805603
0.0072703571
-0.044069309
0.032016896
-0.05634746
0.075890608
0.0075638015
0.23438025
-0.040513057
0.018757341
0.1155754
0.051681541
-0.01254086
-0.034026373
0.051305696
-0.014855529
0.0066091856
-0.050331585
0.022363039
-0.0010741494
0.00084310101
-0.030861679
-0.016712418
-0.040775239
0.006514173
-0.022851774
0.015447652
-0.13390213
-0.0170493
0.045677871
0.089217603
0.038960982
-0.059228253
-0.041496832
-0.02801
-0.012373767
0.061691262
-0.043027889
-0.053074121
0.13859853
0.049797047
0.053647492
-0.014910989
-0.026885077
0.049144186
0.0074774539
0.1045255
0.012120782
0.029547771
0.020354118
-0.068247728
0.048263427
0.007847162
-0.062590301
-0.1125306
-0.14827362
0.10112128
-0.030421477
0.1259263
0.0091507267
0.12036894
-0.017089292
0.036326166
0.1169765
0.004017123
0.030771267
-0.028880429
0.028482364
-0.035257239
-0.06579864
-0.068534672
0.019323908
0.031753711
0.064381219
0.046919964
-0.0084021995
-0.10196963
-0.0077848872
-0.0557708
-0.05125596
0.037847236
0.040914766
-0.10417414
-0.0081984736
-0.054413226
-0.0048880004
-0.0061801174
0.016522802
-0.051121302
0.060132843
0.11981171
-0.0015549033
-0.076175034
0.077928349
-0.027482567
0.013305058
0.10309893
-0.069867395
0.025595084
0.071680538
-0.039559256
0.011904947
0.014250409
-0.06739293
-0.043867819
-0.061625797
0.031490773
0.069312215
0.023406263
-0.017732231
-0.092747219
-0.016268529
0.025076441
-0.082356453
0.059701297
-0.015403198
-0.0041679572
0.0096964473
-0.090889402
-0.031852659
-0.047497667
-0.083367735
-0.018818961
0.030962128
-0.029709246
0.031413484
0.0059443037
0.020276019
-0.027165165
-0.011161498
0.025358764
0.036563266
0.047591526
0.018373009
0.014355762
0.017401962
-0.10627585
0.051283281
0.019992933
-0.047172401
-0.041483212
0.019195868
-0.058781918
0.028890703
0.045269821
0.0026569746
0.0084281797
0.011917141
-0.043457031
-0.025143154
-0.034605164
-0.063243322
-0.062184077
0.028451284
0.081308633
-0.0049908645
0.019072808
0.020590777
0.033523496
-0.0049725245
-0.0068074078
0.00169789
0.067796327
0.012024535
0.077300057
-0.049274143
0.022197414
-0.03152426
-0.013886001
0.06177612
0.049737003
0.051191177
-0.065996669
0.056748379
0.011655536
0.0149571
-0.015894175
-0.08280655
-0.037591603
0.054811798
0.09481924
0.0010050326
-0.026570586
0.017990962
-0.032731928
0.044157308
0.0078925509
-0.0092727374
-0.048990499
-0.030133545
-0.072073258
0.080316402
0.033927206
0.11409795
0.03737352
-0.025817854
0.025151482
-0.023405034
-0.015818641
-0.0074383165
0.030697607
0.015692532
-0.022967674
0.010172014
-0.02081717
0.020798728
-0.0021795947
0.028811499
0.0096025802
-0.015640365
-0.0031910969
-0.027051259
0.075879186
-0.03903288
-0.078018688
-0.04143738
0.0068564364
-0.0018312501
0.062077459
-0.045120332
0.010777979
0.065020494
-0.023798756
-0.0015677073
0.0060979584
0.015312028
0.074798808
0.012488853
0.037207924
-0.042429272
-0.029482728
0.055282936
0.034880046
0.034106646
-0.04612698
0.0077804266
-0.012488764
-0.022468476
0.068106264
-0.07291697
0.027497752
-0.022436509
0.030074364
-0.053210516
0.00077520165
-0.083514705
-0.0027742242
0.044429623
-0.058198635
-0.035711844
0.047266211
0.066511109
-0.048523743
0.024719765
-0.0067524048
-0.049206752
0.028854346
-0.015290543
0.027328644
0.032211028
-0.013791041
-0.026451826
0.048832994
-0.037156038
-0.01395748
0.029210003
-0.083860978
0.012456844
0.021024453
-0.01619279
-0.010590839
-0.10341113
0.004777085
0.076509841
0.061411377
-0.041515008
0.010941736
0.02235839
-0.024718793
0.084654562
0.026413547
-0.0028791022
-0.025465671
-0.0091600316
0.023659954
0.032416768
0.016876301
-0.022213005
0.0094177509
0.015647868
-0.040070429
0.0018835881
0.022243822
-0.00019821904
0.071536288
-0.052430391
-0.018854883
0.0076499879
-0.0099198325
0.035822019
0.0050497293
0.015767641
-0.045743071
0.037330706
-0.022466131
0.054246787
0.032784104
-0.033364002
-0.045817468
0.02211936
-0.034756828
-0.015859649
-0.022974268
-0.020720962
0.005798656
0.030836115
0.0057412493
0.072382897
0.020478597
-0.10869233
-0.029396193
0.03363549
-0.010607538
0.062734798
0.01036745
0.11151024
0.022329705
-0.0043181228
0.0038264692
-0.10221145
-0.0094834799
0.0027542312
-0.070051327
0.081019118
-0.018731939
0.025345789
0.056259543
0.025422806
0.036950305
0.025365042
0.0011994238
-0.031018188
0.025141077
0.019113902
0.040812869
0.022046166
-0.062152859
-0.048966065
0.06143976
0.0085133426
-0.045661636
-0.059296384
0.0079438612
0.058312137
-0.0068432195
0.01890547
-0.066796549
0.0033937506
-0.030776756
0.0744939
-0.036487143
0.0066238767
-0.075342186
0.042551838
0.03211638
0.017969212
0.05853425
0.0020945037
0.0078496048
0.025476955
0.055451173
0.0060844719
-0.040395606
-0.070039444
-0.028817497
0.083525129
-0.023005061
-0.0007106915
-0.029787602
0.033692248
-0.1082067
0.04828842
-0.017348513
0.064094588
-0.0082606506
0.032753102
0.010979003
0.0040970608
-0.018564038
-0.084187433
-0.072418779
0.052182667
-0.026769342
-0.030606635
0.045230336
0.050345257
-0.026497675
-0.032784279
-0.061158318
0.034056842
0.077301614
-0.053863358
-0.0045780702
0.051964078
-0.034854859
-0.072611138
-0.063079685
-0.067490138
-0.11263618
0.022014385
0.076776549
-0.016719529
-0.027615843
-0.072455764
-0.0080951741
0.068973698
0.0022533305
-0.016421722
0.048399385
0.084030032
0.082417294
0.025344685
-0.034135498
0.030889127
-0.039857894
-0.062715165
0.061093558
0.014878266
-0.038605057
0.019064121
0.0040371134
0.056750488
0.093538456
0.027176276
-0.034041237
-0.048905633
0.060497969
0.053809267
-0.094211094
0.017913433
0.02732547
-0.027231853
0.024900878
-0.045173798
-0.0016107686
0.0048777219
0.0036247573
0.050197892
-0.050731692
0.055220228
0.06535989
-0.00057732448
-0.012736492
-0.031650309
0.047977082
0.0092775589
-0.010657944
0.039675709
0.016217947
-0.062169697
0.026380263
-0.018203957
0.016550761
0.0017342299
-0.039973766
0.039403096
-0.035253763
0.00066119171
0.079365857
-0.03234797
0.0036524422
-0.018862255
-0.035750899
-0.060677294
-0.023981454
-0.052838419
-0.047405362
0.0001322529
0.023414249
0.030987469
0.038308281
0.030559005
-0.010440049
0.011708229
-0.034903735
-0.079959273
-0.014655747
0.030904274
0.0086579435
0.027722586
-0.009505691
-0.016894469
0.060688484
-0.011316206
-0.022620495
-0.029960291
0.075661577
-0.019928195
0.012600632
-0.032068852
0.046316493
-0.01057376
0.0030979984
-0.052790262
-0.059213061
-0.055412184
-0.015995884
-0.0013892888
-0.11124107
0.011259723
0.041700806