-0.04910453
-0.00085136911
-0.042731401
0.046211395
0.077310368
-0.071817674
0.075947531
0.024277657
-0.031991065
-0.019007731
0.029696394
0.023792574
-0.098132044
-0.050258424
0.084584251
0.024261074
-0.0821971
-0.015949188
0.066579945
0.052816886
0.052871179
0.034598593
0.13487238
0.052219465
-0.043226033
0.095195875
-0.047707208
0.043550689
0.072458453
-0.0370466
0.11431321
-0.057013422
0.072150268
0.042532757
-0.030107871
0.072042376
-0.010837716
0.072558157
0.045905329
0.053006228
0.033969238
0.024038501
0.055813756
-0.097429603
0.11610533
-0.070697188
0.066523537
-0.11107244
0.079887576
0.1071422
0.027081691
-0.067650519
-0.0343129
-0.0029330032
0.072094217
-0.076792821
0.019789385
0.14610507
0.06032427
0.0030385305
0.017986219
0.066059768
-0.032727368
-0.081259698
0.082305148
0.082024552
-0.096096031
-0.031093495
0.06779816
-0.044601209
0.057216439
0.015989473
-0.021884853
0.056560285
0.0090139573
-0.0067445058
0.044585954
-0.019609572
-0.062159821
0.026886683
-0.0089596063
0.044415876
-0.1340304
0.061776668
0.041484434
-0.070530258
-0.029499229
0.068792045
0.038534898
-0.039020006
0.013729951
-0.089582868
0.079661585
0.042219531
0.098994173
0.046197504
-0.044954795
0.0062089553
-0.014156786
0.036540739
-0.048013072
0.04882881
0.0095249498
-0.054303162
0.021058483
-0.024811678
-0.042909887
-0.024249075
-0.074978076
0.0087437136
0.045029599
0.019709986
0.036826357
-0.006843891
0.083852001
0.076553158
-0.032610573
0.028336171
-0.13211776
0.15054449
-0.10757419
0.0018566233
0.094465435
-0.05547097
0.090401605
-0.056332942
-0.032479312
0.027920788
0.027488247
-0.023126844
-0.151705
0.048686124
0.020140534
0.02675833
0.055032078
-0.016296906
-0.094764419
0.01835086
0.066419244
-0.065687269
-0.076121107
0.014064442
0.098926052
-0.10023329
0.014296227
0.015384825
0.12155813
0.1531795
0.029166352
-0.055334155
-0.032883681
0.00055492611
0.02861107
0.053042747
-0.018278949
-0.015856661
0.06339819
-0.058431756
0.0022808467
0.08588963
0.079571418
-0.023241747
0.039265569
-0.12775871
-0.033212893
0.058708437
0.011131858
-0.051089223
0.019390143
-0.033928525
-0.095530145
0.039849348
0.029084483
-0.013894376
-0.04804327
-0.013895533
-0.0060021034
0.0054815919
0.031534471
0.11640133
0.07934574
0.0013431982
-0.061499521
-0.09756197
0.021288376
0.032497458
0.021778027
-0.037686672
0.097911254
-0.055183545
-0.021352606
-0.0022159445
0.045461439
-0.063320324
-0.067675583
-0.047621507
-0.034270436
0.037328117
0.061953753
0.042048469
0.0092147216
-0.025154077
0.061121739
-0.0047000581
0.055484686
0.086793005
-0.059644856
0.0012856581
0.065167412
0.011279132
0.036644612
-0.07987687
-0.082279146
0.040210813
0.035698842
-0.028809261
-0.068318933
-0.090227783
-0.0033196472
-0.027226141
0.018815961
0.067603171
0.039426629
0.028105898
0.00029896366
-0.10492665
-0.060387194
0.058647137
-0.1100683
-0.025131503
0.065838225
-0.082568437
-0.005793306
-0.020835053
-0.014730889
0.047594853
-0.12035502
0.0065989611
-0.045770288
0.10766618
0.041753795
-0.0026850947
0.019550201
-0.07601653
0.055670764
0.04527976
0.045589007
0.025310345
0.054470476
-0.022685504
-0.063751891
0.0064727538
-0.06168275
0.09742
0.015662961
0.0035430186
-0.083325379
-0.021586543
-0.14106417
0.02487525
-0.086052507
-0.088969626
-0.028441094
-0.03698248
-0.11006673
-0.031768702
-0.011617348
-0.071217231
-0.014380177
-0.044371381
0.043998461
-0.041600872
0.016790239
0.039899379
0.041909821
-0.11761924
-0.1001597
0.064103939
-0.032793801
0.061339375
0.092347473
-0.056175131
0.046388809
-0.071990348
0.042063452
-0.038483702
-0.019362299
0.019281756
-0.017872028
-0.057249084
-0.0022752443
0.05361985
-0.026914464
0.035341635
-0.057752829
-0.028857779
0.012512572
-0.088772975
0.061530627
-0.048187554
0.055654373
-0.1628066
0.043846283
-0.056000125
-0.048344944
0.073460914
-0.0094531476
-0.012986699
0.065603219
0.039359245
-0.033052299
-0.09438888
-0.10832883
0.019201703
-0.063404337
-0.061052658
0.022657506
-0.052957099
-0.039956719
0.022055389
0.0079328446
0.050975442
0.028554179
-0.011998331
0.045509677
-0.028139172
0.011680549
0.010248015
0.04755133
0.078908443
0.0091095585
0.029754722
0.065192014
-0.065612458
-0.036021642
-0.020295812
-0.0039387117
-0.022672687
-0.13390398
-0.024840312
0.0091247857
-0.0267983
0.12351001
-0.093725301
-0.05773326
0.037609089
0.027745988
0.026970662
-0.0095370812
-0.055297356
-0.018029628
-0.079300039
-0.016884033
-0.061424293
-0.0085906135
-0.057666376
-0.049826935
0.022389695
0.036867451
0.044654362
-0.16319175
0.08700227
-0.065595441
0.044219766
0.032185633
0.032502253
0.038306445
-0.017064221
-0.1091034
0.055788975
-0.054879662
-0.061769761
-0.027724402
0.01534945
-0.027007399
-0.028224634
-0.025911486
-0.070326135
0.01436964
-0.044771206
-0.035806507
0.11333095
0.015637528
-0.038703617
0.071752451
0.13601412
0.051670227
-0.07847663
-0.011530895
-0.041783985
0.0033887543
0.052664779
0.037962209
0.0093635507
0.059103169
-0.0097072227
-0.0079326164
0.058650583
-0.013553906
0.0094242115
-0.015790561
0.017233137
0.0066621155
-0.060381461
0.1161624
-0.018126901
-0.036963623
-0.22087505
0.056484457
0.0017966357
-0.0056450134
-0.10590493
0.067300275
0.041444212
0.046850033
0.043531243
0.096579432
-0.0022537233
-0.014840442
-0.025236543
0.019103056
-0.023785722
0.055530187
0.085460044
0.084471755
-0.012251181
0.0036548432
-0.096607283
0.088812158
-0.016564647
4.5096604e-05
0.020789051
0.029098576
0.0096443342
0.0072745015
0.0080612032
-0.044777047
-0.11105856
-0.069018587
0.021427661
-0.1087204
-0.071488
0.074550644
-0.12403057
-0.14591908
0.072700851
0.037910663
0.067483634
-0.05198675
0.10115022
-0.048807908
-0.13934238
0.025429875
0.066102773
0.037976358
-0.0029601648
0.00012275382
-0.019021779
0.062305126
-0.005806155
0.018336046
0.010737579
0.030199071
-0.0081014298
-0.041357826
-0.078747228
0.011308255
-0.10389315
0.08480452
-0.0021983916
-0.070605427
-0.066395998
0.0030194812
0.02645993
-0.014920131
-0.10587844
-0.085200645
-0.0092165573
0.11196239
0.015348976
0.078430437
-0.062393915
0.035686906
-0.067010507
-0.10382634
0.0027203585
-0.053731952
-0.10977437
-0.097308196
0.016588751
-0.025270207
-0.035291314
0.052072108
-0.021053839
-0.01898005
-0.062961988
-0.05352008
-0.16537705
-0.052997537
-0.089501686
-0.054034185
-0.1050898
-0.079953142
0.055879962
0.049397323
0.016154129
0.01253519
0.019529475
0.098178878
0.010013514
0.016691323
-0.12551793
0.054864667
-0.010060353
0.067734778
0.044959154
0.059785001
-0.042774364
0.019232603
-0.067566223
-0.067045026
-0.090189993
0.026293328
-0.12507215
-0.14524122
0.085976861
0.064465366
-0.077598915
-0.17038733
0.077944472
0.016960422
-0.18001048
0.052595153
0.011036727
0.038540985
-0.032251295
0.0094532864
-0.1203865
-0.012237566
-0.041887652
0.060088851
-0.16746615
0.017313225
-0.0058724852
0.0067924829
0.0023468148
0.0070947036
0.032574333
0.025363704
0.081171602
-0.099397339
0.07776358
0.072456881
-0.0033566582
0.071463503
-0.20307149
-0.0082845334
-0.16655476
-0.068275742
0.023765106
0.034079473
0.063165642
-0.022492198
-0.068784952
0.007553352
0.017680589
-0.30018282
-0.11405037
0.024076724
-0.031611972
-0.043752626
-0.0046820748
0.036215506
-0.073890477
0.00059356604
0.052661471
0.017865852
-0.022623921
-0.11115817
-0.062716126
-0.0013557383
-0.076707676
0.0095740622
0.037087541
0.061650533
-0.12777254
0.12229107
0.014567278
0.15344737
-0.15913682
0.036731835
0.086030103
0.068374738
0.010583761
0.01991496
0.063502856
0.011919787
0.063589238
0.026463997
-0.014483519
-0.077516854
0.022960411
0.031889755
-0.038369883
-0.10662905
-0.029508067
-0.027071711
-0.0020276781
-0.0085420758
-0.0010322119
0.16410676
-0.0078586359
0.0051529137
0.12069589
0.024372499
0.10667443
-0.07135836
0.060065698
-0.041985251
-0.036840621
0.0680511
-0.063117534
0.092467099
-0.073972657
0.043409057
0.083049558
0.031687558
0.028190598
0.030520858
-0.043640945
-0.010308735
-0.022896091
0.01285283
-0.048994921
0.057348277
-0.15963124
0.029136727
-0.044168174
-0.032741982
-0.016871972
0.080029115
0.036898233
0.037680563
-0.0094167767
-0.0036419837
-0.043089259
0.045357432
-0.20527598
-0.11560205
-0.080851056
-0.080149002
0.025646662
-0.13839714
-0.025648901
-0.10063181
-0.035695098
0.12864371
0.079143673
-0.058139123
-0.071878813
0.038622491
-0.01270594
-0.069891907
0.012842593
-0.0414121
0.016408963
-0.018147416
-0.14348333
0.019250648
0.067585744
-0.040537607
-0.065178879
-0.077756763
-0.01194442
0.14601143
-0.098811612
-0.11885619
0.0072867083
0.093877256
0.014219558
-0.076967195
-0.16949873
-0.015883107
0.0085123181
0.019383099
-0.12014432
0.038066223
0.019868184
-0.036616784
0.02365133
0.075062051
-0.015429775
-0.023894772
-0.10348032
-0.035690911
0.092428543
-0.0096758651
0.038249537
0.075753264
0.0047607822
-0.041420575
-0.070156105
0.091212146
-0.0043497221
-0.015726807
-0.01235183
0.09707737
0.13629994
-0.050669674
0.014252904
-0.075346567
0.042645048
0.058741294
-0.078817576
0.0019368918
0.031316441
0.03385222
0.11003081
0.021648884
0.12217985
-0.13454102
-0.086325668
-0.075185075
-0.0083390949
-0.0079804286
0.0085329954
0.065022461
-0.02001725
0.0066984994
-0.013658678
-0.040422101
0.0078148954
0.072697043
0.11605258
-0.060458761
0.013029465
0.00099516893
-0.084812336
-0.033189081
0.0086811483
0.0073997783
0.026852567
0.0019474641
-0.023987703
-0.034576289
-0.077329516
0.0035771183
-0.089754917
0.17201543
0.052276641
0.092470773
-0.12736093
0.017178558
-0.08624272
-0.088663206
0.031176828
-0.029388195
-0.0015468204
-0.04687392
0.04095909
0.044483904
0.0036965045
-0.0094283763
0.10224124
0.076712266
-0.029006587
-0.036429577
-0.054071903
-0.051299173
0.010678845
-0.024780912
-0.073560096
-0.0022704296
-0.0047635273
-0.094913177
-0.044699036
-0.077221557
-0.043634716
-0.015028371
0.057386033
-0.079028964
-0.0011555841
0.024031242
0.0043153674
0.039314833
-0.030466394
-0.03714665
0.022879427
-0.13218465
-0.08533074
-0.0136395
-0.17063875
0.0013464263
-0.066135146
0.031048292
0.027247308
0.080277801
0.031365149
-0.0063047339
-0.015825454
-0.053093549
0.03087529
0.053215992
0.029450646
-0.05828106
-0.033704873
0.10876635
0.12052203
0.0016985339
0.055686612
0.063984819
-0.14713742
-0.060867105
0.032052729
-0.044656266
0.071758009
0.037895478
-0.0024596001
0.061958626
-0.012920987
-0.013697185
-0.083519369
0.060663961
0.015601338
-0.066477947
0.0089569492
0.0079953438
-0.0084225433
-0.099725842
0.070341095
0.014362928
-0.017805908
-0.074451521
-0.11638531
0.04741792
-0.088155501
-0.088349819
0.045007564
0.040308896
0.029634014
0.0051606819
-0.11096804
0.019835297
0.037665583
0.05129943
-0.049902175
-0.084023573
-0.069435015
0.036688749
0.10753572
0.076722547
-0.0038791741
0.028984679
0.054981489
0.069153294
0.041189481
-0.091453984
-0.03995131
0.0065769968
-0.0095231179
-0.041804705
-0.063247316
-0.15463001
0.067102782
-0.088944308
0.019285245
-0.075624749
-0.03272377
-0.076161779
-0.13167287
-0.092472918
-0.16761652
0.037667956
-0.047186222
0.0015879624
-0.033038475
-0.071345828
0.019480722
0.034521934
-0.047042247
-0.018299112
0.020249639
0.10689738
0.0269274
-0.020531358
-0.038123317
-0.0068904129
-0.015464346
-0.090864718
-0.094241835
0.085645758
0.043147843
-0.14931254
0.034111787
0.0029726194
0.066600494
-0.029573724
-0.0031730107
-0.005954843
0.021530649
0.024899194
-0.13325313
0.071759053
-0.050124202
0.046664387
-0.13201292
-0.0077935429
0.095879562
-0.095327236
0.061376818
0.062050965
-0.091735758
-0.016644193
-0.03605986
0.094898082
-0.12018148
0.10208207
0.046887878
0.017428268
0.0032817069
0.012976988
-0.0053813751
0.070759729
0.065119781
0.039582394
-0.093458094
0.10644959
0.13093372
-0.0096927257
0.013484065
0.042065326
0.0029079702
-0.029544512
0.068180345
0.066092066
0.069387078
-0.11850906
0.01609578
0.024640277
0.025663804
-0.013086994
0.13733412
0.068532132
0.025537925
-0.12419394
-0.0082778838
0.12065916
-0.018853517
0.027131839
0.11503178
0.0089788474
-0.049123824
-0.038017441
0.031208949
-0.038064245
0.099703975
-0.0047951159
-0.007693727
-0.025760749
0.056634523
-0.011796039
0.00068027101
0.09184555
0.057598908
0.05913303
0.049211543
0.026799005
0.0037070599
-0.024026206
-0.021891609
0.11910773
-0.099663615
-0.086573549
-0.01018169
-0.071299769
-0.00055930932
0.057980377
0.028002871
0.10381876
-0.03533233
0.012334673
0.11168829
0.038828656
0.043644004
0.019125512
-0.050273638
-0.042226195
-0.0685969
-0.11172809
0.069175422
-0.024640534
0.024805762
0.024949493
-0.031385109
0.066908821
-0.053993728
-0.017324686
-0.1623151
-0.018666327
0.15517984
0.060124826
-0.086353898
0.079418704
0.057845924
-0.055785898
0.10150988
-0.022860631
-0.0019908159
-0.074916571
0.0067105894
0.067235745
-0.094181634
0.016213609
0.16214786
0.11419769
-0.061069977
0.061376046
0.091671333
-0.040107533
-0.063859135
0.0086874226
-0.0060267402
0.14211436
-0.024874894
0.038768779
-0.040505201
0.093745008
0.13355199
0.13004756
-0.076801151
0.033752847
0.019131573
0.052927427
0.067690074
-0.21825649
0.15324552
0.093247727
-0.11118507
0.077479936
0.00056467857
-0.040312029
-0.0036157677
-0.044814847
-0.065444671
0.12193269
-0.10772661
0.018116342
0.15757743
-0.019311594
0.039226469
0.050271515
-0.03883278
-0.056881603
0.048610482
0.0086428411
-0.034955535
0.085551582
-0.060135197
-0.050803073
-0.078355134
-0.055809293
-0.003261419
-0.0024638544
-0.17979763
0.071177363
0.058150806
-0.1158288
0.12597527
-0.07509999
-0.05108048
-0.073168419
-0.076406993
-0.17552438
-0.015980946
0.069724821
0.085961305
-0.067302659
0.080752343
0.12924777
0.00025292308
0.19168532
-0.051675521
-0.0048722285
-0.053932406
-0.04110593
-0.015836131
-0.018905018
0.053067565
0.031243816
-0.050161324
-0.0052504446
0.014093894
0.029729646
0.025240816
-0.05854851
-0.018127285
-0.049186137
-0.034728382
-0.030602466
-0.15106155
0.030616246
-0.078542255
0.18410625
0.057271045
-0.069800831
-0.0056431224
-0.053059038
0.056264687
-0.054500684
0.07815256
-0.061182756
0.0027073505
-0.021785179
-0.00791285
-0.088851839
0.029054701
-0.0032530762
0.10488279
0.042554695
0.081289046
-0.019678732
-0.043819688
-0.0034546314
-0.069330476
0.040454388
0.071580462
0.10272061
-0.081738763
0.13040209
-0.043715157
0.05189658
-0.016453022
-0.021474419
-0.025885396
0.084535077
0.032556932
0.068082668
0.10216992
-0.068932377
0.084784321
-0.026717821
0.034091547
0.0040904316
-0.039374534
0.06463109
0.053918775
-0.1259356
-0.012720701
0.052464303
-0.092115626
0.0014979958
-0.092178918
0.044030011
0.12841582
0.039369535
-0.078303598
0.052149605
-0.063311793
-0.038200688
0.024277829
0.023435153
0.068261854
0.1311464
-0.12498787
-0.050816499
-0.073014341
-0.14499152
-0.08778879
-0.11514897
-0.023942437
-0.14798449
-0.056843106
-0.29004616
-0.030575057
0.19779897
-0.05694373
-0.0003729423
-0.0082654739
0.0026839289
0.1203095
0.30470127
-0.048091531
-0.24571003
-0.25916275
0.00308661
-0.26252022
0.020527812
-0.076547362
-0.043108534
-0.057922736
-0.091996938
0.05917215
-0.042845685
0.014794193
-0.071812801
0.11189596
-0.098635554
0.072651081
-0.18210976
0.046769246
0.063683845
-0.045390811
-0.033341825
-0.051838547
0.033604197
-0.0059728781
-0.008041719
0.041313399
-0.0067633321
0.13140446
-0.0039418656
-0.038007017
-0.13433725
0.076457411
0.076391913
0.026530696
-0.089144766
-0.055714808
0.051413771
0.021702599
0.024858179
0.030367538
0.02732305
-0.048698496
-0.016165232
-0.021046031
-0.062062692
-0.078434654
-0.056805216
0.056795903
-0.035511002
0.014273717
-0.053047977
-0.061862398
-0.042706281
-0.0085695693
0.094766736
0.14292865
0.043143261
-0.094046369
-0.0575004
-0.021671111
-0.077791713
-0.011253509
-0.27058983
-0.10554667
-0.13466957
0.065950654
-0.062885515
-0.1481521
0.057691388
-0.03183328
0.030136367
-0.048862848
-0.092034265
0.096570998
-0.021982256
-0.081278034
0.070857987
0.02016609
0.019398529
-0.062735468
0.13544196
0.0042269533
0.021284411
-0.11713545
0.082734302
0.11487322
0.0033274731
-0.012763303
-0.030176435
0.0089157699
0.016704829
-0.069379881
0.015182622
0.036327183
-0.17786847
0.26935169
-0.045581374
0.0023900287
0.10882398
-0.060337979
-0.024074886
0.048098993
0.0041139997
0.01076788
0.051128756
0.1153564
-0.066134892
-0.23068361
-0.070632406
-0.073388696
0.12420499
-0.050405361
0.016698338
0.065555602
0.047288526
-0.12271519
-0.019297866
-0.16992889
-0.045273602
0.065649927
-0.0044431062
-0.02149071
-0.021706583
-0.061197393
0.05735993
0.049684297
0.010929721
0.084887318
-0.052305408
0.02377522
0.058945775
0.023008548
0.01102643
-0.025890755
0.026689846
-0.062062554
-0.1375249
0.06040515
0.064022519
0.15032978
-0.015231624
0.052318014
-0.07101211
-0.17208751
-0.13954312
0.090706117
0.019453924
-0.0088290507
0.015279486
0.067894623
0.031105192
-0.023127984
0.02496017
-0.10116471
-0.11647126
-0.11202884
-0.008090823
-0.011095174
0.14803654
0.11539216
-0.030903291
-0.027176544
0.13667658
-0.077776521
0.069777578
0.016551154
0.094506279
-0.015356983
0.01754247
-0.24407558
-0.044899419
0.075141735
-0.059683464
-0.10781423
0.038453482
-0.014614381
0.043643214
0.077447906
-0.085167743
-0.087824114
0.038973201
-0.07812877
0.015408264
0.018306999
0.050248038
0.036216147
-0.17685193
-0.019790031
0.068946473
0.0024034621
-0.020105038
0.075516522
0.1859677
0.050136182
0.05077818
-0.055729348
0.025221853
-0.12237992
0.085133426
0.023870559
0.1034971
-0.17838731
-0.037705258
-0.034503568
-0.062463965
0.050730642
0.097968273
-0.012292626
-0.039659597
0.035599545
-0.013615764
0.020430516
0.013065226
-0.02137064
-0.014208314
-0.047708254
-0.12368293
-0.16110678
-0.010354024
-0.052976791
-0.047878191
-0.064063065
0.027792355
-0.037442636
-0.012771118
0.1616092
0.011283529
-0.045402266
-0.17734408
0.059724733
-0.072535604
0.018688455
0.030496141
0.076230362
-0.0037388904
0.022556828
0.002157361
-0.11166059
0.093449131
0.12124525
-0.043226276
0.12492758
-0.051147822
-0.081002071
0.17587577
-0.077250816
-0.25621763
0.020965971
-0.090835229
-0.094049841
-0.010425639
-0.0022429947
0.024354134
0.25333053
0.07395336
-0.038953211
-0.0025763176
0.12990925
0.032843519
-0.06547606
-0.011234972
-0.006591849
-0.011571647
-0.0094155576
-0.13811083
0.00043977989
-0.065999769
-0.0095216604
-0.13118395
0.078792617
-0.15673314
0.003172412
-0.10784854
0.050851934
-0.056191899
0.068392448
-0.018462609
0.032446224
0.080678828
-0.093793161
0.031673089
0.047805082
-0.098842539
0.044637404
-0.079418838
-0.0323155
0.17451078
-0.13481754
0.077119932
-0.060059387
0.051772647
-0.010778639
-0.037417091
0.10843255
0.09778367
-0.078807086
0.03074261
-0.036629714
-0.039937884
0.11965985
-0.077230707
-0.038517792
-0.027793806
0.024791613
-0.026474871
-0.038015582
0.06747552
0.065178894
0.029776674
0.035341457
0.026876094
-0.021562874
0.052606765
-0.0021197519
0.020499449
0.082416691
0.036622502
2.9880028e-05
-0.027123667
0.12008004
0.080839887
0.10203578
0.063347839
-0.11900797
0.12776463
-0.027407123
-0.054402977
-0.089927606
-0.0071085389
0.10461421
-0.0089314105
-0.0068039927
0.014080619
-0.025614332
-0.026394602
-0.0094795749
-0.12138823
0.12464162
-0.095916167
-0.016918734
0.010984823
-0.023973716
-0.043838225
-0.0055984231
-0.03902065
-0.018242117
0.00056305202
0.016130123
-0.0046751699
-0.024722774
0.0032820923
0.074566998
-0.0039881738
-0.015208674
0.031631395
0.064303845
-0.036144491
0.030846935
-0.020125428
0.010026369
-0.21034767
0.034277771
-0.035113566
-0.040539268
0.15232533
-0.11154041
0.032321215
0.039285418
-0.081065893
-0.10083617
-0.041362252
0.12327776
0.055821728
-0.081086233
-0.10655005
-0.077678047
-0.065576948
-0.040965773
-0.075852171
0.0047698249
0.028479569
0.027411621
-0.028340032
0.064127557
0.026396761
-0.0029305499
-0.041319199
0.12402729
-0.020278009
-0.059661195
-0.082169823
-0.070123889
0.005587515
0.020718586
0.068259932
0.019912414
-0.049701128
0.38581863
-0.030123603
-0.041914873
-0.064366005
-0.098629154
0.092532337
0.05833723
0.052098602
-0.08873447
0.00093622354
-0.040044252
-0.14942774
-0.0044930391
-0.10058309
0.014182954
0.016983448
-0.10137746
0.13394767
-0.011506971
0.020814162
-0.025993343
0.054194372
-0.060786813
0.011041442
0.06402085
0.040922847
-0.072187789
0.010129355
-0.1527985
0.03026817
0.014756162
-0.086046338
-0.01097613
-0.15332805
-0.018921709
-0.1847719
0.046998885
0.07863196
-0.1465328
-0.012988671
-0.10505543
0.015002811
-0.053523265
0.077354513
-0.0011242549
-0.0037807953
0.039715432
0.02832929
0.10876317
-0.07366842
-0.03079905
0.034150757
0.0042072763
-0.034795079
-0.078664929
-0.088962168
-0.039064713
0.037420146
-0.027493009
-0.069590367
0.009991629
-0.14127186
-0.035053045
-0.035503965
0.044183895
-0.10176842
-0.033599094
-0.099193729
0.14848085
0.21086743
0.083097287
0.022908863
-0.071339026
0.031935047
0.014403686
0.11429501
0.075831912
-0.032628119
-0.019091651
-0.058870055
-0.077933595
-0.023699043
0.079306848
-0.025480118
0.095681056
-0.10735388
-0.066257693
0.014057035
0.0055238414
-0.27146271
-0.04045292
-0.053139582
-0.08283031
-0.01362575
0.012551223
0.011330985
0.008658139
-0.049966797
-0.050774049
-0.069239467
-0.07716652
0.0427786
0.072606504
0.018718213
0.013644253
-0.10509518
0.081922784
-0.12635154
0.067620479
0.079760134
0.028779035
0.034763366
-0.010427251
0.032474678
-0.084845871
-0.13238934
0.075544238
0.016880414
-0.057697374
0.055619299
0.065579861
0.061399296
-0.0010357816
-0.11382741
0.02070668
-0.0071049421
-0.042984255
-0.0031230531
0.06225697
-0.07783369
-0.030685291
0.055314731
-0.055006642
-0.036429659
0.049843453
-0.015750011
-0.028300242
0.035446782
-0.00082791527
-0.012728338
0.010208544
0.055508718
-0.13930514
0.0077242469
-0.041834868
-0.045080233
-0.0041535455
-0.079125516
0.054855861
0.029526055
-0.046242438
0.005275215
-0.030373592
-0.00034083828
0.019623272
-0.073717438
-0.018725066
-0.015272682
-0.0068936804
-0.13040514
-0.020438211
-0.027363515
-0.015669007
0.057010539
-0.03853067
-0.058953222
-0.03032369
0.03848131
0.074620672
-0.028248541
-0.018826872
-0.031763803
-0.0018386748
-0.028933944
0.0057248264
-0.0026565697
0.0012359332
0.063055545
-0.053371269
-0.026321687
0.042764913
0.020705201
0.067991547
0.0073874467
-0.020727379
-0.071883045
0.052246414
-0.075299747
-0.046530917
-0.0045897546
-0.071792826
0.079310298
0.067294866
-0.076015547
0.055323679
-0.15406033
0.0017685738
0.033418037
-0.086994611
-0.072192699
-0.033853151
-0.046065893
-0.032155853
-0.029660199
-0.061086174
-0.064026669
0.028694404
0.10288918
0.051100791
-0.056525514
-0.0402162
0.017740142
-0.060769107
0.065423734
-0.039992079
0.054768566
-0.052125335
-0.025908304
-0.059219249
-0.074457198
0.0098974844
-0.11715046
0.010191003
0.010077448
0.051509503
0.025350466
0.023750452
-0.043703951
-0.062583633
0.037253622
0.0056244843
-0.038735673
-0.05595056
-0.10284083
0.018129835
-0.13914323
-0.0052604917
0.0076136626
0.033668745
0.0040239166
0.056606814
0.046027265
0.086593531
0.049758933
0.08438576
0.035026673
0.071959294
-0.030722419
0.098005518
-0.068893805
-0.053781476
0.026736612
0.00093644625
-0.017487099
0.020656113
-0.0085264528
0.044716399
-0.009564261
-0.049303729
0.039009575
0.034330063
0.004433658
-0.018733788
0.0019999193
0.01291177
-0.092569582
-0.015424665
-0.038219213
0.038996298
0.064741343
-0.006907294
-0.0072354767
-0.021773595
-0.03741258
0.032225639
0.019874675
-0.028119804
-0.041117024
0.019295482
-0.044020645
0.056810576
0.054896526
-0.047507636
0.016425943
0.0044402969
0.016416071
0.051584281
0.045376342
-0.064490184
0.029112855
-0.040601294
0.060265511
-0.054463934
-0.0014977547
-0.018694317
-0.039724499
0.026750835
0.054379046
0.015350007
0.023940019
-0.053863529
-0.072123431
8.930735e-06
0.07150393
-0.02158194
0.13594532
0.010689919
-0.16231607
0.1014384
0.064343564
0.049485441
0.0047245757
-0.022092208
-0.047582582
-0.031761345
-0.095930628
0.049902029
0.059014637
-0.032350067
0.064499199
-0.038631104
0.0026825764
0.044361502
-0.088506229
-0.042768199
-0.027477361
-0.01322519
-0.02930356
-0.0022718173
0.0089323465
-0.022896204
-0.092865258
-0.04767254
-0.03955609
-0.062987164
0.079177447
0.07610102
0.061340075
-0.10817965
-0.10283346
-0.013108673
0.07422249
-0.0089276042
0.008900159
-0.02428231
-0.11589243
-0.033312954
0.00036659293
-0.0018946559
0.026721073
-0.015486668
-0.032830723
-0.069776535
-0.0036267294
-0.026425898
-0.093767814
-0.02300055
-0.047789458
0.050180648
0.019507511
-0.010643579
-0.15329255
0.056700256
-0.040231492
-0.014797361
0.0062636761
-0.05568289
-0.06829986
-0.0016093673
-0.018892344
0.0012015252
0.042528369
0.098763026
-0.0073754727
-0.081761152
-0.020639563
0.051176179
0.015793616
-0.0019313912
-0.064201251
-0.065236852
0.054891206
-0.08052288
-0.058582757
-0.01228748
0.0074196756
0.027362473
-0.012363225
0.054230254
0.017005596
0.0046291789
0.019038556
-0.011232655
-0.014992629
0.019000715
-0.028769262
0.016434247
0.058417067
-0.043657199
-0.025305456
-0.022507049
0.016834114
-0.013265539
-0.04884756
-0.035007771
0.022919448
0.0062423986
0.019273717
0.0056073228
-0.043131731
-0.014755016
0.036100194
-0.01313528
-0.082943827
-0.043641035
-0.044383992
-0.090553723
-0.031681076
-0.023118975
0.009894195
0.048169829
0.0041362699
-0.068799309
-0.046675026
-0.014668325
0.060280055
0.015655164
-0.033141606
0.00075587694
-0.048636217
-0.032282747
0.048772998
0.0090836044
-0.062346537
-0.024710154
-0.050903037
0.012130873
0.0056888154
0.066596821
-0.0059041712
0.015927285
-0.23659274
0.037404753
-0.18504786
-0.015348202
0.0027190854
-0.12115403
-0.043795161
0.028726757
-0.03600039
-0.11734011
-0.10757092
-0.089190371
-0.053530261
-0.0151724
0.013262958
-0.023768608
0.024128661
-0.0061749606
0.12120551
-0.054264978
-0.041326296
-0.0037742781
-0.0038545143
0.016394963
0.025934294
-0.045762777
0.011143448
-0.055276833
-0.0068521812
-0.039901871
-0.083339907
0.030010873
0.00055636687
0.013552159
-0.039513338
0.087372594
0.042177312
-0.012329
0.057516761
0.042035375
-0.043757707
-0.050630115
-0.026602935
-0.044590734
-0.071842961
0.022840831
-0.052356247
-0.096212067
-0.16547064
-0.021348035
-0.12162616
0.012612533
0.053339485
-0.051688489
0.014479399
0.018316934
0.0058798576
0.099158034
-0.012322559
-0.079209447
0.055373032
-0.071032725
-0.11816685
0.049913876
0.0061922329
0.059701163
-0.050413452
-0.10023359
0.030108897
-0.047385231
0.028853135
-0.062134929
-0.071681447
-0.047590025
0.10707593
0.014587916
-0.014654034
-0.0095459707
0.010741184
-0.011439255
0.074173093
-0.02859983
0.0055462299
-0.15493463
-0.049777694
-0.022505112
-0.020469232
-0.042727601
0.06828551
0.058107309
0.071134061
-0.04807207
-0.088114105
0.042105015
-0.083189391
-0.045937568
0.11917848
-0.021640062
-0.01227776
0.046592772
0.051711842
-0.064106919
-0.042961184
0.052651525
0.078936726
0.047635656
-0.045463551
-0.0067518489
-0.082476392
-0.045036882
0.059315138
0.0032960176
-0.0069957646
-0.082635872
-0.037443984
0.041089367
-0.012833013
-0.033980004
-0.036526028
0.051861856
-0.018808857
-0.076434352
-0.040357936
-0.0044201468
0.0084474962
-0.0011366204
0.023453349
0.06119395
0.030920183
0.011353404
0.0051492499
0.0074816262
-0.082028411
-0.011385228
0.014508749
0.089509033
-0.087050252
0.044790935
-0.0099287583
0.093234368
-0.023780869
-0.023725932
-0.071109906
0.043529145
-0.19550191
-0.052453551
-0.054047607
0.11334063
-0.055070959
-0.080702014
0.024290772
-0.11101992
0.06496267
0.089553669
0.015555517
0.0087478831
0.20546375
0.0078683551
0.28661284
0.047674961
0.022924116
0.11988459
-0.012949916
0.090226255
-0.15155044
-0.013692506
-0.10940939
-0.026986845
0.12565394
-0.176834
-0.10414106
0.071929477
0.13536288
-0.054542445
-0.044194676
0.087445967
-0.0053540757
0.01036022
0.026857447
0.16761784
0.063588887
-0.071022861
0.22189598
-0.044095568
-0.18438464
-0.099528216
-0.085362576
-0.03944777
0.068031453
-0.10497941
0.0096815061
-0.11628167
0.10506979
-0.055182625
0.055180732
-0.24128573
0.1224177
0.02324185
0.097877182
-0.10698735
-0.061610512
-0.024345784
-0.085499585
0.041233823
-0.17263664
-0.067743227
-0.1064544
0.041577239
-0.12529045
-0.018369498
-0.037282716
0.23773851
0.31560513
-0.086902708
0.055943444
-0.10843212
-0.04857181
0.026462957
0.012285468
0.13401568
0.17778608
-0.053079862
-0.074845597
-0.003415287
-0.014987147
-0.052166123
-0.083062261
0.025241947
-0.097192913
-0.12430215
0.033583727
0.020002324
0.22951493
0.044237111
0.26496035
0.067203179
0.0027826389
-0.045897875
0.18530844
0.15795036
0.020274695
0.19180074
0.11816759
-0.0028483255
-0.066852279
0.0879962
0.10858938
-0.020786507
0.036988903
0.01288101
0.018815363
-0.11298103
0.21428806
-0.033905789
-0.0024248385
-0.079084769
0.16819364
0.31646332
0.023354016
0.0010891337
0.1656294
-0.084960632
0.067165725
0.07338658
0.09461005
-0.005803789
-0.057589311
0.023691123
-0.048184488
-0.078405365
-0.0052330638
-0.073708981
-0.075371362
-0.095472991
-0.080302283
0.19740391
0.22095475
-0.17070153
-0.024821239
-0.023986578
-0.11151478
-0.13086967
-0.078296669
0.063381746
0.13173458
0.027093373
-0.072556965
-0.027481183
-0.0010431625
0.018235736
0.058892976
0.037077062
-0.020953758
0.0093918387
-0.014440387
-0.035862699
0.0033830819
-0.039084021
-0.097158983
0.041768383
-0.0046225502
-0.046083324
-0.022765802
0.05347554
0.075943239
-0.062661134
0.13989712
-0.055134859
-0.093908735
0.029726285
0.050073713
-0.01870266
0.012092934
-0.021818107
-0.14454512
-0.092758007
-0.0081577497
0.091840543
0.011736148
0.061549008
0.049466144
-0.083014876
-0.0043663792
0.050090238
-0.0037638207
-0.033932284
-0.10285086
0.08632911
0.041045945
0.032920718
0.036917526
0.044008031
-0.045327075
0.031964291
-0.084467165
-0.067284837
0.083797015
-0.045776233
-0.0098559363
0.045752786
0.003569558
0.041512948
0.032357596
0.0091285221
-0.084473327
0.0030222158
-0.045544863
-0.087667122
0.055464134
-0.04510406
0.063163728
0.013614553
-0.091134317
0.021492219
-0.10360987
-0.0082401121
0.067356966
-0.0034021181
0.053892337
-0.020499133
-0.14215235
-0.060963169
-0.13353275
0.02399027
-0.044342969
0.029555686
0.042761743
0.041063439
0.011916897
0.03450875
0.02333294
0.082444191
0.042141866
0.023240184
-0.10665604
-0.026388651
-0.0014944185
0.065567784
0.061927225
0.10897183
-0.04913963
-0.025412187
0.098005265
0.00055683672
0.14772186
-0.14707199
0.063396454
-0.068838373
0.076335311
-0.034386005
0.0065691425
0.0095007075
0.042036928
0.038975909
-0.018019021
0.007586271
0.02001629
0.03272441
0.080573358
0.033810358
0.030795867
0.0072372807
0.065750718
-0.10686117
0.078473836
0.10831783
-0.016465299
-0.031116437
0.083522998
0.022652267
0.032749526
0.049410064
0.011888995
0.12299637
-0.047259282
-0.047346417
-0.024038892
-0.031188443
-0.022440925
-0.023758695
0.0090050511
-0.084417589
-0.0085477363
-0.032782048
-0.099855833
-0.096138708
-0.080530204
0.066651285
0.048748769
0.061686832
-0.0204689
-0.077736638
-0.016285373
0.026074927
-0.080502428
0.0079164403
-0.042415321
0.011039305
-0.064612709
-0.059383869
0.066785641
-0.061446682
0.03620312
-0.021437258
-0.030149283
0.052811883
-0.052769829
-0.027097099
0.063553348
0.045057442
-0.020126171
0.045894649
-0.056965347
-0.060205087
0.12284447
0.031569857
0.028200777
0.036122609
0.049903236
0.076638445
0.050873742
-0.020350488
0.043862421
0.047472317
-0.03229909
-0.018940259
-0.044137627
-0.049494918
-0.069348
-0.013616769
-0.091776595
0.014988316
-0.050656609
-0.013210715
-0.015617533
-0.050615285
-0.025958598
-0.021471422
-0.070334017
-0.065302238
0.0061674719
-0.00032150446
0.028132783
0.013203456
-0.039091475
0.01195107
-0.021412328
-0.00088162179
-0.013824887
-0.0087792836
-0.2141789
-0.005565614
0.073129646
0.086291522
-0.0022315357
-0.14734183
0.049524147
-0.017493457
0.0085770637
-0.024767896
-0.072703086
-0.085484169
0.084046304
0.050007179
0.039686639
-0.014288087
-0.0752666
0.037519865
-0.071986496
0.029125106
-0.063722968
0.019708019
0.022016512
-0.084066652
-0.026477618
-0.11433678
-0.015900094
-0.11267037
-0.058523342
-0.020003019
-0.00074233924
0.037311289
-0.0050056642
-0.047081303
0.01387507
-0.01754356
0.10028879
-0.12913437
-0.040905118
-0.0044917669
0.1528327
-0.097983003
0.0035575479
-0.033322841
0.062204946
0.025993351
-0.0014584782
0.092055194
0.042455442
0.059629299
-0.021424787
-0.079110585
0.0074180593
0.080660135
-0.0065852343
-0.036302425
-0.097490713
0.073951095
-0.070095338
-0.029361909
0.0094350241
0.018693306
0.096978843
0.10317028
0.018863248
0.061007056
-0.14581876
-0.063644044
0.031395648
-0.076663546
-0.090120591
-0.037727509
0.034408174
0.092329256
0.04651437
-0.060417555
-0.0090801138
-0.00078787067
0.022009445
-0.0055618309
-0.052374661
0.022739086
0.043738641
0.0013561071
0.026585378
0.058299299
0.079469517
0.02055059
-0.18117765
-0.058878697
0.13300185
0.047137234
0.029876007
0.040821154
0.097128294
-0.13591339
0.050841108
0.10342277
-0.11438089
0.066713847
0.079821557
0.010629872
-0.047774132
-0.033911582
-0.058528904
-0.036643486
0.047899596
-0.022220803
-0.17345005
0.054995522
0.0026060699
0.10427018
0.052804794
-0.0055174977
-0.13745655
0.13056874
0.0016715643
-0.12063152
0.12706308
0.0031249442
-0.15183885
0.020208245
-0.07709454
-0.037634779
0.011398655
-0.14138606
0.024604127
-0.056008361
0.016698543
-0.12486792
0.036593791
0.050381459
0.12319987
0.069202378
-0.061490159
0.041795585
-0.090293817
0.060450025
-0.18611574
-0.076840363
0.021903409
-0.054744598
0.041913439
-0.0526843
0.026947046
-0.13874763
0.013193494
-0.046948466
-0.21842438
0.027881127
0.013949894
0.064062692
0.080931716
0.018324077
0.058165323
0.080245398
0.076326534
0.098940536
-0.25561517
0.078751698
0.02022611
-0.014772135
0.050729971
-0.0075371107
0.010563073
0.097202733
0.0045715226
0.061293323
-0.021532852
0.027099784
-0.060074452
-0.027607195
0.098518103
-0.059060521
-0.027913356
-0.039143674
-0.024363637
-0.058330629
0.0011223928
0.035758983
0.050368641
0.014082614
0.066707216
-0.012533078
0.036334448
0.0014427048
-0.011125525
0.022290355
-0.022811571
0.023098988
-0.095732659
-0.0034140022
-0.021351285
-0.07600411
-0.015758829
0.040675193
-0.0033537219
-0.033402529
0.01822703
0.10061096
0.06591922
0.10173921
-0.064323343
0.139596
0.04996004
-0.083619162
0.039486822
-0.077807903
-0.067638174
-0.033773284
-0.037517235
-0.079598203
0.016057784
-0.033254217
-0.10671379
0.021599352
0.14165223
-0.048570719
-0.098322704
-0.0075493678
-0.01590766
-0.0054484396
0.01433998
0.06572096
-0.053703878
-0.15577263
-0.02372916
-0.01972455
-0.07836508
-0.00034557006
0.0025250332
0.0048159556
0.018555686
0.098170258
0.057525385
-0.022683773
0.032619938
-0.0077549298
-0.089555487
0.052450251
-0.082603991
0.0084735947
0.065468587
-0.030341877
0.012753365
0.08654698
-0.12863411
0.036571085
0.067456931
-0.0264243
0.025084274
-0.02895542
-0.002317993
0.080898225
0.021504011
0.11410237
0.087380052
0.007875327
-0.048287198
0.0027335563
-0.13520586
0.027881404
0.039310455
-0.01405194
-0.0424999
-0.075864471
-0.0033494506
-0.071462713
-0.04014542
-0.085759893
-0.14757246
-0.049896859
0.041864362
0.079683349
0.036842532
0.0029281965
-0.015558708
0.022388745
0.061093543
0.023616115
0.057433702
-0.040168922
0.026289048
-0.056034222
0.013950563
-0.061365064
0.021770297
-0.11256084
-0.083873197
0.03652468
0.01532683
-0.10835098
-0.0024807928
-0.025006866
0.011546139
0.021224899
-0.10296954
0.034307785
-0.082618609
-0.037497576
-0.0095811579
0.0094945859
0.061746769
-0.00036643469
0.055323232
0.046329338
0.057494614
-0.097327389
0.0015250806
-0.019972229
-0.0087079257
-0.20546262
-0.0079725673
0.012428118
-0.003944145
-0.090516426
0.078225337
0.010989088
0.078232802
0.011045445
0.039239317
-0.18133636
-0.15590249
0.026354849
-0.07583905
-0.084780559
-0.063374728
0.035976946
0.021491472
0.014160329
-0.07767123
-0.083088942
0.071952648
0.033260576
-0.050268795
-0.036425699
0.018252453
0.092617571
0.082700536
0.035426561
0.010731888
-0.049617164
0.044554744
-0.02741104
-0.05592858
0.046731152
-0.027536087
0.065938845
0.061840367
-0.24631824
-0.084362052
-0.14732507
-0.028359139
0.052460764
-0.013642074
-0.0053484631
-0.016962467
0.016587431
0.026328977
0.0029754569
-0.36141151
0.078802451
0.050901804
-0.10428955
0.059067715
-0.074063733
0.12241575
0.024288433
0.029495096
0.060799114
0.03673524
-0.0023536701
-0.066446923
-0.051457737
-0.0036373958
-0.13046409
-0.060500391
-0.022291258
0.030592544
-0.057825066
0.034170426
0.0059334324
-0.0030883125
0.047011904
0.031084066
0.08533483
0.071164586
-0.13934192
0.0019569914
0.051673543
0.0052604098
0.033154532
-0.051117729
0.0055846144
0.047414254
-0.065442517
0.037816059
-0.027069513
0.059003618
0.033779513
-0.10171159
-0.0079779504
-0.0017132297
-0.035534311
-0.052791677
0.074128471
-0.080395333
0.05714298
0.052863929
-0.052386358
-0.045299239
-0.0026599299
-0.076172695
0.1037247
0.083435342
0.008643508
0.00069949368
-0.084839299
-0.032641903
-0.022948941
0.0030832831
-0.10620536
-0.033693798
-0.0011665837
0.024373131
0.053448651
0.071205162
0.018559135
-0.045454863
-0.038394384
0.030130262
-0.035637349
-0.070245579
-0.016113603
-0.036164641
-0.015621479
0.067765348
-0.096847862
-0.34589279
-0.0082019838
-0.0027785273
-0.038210794
0.028312363
-0.025481226
-0.029499464
0.031084154
-0.020920046
-0.040346153
0.098357126
0.019023713
0.0049658697
-0.0066297539
0.0067351097
-0.027082384
0.052630845
-0.047723621
-0.20386897
-0.016522394
0.001478852
-0.045339741
-0.022430014
-0.11369341
-0.085273206
0.13301961
0.095338255
0.015029842
0.1062348
-0.01066074
0.02080787
0.0027591726
0.0063545406
0.057762001
0.081526488
-0.0055095707
-0.039007835
0.071812294
-0.018308677
0.033505939
0.062898912
-0.0039734952
0.077782549
0.092262156
0.028389774
-0.028544573
-0.020525582
-0.024181506
0.055054329
-0.012978157
-0.024997123
0.05717507
0.10464106
-0.012720137
-0.023175398
0.0091433786
-0.021903524
-0.077186555
0.020555057
-0.047551278
-0.0250577
-0.08875183
-0.052906912
-0.061310999
-0.021300679
0.034702197
-0.014278777
0.020544112
-0.018992746
0.0081145428
-0.0054327543
0.021393813
0.065340273
0.018849403
-0.0086304601
-0.040075745
0.086741932
-0.02847355
-0.0084322793
-0.022200279
0.074988879
0.036247876
-0.05415646
0.024478372
-0.029057244
-0.014300475
-0.015234016
-0.00016159599
0.033968572
0.008550019
-0.075766034
-0.04306053
-0.008637609
0.03583153
-0.036650453
-0.019469723
-0.013459002
0.037861247
-0.15364191
-0.032570098
0.014035525
0.054364931
-0.031686202
-0.022793647
0.00045631168
-0.068179235
-0.27391651
-0.015773604
-0.022140972
-0.031882558
-0.014000551
0.065695085
-0.0091776391
0.037042059
0.031219115
-0.098186634
0.034653924
-0.018623125
-0.05123093
-0.004942988
0.038631327
-0.04344843
-0.064439118
-0.001203525
0.039971221
-0.02599862
-0.080162756
-0.042293113
-0.31078476
-0.0044202083
-0.0072974521
-0.0071530771
-0.013725885
0.035312124
0.08292333
-0.024616351
0.0019310596
0.0020331228
0.087670051
0.038478091
-0.039876536
0.013244816
-0.009173926
0.038539022
-0.1134417
0.037734617
-0.095037818
-0.024904454
-0.04513536
-0.09190619
-0.0042862757
-0.064269386
0.027259992
0.082283825
0.16105445
0.038380519
0.06010041
-0.0953338
0.0056792293
0.058602482
0.029863013
-0.019602912
-0.052637298
-0.070505783
-0.0077866213
-0.010963553
-0.036300484
0.014679609
-0.0090702185
-0.019538024
0.037788454
-0.053524684
0.033044692
-0.039148554
0.0017164663
-0.020041419
0.041935869
0.054123186
-0.07351318
-0.019656586
-0.034169048
-0.073504254
-0.055731039
0.014991035
-0.015488876
-0.038545266
-0.0019252665
-0.024591679
-0.0033731605
0.013037396
-0.015117452
0.025361506
-0.035826512
0.041532751
0.043804131
0.045760185
-0.085111596
0.03805609
0.01949274
0.046814233
-0.0076398998
0.014779311
-0.010895981
0.014906106
-0.031953603
-0.041736849
-0.056931581
0.092968605
0.026913472
-0.050878886
0.050463706
0.010514518
0.0092892712
0.04358685
-0.037807159
0.0037016934
0.071450688
0.0084420275
0.023593452
-0.00097299414
0.026910936
-0.049224958
-0.029943079
-0.077527925
-0.15833409
0.023355631
-0.12045411
0.033903748
-0.10839306
-0.082238473
-0.01443238
-0.0064983191
0.043494571
-0.017370997
-0.24400109
-0.021172334
0.09587881
0.025203619
0.1102315
0.013448758
-0.042562455
0.061497696
-0.012033096
-0.024474788
-0.08192759
0.057119571
-0.03068082
0.067108102
0.0057759946
0.14329013
-0.099337332
-0.021831676
0.014727674
-0.050793141
0.10302181
-0.2517322
0.023715792
0.031439289
-0.050368372
-0.017043253
0.020321535
0.031048957
0.043596026
0.014072812
-0.039158255
0.039023131
-0.025324861
0.024633734
-0.043903731
0.034187786
-0.041305885
0.053270247
0.057099611
0.04143706
0.037888378
-0.18157898
0.045627303
0.041592084
-0.1755677
-0.015416124
-0.04901439
-0.043055821
-0.090976052
0.024147926
-0.035877883
0.10432563
0.019245541
0.1703769
-0.010941857
-0.0041598231
0.10874262
0.036581315
0.020400265
0.0040912135
0.047830239
-0.025934465
-0.0023316373
0.0041086404
0.016651183
0.02979305
-0.029918784
0.02363465
-0.047406744
0.014474714
-0.18724957
-0.032365896
-0.052681874
0.087598734
-0.031442609
0.10454059
-0.046513926
-0.040514071
-0.099397384
0.0088549322
-0.015142411
0.041909833
-0.066380553
-0.036093041
-0.091507763
0.02008551
0.021640444
-0.022182753
0.039488193
-0.036261685
0.035945188
0.097732663
-0.067344248
0.058279414
0.083124928
0.0057918383
-0.23373003
-0.087690726
-0.003869415
-0.027684946
-0.12054814
-0.018045863
0.076882094
0.090118818
0.0025582637
-0.051058125
0.028531961
0.062865146
0.056569982
0.046908103
0.079482734
-0.040010653
0.0062391069
-0.067003503
-0.090424173
0.012352767
-0.038776945
0.034636527
0.024891952
0.14900368
0.025910266
-0.010871525
-0.11443511
-0.16035381
-0.034614753
-0.067859493
-0.027883217
-0.01762142
0.056010831
-0.015856517
-0.013739252
-0.021344241
0.05451864
0.083892576
-0.058985714
-0.0098434296
0.073115081
0.11846995
-0.029348614
-0.073398508
0.016357034
-0.12015746
-0.0121988
-0.029855769
-0.003563127
0.030797349
-0.032169059
-0.016265469
-0.0024691806
0.20502765
0.025466463
-0.18189074
-0.09177573
0.05092198
-0.095932864
-0.14983955
0.058283664
0.0051082
0.16747771
0.031607319
-0.11729249
-0.025285868
-0.036656365
0.054300971
-0.051922776
-0.12667079
0.13655886
0.03829734
0.16591974
-0.0099203615
-0.053299475
0.047319174
-0.0040213242
0.17569695
-0.023696627
-0.078663334
-0.096077643
0.048365857
-0.090527624
0.12328614
-0.018400626
0.003761586
-0.010930391
0.0196872
0.048049238
0.016671641
-0.040115293
0.13345669
0.12729196
-0.024514928
-0.0097982092
0.043725673
-0.054121614
0.067656927
0.13259307
-0.11834984
-0.048409551
0.056530762
0.072946876
-0.015856979
-0.020708589
-0.080820523
0.013681953
0.25925645
0.047622051
0.088555954
-0.025096657
0.0022178965
0.12051842
0.069279321
-0.042830497
0.058411047
0.15943575
0.2334073
-0.066505134
0.06872341
-0.035100017
0.090105027
0.11289712
-0.0090744589
0.023577174
-0.012115508
-0.082611285
0.066057786
-0.045780759
-0.0023664529
0.094982289
-0.023024522
-0.069915734
-0.2140466
0.052605767
-0.1157633
0.062286902
-0.0087188659
0.2151769
0.024620697
-0.11570471
-0.19081707
-0.10145759
-0.065272443
-0.026313411
0.035680618
-0.0029579063
0.0091183968
-0.062847182
0.012920917
0.11897285
-0.11962262
0.097599715
0.11024974
-0.023971986
0.049850032
0.022116782
0.014848461
0.16562361
0.069359683
-0.076865487
-0.16046739
-0.054419626
-0.066001914
0.012499555
-0.018055718
-0.034555238
-0.064795047
0.0733594
-0.069746032
-0.062073335
-0.037936401
-0.091977187
0.083769366
-0.0044777482
-0.096846007
0.091970831
-0.059656285
0.0027094528
-0.0049401927
0.025369011
0.058315594
0.038231906
0.06937556
0.051717717
0.048129357
-0.064162359
-0.062120765
0.014146
-0.051921904
-0.0727669
-0.15324207
-0.014848094
-0.099328667
0.072912775
0.067039944
0.057331156
-0.053630203
0.023663001
0.098065689
0.050514631
0.13427402
-0.0015477104
0.02046304
0.15441868
-0.016758354
0.036118187
0.0026872407
-0.0027728647
0.0021110678
-0.003977648
-0.040435195
0.057231914
0.015197732
0.075484253
-0.058952257
0.0037889318
-0.041467432
-0.046170756
-0.022912558
0.017769847
-0.17264417
0.11114609
0.086487681
0.049328163
-0.05809376
0.0015820514
-0.021294627
0.017230321
0.001194336
-0.043359958
-0.042077258
-0.12521434
-0.03922876
0.13059345
0.071230009
-0.058427557
0.0034636701
-0.1872623
-0.063099355
-0.064280689
-0.09204413
0.025451714
0.092697226
0.091546163
-0.060427025
0.058059614
0.12146277
-0.0088343974
0.003762465
0.037032645
0.014930398
0.096716151
-0.096263386
0.085115612
-0.01726185
0.11928256
-0.027000127
0.026235621
-0.042197827
0.05551504
0.016788609
-0.059179351
-0.10428341
0.047401361
0.082986094
-0.078024469
0.074812606
0.0044543808
-0.037064116
-0.065529719
0.095591486
-0.007962266
-0.065118574
0.057366405
-0.042438846
0.01504341
-0.0032591256
0.056023058
0.10417499
0.07280682
-0.0041755862
0.11120929
0.079403825
0.022551671
0.054247025
-0.11643726
-0.002206933
0.033956081
-0.025728786
-0.1126397
-0.10541172
-0.0077455742
0.0610063
0.010088071
0.014138076
-0.068350911
0.017814409
-0.013146752
0.083019711
0.022560151
-0.0059811557
0.079991318
-0.06356404
-0.00021010691
-0.043162327
0.013622011
-0.011348314
0.083671324
0.064211585
-0.051582579
-0.035496905
-0.03838852
-0.0056144022
-0.023376267
-0.092995778
-0.13484903
0.020234184
-0.035355255
0.039662909
-0.047973763
0.11167837
-0.052304976
-0.022401772
0.031460229
0.12370044
-0.22710545
0.059997097
-0.07452444
0.035923127
0.02061072
0.081073202
0.071568951
0.033748463
-0.029299609
0.12505996
0.11624449
0.057756942
0.094973765
-0.013228473
0.010357172
0.07499712
-0.052177865
-0.033270899
0.024016434
-0.0677251
0.094802536
-0.034304138
0.064252011
0.036645651
0.0339914
-0.080986947
0.015424578
-0.050583374
0.029451497
-0.03420208
-0.031859875
0.086355656
0.090028591
0.035229068
0.014396439
-0.056538574
-0.020971168
-0.029769991
-0.00042500737
0.034801979
0.18335964
0.017962383
-0.010975936
0.073129438
0.10320288
-0.074783109
-0.063151285
-0.098068409
-0.058382019
0.039444864
-0.043658279
0.059934694
0.010557551
-0.030619478
0.091603786
0.020831224
0.0028587012
0.052783687
0.073830374
0.020272994
0.060892686
0.043762069
-0.035370812
0.00040998257
0.056531847
0.028185653
0.055615049
-0.03456879
-0.022116078
-0.084766984
0.030401358
-0.077143535
0.027124017
-0.045409929
-0.013073688
-0.068898484
0.097511962
0.060586918
-0.010673743
0.048604902
-0.057354849
-0.070011184
-0.081591532
0.028495712
-0.06890393
-0.038258057
-0.037397534
0.048039757
-0.00024516421
-0.029908884
0.052174248
-0.0054788264
-0.002670747
-0.029625984
-0.0048665265
0.023808431
-0.015679128
0.056984074
-0.10536998
-0.079858705
-0.073918402
-0.087129951
0.09327431
0.042812712
-0.026379274
-0.051722594
-0.032418448
0.038952153
-0.071758054
0.040848911
-0.064341903
0.030358505
-0.0019331573
0.030753421
-0.025524875
0.0063921274
-0.11079735
-0.012735551
0.011524968
0.11143203
-0.064481571
-0.10846573
-0.081954755
-0.030152887
0.049040806
0.042430978
-0.070065014
0.010222029
-0.064707443
-0.040336914
0.01939534
0.088901721
-0.029561643
-0.027167404
-0.036551267
-0.0056681284
-0.16124205
-0.0099081341
0.044844054
-0.062847704
-0.089831822
-0.027450306
-0.077134982
0.033705782
-0.045145508
0.0020144151
0.023472693
-0.062499098
-0.068714745
-0.038050719
-0.0015649503
-0.11667266
-0.048032351
0.020967064
0.11625366
-0.026894104
0.026057927
-0.065693527
0.033115201
0.054528087
-0.003070544
0.044890795
-0.018882388
0.035246771
0.078620687
-0.015586999
0.070152447
-0.04113324
0.080269054
0.1110831
-0.055751149
-0.10217576
-0.075584158
-0.018424938
-0.012677438
0.057012595
0.035768338
-0.080860935
0.07371711
0.078343183
0.014791628
0.07526046
-0.087445311
-0.03179498
-0.108385
-0.031686082
-0.029681018
0.014438626
0.038268637
-0.038287852
0.0055834395
0.021576926
0.072262362
-0.085053936
0.044291433
0.046504896
0.042848933
0.00083870551
-0.0012443478
0.08023452
0.06882941
0.012174185
-0.16976544
-0.097232275
-0.16872892
0.048660576
-0.045135997
0.013690474
-0.015989251
0.062361434
-0.089225948
-0.011833683
0.09994632
-0.014610852
0.011558773
0.055307277
0.05946869
0.020700889
0.089380123
-0.024862347
-0.066611558
0.099643275
0.035524085
0.042078864
-0.012481029
0.011440946
0.038752697
0.08571849
-0.028724482
-0.026671318
0.025321174
-0.0067473291
0.02718796
-0.034987193
0.0094976109
-0.0018096772
-0.025266029
0.037449036
-0.085885748
-0.0094625046
0.23538361
-0.10649457
0.029530965
-0.028569395
0.03002169
0.039301071
0.10015116
-0.019486958
-0.093009301
0.068897456
-0.0028540927
-0.04436874
-0.044585619
0.024892515
-0.019694023
0.049528703
0.02724681
-0.015057663
0.035687469
-0.10959107
0.0097255763
0.090817988
0.058058139
0.025140412
0.05412057
0.031951688
-0.001473268
-0.04957841
-0.035424806
0.023166072
0.075187981
0.021119537
-0.1246794
0.066112854
-0.060824666
0.12063711
0.12182144
-0.055041831
-0.027065724
0.016041676
0.0082602482
0.0137351
-0.096357338
-0.00080990657
0.026463594
0.024330415
-0.01067536
-0.057100244
0.087200619
0.05001149
-0.056868698
-0.035939667
-0.24647973
0.065055348
-0.062352978
0.035744537
-0.0062488113
0.06681101
0.058396742
-0.078536913
-0.019567454
0.035933476
0.055807766
-0.086230636
0.020368474
0.055347797
0.056905404
-0.052623712
0.025318313
-0.023471629
-0.0036609971
-0.04082321
-0.046872213
0.087671585
-0.12872216
-0.026430717
-0.026400909
-0.022978989
0.051567022
-0.025066111
0.0067326063
-0.047874428
-0.0047255536
-0.038231794
0.01676709
-0.045532774
-0.0065942202
-0.036694102
0.031277411
-0.012135816
0.056329589
0.058902614
-0.0085464492
0.040090188
0.043271892
-0.010286371
0.091612987
-0.12861291
0.12705791
-0.043931205
-0.0066281743
0.025817091
0.082829289
-0.010943504
0.034473922
0.059186015
0.21051636
0.0094910385
0.079742901
-0.016180158
0.0022306177
0.054315973
-0.061290581
-0.018667901
-0.12919393
0.037587084
-0.11350554
0.12134507
0.045803141
-0.047293164
-0.094188392
-0.08780618
-0.05883899
0.019492954
0.042850174
0.065504462
0.062560759
0.0037265313
0.059432749
-0.068168789
0.022858253
-0.073854402
-0.019025404
0.023306387
0.02103919
0.028336735
0.0020814482
0.032446988
0.007172843
-0.020241855
-0.020368434
0.06788864
-0.018844696
0.04250006
-0.01915797
0.014965563
0.055374652
0.033797644
0.0028968193
0.022841498
-0.11699045
-0.055433385
-0.086381942
0.022554204
0.042774025
-0.072747663
0.079103202
0.020964362
-0.031100813
-0.0084454538
0.012438983
0.07399936
-0.029592812
0.036057252
0.062333193
-0.028280949
0.057695772
0.043048941
0.10953709
0.018358093
0.10119718
0.056397762
-0.030857991
-0.025601389
0.07061559
0.026570693
-0.0081174709
-0.044518102
0.026186135
-0.032866899
-0.070100248
0.007129678
0.07409244
0.012892216
-0.072599977
0.056816708
-0.050976105
-0.075854354
-0.12038873
-0.041992586
-0.031498265
-0.087572858
-0.066305161
0.037822302
-0.021739675
0.010959903
-0.020092417
-0.13487178
-0.003148587
0.032710113
-0.0049137473
-0.090677977
-0.2423998
-0.0086800382
-0.025227569
0.014619128
-0.014556994
-0.070202045
0.016038856
-0.024589853
0.052302819
0.021123933
0.01073938
-0.057521187
-0.03845451
-0.080503024
0.022964306
-0.039762147
0.032265831
0.013164949
-0.18483612
-0.041321881
-0.010284605
-0.094618581
0.044832624
-0.083089486
0.043657497
-0.098591797
-0.040096525
-0.006520119
-0.07001403
-0.063344106
0.017598549
0.037693672
0.061526772
0.12484274
-0.052545678
-0.064294003
0.051338959
-0.026787158
0.077210173
-0.076749191
0.10792787
-0.032713231
-0.061340231
0.056140069
-0.0051767332
0.027565818
-0.030268248
0.030811951
0.11514156
-0.034496833
0.029249936
-0.055298578
0.039319113
0.11431927
-0.05313123
0.014301598
0.10179918
0.066090852
-0.012837346
0.0030708644
-0.049225722
0.098504022
0.053268276
-0.023962911
-0.087884329
-0.20442276
-0.0019508987
0.020174084
0.011140231
0.066617668
0.13579074
-0.024114512
-0.16269691
0.089300662
-0.07253591
0.015278332
0.054204877
-0.14847484
-0.05503764
0.089276634
-0.018965304
-0.078178786
-0.013530982
-0.024503853
-0.0026494549
0.10021683
0.036621876
-0.11701494
0.0093146078
-0.046535209
-0.011117402
-0.010680344
-0.22678663
-0.062855445
0.015472653
-0.037073635
0.079581186
-0.028727895
-0.10109928
0.018359248
-0.074079938
0.17121179
-0.021463193
0.028979613
-0.15879112
0.045877878
0.0076732966
-0.13069361
0.02936524
-0.11402675
0.15601629
-0.012601676
-0.073980063
0.091750711
0.11900829
-0.057320695
-0.074683867
-0.052772332
0.0022211752
0.040571589
-0.14012991
-0.0028203852
0.063178934
0.085194297
-0.12020569
0.13521747
0.039722595
-0.013516327
0.091296226
0.04158061
0.06709329
0.07232932
0.039465964
-0.0037802362
-0.0041762255
0.080071121
0.064307898
-0.040783141
-0.096261472
-0.020618191
-0.0087381378
-0.085349321
0.044687316
0.10139837
-0.055096112
-0.029274402
0.067922249
-0.030728083
-0.054362006
-0.04030231
0.017761448
-0.016940109
-0.14176114
-0.086096264
0.10250506
0.0090521472
0.099502467
-0.024162875
0.021586306
0.068464123
0.012420095
0.085963853
-0.018719815
0.033242866
0.024690961
-0.049044363
0.019121883
0.010971843
-0.030004052
0.015699308
0.093609788
-0.025839364
0.084618665
0.075369351
-0.0058709136
-0.064106025
-0.11808619
-0.073230088
0.059404664
-0.024832284
0.011334145
-0.012446005
0.10171024
-0.16987441
0.064646989
0.088318512
-0.031071862
0.02310688
-0.033883877
-0.16582431
-0.050456144
-0.15293927
0.041437667
-0.089894198
0.094633862
-0.1076392
0.010191036
-0.056955963
0.078433178
-0.17359297
-0.01602597
0.094006762
0.0018378022
0.084166072
0.011521149
0.013973196
0.031248214
0.039526965
0.021154629
0.021189846
-0.0036532851
0.087554626
0.050497994
0.048672047
-0.047982268
0.16842815
0.073128417
0.057231873
-0.037358593
0.083734788
-0.016858386
0.14358582
0.043851607
0.081044331
-0.05625397
-0.052110393
-0.0013702335
0.13194211
0.010389145
-0.049722999
-0.083285302
0.049415596
0.11669948
-0.061171666
0.01806597
-0.12439941
0.039881509
0.047646541
-0.033623908
0.015596851
-0.12164681
-0.079397961
0.027308011
0.00092230109
-0.15494923
0.066192865
0.040174838
-0.17024705
-0.052029282
0.044456862
-0.082750991
0.073961668
-0.011941242
0.073812485
-0.13067691
-0.0066899005
0.090389907
0.076677799
-0.11076221
0.12016029
0.040915772
-0.063636675
0.08349134
0.019294407
0.032913037
0.04215236
-0.051600561
0.067870423
-0.10143369
-0.028663335
0.059362419
0.012650308
-0.024129869
0.029957302
-0.02567747
0.084666423
-0.035028592
0.019404776
-0.030190848
0.091759473
0.022726998
0.12411075
0.11078767
-0.046250537
0.025520565
-0.026342304
-0.091170482
0.015238398
0.0045731734
-0.00066841906
0.072752878
0.014191915
0.12895769
-0.046834901
0.01337161
-0.10951677
0.054905269
-0.13448028
0.0095585072
-0.0063378089
0.0085817417
0.11042424
0.0030249807
-0.06690257
0.039002579
0.092589952
-0.041352596
-0.11195941
0.08158242
-0.077227749
-0.090723924
-0.17240536
-0.16016755
0.046232671
-0.049437623
0.19774237
-0.11004123
-0.071275756
-0.044792589
-0.012004488
-0.045364272
-0.099802643
-0.016190302
-0.053778496
0.042903304
-0.15153389
-0.0081891939
0.048193023
-0.10248647
0.031216385
-0.073983654
-0.029569779
-0.091529459
-0.063503265
-0.076039098
-0.04390572
0.033638537
0.091281191
0.015529078
-0.12250257
-0.049828526
-0.0011558445
-0.027536049
0.09959843
-0.029926568
-0.038561992
0.064399809
-0.068740197
0.092823394
0.13908301
0.086292587
-0.055949695
0.14786677
-0.10022356
-0.062310349
0.080042608
-0.017845206
0.025867315
-0.13010967
0.062647186
0.062417135
0.090478562
-0.074542545
-0.029989371
0.025111863
-0.02190426
-0.2216706
-0.041432444
-0.086475618
-0.016390767
-0.019373452
0.0022432546
-0.082321666
0.049503352
-6.6139517e-05
-0.10155878
0.036566775
0.043250944
0.032055665
0.09499836
-0.0078748818
0.018567869
0.06005482
-0.055552442
-0.0052537806
-0.0041270135
-0.077822722
-0.056138523
0.034979787
0.053024989
0.040972926
0.02257069
-0.019702133
-0.015330865
-0.04233655
0.052932356
0.018420294
0.085944586
0.0319773
0.097253211
-0.067943633
-0.014441537
0.014722542
0.012897251
-0.020748435
0.06041478
-0.030805375
0.065683097
0.048638269
0.18045112
-0.11479839
0.035052277
-0.2182979
-0.025720939
0.041181911
-0.048022594
-0.1182043
0.019421559
-0.012883794
-0.019155009
-0.012041261
0.10549897
0.029736521
0.018813793
-0.041110713
-0.014113978
0.030852811
-0.13277543
-0.004199991
0.053761177
0.047321666
-0.066588096
-0.10104549
0.0052759126
-0.023520522
0.065515235
0.0045852088
0.041150536
0.078993537
-0.11233579
0.020975858
0.0024632399
-0.014398349
0.011982858
0.0091888029
-0.031797368
0.095261328
-0.10869706
0.10198572
-0.088675782
0.016947443
-0.01506434
-0.036954854
-0.0081264256
0.22507714
0.069460943
0.088011883
-0.0099522062
0.039071795
0.03588511
-0.0088847075
-0.28230733
-0.002603313
-0.017674468
0.0055500148
0.0045406115
-0.079643197
0.022056097
-0.059431318
-0.071863703
0.047675453
-0.0034545984
-0.021929121
-0.062810078
0.051275052
0.08317437
0.020330774
-0.066573039
-0.041816611
-0.09580154
-0.027050823
-0.050047584
0.083860144
0.01710947
-0.05109169
0.084637977
-0.0024104952
0.02999283
-0.011468095
-0.071196169
-0.1059166
-0.026712775
-0.072697923
-0.011035287
0.041910909
0.13580179
-0.096645623
-0.065919556
0.044503357
-0.019870134
-0.035274874
0.046247356
-0.038546667
-0.13301343
0.047333524
0.094865203
-0.11209393
-0.1329703
0.024410736
-0.059950415
-0.0025019371
0.003877813
-0.12505805
0.05355667
-0.075641021
-0.12177283
-0.12175383
-0.095904738
0.012708375
-0.033486556
-0.076112732
-0.10010958
0.085032761
-0.15392619
-0.065059751
-0.064376146
-0.030348469
0.018840602
0.029692069
0.015261319
0.034057226
-0.0077314372
-0.070020981
-0.044402815
-0.042947225
-0.031317625
0.029409554
0.011577485
-0.007733346
-0.055164486
-0.036437616
0.0043657627
0.10814576
0.019111341
0.065495566
-0.087327354
0.011272602
0.068655029
-0.014609874
0.025315054
-0.030213993
0.077576585
0.17393827
-0.027353693
0.099217989
0.021743158
-0.074840516
0.051307335
-0.024403181
0.12766571
0.06913653
-0.11123999
-0.0066418997
0.16044326
0.062351353
-0.098777607
0.0086790258
0.17441109
0.18165502
0.025549663
-0.0075745634
-0.12417182
0.0020970262
-0.24289635
-0.14258415
0.034972735
-0.024202049
0.025233272
0.024726674
0.056194134
0.099675961
-0.10402881
0.0089818211
-0.028405011
0.013291259
-0.039574713
0.035926573
0.035582293
-0.11820344
-0.038588487
-0.081077203
-0.050665095
-0.0054473742
0.043735016
-0.059758991
0.055137221
-0.050881978
-0.1633362
-0.0810536
-0.08259324
0.018287705
-0.037305541
0.077367462
-0.093879737
0.058034327
0.01209221
-0.066448301
0.055594716
0.05416866
0.054103594
0.018582651
-0.027202493
0.075802319
0.0041256701
0.043440092
-0.35227758
0.020627689
-0.087421775
0.059400488
0.063977152
0.021330468
-0.018326476
-0.03873609
0.072110161
0.10578015
0.01899541
0.053839099
0.15352166
0.092184387
0.059935771
-0.0018661001
-0.052266084
0.022061432
-0.036319945
-0.016051736
0.011650887
0.071241386
-0.090199567
0.083116382
0.057510741
-0.035314776
-0.090711862
0.070125498
0.020971807
0.013835758
0.049548753
0.022038294
-0.06535811
-0.0060044671
0.054269951
-0.086719908
0.21583255
0.1577445
-0.0086908704
-0.072700925
0.027738014
0.13775541
-0.048343297
0.052939694
-0.10373812
0.16223645
-0.038985502
-0.033891201
0.017821131
-0.0022414725
0.082930863
0.045089051
0.039290048
0.092899591
0.014549651
0.048393525
-0.074930862
-0.065045655
-0.052787825
-0.19170533
-0.032616735
-0.21335727
0.074728541
-0.029797191
-0.23259366
0.026123084
0.10800271
-0.066187784
-0.020577924
-0.026124883
0.037424538
0.017664999
0.063546926
-0.063180804
-0.085854977
-0.040711902
0.059932448
0.050675564
0.039067037
0.05007514
0.032312866
-0.22637229
-0.012732659
-0.077772126
0.13577044
-0.043427132
0.0083740428
0.094654515
-0.037200887
0.031908836
0.18462329
0.0847423
0.081338376
0.041036528
-0.24321768
0.032471389
0.01285015
-0.017974328
0.050885886
-0.049623996
0.022928888
-0.054335043
0.061369952
0.064807251
0.016162872
0.060240198
0.0011666719
0.014925723
0.12964688
0.058036085
0.0096048387
-0.038310945
0.0069594905
0.15037665
0.049290851
-0.14886084
0.001325612
0.043173756
0.12975752
-0.089420721
-0.067447409
-0.04042257
-0.04934879
-0.0094700428
-0.0045438018
0.12787941
0.020539984
-0.027732527
0.065895289
0.26361409
0.024848426
0.0022437249
-0.074593946
-0.032442607
0.0040890151
0.037075408
0.023318192
-0.024254415
-0.096595839
0.1174643
0.095600978
0.022134013
0.019033993
0.014867362
0.18513481
0.0050967806
-0.0071578408
-0.088917993
0.12439278
-0.015127596
-0.019450229
-0.03108051
0.0071833036
0.0010563574
0.03467926
0.049689315
-0.15136996
0.019734457
-0.062541053
-0.035093639
-0.13679454
0.0086807143
-0.043625388
-0.11139236
0.19360706
0.11432113
0.089497529
0.065802626
-0.032533422
0.077287033
-0.0070405682
0.033529758
0.0035747322
0.001425332
-0.00044583948
0.012116036
-0.082000703
-0.061349917
0.075533308
-0.036808524
-0.046159301
0.014628414
-0.038973641
0.011142865
0.0160389
0.050400879
0.0039442619
-0.023956403
-0.014710893
-0.083624579
0.080488607
0.048128936
-0.020036375
0.076310851
0.067880422
0.010800932
0.065065272
0.0039598038
0.15189454
0.04912696
0.042788409
0.042079326
-0.15456149
-0.014786705
0.031542636
0.045141153
-0.0039759106
-0.09423773
0.027466442
-0.10153075
-0.030474406
-0.046573892
-0.018972769
-0.076984957
0.028397096
0.043031536
0.047191095
-0.062446218
0.041763108
0.037858941
0.0092094736
-0.09133368
-0.023021907
-0.20087583
0.010952077
-0.13293861
-0.07607682
0.026546689
0.048566863
0.01545155
0.051113151
-0.051393021
0.04032927
-0.020813378
-0.076050669
0.02544225
-0.10200935
-0.0064632497
0.049691953
-0.032182664
0.0093909744
-0.010906178
-0.017658468
0.054665569
0.017745417
-0.063207798
-0.066824473
-0.06196807
-0.060934711
0.01604379
-0.074353904
-0.021123992
-0.070134237
-0.10603686
-0.028859708
0.048076946
-0.025670506
0.0039700866
0.07876087
-0.057087202
0.016816441
0.019381551
0.013225099
-0.012242862
-0.024659805
0.074075639
-0.047089949
0.075073712
-0.032451987
0.028629743
0.020008046
-0.05796349
-0.027371373
-0.097327538
0.00061900297
-0.0662352
0.082803547
0.010626164
0.080429755
-0.034356453
0.0122821
0.093858555
-0.026602954
-0.11911128
0.032880351
0.0042903414
0.031712558
-0.085242994
-0.019207124
0.063177481
0.026532181
-0.10580418
-0.033607084
0.019490786
0.039332356
0.059154388
-0.056335755
-0.02203168
0.011763308
-0.089915074
0.02233105
0.010996534
0.02607996
-0.098453261
-0.062371634
-0.12097517
0.085630253
0.0058725518
0.039597295
0.03416422
0.041260343
0.054956593
0.088142596
0.00028799757
0.048733246
-0.012211933
-0.015920628
-0.091705836
0.064874388
0.014079643
-0.05056525
-0.11184355
0.049084984
-0.041262433
-0.076804802
0.030080577
0.053917225
-0.132204
-0.044582222
-0.023995096
0.010441589
-0.041028332
-0.056665715
-0.055814788
0.034762837
-0.025522085
-0.06512773
-0.045990326
0.051989108
-0.10249755
-0.14021342
0.019506114
0.0066362936
-0.087266162
-0.030551627
0.031847186
-0.026348541
0.056277249
0.032120831
-0.0016023888
-0.0672777
-0.057895225
-0.02314689
-0.056647547
-0.10219774
-0.015304974
-0.077340998
0.075264163
0.10269214
0.036335643
0.090898626
0.056974392
0.09272781
0.054976847
-0.061742071
-0.0052777533
0.0098481663
0.022478072
-0.00055533391
0.0048062121
0.052465294
-0.086660847
-0.0018469803
-0.056311104
-0.11298857
0.056442041
-0.045971867
0.039997101
0.0098158866
0.0021012025
-0.021841351
0.041595675
0.04488055
0.028948756
-0.10647386
-0.085675769
0.011228175
-0.015487925
-0.070295662
-0.0012570147
-0.13115361
-0.045701157
-0.12488851
-0.021391323
0.081112169
-0.012440773
0.0097377766
0.012226542
-0.080850929
-0.096651562
-0.061492126
-0.014258392
-0.04911631
-0.12215793
-0.073092796
-0.011397346
-0.048383743
-0.0033729658
0.052682236
-0.089511998
0.036167603
0.071297728
0.095564716
0.082335509
-0.010884324
-0.024621107
-0.068864651
0.082534678
0.085921042
-0.04127264
-0.025913453
-0.030633954
-0.10463533
-0.086350255
-0.038142063
0.050874513
0.025886763
0.039854009
0.012293313
-0.043702077
-0.017242674
-0.069865048
-0.098247588
-0.0036492264
-0.082584955
-0.024058051
-0.051376894
0.01560415
0.10183161
-0.016924132
-0.0089211268
-0.049340203
-0.01140252
-0.11075565
-0.062931672
-0.023175783
-0.059431244
0.038621455
0.052136552
-0.082679994
0.0064275078
0.052206021
-0.026678888
0.032730486
-0.027102191
-0.10821059
0.022726266
-0.017730527
-0.053392652
-0.034989074
0.030956486
-0.041782238
-0.02263703
0.029727571
0.033081204
0.010133635
0.030664468
0.14211304
0.04331946
-0.026124857
-0.015891697
0.0078958552
-0.047958542
-0.07315091
-0.08679159
0.0014655337
0.0097982539
-0.028996976
0.043339115
0.18420108
-0.065241769
-0.013645314
-0.10423353
0.020171862
0.088270247
0.029836195
0.023422804
0.058491558
-0.022152504
-0.074384175
-0.070898451
-0.0058426103
-0.10129952
-0.0050764414
0.072956763
0.026047748
0.057703618
0.15205008
0.019967103
-0.083497204
-0.048402276
0.0077275769
-0.10187321
-0.0056032939
0.04100202
0.078889579
0.0058567501
0.041611776
0.0032679033
0.045692816
-0.0052070678
0.068192057
-0.054444302
-0.013438414
-0.086131878
0.063435353
-0.028972264
7.0629299e-05
-0.10659046
-0.017902698
-0.10556143
-0.084444046
0.081260078
-0.0067228493
-0.051755846
-0.055460785
-0.074522942
0.087272353
0.070638508
0.041460924
0.095437258
-0.045476783
-0.043120101
0.036650229
0.0062907035
0.010319266
0.099946208
0.038902774
-0.00011195253
0.0045321882
-0.025808321
-0.11499941
0.085542679
0.016999073
-0.055403326
0.026714968
-0.048475981
0.049984343
0.027384089
0.035519261
-0.057830475
0.079247355
0.0068250443
-0.043342728
0.075694546
0.098260991
0.055454731
0.0010331656
-0.11027
0.027111398
0.031771202
0.069407828
0.0058760718
-0.090514056
0.065913714
-0.026444394
0.070144683
-0.084774941
-0.057197761
0.049472786
0.032119777
0.049141455
-0.042479686
0.026600391
0.0020440808
-0.040325496
0.013596327
-0.084082656
0.060486194
0.027193492
0.026644614
0.014850238
-0.021067044
-0.013066719
-0.02530184
-0.052336827
0.029671006
0.0048119626
-0.052834067
-0.043360464
0.057054561
-0.025794009
0.086226389
-0.071454778
0.041058529
-0.079538785
0.032577857
0.035812523
-0.070453152
-0.083426848
-0.19906306
0.08671058
-0.060477588
-0.033716716
0.022440789
-0.055980813
0.085344523
-0.098060764
0.074524976
-0.071647204
0.021709977
-0.0066184737
0.079905994
-0.045830458
0.061948005
0.043764114
-0.016903777
0.042917937
-0.052288588
0.12737477
-0.10406941
0.056466531
-0.089452505
-0.091189153
0.0012718051
0.093201235
0.035643585
-0.016407536
0.0041196644
0.0065345019
-0.033289015
0.02294432
-0.019714467
0.044018295
-0.084411301
-0.012343006
-0.078686349
0.036498643
-0.07496886
-0.045784496
-0.03620876
0.019941904
0.011620359
-0.14651424
-0.039366264
-0.024619356
0.0063322615
-0.081784032
-0.027208775
-0.013497882
-0.024665779
0.066864982
0.012098357
0.0073498418
-0.042932503
-0.1237595
-0.072648957
0.053363618
-0.032833643
-0.2025114
0.024247617
-0.047442164
-0.057151634
-0.036624677
-0.037674297
0.0069075548
0.084831014
-0.084387153
0.056926239
-0.028334752
-0.035782736
-0.05121164
-0.0086963195
-0.016980017
0.044426203
0.048753239
0.06069351
-0.040454108
-0.069866598
-0.02983943
0.043941751
-0.071194105
-0.058098719
-0.09169589
-0.087274954
-0.070314936
-0.0011097235
-0.022963403
-0.15205601
-0.063517638
-0.064491607
-0.10902165
0.040442638
-0.06872347
-0.030319059
0.11971457
0.052162308
-0.092921011
-0.058672532
-0.15870196
0.053025313
-0.17696461
0.069642082
-0.019630117
-0.099272765
0.050325684
-0.090849608
-0.0048074117
-0.019945493
0.044046022
-0.01923378
0.035133149
0.034911919
-0.028556751
0.0090994835
0.0010977586
-0.092997275
0.023415325
0.093892165
0.0025187449
0.0079782167
0.053840414
0.065729246
0.019159356
-0.10798088
0.029388286
-0.0015667792
0.078688547
-0.095140629
-0.060686309
-0.069879226
-0.12816544
0.084639803
0.050767574
0.029202307
-0.34395593
0.031401291
0.060985617
-0.039999407
0.016109878
0.083019271
0.18691312
0.3047283
0.011151033
-0.05458004
0.0077375271
0.055605747
0.014593879
0.054323383
-0.022845244
0.081846543
-0.10902999
0.01666666
-0.028581066
0.036243852
0.029551318
0.095396891
0.045498598
0.037199873
-0.043207549
-0.020041594
-0.16834791
0.086926237
-0.028938441
0.017822865
0.051834043
-0.11743642
0.058389992
-0.062435683
-0.030263215
-0.004377773
-0.09032248
0.16652338
0.0042376942
0.049798507
-0.084507145
0.024302462
0.16702132
-0.069229722
-0.03031116
-0.04705359
0.093257576
0.10342935
-0.034055777
0.075988807
-0.022709403
-0.13683839
0.051520493
0.017379479
0.028591039
-0.027648196
-0.026296986
0.11267263
0.013101966
0.088359587
0.080609158
0.048195407
0.081473321
0.016002325
0.029474549
-0.032924242
0.11531076
-0.028403897
0.020211577
-0.081065789
-0.084788911
0.077552035
-0.062526301
0.052711371
-0.12370862
-0.046419073
-0.12287914
-0.03388178
-0.082914636
-0.0060668089
0.022521583
0.032904856
-0.026852638
0.14119093
-0.13309692
0.060924686
0.077229075
-0.014936816
0.020594111
0.11214564
-0.042888399
0.053288933
-0.089087293
-0.018992821
-0.035695702
-0.0026166416
0.073037975
0.028599808
-0.062203713
0.022167163
0.066075198
-0.043984238
-0.044772435
-0.13492297
0.026712814
-0.07183443
0.0089366976
0.099802524
0.050261565
-0.074589714
-0.061618205
-0.02346693
-0.0069409711
0.0085272966
0.07524579
0.049551774
0.041871853
-0.071027473
-0.082543321
0.023171391
0.015306653
-0.042987831
0.054380484
-0.018655954
0.017738275
-0.04008995
-0.020569678
-0.10540038
-0.044245649
0.085987374
0.024767976
0.03122347
0.015002978
-0.0069731781
0.051871452
0.041761816
0.031845022
0.018380029
-0.031044096
0.11874264
0.064631306
0.081468761
0.0014023221
0.0040844036
0.062648416
-0.029774958
-0.063311011
0.012195603
-0.042753689
-0.024540603
-0.16212624
0.0019630212
0.078253448
0.0038113026
-0.052086491
-0.087363385
-0.13328899
-0.031700347
-0.01193631
0.0077074463
0.068890661
0.081381708
0.077303611
0.008757377
-0.0046987757
0.014920912
0.02944183
0.011190518
0.10343324
0.014050866
-0.017167449
0.025366466
0.037476886
-0.12968929
0.074852794
-0.037508991
0.0192977
0.029155143
-0.0095222788
0.11444688
-0.10224001
0.046485621
0.024545852
-0.04489968
-0.23015444
-0.010957043
0.024604201
0.020009253
0.055160511
-0.076217115
-0.034046985
-0.01799193
0.061672449
0.069718204
0.03839343
0.0079804547
0.065766826
-0.057101246
-0.018268809
-0.10063346
-0.0083436565
0.078180589
0.050687939
0.021122392
0.026134329
0.025113359
0.030244559
0.063071162
-0.041678663
-0.30546132
-0.073411889
-0.028163787
0.13161063
0.014650625
0.052799419
0.1112584
0.01462107
0.049079075
0.020072311
-0.00090289878
-0.11538177
0.030200686
0.045010086
-0.086618438
-0.017362457
0.066927604
0.042842429
-0.10928979
-0.0076921764
0.1445455
0.04121656
0.03143885
-0.14431392
0.059752923
-0.0096468376
-0.073230825
0.094557807
-0.033562463
0.0071404828
0.05722627
-0.0054420847
-0.04488099
-0.052633163
-0.038882863
-0.082600057
-0.032089479
0.036309157
-0.10149217
-0.053031664
0.0058589811
0.017329788
0.016434005
0.051147051
-0.039739359
-0.034129873
-0.054258566
-0.0706212
-0.14821786
0.037311412
-0.055070505
-0.055758126
-0.031467181
0.061978612
-0.0029828676
0.12764022
0.058297113
0.016981561
-0.04103291
-0.09144973
0.026306797
0.053776566
-0.06942711
0.040630139
0.030214729
-0.024185302
0.097414725
-0.031741671
0.066191345
-0.025091333
-0.070601806
0.04705359
-0.048649237
-0.073723279
0.014557872
0.00087738928
0.013209729
-0.074397668
0.044203054
0.017406674
-0.0077554551
-0.082892999
0.092420809
0.0018800178
-0.013337138
0.022314167
-0.13345659
0.13234437
-0.018733745
0.041989606
0.035158053
-0.033129111
-0.0513613
-0.060134865
-0.016985789
-0.022399748
-0.039823238
-0.065743417
-0.028063633
-0.0079774298
0.095505916
0.11702857
0.050360754
-0.027871622
0.042165279
-0.010561108
-0.091874085
-0.0014000019
-0.0055508809
-0.0094896909
0.011024867
-0.0062291576
0.041132443
0.008875899
-0.0088605983
-0.0033420888
-0.099177308
0.010544857
0.012980559
-0.0084938025
0.064700022
-0.063655578
0.031366665
0.10301589
0.0015203229
0.087216914
0.071099028
0.019648733
-0.028604904
0.094582886
-0.0094538778
0.020451114
0.0058783833
-0.0013674494
0.066511713
-0.026223322
-0.030917605
-0.1006007
0.052044556
-0.07663434
-0.020169076
-0.022269391
-0.075229175
-0.070192829
0.018009024
-0.056989267
-0.07310497
0.030469142
0.065661363
0.12075683
-0.13083921
-0.041890759
-0.020967048
0.0041902387
-0.062400937
-0.026318068
0.060959209
0.045465589
-0.0078345286
0.024064602
-0.028638979
0.017704653
0.017310023
-0.030326311
-0.026910029
0.025016509
-0.041135944
-0.04924557
0.015003167
-0.0018419066
0.040600359
0.098389938
-0.019108597
-0.019325411
-0.12824473
0.021882072
0.07728266
0.088248014
0.022180581
-0.13984616
-0.002334326
-0.09064047
0.0018614054
0.0092509417
-0.012427579
0.017113453
0.072967194
0.011407971
0.013394116
0.01119968
-0.018316634
0.0069021666
0.045029294
0.08530838
0.014031074
-0.027531425
-0.0040469696
0.10022651
-0.19170159
0.088241674
-0.10707838
-0.044207912
0.083383605
0.062433194
0.13435739
-0.034516215
-0.11242057
-0.09300755
-0.0041414723
0.010803006
-0.025426133
0.065394849
0.097960301
0.069213569
0.0086215576
-0.092664547
0.08931797
0.036396734
0.0027992041
0.054302085
0.087910764
0.086130187
-0.063675262
-0.053320423
-0.059714705
-0.12444721
0.016974077
0.017422915
0.018340528
0.09106645
-0.044976197
0.088130288
-0.15823367
0.044459447
-0.019788479
0.054254148
-0.13410793
-0.12712638
-0.035699025
-0.11502097
0.0063001285
-0.02523466
0.025460402
0.14280382
0.081870861
-0.10389186
-0.039495949
-0.13592538
-0.019693634
0.0033952901
0.016414538
0.030654056
-0.059939541
-0.035726946
-0.0031634059
-0.056900889
0.10827266
0.068433098
0.0086513553
-0.24363807
0.088406637
-0.10175264
0.050852388
0.073717348
0.028943194
-0.033815995
0.0040371614
-0.10523313
-0.14635172
-0.10829238
0.033085868
0.11324862
0.036162395
0.0031445823
0.088489458
-0.026667204
-0.0017160418
-0.014732497
0.0018686483
0.030747823
-0.036054224
0.075953111
0.065617517
-0.096218154
0.0030851595
0.04151636
0.0210141
-0.060893964
-0.18596479
-0.093527898
-0.0019822756
-0.028064586
0.017577246
-0.023020996
0.059637286
-0.074073941
0.01583346
0.037707444
0.070501901
-0.042179629
-0.017592855
-0.025564171
-0.18718211
-0.015915532
0.010958064
0.016264442
0.0084036039
-0.030517742
-0.039953962
0.0034841259
-0.020758316
-0.10844229
0.023301268
0.027245555
-0.028006973
-0.19994748
-0.041729849
-0.015152628
-0.034094151
0.067834228
-0.051502764
-0.07972198
0.028072303
0.055085842
-0.02469939
-0.073485188
0.0030419517
-0.071570814
-0.1124824
-0.027568977
0.083687872
0.0027459213
0.0052358136
-0.14081666
0.051616259
0.017625172
0.038863029
0.027082596
0.033934329
0.065356113
-0.056830939
0.030899117
0.030646741
0.057376049
-0.023876239
0.027939262
0.08655671
0.019188179
0.049035259
-0.12131923
0.0016509055
-0.017250234
0.072316766
-0.066107184
0.014424653
0.023366407
-0.048057806
-0.015429034
0.036193468
0.00058863743
0.022545079
-0.016911328
-0.18360576
0.021470383
-0.068124749
-0.10242425
-0.026134053
0.030255321
0.11849139
0.1039772
-0.14490761
0.057458192
-0.0069676363
0.015294206
-0.029227667
0.096160881
-0.01812268
0.012613934
-0.038742196
-0.012228163
0.047050748
0.071889587
0.069867335
-0.093941368
0.042140998
-0.069086254
0.017402951
-0.039589521
-0.030765511
-0.025157725
-0.0400136
-0.085540198
0.077852175
0.010102225
0.0041956739
-0.052686244
0.083216354
0.11402044
0.0025658128
-0.054107092
-0.0079073468
0.01780987
-0.10880782
0.021628104
-0.04345325
0.077832088
0.083046839
-0.18007585
-0.019365599
0.055002216
-0.011569181
-0.02573175
-0.10574953
-0.066436596
0.046038162
-0.062542111
-0.0084150406
-0.011924383
0.056608703
0.047031816
0.02430914
-0.19758023
0.078258537
-0.020560402
-0.022827795
0.0069954162
-0.025560368
-0.17062066
-0.011540181
0.10348846
-0.001154474
-0.1096177
0.026422791
-0.008439769
0.083992951
-0.016791383
0.082066581
0.05567899
0.059476126
-0.041541509
-0.061871026
0.0012804524
0.06147889
0.06618499
-0.047651347
-0.0035356202
0.022357561
-0.019821165
0.0091359718
0.033688888
-0.17586823
-0.087101385
0.017803779
-0.14118946
-0.10983836
0.034644485
-0.01709976
0.0070465403
-0.073376954
-0.15235612
-0.0040287077
0.070902526
0.024130857
-0.016303439
0.025965242
-0.063790068
0.013212939
0.0040863249
-0.050407112
-0.0099054249
-0.075411595
-0.136291
-0.029248815
0.086328946
0.0052423701
0.033085261
-0.05234975
0.030432193
-0.018267153
0.0033095279
0.071501516
0.009266437
-0.13216287
-0.076106377
-0.060380772
0.0033105877
0.006816254
-0.031407218
-0.052359339
0.076288164
0.060023002
-0.0058411187
-0.054104254
-0.15791699
0.0072794063
0.051796179
0.038874924
-0.058412634
-0.071776077
-0.0018117579
-0.092781402
-0.052030019
-0.16065019
-0.02547954
-0.0094033713
0.076546185
0.012107652
-0.027270755
-0.032578643
0.0032840027
-0.086087801
-0.074587651
-0.12312489
-0.00063182507
-0.13593447
0.050510913
-0.061947279
-0.041305915
0.041248001
-0.010122577
0.07706783
0.020868281
-0.060969841
-0.0033750799
-0.042015329
0.010020529
-0.033774786
-0.00456993
0.065115586
0.0055216984
-0.074238978
0.025370758
0.10752567
0.054457594
0.056949209
-0.0009315646
-0.043343026
0.030393543
-0.024116131
0.031014811
0.030751055
-0.055123363
-0.041228499
-0.032396972
-0.080943622
0.053038511
-0.026143637
0.028246567
-0.0082934313
-0.072416864
0.081287161
0.080269694
0.074733764
0.075270332
0.0043872707
-0.044453748
-0.0029992601
-0.0018980772
-0.19553424
0.0031147427
0.044124302
0.013875721
-0.034544472
0.13150461
-0.051138662
-0.0068452419
-0.059290137
-0.055233181
0.026227718
0.0023112965
0.018290984
0.003515926
0.096940883
-0.038474493
0.021443034
-0.10214164
0.024485556
-0.023151437
-0.11012124
0.019929569
0.048545271
-0.041153621
-0.24635766
-0.058225751
-0.095625997
0.016442215
0.030416625
0.032562066
0.046846438
-0.036876913
0.083369493
0.055806667
0.057905558
-0.10855556
0.07202033
-0.011863575
-0.049212296
0.065996446
-0.077814966
0.10020175
0.097137742
-0.022187868
0.0034802807
0.0062358836
-0.13426411
0.056306615
-0.12766451
-0.05204197
-0.051106367
-0.19637646
0.065573253
-0.053076167
-0.014349552
0.063184567
0.016154602
0.014021561
0.007819538
0.051528886
0.069968142
0.017309474
-0.00098780647
0.063732326
0.049701989
0.058010712
0.064005598
-0.0985035
0.007026888
-0.13412902
-0.073664583
0.063330002
-0.06425827
-0.031430237
0.030929098
-0.0043931263
0.062595867
-0.12330467
0.064271688
0.0095422752
-0.013447735
-0.013596628
-0.056211919
-0.0064458936
-0.079367928
0.097585432
-0.11554825
0.024159277
0.067124538
0.02886161
-0.037452105
0.019865032
-0.0013384534
-0.0011408173
-0.0202695
0.02251772
0.073602892
-0.1009855
0.17092992
0.01761603
-0.046393782
-0.056048788
0.037337914
0.035317641
0.013630366
0.049092181
-0.077847503
0.051552035
-0.12103299
-0.031138966
-0.14663363
-0.096377827
0.036238115
0.044611685
-0.091000944
0.085722156
-0.080431148
-0.13756558
-0.081964329
0.031040782
0.071962483
0.0016957412
-0.022980396
-0.029204438
0.061023667
0.03709713
0.032945946
-0.06353873
-0.052745655
-0.11676774
0.044079933
-0.046174303
-0.0019743298
-0.019212505
0.029663255
0.03598373
0.048892312
0.054313026
0.028306393
0.015074696
-0.03487739
0.090301432
-0.036728758
0.050370976
0.029819695
-0.02430488
-0.038696028
-0.065723829
-0.052919764
-0.10748677
-0.028245341
-0.084578194
-0.013967221
-0.037594087
-0.041978851
0.014295114
0.0060765762
-0.081469238
0.06268765
-0.10136262
-0.058433417
0.035873156
0.046161767
0.04936948
-0.16903847
-0.11847476
-0.10538049
-0.013643282
0.052907046
-0.027340328
0.022717211
0.046233244
-0.030861244
-0.027754968
-0.021780655
0.025625892
-0.0086251097
0.0066844476
-0.010592842
0.060609143
-0.098625347
-0.091657668
0.068913445
-0.1071024
-0.030944176
-0.0073069567
-0.11824344
-0.057193797
-0.016850039
-0.083360039
0.00095546572
-0.06263195
-0.010284784
-0.067065388
-0.052449167
-0.050883818
0.04146513
-0.016768429
-0.089919053
-0.13376711
-0.10070021
0.019755185
0.034464233
-0.04424338
-0.023027513
-0.009599247
0.059314732
-0.043716948
-0.14882469
0.016469268
-0.14730537
-0.0064765052
-0.16617042
-0.011258564
0.044934306
0.004889877
-0.014895054
-0.016643371
0.063181646
0.01801547
-0.031801611
-0.008920365
0.017108353
0.040213779
-0.024567362
0.044809401
0.0065972595
0.050287299
-0.034837857
-0.11255428
0.00030249587
0.014974847
-0.021956371
-0.026083635
0.15723179
-0.070288084
0.093534648
0.044299867
-0.033952672
-0.024097692
-0.022334883
0.28328121
-0.023277631
0.018468332
0.021390585
0.004973751
-0.036493171
0.010144762
0.074469298
0.042329874
-0.067688942
-0.02079213
0.0093278391
-0.098679855
-0.015307593
-0.19047923
0.012796867
-0.03593754
-0.0039519831
0.015798153
0.047350183
-0.010521334
0.061802462
-0.082191668
-0.010918212
-0.01571765
-0.048907585
0.099757023
-0.093935236
0.059434626
0.093430638
-0.015831577
-0.018907763
0.043607224
0.00014292625
-0.028880654
0.10531547
-0.01078045
0.099530064
-0.037835918
-0.0092801843
0.018594826
0.00044332232
-0.10645244
0.07920517
-0.049055189
0.0038555698
0.036969982
0.087453522
0.055129036
0.07191585
-0.040514432
-0.021817358
-0.0054629259
-0.062861159
0.010518037
-0.042405318
0.047971155
-0.00097848463
-0.024483586
-0.04368072
-0.04890842
-0.049449842
0.02686725
0.062774129
0.047399461
-0.01248271
-0.059627116
0.023050787
-0.017462045
0.029641362
0.021665759
-0.080966488
-0.033014435
-0.0058075846
0.043213785
-0.012192125
-0.032924067
-0.0075041349
-0.00089615071
-0.10315571
0.009460967
0.040309146
0.024255823
-0.03504324
0.032470241
0.065574877
0.068071328
-0.1203889
-0.074282363
-0.045195233
-0.058741618
0.075109139
0.032909915
-0.083431005
0.031959288
-0.071329154
0.033745788
-0.20328501
-0.037748497
-0.066831537
0.0098311575
0.069982544
0.028944625
0.010217111
-0.031110873
0.037173152
0.18543205
0.013784577
-0.058716003
-0.03802136
-0.035128374
-0.013725544
-0.0065122414
-0.033845291
0.0049420064
-0.14150068
0.0038210778
0.12651438
-0.036945451
0.060190085
-0.052826162
-0.097415134
-0.062402356
-0.067782857
0.074463487
0.05405993
0.010505958
0.016316719
0.071377113
0.0187246
0.05584963
0.013983622
-0.053029384
-0.23754999
0.0021108356
-0.071940854
0.11708868
-0.083766438
0.10132658
-0.065494247
0.072729915
-0.03731047
-0.039705381
0.10037057
0.092092648
0.13908979
0.039811756
0.073016651
-0.016037079
0.030559009
-0.0087739732
-0.0004497178
0.055835035
0.012304287
-0.028468667
0.13440162
0.010330674
0.067670569
0.03445401
-0.037043542
-0.014392767
0.0097276624
0.084740117
0.051439688
0.044216882
0.044195682
0.086359538
-0.11102299
0.012949727
0.076276101
-0.014339559
0.02477455
0.0063016308
-0.083355993
0.053608291
0.065879822
-0.058287188
0.0077376198
-0.023890292
-0.19555491
0.0060380576
0.0086344136
0.095099002
0.019628998
-0.21959271
-0.040559854
-0.031515818
0.050147481
0.058984511
-0.021611722
0.043598205
0.021645794
-0.18114592
-0.080598958
0.082962163
0.017897692
0.013829032
-0.12054012
0.049618986
-0.036794785
0.065312892
0.0071779517
-0.030161902
0.08502581
0.0055000661
0.097199939
0.058817487
-0.04800627
-0.18381713
-0.036655892
-0.030089159
0.17317338
0.084431224
-0.3279393
-0.063357286
-0.0031628662
-0.11086014
0.028802928
0.12809314
0.07614395
-0.061907925
-0.090139262
-0.43242645
0.019826913
-0.030712036
0.011004033
0.036058035
-0.20328647
0.07857722
-0.052085664
-0.14239296
-0.033077516
0.16051415
-0.060469415
-0.025251295
0.076230444
0.0201023
0.072693385
-0.025155086
0.033098187
0.030036874
0.00076070288
0.061461791
0.012933895
0.05683206
0.037827507
0.0045867329
-0.053784546
0.047326531
0.10730402
-0.022013627
0.056108505
-0.01007209
0.026748275
-0.076952398
0.003376988
0.033964891
-0.12689354
0.08949732
-0.073887266
0.036729433
-0.06032151
0.024524489
0.053453788
-0.13560003
-0.10600717
-0.13167484
-0.052941211
-0.0018571473
-0.01292731
-0.038694147
-0.036358479
-0.12343156
-0.085681401
-0.067677438
0.0085213836
-0.0069111357
0.023931485
-0.021308543
0.068685189
-0.0062016579
0.0099996151
0.013107279
-0.0058688265
0.02887083
0.067976989
-0.094898261
0.14887963
-0.3075518
-0.037242439
-0.091120824
-0.05832817
0.01403653
-0.067679659
-0.077080734
0.07127855
0.041528285
-0.033787481
0.080519371
-0.16212247
-0.010128866
0.080352806
-0.03044641
0.039866999
0.13937575
-0.014676107
-0.03976335
-0.033624381
0.0085449759
-0.086306296
0.023959717
-0.038241666
0.054919373
-0.016785052
-0.001166252
-0.10724758
0.099361636
0.0047528949
-0.17062546
-0.037899327
0.001348356
-0.069131739
-0.080846854
-0.026757462
-0.13290213
0.0019211652
-0.049555626
0.078110047
-0.16588037
0.010206508
-0.071810946
0.058863774
-0.077875085
-0.022123218
0.056206763
0.10475305
0.13147436
0.020322341
0.1189075
0.019105922
-0.11033501
-0.016233349
-0.016028831
-0.079626925
0.11161211
0.019050941
-0.032860443
0.067499287
-0.038772959
-0.042452719
0.040530194
-0.030631708
0.080286995
0.028333347
-0.087367907
-0.010478936
0.063903138
0.047796149
0.063803457
-0.0066523356
0.065531544
0.070454851
0.034938969
0.12458104
0.13836905
0.064175032
0.08459349
0.029045913
-0.038759548
-0.02208692
0.050529253
-0.052665479
-0.10508619
0.046246406
-0.0025309704
-0.069554552
-0.0098042721
0.060456913
-0.064064227
-0.017136864
-0.019876013
-0.073417068
0.038935445
0.027416842
-0.046100236
0.087105833
-0.0085382769
0.041566733
-0.054600529
0.035302833
0.0086172195
-0.083605327
0.071307659
-0.0077705956
0.0088701863
-0.069612078
-0.0067085689
-0.01897162
0.030134935
-0.021763099
-0.075046092
-0.032409687
-0.048287962
-0.033976622
0.030058328
0.049591906
0.024348952
-0.034473106
-0.057115089
0.014344963
-0.0095425453
0.0024296066
0.075313054
-0.029947894
-0.029974284
-0.019007301
0.039644506
-0.054774161
0.0089153508
-0.11146689
0.036193825
0.095434077
-0.078672148
0.051275436
-0.0048241718
-0.085101016
-0.042249549
0.030166334
-0.050549529
-0.099465318
-0.013783986
0.012524
-0.058209796
0.013635419
0.015469677
0.10921343
-0.0019043835
-0.016604519
-0.1790024
-0.079237558
-0.014797335
-0.023755575
-0.085362233
0.072358586
-0.032204129
0.096774414
-0.022211969
-0.071389556
-0.017372577
0.013418182
-0.097539574
-0.093423255
-0.098087326
-0.10101215
0.058014836
-0.017287996
0.05440098
-0.065225676
0.014001303
-0.0068940441
0.053149451
0.0073842518
0.017171463
0.064047039
0.017437886
0.032158297
-0.0074602165
-0.014545964
-0.053910494
0.0073204678
0.013489496
-0.025672782
0.048998371
-0.01889541
0.064112008
-0.08663711
0.066975474
0.07881742
-0.048311073
-0.002808888
-0.00041092455
0.062375128
0.022854654
-0.038027074
-0.069224738
0.006755522
-0.054401323
0.076332398
-0.13238941
-0.041428026
-0.0077667013
0.064966999
0.012135942
0.012350505
0.0451837
0.042709801
-0.059854798
-0.016225105
0.0096122809
0.039872941
-0.033026446
0.034797866
-0.028238472
-0.044048212
-0.063834995
-0.055253427
-0.029396752
0.014284138
0.081083588
0.066864602
-0.023436766
-0.028617196
0.025396002
-0.0092512546
-0.069620252
-0.085960321
-0.14160806
-0.10511941
0.033922128
-0.018069051
-0.10209913
-0.019590963
0.015564837
0.045263402
0.090177305
-0.081563398
-0.091446631
-0.1117063
0.0080332411
-0.05274526
-0.10426359
-0.00027058096
0.10415935
-0.02128046
-0.014268266
-0.086800583
-0.021961879
0.0024374968
0.046325721
-0.017031105
-0.053534925
-0.072411872
0.024167875
-0.093217678
-0.025517097
-0.039591175
-0.018655136
-0.01717224
-0.11946714
-0.17322114
-0.0087644765
-0.0043394691
-0.125407
-0.085415393
0.015345676
-0.075834781
0.034533083
0.12000217
0.01019081
-0.0152077
-0.020780845
-0.061059263
-7.6721029e-05
0.043049783
0.036679279
-0.025896138
0.05899347
0.13674565
-0.048135333
-0.034169994
-0.04423051
-0.015145822
-0.029326199
-0.13456322
-0.018190021
-0.021322936
0.11804882
-0.037580185
0.021014301
0.011228859
-0.055714481
-0.029689262
0.038855035
0.027104177
0.055306237
0.039093107
0.030121697
0.063336544
-0.1604103
0.0044619082
-0.073104687
-0.017978344
0.031872783
0.014872706
-0.014634139
-0.070814133
0.021355964
0.012397153
-0.08388909
0.049066078
-0.075595684
0.094478093
-0.021178283
0.0080546541
-0.0024247665
-0.013929155
-0.11343151
-0.10093181
-0.010219083
-0.016814431
0.030497827
0.058756255
0.027015846
-0.098808125
0.024546701
-0.15281084
0.054953855
-0.051556051
0.018855233
-0.14524518
0.023455655
-0.052451652
-0.018712938
-0.066127241
-0.041231751
0.003950417
0.0020013922
0.014644194
-0.038725179
-0.060260452
-0.010843368
0.023251772
-0.0014683573
0.015965343
-0.0050757444
-0.10491136
-0.0084317112
0.015276241
0.027480517
0.026904488
0.070209742
0.041717947
0.015088792
-0.050291028
-0.063724495
-0.074163295
-0.032312766
0.051669341
-0.035446461
0.0026483946
-0.13221681
-0.088188335
-0.063826375
0.019465901
-0.071144678
0.00062032306
0.0065822047
0.0029314121
-0.064402878
-0.018341545
-0.0310567
-0.13175826
-0.078458354
0.087966032
0.008609402
-0.092054255
0.052257363
0.016312616
0.0097489385
0.00017786256
-0.019341946
0.024909137
-0.037486274
0.03790288
-0.041269973
0.066707388
0.030699246
0.063209452
-0.071659192
-0.060466722
0.025396317
0.033984616
0.042555559
0.12794533
0.008729402
0.03770142
-0.012723912
0.080069102
0.082826599
-0.051124625
-0.13644877
-0.015975812
0.091937974
0.093480989
-0.045899369
-0.063703418
0.050010778
-0.062927626
-0.021092247
0.0023875679
-0.018882914
-0.057725038
-0.012697203
0.07347919
0.052625094
-0.063083552
-0.040678527
0.043357406
0.12980747
-0.029927652
-0.0062454846
-0.13284273
0.091138661
-0.077615693
-0.038989641
-0.046273559
0.01519642
0.044497967
0.11898258
0.071143106
-0.04911726
-0.026724825
0.027795378
0.011567803
-0.087561987
0.038240664
0.014680128
-0.021187916
-0.036914531
-0.012960444
-0.21563813
0.04632327
0.018003451
0.076279625
0.057928327
0.06389714
0.060685381
0.0355963
0.0066164429
-0.0095559573
-0.01962092
-0.00041952755
0.050591212
0.075521968
0.051890898
-0.062154468
0.038852327
-0.011882864
0.011989
-0.10197108
0.016934125
-0.12098762
0.015231811
-0.024846708
0.022970624
-0.034371991
-0.064434983
-0.0063925036
0.013613623
0.037781108
0.058891285
-0.034899574
0.082899742
0.019848334
-0.043057919
-0.065189213
-0.073859699
0.035359662
-0.03911094
0.015261854
-0.08183106
0.1505442
-0.10789227
0.033117551
-0.01867025
-0.0084832553
-0.053025093
0.08038263
-0.013924868
0.0038599849
-0.104411
-0.026462659
0.038154099
-0.011548449
-0.03884244
-0.033467952
-0.023219258
-0.0044089914
-0.032171156
-0.0075940094
-0.026323328
0.037274241
-0.10485587
0.024263116
-0.044297483
0.02696518
-0.045412879
-0.01308725
0.14955388
0.0048868535
-0.079711437
-0.040827446
-0.047979027
-0.036635417
0.061283737
0.061504036
0.0013650015
0.0076005482
0.053210881
-0.066012852
0.058591124
0.023786414
0.048292328
-0.0024608537
0.081454597
0.098880783
-0.070293956
-0.06734997
-0.046567116
-0.025360815
0.027730061
0.072845414
-0.040218189
-0.0020607766
0.019150075
0.040790725
0.083883725
0.0040979562
-0.045698587
0.10543101
0.028224617
-0.10089647
-0.053737316
-0.026957391
-0.10538236
-0.087418176
-0.1180434
-0.019517466
-0.03805124
-0.10383102
-0.056798704
-0.092582278
-0.0011695747
-0.035253141
0.043850467
0.10058956
0.072540894
0.05142767
0.024570119
0.023446148
0.078034729
0.052162655
-0.019095462
-0.020037349
0.08804334
-0.037152734
0.11401426
-0.045706961
-0.0011865668
-0.090244442
0.096249744
0.024504622
-0.04087301
0.10466211
0.019336235
0.057982281
0.05022873
0.0069077699
-0.081100628
0.11871096
-0.024749557
0.014557611
-0.030657245
0.013747594
-0.0093266573
-0.15114714
0.06133372
0.012784928
0.022102788
0.1028776
0.10583142
0.10819847
-0.032719485
-0.023709975
-0.10667162
-0.012562738
0.065133378
-0.055114429
-0.14648971
-0.03446053
-0.093188979
-0.014982443
-0.031146673
0.082450897
0.022121271
0.023558149
0.053361472
-0.14548787
-0.13718016
-0.0073983916
-0.019708656
0.011667112
0.074967228
0.03179257
-0.057648815
0.020273788
0.021798803
-0.018128181
-0.058956593
0.055921942
0.067146271
-0.05315787
-0.016266081
0.073848799
0.028282864
-0.14420921
-0.12079848
-0.017309861
-0.076200031
-0.16493438
0.096555389
-0.039607543
0.061742648
0.02686524
-0.022825355
0.050607525
0.039024711
0.049461439
0.074537501
0.085237063
0.050909549
0.19725463
0.091526456
0.027935101
0.18003772
-0.075974226
-0.020116065
-0.084515214
-0.067966841
0.083993837
0.11597248
0.05250198
-0.00021479615
-0.11307629
-0.0063401451
0.031739194
0.030100523
-0.01203349
-0.21423797
-0.048297416
-0.030725647
0.054517653
-0.19780222
0.081811823
-0.056635141
0.046801526
-0.045476079
0.075361617
-0.023261549
-0.005464253
0.018418102
0.00207998
0.1431043
0.1247021
0.046781845
0.01982099
0.082872957
-0.0052014538
0.045878746
0.024446314
0.012091207
-0.034332965
-0.052931398
-0.20591898
0.070374973
-0.0019271373
0.067827463
-0.02140356
0.057239585
-0.068420224
-0.095420361
0.043911304
-0.059246782
-0.10309602
-0.013157547
0.052151151
0.042741049
0.051622979
0.025036391
-0.054924458
0.072501309
-0.020238787
-0.019917363
0.050993685
0.070904367
0.050252944
-0.12096114
-0.0054639727
-0.041177686
0.053530682
0.037752293
0.0097343884
0.080593131
-0.012287637
-0.03074768
-0.029466035
0.082366176
-0.027251713
-0.030670099
-0.015602507
-0.025302755
-0.026075581
0.04947589
0.14451684
0.018340904
-0.036259722
-0.17003296
0.063221253
-0.12041222
0.063867643
0.022903282
0.0097969538
-0.079493828
-0.028512781
-0.025790684
-0.066112526
0.046057273
-0.013314215
0.16087341
-0.008123639
-0.046426274
-0.018707035
-0.067169003
0.0020576403
0.07945472
-0.033806797
0.033624113
0.03403585
-0.0054613161
-0.067390822
-0.028166795
-0.018654419
-0.0031322287
-0.050101921
0.075673357
-0.028107584
-0.0034707433
-0.020713111
0.034334633
0.099436805
0.034687106
0.00046921059
0.014053635
-0.032447867
-0.11012981
-0.0065515032
0.048477378
0.042753994
-0.017332628
0.00016805703
-0.091386996
-0.074095808
-0.030922543
-0.060881063
-0.12602837
0.097325049
-0.04499685
0.034541346
-0.052184451
-0.037609961
-0.092476435
-0.016276291
0.051901948
0.11269216
-0.045136347
0.0092053674
-0.0010289716
-0.056621175
0.064351507
0.043408044
-0.0064878352
-0.044257522
-0.093825296
-0.077968776
0.049100034
-0.068530269
-0.058490694
0.048609812
0.14525092
-0.030622093
0.1067512
0.01594886
0.07215482
-0.0020682577
0.0071299071
0.00055118266
-0.11156613
0.093796834
-0.069448389
0.021799741
-0.056985069
-0.16487148
0.011206772
-0.065374345
0.0027255747
-0.021950904
-0.084448859
-0.072125494
-0.032891784
0.019005148
-0.051770944
0.099770732
-0.071075082
0.024871169
-0.012767239
0.056965157
-0.10724163
0.030895323
0.025045283
-0.17062373
-0.073579408
-0.025268581
-0.037253246
-0.0073071867
-0.037485071
-0.078926958
-0.048393857
-0.027505171
0.073518082
0.0091838492
-0.038484681
0.069019504
-0.10500838
0.035739176
-0.11463637
-0.14103387
-0.08326371
-0.14352682
0.051055871
0.008120547
0.0047477055
-0.017703045
-0.021951487
0.02948234
0.044488557
0.080884762
0.034534201
0.02420247
-0.039723456
0.06012062
-0.04401271
-0.12333685
-0.067655139
-0.043711819
-0.047792487
0.063401289
-0.0064696032
-0.04173686
-0.02459495
-0.069379896
-0.091768764
-0.022719385
0.038774315
0.049624726
-0.067282818
0.00057266868
0.037707411
0.0064060325
0.013501142
0.03785396
-0.036802091
-0.20485415
0.029289637
-0.0049910783
-0.1192031
0.018003996
0.018568177
-0.0093265073
0.011465004
0.082148664
0.017386053
0.14137384
0.031472005
0.011711068
-0.0003127137
-0.078918874
-0.048779029
0.098825775
-0.10016149
0.02383066
0.08574865
-0.065419666
0.081131212
-0.02773858
-0.04480166
0.031452212
0.036976576
-0.0044806805
-0.02651795
0.0051921289
-0.034008715
0.0095719304
0.07820347
-0.034943111
-0.1257074
-0.06907811
-0.010652787
0.045497324
-0.00088564173
0.064171977
-0.057957452
-0.046879131
-0.04909109
0.010614985
-0.020809401
0.030672587
0.039947245
-0.021607254
-0.082015999
-0.005626238
-0.01090035
0.062806413
-0.021171154
-0.058667045
-0.11324555
0.01357472
-0.097950079
-0.10463956
-0.10809918
-0.036096141
-0.028891437
-0.20721772
0.059732839
0.023911674
0.0042202803
0.022348333
-0.034930274
-0.071677029
-0.049635775
-0.14695574
-0.031231424
0.073570281
-0.064531304
0.0097046746
0.041034456
-0.078319721
0.043215789
-0.022867989
-0.099262163
-0.1456635
-0.11025964
0.011513437
-0.042100012
-0.010050344
-0.013085017
0.037445061
0.041398704
0.092244022
-0.031806376
-0.0057258457
-0.077842392
-0.026007621
0.059680652
0.0014900069
-0.021704633
0.0099121286
0.085344747
-0.15009083
0.089896619
0.12324264
0.050421923
0.094676971
0.00074829074
-0.031298753
0.015860913
-0.027066285
0.010558703
-0.046268597
0.020936254
-0.040277563
-0.07074181
-0.0514137
-0.031241177
-0.05511833
0.017927423
-0.068231165
0.035742249
-0.044284828
0.017144483
0.0037823624
0.021287384
-0.022406721
0.083488725
-0.12938339
-0.044173133
-0.15201259
-0.15624572
-0.0011678144
0.018729931
-0.073748901
0.053257395
0.028371125
-0.052005451
-0.002428089
0.07230141
0.070681281
0.0077261422
0.009771484
-0.065960452
0.0075496794
0.016356297
0.061649751
0.085149579
0.16932157
0.05062012
0.13671312
-0.030882364
-0.12512599
0.15754801
0.24050215
-0.054322038
0.11497581
-0.10247136
0.030503096
0.13935266
0.073472247
0.020390851
-0.1221142
-0.077232629
-0.020550409
0.12488061
-0.14311136
-0.09004645
-0.13596946
0.022639047
0.12251484
-0.035791017
-0.018846527
0.018737966
-0.068104252
-0.11936358
-0.010565725
0.066253379
0.10789397
0.0060506393
-0.17183813
0.08222568
-0.070289582
0.089055754
0.060215399
0.12817003
0.078481786
-0.030138865
-0.070016898
-0.067357779
-0.11068566
0.11889367
0.09395837
0.0047338787
-0.018756475
-0.030988272
-0.045747969
-0.11184047
-0.056317754
-0.034300748
-0.023893759
0.021831188
0.074237689
0.040647153
0.015583789
-0.065204412
-0.05189937
0.036079004
-0.043334819
0.059143148
-0.1047213
0.0069270004
0.037815742
-0.060995828
-0.058448512
-0.033709802
-0.021061318
0.11179448
0.058748711
0.04412597
0.067502603
-0.0036195731
0.031028375
-0.14566872
0.037685476
0.073403366
0.0010823925
0.10976065
-0.040462486
-0.07494989
-0.036139488
-0.015734397
0.024688238
0.070902877
0.031369161
-0.081071779
0.022684606
0.11032512
0.071824729
0.030724635
-0.086218745
0.012262105
-0.013710329
-0.0025659977
-0.06077379
0.043799881
0.013012122
0.088139705
-0.17058308
-0.024976684
-0.12535867
0.027642997
0.091941804
0.049528394
-0.07160376
-0.0057578022
0.01629881
-0.0082455864
-0.21848775
-0.058526434
-0.029666819
0.063923933
0.064047053
0.0048809
0.022324575
0.0060007125
-0.007923224
0.064975813
-0.06454882
-0.029004565
-0.051587265
0.033830315
-0.075125478
0.006835191
-0.056083769
0.079424977
-0.065172762
0.083484396
0.036821768
0.11037753
0.037231904
-0.12244128
-0.1142197
0.084332436
-0.21721424
-0.027615454
-0.08844617
-0.037250735
0.13430659
-0.023222266
0.06970951
0.10811571
-0.048080035
-0.015827987
0.049155843
-0.022969563
-0.0033523764
0.13457812
0.034868151
0.16809839
-0.11318135
0.059667673
0.051215
0.046522927
-0.059707537
0.0051472024
0.055986803
0.020363661
-0.10575368
-0.14998296
0.053599954
0.073689193
0.022359703
0.04205535
0.040703669
0.023162873
0.13005185
0.074619509
0.049424157
0.0060611116
-0.013436629
0.0087288525
0.050268281
0.083072796
-0.0034371929
0.067474984
-0.048457228
0.032029372
0.028968217
-0.0010044841
-0.080258243
-0.024179133
0.0099263126
-0.0065265642
0.13501237
0.01684829
0.015425833
0.057616603
0.041292183
0.048179161
0.03711896
-0.026430797
0.06048204
0.018216519
-0.022223901
0.039399002
0.020025657
0.059427392
-0.11044566
0.018316103
0.047178455
-0.045111295
-0.077497102
0.081454635
-0.15927547
0.016097894
0.078548975
-0.059941228
-0.026647506
-0.027143853
0.026179116
-0.03137238
-0.076816656
-0.0029740203
0.030517273
0.03566964
-0.032726221
0.082470156
0.095175147
0.056527898
-0.15891765
-0.09146332
0.089535929
-0.0022468742
-0.0078384997
0.048719902
-0.059051849
0.011734228
-0.12638387
0.018348426
-0.13183008
-0.0043173665
-0.011233523
-0.012846798
0.068396673
-0.014041177
0.033257734
-0.061843116
-0.039709743
-0.024132015
-0.078408226
0.046620823
0.10377607
-0.0073828967
0.0571476
-0.13560626
-0.007638297
-0.11317008
0.060861398
0.012219612
-0.010739437
0.019600399
0.03080784
0.0034575097
0.00089218549
0.084601387
-0.012374979
-0.09728688
-0.0010761339
0.036767777
-0.11638973
0.014585757
0.081289709
-0.032243673
0.011534096
-0.078582168
-0.076141208
-0.02788719
0.021767346
-0.046028946
-0.062624663
0.028657435
0.080916867
-0.054688044
0.030368997
0.021393212
-0.019290833
-0.059407115
0.062330935
-0.063717611
0.057807636
-0.082058623
-0.083401196
0.090833321
-0.08706519
-0.018253159
0.044967812
0.050019868
-0.079473354
-0.14488158
-0.099700376
0.064694725
0.053534061
0.010847582
0.042395409
-0.027647786
-0.10389888
0.020373553
0.036652289
-0.0094918162
-0.029073605
0.010184491
-0.035761844
0.0013565539
0.064226672
0.057675101
0.038019583
-0.043871548
0.029911943
-0.0098485779
0.014311136
-0.038916163
-0.090693414
-0.021703219
-0.10664682
-0.030305412
-0.030029038
-0.047482364
-0.040751908
0.01833806
-0.016298568
0.00096489734
0.076758511
0.029742455
-0.01098644
-0.042283483
0.0053596459
-0.04513688
-0.090267926
-0.057578713
-0.032190878
-0.052470639
-0.029663067
0.040391337
-0.013566923
-0.043722417
-0.026420146
0.085921638
-0.079874814
0.048340403
-0.026051786
0.040955871
-0.01754011
0.04270586
-0.03038309
-0.03424732
-0.015788896
0.087499999
0.015779544
-0.025673687
0.05901381
-0.046594836
0.10800034
-0.061492622
-0.085193925
0.027803168
-0.032497317
0.057603966
0.040440977
0.032279823
0.081723034
0.0055721491
0.062453367
0.061789911
0.059276596
-0.1553438
0.064968035
-0.020218018
-0.038919974
-0.042761907
0.14058128
0.044867698
0.24304064
0.064993829
-0.03396865
0.036833238
0.12633902
-0.023028586
-0.053842895
0.11182059
-0.069340579
-0.15760458
-0.032388754
0.11203672
0.096319333
0.042686168
-0.074643344
0.014264198
-0.0033741931
0.052327279
-0.08213193
-0.1265552
0.0983034
-0.034849539
-0.15052794
-0.12714064
-0.16305633
0.051985733
0.084163398
0.021750331
0.0063997824
0.051982369
0.17328584
0.069727078
-0.010467719
-0.22195287
0.004180823
0.18442969
-0.050201535
-0.07600414
-0.023548784
0.13198422
0.20548126
-0.045626462
-0.085181616
-0.032034114
-0.029362435
0.031497385
0.058871798
-0.015665345
0.059528604
-0.064335801
0.076530144
-0.0062103993
-0.02087496
0.0092979632
-0.014922285
-0.047910765
0.089225464
-0.15146632
-0.01416372
0.18188232
-0.046866376
-0.01564653
-0.094909169
0.048142876
-0.048960753
-0.13388547
-0.058666248
-0.039744165
-0.047624655
-0.01441227
0.093051434
0.029144844
0.0085360864
-0.095561534
0.0080030113
0.013620458
0.15270334
-0.12252621
0.10902963
-0.038462911
0.031138645
0.11920977
0.12041599
-0.019599495
-0.10395883
-0.063789591
-0.074988417
0.038997248
-0.041224875
0.020757126
0.069827795
-0.016270285
0.074237041
-0.041634575
-0.012617889
-0.057061501
-0.02582659
0.061802503
-0.016720518
0.16349219
0.27865389