-0.030895272
-0.019221015
-0.099386536
-0.04423089
-0.0087832445
0.039847743
-0.023320952
-0.051096849
0.044792529
0.010175357
0.054333936
-0.053818848
-0.0038958206
-0.020695411
0.0085652294
-0.014350076
-0.013063321
-0.023154465
-0.057361618
-0.010556571
0.024661213
0.014366097
-0.04312795
0.028117687
0.027710102
0.053600315
0.038600814
0.046129405
-0.015210618
-0.060813099
-0.047227316
-0.059184652
-0.010173334
-0.015417158
-0.026667668
-0.034027178
0.093528733
0.048243005
-0.092473678
0.055202994
0.009372469
0.035814572
-0.028960969
0.082114697
0.028166639
0.021191936
0.08525189
0.017275386
0.068931833
-0.042299531
0.022383867
-0.0033315141
-0.076942891
0.018257635
0.015124215
-0.13839103
0.074574806
0.010233208
0.060347576
0.022142801
-0.019100541
-0.033530407
-0.018013794
0.03857521
0.07679297
0.010187355
0.010746203
0.023569947
-0.015941238
-0.023617011
-0.048222896
-0.10263654
-0.0041394937
-0.036193203
0.092018493
0.058073975
0.068369865
-0.079384424
0.008753689
0.045804609
0.060801998
-0.067295529
-0.0076361271
0.057907097
-0.034439545
0.060863461
0.0022973341
0.027187809
0.035597235
0.06845811
0.043853614
-0.015125062
0.013886242
-0.027406994
-0.017043246
-0.016251452
0.023083379
-0.0031132889
-0.053216744
-0.091973394
-0.039316624
0.018487902
-0.03389911
0.027238149
-0.052128401
0.0046356809
-0.035138279
0.0019400604
0.066528782
0.084434927
0.067239568
0.0025757621
-0.017440265
0.051261242
0.0086737815
0.057244759
-0.02361824
0.088802278
-0.005437436
0.017336814
-0.072157584
0.026598595
0.045671511
0.05982681
-0.077292725
-0.0024707995
0.039546944
-0.031428467
-0.0065328982
0.015733747
0.024988413
-0.018310988
-0.065268673
0.0024641517
0.048213597
0.054008543
-0.0050937412
0.064597018
0.022976212
0.013668977
0.050008222
0.017607652
0.096446037
-0.023335159
-0.058216549
-0.023412049
-0.036732815
0.099579006
-0.0045609288
-0.033645593
-0.0050372668
-0.005002941
0.11378157
0.015065617
0.061595865
0.073997155
-0.0037781619
0.019216662
-0.044712901
-0.01362828
-0.091551133
-0.074626349
-0.054010566
0.049294949
-0.0084942207
-0.065255821
-0.029765531
-0.13756256
-0.12034614
0.062899813
-0.036935851
-0.050317019
0.0094082933
0.076843828
-0.031849306
-0.078185134
-0.040983412
0.033791602
-0.0013543664
-0.021293849
-0.011277694
-0.0048077912
-0.0014213608
0.023420732
-0.036415331
0.083413064
0.048051588
0.050749894
-0.093096025
-0.04176626
-0.008256726
-0.028238926
0.038856111
-0.068306342
-0.072344162
-0.047241397
0.012306629
0.11057294
0.022258459
0.033660855
-0.13664162
0.098819256
-0.088441469
-0.073075227
0.030995196
-0.088905685
-0.014709488
-0.025814887
0.034846682
0.010959721
-0.031243877
0.037295118
0.010553136
0.040090438
0.0717711
-0.065423205
-0.013508491
0.063601106
0.05552211
-0.023573127
-0.060597993
0.12586753
-0.051792745
0.021531763
-0.085290894
-0.036589608
0.043955524
0.093418285
0.025063604
0.037718702
0.080044858
0.091175936
0.0020933237
0.078302823
0.050466198
-0.012279157
0.024373064
-0.10174143
-0.10303044
0.12533551
-0.080618523
-0.11138609
-0.006263989
0.0010036179
0.007078758
-0.015467643
0.027784413
0.055583835
-0.0077360794
0.054561548
0.051500302
-0.050641075
-0.0015497615
0.040072218
-0.041954849
-0.026645375
0.00046029795
0.041688129
0.051517665
0.010266664
0.0045627691
0.0027216482
-0.016130505
-0.031006146
0.039165597
0.0096380785
0.030861221
-0.0055624009
0.041879974
-0.052663594
0.076170295
-0.047063496
-0.02607345
-0.041823845
0.062739141
-0.075918987
-0.034560207
-0.0028254308
-0.051887151
-0.034549642
-0.049456451
-0.012377251
0.040979914
-0.037737645
0.022556566
0.045011453
-0.048251577
-0.070275843
0.084379435
0.048354346
-0.013166176
0.00074735616
0.0090701375
0.0051230011
0.027852926
0.03060828
0.073241532
-0.0019699258
-0.049971189
0.023018602
-0.014472158
-0.054919086
0.056584239
0.061678141
0.0091002611
0.037871812
0.0057326281
0.027458815
-0.037398577
0.094882272
-0.090162307
-9.7714772e-05
-0.020983374
-0.04182639
7.6295168e-05
-0.033911951
-0.024108645
0.015501083
0.025436463
0.044950861
0.0023670238
0.067915127
0.090149865
-0.015062855
0.014109442
-0.042445485
-0.078686677
-0.02831525
0.097410351
-0.061791446
0.053394359
-0.0017857613
-0.056868702
-0.02502628
0.056402337
0.10003447
0.017636381
-0.056523185
0.0036547116
-0.048578188
-0.049360793
0.025260145
-0.059754025
0.057642911
-0.041737754
-0.083113059
-0.029382758
0.019805677
0.051609848
0.025858466
0.0049828333
-0.074003331
-0.060722254
0.018731421
0.02579199
-0.045440689
0.053353366
-0.0028460999
-0.0078227827
-0.05417265
0.0091660563
-0.12508857
-0.016784171
0.059546553
0.0024861414
0.018202163
0.024258036
-0.070155568
0.047659855
0.10669374
0.04705853
0.053947866
0.0057988432
0.045364294
-0.069951259
0.0053841267
0.047350258
-0.063551165
0.041182667
-0.019884638
0.076895051
0.038190324
0.087103009
0.011463516
-0.075311244
0.020916699
0.074229494
-0.048324693
0.033691209
0.029155456
0.026265748
-0.016721791
-0.033516929
0.033378441
-0.014051599
-0.029658793
0.051181927
-0.037030317
0.014379277
0.026855882
-0.0088998303
-0.0052520325
0.027680857
-0.083573699
0.0077738492
0.04814915
-0.033562858
0.016416624
0.029795902
0.022294762
0.025495443
-0.046856739
0.016864808
-0.12271479
0.065807462
0.020276673
-0.0079403212
-0.0016476418
-0.02671475
0.087163962
0.013404539
-0.056901317
-0.0069873561
-0.017865427
0.0044065146
0.021247759
-0.12217994
0.0048961299
0.02296526
0.025965974
0.044273831
0.030502822
-0.0076737674
-0.084379226
0.01639398
-0.01957313
-0.043353207
-0.1031567
-0.024592955
0.024968842
0.025599247
-0.005672697
-0.080424227
-0.065494716
-0.014405723
0.017020265
0.067908883
-0.022514431
0.02815048
-0.01360904
0.021893464
-0.051175948
0.039350607
-0.0012399362
0.0089917555
-0.03802054
0.036168043
0.020964524
-0.032631837
0.057545356
-0.049296603
-0.0085500218
0.047983699
0.014559715
0.0050063781
-0.046726994
0.061123077
0.02976035
-0.039924633
-0.019024048
0.052106027
0.046511408
-0.0046503874
0.022670267
-0.013796558
0.086103022
-0.035403553
0.046308838
0.037343308
0.0021637771
-0.031296808
0.0076106805
0.071315549
0.090193748
-0.057423651
0.038922567
0.040320016
0.031404845
-0.067488045
-0.040924352
-0.036841642
0.062536456
0.0059316591
0.015699454
-0.0070491969
-0.024068436
0.08347892
-0.0091886315
-0.0026908515
0.028717225
-0.077253029
0.081791818
9.0090543e-05
0.06698551
0.0045853858
0.017998287
0.0090982877
-0.0086347172
0.0035082742
-0.028509662
0.0010582182
-0.011834028
-0.050006486
0.016376225
-0.020820092
-0.077465519
-0.005919565
-0.0047090342
-0.023170805
0.024693796
0.094429478
0.029978201
0.0064106476
-0.07954748
-0.017879656
-0.090851873
0.030911116
-0.040379506
-0.053793456
-0.00056263752
0.033531524
-0.09411595
0.017006969
0.056014966
-0.074677691
-0.0059913145
-0.028131435
-0.034022946
0.080776282
-0.033754263
0.034255799
-0.093107149
-0.014988093
-0.001963529
0.0084248632
0.044069767
-0.022431072
-0.062352531
0.027672838
-0.011330423
-0.034556236
0.069073416
-0.050684094
0.076163791
-0.109704
0.068539172
0.023620334
0.039205834
0.089882627
0.055004496
0.048743274
-0.055567909
0.03138325
-0.028745217
-0.043687671
-0.0050741788
0.053111549
-0.15193523
-0.042446889
-0.047765084
-0.013474108
0.029584715
-0.037538927
-0.040887848
0.04151107
0.029340714
-0.056162525
-0.025981493
-0.0097885225
-0.073376387
0.0069473251
0.041230991
-0.013605829
0.072821409
0.0077736424
0.025029765
0.0027661636
0.022578182
-0.0023579476
-0.014613273
0.040089726
0.09078794
-0.020257832
-0.097413182
0.0021371606
0.030688057
-0.00309611
-0.00015061088
-0.028982725
0.048352301
0.005562332
0.0052542505
0.022834785
0.072583146
0.0090032211
-0.0033111463
0.071264386
-0.096333571
0.079726025
-0.0088342959
0.030852333
0.033757232
0.021922518
0.040207852
-0.019519629
0.015543526
-0.065833315
0.014949913
-0.061860856
0.064374156
-0.028375842
-0.011901711
0.015780654
0.046002951
0.033480842
0.0040728967
-0.032381445
0.037290197
-0.0040416559
0.076072589
0.018906917
-0.013426811
-0.087582767
-0.10367942
0.089370936
-0.018269487
0.0097298343
-0.028779086
-0.014995188
-0.015424157
-0.0032365823
-0.042785574
0.053816434
-0.044801485
-0.020657983
0.039846811
-0.020844735
0.017523749
0.044592243
-0.11089227
0.01984923
-0.0086722877
-0.0068214037
-0.004331768
-0.024385167
0.023427363
-0.051263772
0.0075355563
-0.04353762
-0.011990953
0.017594403
-0.022383921
0.050769392
-0.0440391
-0.035834938
-0.0086212866
-0.04381042
-0.043225914
-0.027202465
-0.068631858
-0.025521865
-0.12601358
0.022663821
-0.014053213
0.061477762
0.03959493
0.0082621938
0.020539548
0.058761485
0.06217438
-0.010761078
-0.046558112
0.0023867353
0.041284952
-0.047316037
-0.036683906
-0.070864134
0.022645228
-0.053255223
0.02326519
-0.0073220488
-0.022851778
0.071537733
0.053109147
-0.070306674
0.01859485
0.049589258
0.0397151
-0.0022915716
-0.025266813
0.0097851371
-0.025955966
0.055817947
0.016877947
-0.022238897
-0.055139441
-0.099917591
-0.013165117
-0.0083112409
0.059148602
-0.0018623967
0.0033461626
-0.015581166
-0.0020105795
0.047952637
0.0089772968
0.058164392
0.0043474445
-0.00013741368
-0.050411794
-0.048442133
-0.0066966889
-0.0028436731
-0.12458044
-0.017948357
0.00808076
-0.03838259
-0.039285775
-0.044782098
-0.029461417
0.025881972
0.068434894
0.090059973
-0.0240274
0.0015409662
0.051489629
0.013882699
0.040737212
0.011374861
-0.12509382
0.0052747512
-0.040227752
-0.0081028827
-0.0024612979
-0.017437708
-0.0032464648
0.028180523
-0.024738101
-0.013102231
0.031048758
-0.028797401
0.04118621
-0.062341381
0.047208119
0.030558039
-0.06119417
-0.03025426
-0.059198305
0.043227859
-0.012163136
0.031663653
-0.014290412
-0.016742529
0.029942527
0.059078466
-0.06816753
0.035750709
0.10062464
0.038419861
-0.0075193644
-0.0097997598
-0.047629219
0.044705909
0.0028573258
-0.039932575
-0.015517984
0.002708243
0.038208771
0.063848428
0.0047535216
0.029040476
-0.050524168
0.050542176
-0.023420459
0.0030374001
-0.0081469566
0.02718078
-0.028440259
0.042749979
0.059443049
0.014707033
-0.024465485
0.014306278
-0.053828295
0.0025895408
0.036244337
-0.0025072293
-0.02578314
-0.0082154358
-0.044008948
0.024148654
-0.049481008
-0.030500686
0.076252252
0.075029634
0.025051886
0.0017154397
0.016242476
0.022812765
0.076669358
-0.0184146
0.0018521836
0.01483909
-0.0015559141
0.029485406
-0.044261105
0.030753102
-0.031470563
-0.036648866
-0.020789219
-0.017857883
0.049271945
0.0017077592
-0.01040596
0.064430363
-0.013283867
0.02506135
0.043420371
-0.0047198762
-0.081595071
0.052340325
0.048949856
-0.04669423
-0.028141644
-0.026199345
-0.047138017
-0.028285507
-0.0022259799
-0.035749596
-0.031486839
0.041901089
0.061118364
0.021123875
0.045350604
-0.071583591
-0.02408048
0.045891702
0.0751312
-0.054085251
0.045955695
0.0051616696
-0.018156642
-0.012292827
-0.045112524
0.045603249
0.04898623
-0.047937222
-0.057230767
-0.031314954
0.04615188
-0.022135412
0.049611133
0.038711525
-0.061571833
0.050483573
-0.040884919
-0.0013286736
-0.0037924799
0.026707258
0.055255949
-0.026517568
-0.027495094
-0.022030281
0.04136714
0.013959135
0.02387495
-0.019083925
-0.032926884
0.04269097
-0.0012528484
-0.025140788
-0.0047772685
-0.012358659
0.003507047
0.011706612
0.031826593
-0.046447575
-0.031332579
-0.045738973
-0.0079656048
0.070538886
-0.012862832
0.027056886
-0.0376449
0.07771866
-0.0088092349
0.035078287
-0.054393232
0.019752458
0.11035725
0.043170463
0.015422545
0.030573934
0.070984758
-0.06437505
-0.06001072
-0.10399568
0.069589995
-0.074281245
0.071217634
0.013252273
0.09927956
-0.0039873892
0.067244589
0.046650194
-0.0017798553
0.0035967657
-0.046020791
0.097316034
-0.087221824
0.018874465
0.024095045
-0.0022362084
-0.071205817
0.00221236
0.036430776
0.010316303
0.049284652
0.044094421
0.03759034
0.036358092
0.035696156
-0.039989606
0.018079149
0.061074551
0.0051789237
-0.030031499
-0.057293713
-0.022836618
-0.072676837
-0.032666769
-0.01542104
-0.088003352
0.026485743
-0.06517446
0.044285543
-0.023035387
0.048630085
-0.034229551
0.03014116
-0.020503636
0.023920681
0.0058851256
0.03775268
-0.036532059
-0.043511685
-0.032362849
0.080033079
-0.039672192
0.023279015
-0.02681488
-0.034444191
-0.021076288
0.017870044
0.035637166
0.010675613
0.0583199
0.069090769
0.0029373306
-0.038193449
-0.072385989
0.01794952
0.080388047
0.075758681
-0.011429117
-0.029765269
0.01968677
-0.0063892836
0.071978576
-0.064456604
-0.004753063
-0.00026140714
-0.037523136
-0.01900808
0.0040570456
-0.058418144
0.013482913
-0.050363202
-0.036948383
0.054037634
-0.013118759
0.04528217
-0.027450647
-0.069066353
0.09280961
0.028971944
-0.072524548
-0.063292257
0.015532918
0.017899571
0.017705701
-0.052164197
-0.0080100531
-0.027136313
0.0051016831
0.022801314
0.025680138
0.015425542
0.0072487253
0.076045148
0.072458804
0.0099941324
0.01786885
0.030760117
0.042204916
-0.013895607
0.060848355
0.0064502666
-0.065244563
-0.0088409316
-0.045997921
-0.0027232335
-0.079044387
0.0099749733
0.031436879
0.0052538379
-0.017483201
-0.037668232
0.041642237
0.050906923
0.075802281
0.099308923
-0.0097661205
-0.023369048
0.033732321
-0.037662551
0.0041065267
0.014039344
-0.085608721
-0.002296383
-0.031421959
0.078849562
-0.10489276
0.059661243
0.051142421
0.043425716
-0.005704076
-0.021958858
-0.029734567
0.039509445
0.062044039
-0.035535093
-0.050997116
-0.044100631
0.083329923
0.056388889
-0.0052274577
0.025148241
0.027856026
0.014896333
-0.027534161
-0.015317445
-0.028710226
0.023855038
-0.027420174
0.008429666
-0.051985685
-0.022617808
0.05081426
-0.015720552
-0.018977843
-0.012970915
-0.0056122355
0.023292214
-0.072893955
0.015870957
-0.031015908
-0.042311061
-0.04034869
0.071592428
-0.009836291
0.050237857
0.015006334
-0.051017139
0.041060407
0.029894693
0.030857531
-0.092290774
-0.016840788
-0.02322221
-0.026524447
-0.10796338
0.056099176
0.054931454
0.044956151
-0.03281486
-0.069794908
0.015785489
-0.0045739324
-0.0038272664
0.033752833
-0.013485991
0.012444179
-0.024969542
-0.029087644
-0.021529801
0.041814711
0.044033155
-0.053534489
-0.037865009
-0.019886343
-0.019572498
0.068538249
0.069510601
0.0069511016
-0.018227354
-0.028681412
-0.040344156
0.0085851848
0.0098375762
0.026967818
0.035740007
0.0041133557
-0.016912831
-0.10152467
-0.034263667
-0.052618384
0.048976589
-0.081377119
-0.068207003
-0.05471966
-0.036810122
0.030815914
0.00212748
-0.040785816
-0.035450451
-0.024349572
-0.052543003
0.023587281
0.0019717659
-0.056775067
0.035715666
0.08328484
-0.050001666
-0.013437493
0.051179294
-0.026915345
0.0053689666
-0.033683762
-0.067335218
-0.059853896
-0.049442194
0.026534533
-0.057977263
0.018976547
0.041694064
0.088788435
-0.11459859
-0.0090641212
-0.062745422
0.068309017
0.050435264
0.048457753
0.074478023
-0.036988527
-0.025983103
0.01985098
-0.0020351061
-0.079616584
-0.06008032
0.0087107681
-0.034725931
-0.06132273
0.0058472827
0.0030811676
0.086359367
0.021940246
-0.034348845
-0.011265227
0.027264424
0.00876013
-0.023396323
-0.027267259
0.022500176
0.020528072
-0.0076854657
-0.049117375
0.053047474
0.035852585
0.01289807
0.11011904
-0.0157187
-0.044619538
0.015569745
0.01739284
-0.053041745
-0.05145292
-0.030950595
-0.033443961
-0.037730157
0.075496703
0.021687871
-0.023837533
0.0087297456
-0.0069601135
0.077562682
0.014332913
0.057664059
0.021780571
-0.0041899178
0.015907109
-0.013213148
0.044934701
-0.055371791
0.002822974
0.016136061
-0.066774219
-0.055732951
-0.01587938
0.07436078
-0.020291111
-0.048933905
-0.053715281
-0.070565462
0.026927803
-0.021276603
0.010535567
-0.068599619
-0.032608874
0.059148237
0.015147527
-0.032227874
-0.019564532
-0.038503345
-0.020789301
-0.075049229
0.030312639
-0.07567884
0.04067
-0.0034591155
0.024768699
-0.015913734
-0.04113451
-0.0073584653
0.0058682831
0.025224579
-0.036299877
-0.041766033
0.07222864
0.045415517
0.043868054
-0.027191896
0.056624513
0.021745233
-0.0037755424
-0.031178847
0.053543072
0.0023969505
0.05561417
-0.017342206
-0.07082177
0.092089474
0.018505108
0.0042772405
-0.074925683
-0.00033987223
0.078887105
0.0098639429
-0.060542412
-0.028270042
-0.11628579
-0.049627405
0.021787459
-0.06089671
0.055591635
0.015675114
-0.0026407079
0.078946866
0.058695994
-0.011949292
0.059832979
0.01512364
-0.025779281
0.034350462
-0.023638889
0.068089023
0.10825881
0.024213377
-0.025276799
0.044827707
0.023336045
0.060121484
0.035341505
0.043950912
0.02982818
-0.05913648
0.0056673996
-0.01536032
0.0057710381
0.035928171
-0.051754497
-0.09871643
-0.0061261375
0.034673292
0.0096087838
0.021614987
0.010927889
0.0030228049
-0.055252679
0.05674364
-0.029386291
0.0289427
-0.077983469
-0.086405016
0.0068456447
0.073369332
-0.013581846
-0.029745065
-0.041773196
-0.0093778111
-0.086993352
-0.0056966231
0.088085994
-0.06367588
0.024521085
0.018148819
0.032351401
-0.080452375
0.0062783267
-0.023720691
-0.0071092378
0.043213028
0.043894634
-0.032924615
0.024503879
0.047983557
0.073488295
0.081503503
0.014509389
0.099312298
-0.069699809
-0.017339962
-0.10109552
-0.020706026
0.048864838
0.042763915
0.013280033
-0.001589598
-0.036379904
0.074497186
0.021761773
-0.021958498
-0.087208733
-0.029426131
-0.024450591
-0.087110296
-0.020374088
-0.017867813
-0.0057606199
0.025744526
-0.027923029
-0.017520254
-0.036653802
-0.0087803211
-0.059256323
0.028279208
0.073216595
-0.024853488
0.0091359364
0.07254409
0.024428375
-0.047578499
-0.082215317
0.02479128
-0.10832409
0.052408155
-0.072225265
-0.040983561
-0.096275441
-0.040549774
0.031214202
-0.021378633
0.049546659
0.069918342
0.010242735
-0.0048950189
0.022126883
-0.029696601
0.03697402
-0.040264208
-0.046053018
0.044816464
-0.058218364
-0.09384957
-0.072168075
-0.044033751
0.084007002
-0.0039671534
0.039181292
0.040629033
0.0033921842
0.01627402
-0.022956319
0.057848319
-0.050183423
0.087428369
-0.01747953
-0.03170104
-0.024927799
-2.2969491e-05
0.044330511
0.032712381
0.05460459
0.061749097
0.016431686
-0.059629038
-0.012824987
-0.13289936
0.035941083
0.068702593
0.034796063
-0.0018361094
0.10060199
-0.043373432
0.017441032
0.0040202895
-0.039622188
-0.030823218
-0.033612728
-0.010169996
0.029181642
0.0018052704
-0.034424189
-0.049802125
-0.010409409
-0.018105803
-0.023460297
-0.010642145
0.11439688
-0.023753032
0.10281277
0.0071021901
0.030313989
0.089748681
-0.0084931422
-0.020907531
0.054903556
-0.063237585
0.010874494
0.034870628
-0.045360591
-0.023487044
-0.013307618
0.0053958921
-0.04476396
0.016446205
-0.014598552
0.061616197
0.03211835
-0.021509504
-0.022358531
-0.0008940812
-0.02079116
-0.0095684538
0.019332591
0.0021250076
-0.0074208975
-0.066135339
-0.020524412
-0.01861858
0.021802591
0.032457706
-0.04476653
-0.046526153
0.005260021
0.017164055
-0.010162815
0.035013545
0.10654955
0.017232681
-0.024902321
-0.047942378
0.023698244
-0.029164447
0.0088722445
0.051774401
-0.023206508
-0.021879585
0.04480407
0.090303421
-0.046114203
-0.00050045131
-0.022082208
-0.010415438
0.11248208
-0.012808441
0.0023467951
0.025010547
-0.011754798
-0.052694265
0.010539993
0.078793146
0.0034726302
0.053522233
0.012467146
-0.0037300014
0.11335173
0.045024872
-0.027823254
-0.087278351
0.04241607
-0.022872001
0.0050029862
0.0075741638
0.033125453
-0.088525385
0.018097971
-0.11981529
0.026039179
-0.0029281941
-0.013102648
-0.026991557
0.037482344
-0.014581349
0.045845423
0.0143964
0.026006563
-0.017776499
0.046185244
0.022133613
0.031471122
0.0083391611
-0.04564108
-0.049215768
-0.019097432
0.052671809
-0.0021355106
-0.034549467
-0.0016062307
-0.040304113
-0.03715799
0.0078005474
0.05905975
0.050693963
-0.026899196
-0.020041063
0.048850637
-0.027853575
-0.05096503
-0.011620058
0.019903352
-0.038107466
0.064447336
0.054132286
0.017949728
0.002313636
0.057718132
-0.09252695
0.041998718
-0.013370979
0.013568331
0.0022882398
0.048015777
-0.075463377
0.015870471
0.022859745
-0.01036883
0.10202749
-0.070952676
0.042585418
-0.0087014074
-0.034350958
-0.001184434
0.068214461
0.035766494
0.010624718
-0.045354318
-0.061463971
0.041518658
0.037498534
0.039786525
-0.06248033
-0.0064607724
0.01040016
-0.048042744
0.04193607
-0.030890072
0.0055562728
0.035633259
-0.088927843
0.059759371
-0.054464668
0.027804649
0.015895929
0.0019624825
0.061152063
-0.03146138
-0.029370571
-0.089865439
-0.00051299972
0.048626911
0.02127384
0.032698881
0.015418442
0.00076188962
-0.018159734
-0.0052337274
0.0016290545
0.0056344722
0.029111195
-0.079480432
-0.078040786
-0.069058552
-0.036635697
-0.081430048
0.029288573
0.021845676
-0.02320453
-0.018679606
0.024259584
0.02346313
0.051283296
-0.069282822
-0.062854148
-0.063977048
0.020730838
0.074340612
0.0015671377
0.0099934116
-0.050318561
0.022830313
0.046616793
-0.18894951
-0.018737737
0.055392168
0.0050574671
-0.077900499
0.017012132
0.014181818
-0.029173072
0.0020534918
0.049689814
-0.050138816
0.093103543
-0.07031855
-0.042110451
0.046657287
0.066623092
0.033910625
-0.019477839
-0.062673531
-0.070245773
0.041777384
0.012408027
0.020412832
0.00066674501
0.033829451
-0.0071438765
-0.019264914
-0.063784659
0.005562345
0.010652092
-0.030229917
0.00021886487
0.060815465
-0.019728485
0.053499494
0.039147224
0.016491245
0.0414946
0.013674121
0.021294009
0.015022859
-0.00038769963
-0.018319556
0.068253666
-0.013212688
0.046780739
-0.037683398
0.082894497
-0.10188151
-0.021512529
-0.0072505511
0.069740601
-0.021474173
-0.10490383
0.11483182
0.028702237
-0.065745622
0.11024778
-0.0070659132
0.022485269
0.005983755
-0.0012968013
-0.03001469
-0.041634973
0.034320809
0.015680509
0.049775161
-0.029794576
0.041761272
0.064480513
-0.035401892
0.0097669913
-0.026754022
-0.037956454
0.060638428
-0.021927232
-0.017796943
-0.061017416
0.018729055
0.030130876
0.0024176608
0.016493719
0.013777121
0.017685648
0.078834504
0.036488049
-0.011134952
0.084481113
0.077391319
-0.0063113268
0.0072263097
-0.034735195
-0.0070996392
0.046150908
-0.022302216
-0.018196272
0.0086405259
0.030111445
-0.023540083
0.0025396377
-0.019201323
0.010221337
0.0062494478
-0.069206454
0.08733283
-0.068999849
0.036149573
0.045579907
0.036915787
-0.0018695306
0.0029875624
-0.019631265
-0.12522794
0.049509998
-0.048239987
-0.10378547
-0.076244876
-0.0070093158
-0.01905838
-0.068056561
-0.067447275
0.018689912
-0.034596592
-0.030265303
0.044843022
-0.026901018
-0.088035509
0.033231199
0.017255267
0.019537609
-0.041176487
-0.042361703
-0.021700727
-0.047147337
0.061361268
-0.032086581
0.072357394
0.019977961
0.054951441
-0.017473031
-0.042625759
0.064985648
-0.012240447
-0.008191362
-0.015202754
-0.017447971
0.049922172
-0.049464881
0.09299057
-0.049050558
0.028697077
0.036595415
0.013565129
0.062026568
-0.036690056
0.049385741
-0.01873341
-0.016571598
0.018247183
0.048972435
-0.032417085
0.04287212
0.02111866
-0.0058877151
-0.0071098921
0.075120345
0.0094180312
-0.0060262997
0.017527984
0.014056293
-0.010670983
-0.0045284722
0.0082827844
-0.0084160874
0.027746951
-0.047791403
0.008010054
0.030225517
-0.006918401
0.042604148
-0.099675186
-0.052720271
0.052089639
0.022597251
-0.067374691
0.063508771
0.045707449
0.02151341
-0.011538382
0.050801683
-0.025284475
0.025401555
0.013327536
-0.064804994
-0.077925541
-0.0070264735
0.026731193
0.065894559
-0.028201312
-0.011335041
-0.0069761002
-0.042835273
0.020365294
0.03001024
0.043841004
-0.031282101
-0.037832689
0.020979086
0.010547346
-0.0067286226
-0.0097747538
0.05885639
-0.0075127874
-0.025121525
-0.074797936
-0.020997541
0.01975118
0.062300693
0.027695127
-0.01587124
-0.025101852
0.0077097183
-0.11498072
0.049569845
0.076220296
0.062137678
0.044656452
-0.0090209013
-0.026491111
-0.014066374
-0.0091988295
0.0248989
0.054284059
0.042916007
-0.021531619
-0.053396255
-0.018233595
-0.10365681
0.00014089429
0.015941098
0.023962548
-0.01580381
-0.020882159
-0.079816118
0.005322054
0.047627889
-0.04510811
-0.039211977
-0.048133411
-0.023590688
-0.018344708
0.020537844
-0.064294666
-0.050896719
0.034622528
0.012252877
-0.060777877
-0.043066371
-0.011466241
0.008593074
-0.025166191
-0.0070343339
0.021943521
0.036945693
0.014751378
-0.016950436
0.053406321
-0.023666618
-0.028970372
0.034809772
-0.023154862
-0.032782901
-0.032608494
0.041705828
-0.023716684
0.041746944
0.082463853
0.0049179443
-0.039254282
0.030598128
0.039940421
0.022788916
-0.013374284
-0.04213411
-0.0040493933
-0.004187292
0.036800936
0.043319345
-0.053394172
-0.03715916
0.0364796
-0.052351937
0.040756993
0.0083062788
0.064121298
0.051933873
0.077806503
-0.054178488
0.081933081
-0.044757865
-0.049797632
0.029398305
0.0078508537
-0.0098724309
-0.0027447066
0.075976685
-0.037672702
0.019555891
0.038306724
-0.0057281167
-0.040822469
0.021073008
-0.012333028
-0.053783748
0.037443288
-0.092430525
0.10138471
0.043388478
0.087323084
0.031623401
0.059757575
0.083857052
0.0062870351
0.044415098
0.011285422
-0.0072960979
0.071910277
0.014490636
-0.022409832
-0.042208683
0.0029227228
0.068026759
-0.026218656
0.012880047
-0.04401473
0.063026905
0.01284159
0.0095370635
0.024468234
0.04710947
0.029579131
0.029844817
-0.0036255275
-0.060637228
-0.029205071
-0.019306671
0.057664488
-0.042679127
-0.030041466
-0.043768134
0.052757096
-0.018311502
-0.034515135
-0.055215191
-0.013246227
-0.015590468
0.055406697
-0.010157019
0.051180299
0.0209524
-0.018746801
-0.053586982
-0.041400477
0.078269064
0.066674449
0.06824974
0.042878971
-0.051798206
0.071511343
0.018176772
0.061989807
-0.099060297
-0.032618567
-0.043971457
-0.011386254
0.039260011
-0.036510088
-0.056164745
-0.0090760337
-0.026180871
0.024639471
-0.023339534
0.043293417
0.0063967803
-0.024721609
0.014532805
0.0292625
0.030475451
0.028874177
-0.018707495
0.036670692
-0.075013287
-0.00064185599
0.054213338
-0.030972796
0.027701125
0.015942305
0.00091102766
0.010295844
0.047787543
0.034996167
0.063658014
-0.046520535
-0.039623875
-0.024727432
-0.031553291
0.041399382
-0.062227096
0.023226989
-0.042025916
0.042149741
0.025122261
0.033604793
-0.077647559
-0.061707094
0.031335976
0.042081553
-0.0069038565
0.015840638
0.045236506
0.040419433
0.039121851
0.08466506
0.054158591
-0.036289413
-0.007149525
-0.05261552
0.01932366
-0.01460734
-0.041109081
0.031403668
-0.032585412
-0.010222198
0.072320417
0.0017248017
0.011287807
0.047252651
-0.012057731
0.004100542
0.027891278
0.040322792
0.074564554
-0.022994166
0.035502926
0.00059087062
-0.012602557
-0.0034044799
-0.0046542897
-0.0011931586
0.018000379
0.02960369
0.036130488
0.025165092
-0.033348676
-0.036933441
-0.056676887
0.0087093059
0.010968741
0.0021571971
0.039710861
-0.012678049
-0.00043429516
0.0055195801
0.016314704
0.0022445214
0.023312949
0.012229096
0.017496863
0.0027168866
-0.018499164
0.00044636053
0.053024147
-0.013445528
0.021541629
0.0071201068
0.0053344467
-0.00067984767
0.023215748
-0.040952992
-0.046052452
0.048540384
-0.021555467
-0.030912744
0.074850082
-0.0079573067
0.038729977
0.025449455
0.010221756
-0.04812305
9.9544894e-05
-0.0056655952
-0.041425295
0.022758625
-0.057241242
-0.080426775
-0.074854158
0.03599783
0.039563198
-0.022905549
-0.028209431
-0.057732392
0.03207963
0.0514552
-0.082309715
0.076999694
0.069501117
-0.026412869
0.004028596
-0.069869116
-0.020532491
-0.039123472
0.024631796
0.033226963
-0.017358596
0.026151177
0.0062259212
-0.044321027
-0.06398572
0.025794446
0.026593179
0.042101942
0.032724876
0.041500341
-0.015028331
0.033728186
-0.0010903517
0.01741601
0.040634707
-0.022786977
-0.0069996431
0.01479287
-0.06129254
0.0046773115
0.02084074
0.069445081
0.016827114
0.028868651
0.097182415
-0.070988424
-0.0032589575
0.051373068
-0.017417427
-0.0095303301
0.0057378584
-0.018211896
0.034285922
0.025347987
0.054148994
-0.07141538
0.028200043
0.051475115
0.065353788
-0.014110537
0.0059818705
-0.025760693
-0.023648294
-0.0072540776
0.073118888
0.025391925
0.035710707
0.026437188
-0.023334764
0.045240197
0.11734077
0.0108698
-0.068762034
0.020510731
0.026595475
-0.0086174672
-0.035392255
-0.023052298
0.013324174
-0.0085505443
0.041068565
-0.05474313
-0.0047655888
0.035217643
0.062228121
-0.036925342
0.040284231
-0.039390467
0.0057047089
0.042477719
-0.044687416
-0.05982396
0.030585548
0.035555013
0.029329481
0.061248485
0.0375208
-0.074489273
0.027197398
-0.049772747
0.048090007
0.012383086
-0.018204277
-0.023643745
-0.019586544
-0.024404205
0.038195483
-0.0025526923
-0.0090563698
0.095341071
0.0092209596
-0.056655813
0.007556323
0.008825941
0.0034312522
-0.020818628
-0.010909002
-0.0039197765
0.020352673
0.00057966798
0.021931756
0.046100792
0.082086287
-0.0078869993
0.02946068
-0.16453379
0.0075947018
0.029766953
-0.011158184
0.0031022304
-0.03365767
-0.0027905724
0.00025733584
0.078178115
-0.057447776
0.031162761
-0.0041380902
-0.0035511206
0.003533625
-0.030452639
-0.057844471
0.046136189
-0.0065087932
0.009211095
0.047355983
-0.019538648
0.055374645
-0.0059011239
-0.032485932
0.030651296
0.059632875
-0.01038083
-0.00037309702
0.083960772
0.032254957
-0.016335245
0.021189772
0.033164412
0.050729133
-0.045366034
-0.030416716
-0.011313734
0.055868004
-0.0053220266
-0.0077628936
0.027861848
-0.018617503
-0.059362758
0.0022149866
-0.0045647286
-0.0019929295
-0.020085903
-0.01718244
-0.019307626
-0.11116663
0.055534199
-0.010828007
-0.082375489
-0.0072404309
0.0082490612
0.022305828
0.055232335
-0.0065851458
0.023695692
-0.03237734
0.038738597
-0.076364279
-0.023211788
-0.085100435
-0.087103799
0.011535141
-0.052759077
-0.028491726
-0.047875594
0.028893912
-0.068882041
-0.0058956575
-0.040961295
-0.023559293
0.032447521
-0.010278361
0.037358113
-0.029981086
-0.023909863
-0.0061876741
-0.028156022
-0.074723907
0.013219059
0.055193
0.072255604
-0.045402285
0.11249541
0.086524725
0.06705647
-0.0331247
0.022865625
0.062297307
-0.0096164476
0.035983037
0.024873583
-0.035752635
0.029787304
-0.046677187
-0.026995134
-0.036349729
0.027246255
0.089948602
-0.036791835
0.0097845867
-0.0006626533
0.068669021
0.062645167
-0.0049363901
-0.045890171
0.013509208
-0.031396832
-0.066235125
-0.0098376106
0.013232841
0.036017291
0.037149005
0.022810213
-0.093727924
0.042382397
-0.041719146
0.013183594
-0.042406935
-0.0062837945
0.037089795
-0.022841631
-0.032899596
0.015076947
-0.011961658
0.018133815
0.016334208
0.035553921
-0.0031971198
-0.010815087
-0.0082390271
0.047753602
0.012592573
0.028238509
-0.084198728
0.0077766031
0.024978533
-0.027576024
-0.052076612
-0.016649043
-0.030317893
0.046518378
0.054172788
0.022796931
-0.041195821
-0.042644508
0.01113396
0.0066382899
0.072219126
0.021538928
-0.017940508
-0.010229093
-0.067966715
0.006754885
-0.023425572
0.027026331
-0.074397199
0.0046261745
-0.032130606
-0.0045819073
-0.041427664
0.013254536
-0.013694105
-0.020364821
0.050885376
0.043241519
-0.048255567
0.093926311
0.044531666
0.010592435
-0.0025422378
0.076526642
-0.018854557
-0.02199363
0.010090799
-0.0057940762
-0.013921951
-0.019393625
0.02831102
-0.024017483
-0.064698629
-0.049094528
-0.078038484
-0.0049451347
-0.044092208
0.0076622586
-0.046605121
0.042640861
-0.098419353
0.028015861
0.0011504792
-0.077963807
-0.036900703
-0.040119771
0.013651872
0.023982501
-0.049476605
0.051992897
-0.036511999
0.01458706
0.034521274
0.010961129
0.010766159
0.041642185
-0.14608017
0.013400336
0.059095275
0.027157445
-0.080224775
-0.027737292
-0.050325461
0.017790202
0.02956054
-0.018350065
0.03286865
-0.019011375
0.030558461
0.10825244
0.064709835
-0.023987381
0.024327219
-0.011522164
0.016275311
-0.046607465
-0.027618378
0.0086524235
-0.016377063
0.023192441
0.040629398
0.0097094318
-0.022296917
0.035473861
0.073376186
0.032504305
-0.085120223
0.028982401
0.013065817
-0.0022041278
-0.024188129
0.03426367
-0.071591847
-0.025534116
0.065785892
-0.11453847
-0.015936915
-0.040766757
0.022628544
-0.019880436
-0.010000521
0.040876973
-0.046907309
0.046867464
-0.09728612
0.058592461
0.028809797
0.056407139
0.080793239
0.018489799
-0.024842799
-0.036289562
0.043259952
-0.073979676
-0.074122854
-0.057601847
-0.045147497
0.03691563
0.044506878
0.05221086
-0.16514856
-0.024101291
0.02215454
0.029258553
0.019670337
-0.048695248
0.015687536
0.0070382548
0.019470051
0.001972635
-0.050833356
0.051865514
0.0082183536
0.0057425001
-0.04920261
0.056155004
0.025266945
0.044472586
-0.021153044
-0.033656303
-0.037188031
0.035314426
0.028165411
-0.082504004
0.051284526
-0.055494104
-0.0180603
-0.014832433
-0.0742044
-0.049982309
-0.078157358
0.019608608
-0.049019806
0.01191641
-0.018896608
-0.018923102
0.018944521
0.055906273
0.087170206
-0.024134403
0.03292935
0.0017557384
-0.073440976
-0.015927777
-0.0016132573
-0.032565013
0.0054369532
0.0015788533
-0.069565423
0.020260772
-0.012630279
0.025365198
0.0056848791
0.05670996
-0.013286649
-0.0035944285
0.065198816
-0.053520005
-0.016246824
0.0337453
-0.014417717
-0.055080391
-0.095688783
-0.019824252
0.038165867
0.062326439
-0.073788434
0.012500969
-0.0094092898
0.082098074
0.047684073
-0.011231884
0.022144757
0.079828486
0.037382495
-0.00024152489
0.03425727
0.0013763822
0.083039194
0.033856884
-0.00093144033
-0.087051511
0.024156539
0.043093976
0.054927621
0.024371829
0.06895712
-0.051692713
0.039160423
0.00435508
-0.078507207
-0.073100969
-0.020953197
0.01013033
-0.020013617
-0.027206348
-0.085197493
0.0036659366
-0.088223778
0.025982607
-0.026624259
0.099947065
-0.066749215
-0.049440864
-0.054609351
0.02009785
-0.028627185
0.025854051
0.024973646
0.039218634
-0.010507091
0.02864306
0.01930337
-0.065088429
0.034344219
0.017606741
0.0442078
0.017218512
0.04213183
0.011257752
-0.13560472
0.037075285
0.064565726
0.035466328
-0.028377406
0.019638984
0.015653914
0.042013105
-0.03968757
-0.029197339
0.074439593
0.017597442
-0.062954038
0.10699133
-0.024563046
0.050411899
0.038314607
0.051967517
0.053173855
-0.10681131
0.0071191015
-0.022979869
-0.0023075305
-0.15847477
-0.045449153
-0.10961425
0.020788528
0.069712058
0.024071228
-0.05609487
-0.049865786
0.081669763
0.0010563257
0.015237579
0.038771693
-0.082409002
0.065900847
0.074082308
0.011045095
-0.10585248
0.0024309237
0.038056228
-0.039250664
0.046478044
-0.15954985
0.012795965
-0.06921567
0.010787884
0.081933476
-0.030905092
0.0097461129
0.089721151
-0.044230159
0.029738886
-0.019004483
0.051780049
-0.047364686
-0.011987166
0.017188955
0.013288445
0.014099503
-0.02789868
0.076111384
-0.018743441
0.0066355406
-0.037666686
-0.072544888
0.029249962
-0.0023198561
-0.076082073
0.044386078
0.024098953
-0.043508478
0.011744832
-0.030423338
0.049102593
-0.05101531
0.032532845
-0.016866105
0.070666015
0.06366314
0.014696631
-0.01188995
-0.069865152
0.012709051
0.05439442
0.13109018
-0.051433865
0.095982052
0.045451552
0.064457648
-0.0070950729
0.018504899
0.0620928
0.080248125
-0.0144522
-0.015845122
0.039097823
0.013039786
-0.015155373
-0.028612183
0.030613989
0.0033335618
0.02736618
-0.018162347
0.080344297
-0.11058791
0.066254124
0.063618653
0.021873044
0.088533834
0.072694264
0.06497734
0.018440334
0.050425719
-0.036948293
0.085650697
-0.027378645
0.018591309
0.094135456
0.030463537
0.0071606236
0.11892059
-0.017443316
0.026192771
-0.039334532
-0.067823805
0.034446098
-0.078573085
0.062890202
-0.031329494
-0.012861346
-0.060854752
0.030555604
0.087802678
0.039482389
0.032601915
0.0031226228
-0.096847646
0.051480643
0.057083461
0.027981931
-0.049325932
0.0080938395
-0.030316839
0.034423307
0.0093982564
-0.0018396446
0.022151519
0.014733645
-0.054174095
-0.10438338
0.086155243
-0.015870931
0.063236259
0.11001017
0.029755201
0.054307856
-0.073104091
0.1117522
-0.032428712
0.01631199
0.08851888
0.011026714
0.048853979
-0.010088571
-0.033176102
-0.011593242
-0.0042799823
-0.028070653
0.020608116
-0.10561711
0.0272101
-0.0044666636
-0.0021372831
-0.043412581
-0.089611925
-0.05422892
-0.10242633
-0.041394986
-0.0058177211
0.062154248
0.10000745
-0.023251597
0.0071996814
0.0063593704
-0.07988029
0.032815482
0.058265459
-0.0085053323
0.02813638
-0.019338224
0.054449562
-0.083183929
0.012144681
0.011625542
0.027776444
0.0402495
0.039655276
-0.0037105656
0.032016501
0.06016802
0.020156881
-0.078818746
0.0024736698
0.0338163
0.024250045
-0.071656339
0.018944986
0.056244008
0.023367725
-0.0065947212
0.076774158
-0.094460815
0.015345647
-0.033185408
-0.032275643
0.061769024
-0.010701856
0.048049349
0.013653898
-0.0080976915
0.040847003
-0.081493348
-0.01562224
-0.023248861
0.075917684
0.10747279
-0.0090028206
-0.027030954
0.039727084
-0.013125112
0.021695359
0.00075972837
0.014811834
0.008834132
0.021321844
-0.033961162
0.046563756
-0.046462998
0.042526376
0.014392762
-0.091675475
-0.047365528
-0.0074266214
-0.032920007
-4.6007135e-05
-0.017826812
-0.025591332
-0.050408579
-0.019758474
0.033073295
-0.038810842
-0.01132145
-0.043126948
0.045424622
0.025777316
-0.042387515
0.01062692
-0.013394122
-0.019475048
-0.026162731
-0.019960457
0.012498953
-0.0001804577
-0.0091400696
0.0014649421
0.077322014
0.024460196
-0.11725595
-0.001654926
-0.020456493
-0.019251429
-0.002673357
-0.013175664
-0.058014747
0.023429636
-0.032560192
0.034805369
-0.018920813
0.043325756
-0.015625555
-0.0077313078
0.051975522
0.017068459
-0.011743927
-0.05218593
-0.021770895
0.017170375
-0.028747238
-0.054966889
-0.023143765
-0.014465627
0.016748168
-0.036456894
0.037619647
0.046920348
-0.06956248
-0.023051716
-0.088982619
-0.096515931
-0.011229442
0.039617851
-0.046424396
0.070801273
0.0022493817
0.039924838
0.037424095
-0.043316711
-0.012571264
-0.048857056
-0.02783449
-0.088712387
0.013710591
-0.00035457773
-0.01267746
0.025007686
-0.046022478
0.045812961
0.024476143
0.0037870735
-0.04652692
-0.018834561
0.017055351
0.0098594818
-0.067037538
-0.047424942
0.07057929
-0.047469202
0.064919151
-0.053397078
0.025725415
0.01066085
0.10096668
-0.010590988
0.040821265
0.02397115
0.033156484
0.078318581
0.0064739762
-0.057377633
0.075592205
0.028416131
0.036103494
0.02258837
0.0062813791
0.043789331
0.014313713
0.040432367
0.054430861
0.006999556
0.064431772
-0.015064901
0.064268097
-0.057419248
-0.082780078
-0.028363312
0.010285385
0.019461108
-0.012180034
-0.04092643
-0.047507625
-0.0073127919
-0.0030528577
-0.0045437063
0.080574811
0.00125044
0.014084338
-0.042811397
-0.010489248
-0.019666445
-0.0026152018
-0.019110668
0.063534498
-0.00016571449
0.02940204
0.0044892989
0.00099311955
0.083915725
0.0097514093
0.099235624
0.0022453365
0.044622604
0.049702492
-0.016016925
0.10444435
-0.028775139
0.0094983848
-0.061413944
0.017956361
0.011512063
-0.029367311
-0.084924534
-0.034238409
0.022098739
-0.040298451
-0.0020481749
0.041515019
-0.03440538
0.0037425042
-0.007468564
0.068225749
0.008208991
0.0019523116
0.0060722232
0.081125997
-0.026302414
-0.011013886
0.069944322
-0.057540439
0.028708719
-0.053300336
-0.02094298
0.028042277
0.011485044
0.056690961
0.071306176
0.03065956
0.084618755
-0.067622945
0.023108264
-0.013587018
0.043988008
-0.056652498
-0.0093486328
0.050548643
-0.027985463
-0.0028451681
-0.040780399
-0.026101736
0.010859372
0.042227771
-0.041257378
-0.022977918
-0.079843588
0.11368788
0.03455852
0.014192611
-0.032652359
-0.015235088
-0.14638931
-0.0046548541
0.0091037191
0.0037817894
-0.016535394
0.039182853
0.054286759
-0.038724899
-0.011251967
0.011691358
0.0032990968
-0.019029357
0.017083352
0.012192816
0.04755551
0.043565534
-0.092792884
-0.01821192
-0.053222261
0.090559505
0.051989526
0.026149325
0.036264028
0.0043471521
0.023629241
-0.056067806
0.064612493
-0.10644177
-0.023531882
0.12320305
0.069461912
0.097435154
-0.059854288
-0.050565999
-0.051073879
-0.0036700007
-0.0068584532
-0.028892694
0.1271133
-0.044616215
0.065145053
0.0058936737
-0.067059442
0.012532308
0.008016604
0.021240963
-0.002288874
0.0028355427
-0.0081925942
0.04071112
-0.071625412
-0.044019673
-0.023383446
-0.011043307
0.050748572
0.041686136
0.028393598
0.036530871
0.049632702
-0.044516634
-0.099336654
0.069190964
0.067294002
-0.028146798
0.020786902
-0.0012653104
0.019470794
-0.0065751988
0.024168214
0.0170564
0.038231395
0.091559313
-0.012876781
-0.063588955
0.0059826076
0.041854598
-0.045117795
0.02793866
-0.017674666
-0.019491689
0.0027077107
-0.022938946
-0.0012394707
-0.073800281
-0.03488864
-0.0061737439
0.051537797
-0.054486796
-0.020970436
0.11193028
0.084460072
-0.0062570297
-0.022460124
0.011980751
-0.092457838
0.018293053
0.0059383414
-0.011621899
-0.019395275
-0.047056347
-0.047948256
0.090210326
0.001430927
-0.0095925117
0.034306046
-0.0054654288
-0.046288714
-0.01148146
0.056527156
-0.039957374
-0.029160332
-0.0066616363
0.032326922
0.020822823
-0.0024432582
-0.0020199264
-0.018526949
-0.042274773
0.012074839
-0.024104647
0.046320848
0.0062353909
-0.032396924
0.050613791
0.009092086
0.011384871
0.020538716
0.047256563
0.020153746
0.042982277
-0.01179333
0.0089793298
-0.034513429
0.078790069
-0.0089666611
-0.10816184
-0.071619764
-0.019641614
0.0090469606
0.048066169
-0.0081798825
-0.043868862
-0.0076696989
0.052011881
-0.043939564
-0.027067408
-0.028105559
0.076242886
-0.020636799
0.092087947
-0.031262368
0.11911178
-0.0078916475
-0.023990262
0.049556311
0.01013013
-0.038460754
0.11093194
-0.010766209
0.027704695
0.040884156
-0.008165108
0.048981979
0.01104269
-0.012078311
-0.07186088
-0.023970146
-0.0079877889
0.051674515
-0.021450212
0.014398032
0.0024835218
0.0034699037
0.02965454
-0.01894821
-0.016629344
-0.0069020381
0.0063281134
0.0046318108
0.028874636
-0.078101836
0.055108324
0.033420864
-0.025175586
-0.038958054
-0.021497468
-0.02690311
0.010881406
-0.027405851
0.093657546
0.1231811
0.01523435
0.0065234746
0.021896992
0.040292788
0.022111837
0.03969093
0.012651924
-0.039902501
0.018851783
0.029469019
0.016142813
-0.076857656
-0.0087918155
-0.0099814665
0.02430167
-0.0023470544
-0.0074312408
-0.11555544
0.0033461428
0.020427329
-0.0031691403
0.045544054
0.021856692
-0.037724622
0.04272614
0.044394515
0.1110239
0.0081798043
0.074190058
0.049687389
-0.026538489
-0.013321204
0.029413102
0.037954211
0.069276139
0.019142028
-0.079664007
-0.042759299
-0.0025242243
0.018351611
-0.085402884
0.042174712
0.013293539
-0.0071227057
-0.056293815
-0.030923679
-0.089589268
-0.017109955
-0.055007994
-0.0084645795
0.038072888
0.0020828261
-0.026926471
-0.051492259
0.045382805
0.075067081
-0.066441439
0.049071673
-0.029322997
-0.0046152752
-0.031286374
0.026513061
-0.020353366
-0.0005525279
-0.0075646029
0.025134863
-0.060785688
-0.10531443
0.012230013
-0.044870593
0.04453744
0.029311793
-0.044611532
-0.04115082
-0.017428953
0.060897779
0.029452994
0.027037883
-0.037700459
-0.077103995
0.037606072
-0.001072953
0.050408989
0.058433767
-0.019689573
-0.025412079
-0.010600079
-0.036944676
-0.0089083314
-0.079466783
-0.076079763
-0.013823226
0.04695588
-0.06295944
0.047778949
-0.02481381
-0.089190029
0.099629961
0.0096384976
-0.032005008
0.035284609
0.044391427
0.098549359
-0.052574806
-0.0044666068
0.015675901
0.015646713
0.027827563
-0.023706848
-0.02540835
-0.074019991
0.012227653
0.063729391
0.013896172
-0.011305025
0.0029272365
-0.072522007
0.017415987
0.044320591
0.048896324
-0.015225278
-0.056564305
0.057440292
0.037673339
0.029022805
0.092470676
0.039013006
0.050952274
-0.026069511
0.04009185
-0.0026528726
0.016218564
-0.066915274
-0.076109037
0.065415271
0.079943761
-0.02258263
0.029548679
0.05454823
-0.039031062
-0.045830254
-0.0073406175
0.047829829
0.0050020018
0.00291613
0.0010637911
0.063470252
0.022724057
-0.11819143
0.072142169
0.03386515
-0.018839123
0.022748223
-0.0078366911
0.027635133
0.042442113
0.0065955729
0.030168032
0.071858473
0.056670249
-0.041244961
-0.041893788
0.061821509
0.050788067
-0.019161569
-0.042972226
-0.067067072
0.024838945
0.01564372
-0.01491507
0.081412204
0.042494278
0.048649412
-0.0098927785
-0.066281952
0.063482843
-0.002250751
-0.021429844
0.039108887
-0.099050015
-0.013602145
0.0032731378
0.01775828
-0.0089474851
-0.0051969611
-0.031328704
-0.032048054
-0.059389785
0.01449585
-0.040506538
-0.062455114
0.019071227
-0.0056347344
0.037769858
-0.0083491867
-0.08592391
-0.08002682
-0.03630136
0.019688293
-0.012393679
-0.038715452
-0.072462909
0.029428875
-0.0011500805
0.025171194
0.041039109
-0.091096558
-0.033061702
0.061534826
0.010807264
0.023940684
-0.029453736
0.073235124
-0.020416692
-0.0042482195
-0.026349811
-0.014069684
-0.061391413
-0.026557332
0.046184495
0.018420745
-0.064942643
0.036484074
0.07405293
-0.046398368
0.019648546
-0.026031582
0.081536599
0.014320458
0.066869467
0.083400302
-0.011089379
0.11012584
-0.06782382
0.062305465
-0.081350848
-0.092499427
-0.013997901
0.010771524
-0.03839425
-0.010057707
-0.021501401
0.05371413
-0.030919693
-0.034482934
-0.052165575
0.056673765
-0.0010343852
-0.0082996814
-0.0760637
-0.055345502
0.021109104
-0.0041769566
-0.039057992
0.020747315
-0.013095174
0.022159744
0.027549438
-0.0011475517
0.0066561438
0.035160106
0.0034945051
0.029417671
0.032399699
-0.062011156
-0.052528612
0.088702947
-0.069551185
-0.01255447
-0.060764145
-0.093014166
-0.029020708
0.063078023
-0.024318779
-0.016521225
0.074481435
-0.07618019
-0.029703619
0.065091543
-0.0015564656
0.029887235
0.015635533
-0.029310798
0.05324322
-0.047076143
0.074547753
0.079220735
-0.05459955
-0.014868855
0.051835094
-0.08374384
0.050573777
-0.090273678
0.025516534
0.04754103
0.070590146
0.01331473
-0.034149121
0.015046391
0.018176557
-0.048110813
0.058553077
-0.008363056
0.0013278811
-0.092749052
0.00031337861
0.089124978
-0.018630262
-0.0034661477
-0.037636682
-0.055259831
-0.017079549
0.0049107852
-0.039290439
0.027439389
0.092974603
-0.010513524
-0.076247342
-0.051786002
-0.07113225
0.045449898
0.025015432
-0.039921839
0.053131085
0.04445431
-0.0062188189
0.049730431
0.058667824
0.04574044
-0.062606305
0.032647245
-0.0025764082
-0.038648516
0.045800101
0.080239624
0.0021609631
-0.0069118896
0.001728924
-0.060639106
0.099885367
0.041241411
-0.021131186
-0.06364087
-0.11489689
-0.042966925
0.004487399
0.039722499
0.070153184
0.031400543
0.010573642
-0.027150173
0.046970308
0.016983084
-0.016232006
-0.026178984
0.038048059
-0.054689016
-0.052061107
-0.001540517
-0.053535055
0.015758649
0.0031262112
0.037815835
-0.0032567543
0.012570733
0.11019085
0.014635175
0.01949843
0.024602449
0.034121588
-0.033363707
-0.022575442
0.0054570376
0.0057560243
-0.085816063
0.10024032
-0.021057388
-0.0556373
-0.014043286
0.10737531
0.10486867
0.021444395
-0.048991442
-0.085040286
0.061300471
-0.02651618
0.065037809
-0.019247461
0.013278839
-0.011385895
-0.0076489127
-0.068755917
-0.0053745657
0.085924968
-0.11064883
-0.11918201
-0.04123459
0.054592069
0.026148399
-0.035574425
0.037889879
0.064308353
-0.043291599
-0.035767287
0.046798199
0.053309772
-0.030037994
0.04084295
0.0044187219
-0.018632971
0.0075108227
-0.061031785
0.039728396
-0.028782884
-0.00033023799
0.093529321
0.096993506
-0.048984528
0.079341762
-0.056967091
-0.020434849
0.077566847
0.012820686
0.01098818
-0.054536816
0.083167806
0.090424784
0.005211385
0.03972578
-0.059024561
-0.0021938393
0.041307285
0.017461454
-0.028031027
0.072608888
0.018022595
0.030780608
0.028207583
0.053387828
0.053908475
0.016429447
-0.0036500799
0.014541399
0.010639779
-0.078952529
0.017697012
0.053009417
0.027899839
-0.056865398
0.072437227
-0.0043220655
0.030290622
-0.030123191
0.030923234
0.05089464
-0.01814156
0.0092484802
-0.00041577808
-0.068972841
0.0026575015
-0.013697932
-0.04422861
0.06900689
-0.0066719814
-0.015893416
0.046980586
0.017668325
0.019828795
-0.030675551
0.013969552
-0.094274797
0.029000849
-0.052084938
-0.081578575
-0.044998147
0.083987936
0.075673573
0.049908143
0.0086983684
-0.015523776
-0.066041224
-0.038452145
0.062281445
0.04506731
0.025029499
0.017277014
-0.071123183
-0.043512028
-0.0069831302
-0.020388125
0.0010122991
-0.0092694443
0.047127336
0.051308695
-0.042937342
0.061352327
0.07887958
0.020356925
-0.0068137287
0.11654007
0.057402175
-0.021046761
0.041243628
-0.052988738
0.02548111
0.032687388
-0.021223012
0.034227621
-0.02551201
-0.021541752
-0.034564059
-0.018535409
-0.018372821
0.0049545313
0.030389877
-0.066703387
0.064584017
-0.036367372
-0.0043180971
-0.05815332
-0.032079559
0.0069918768
-0.1410407
-0.054601453
0.020780442
0.0519532
0.040023439
0.0095574623
0.03054014
-0.019418566
-0.02660403
0.025759883
-0.011828733
0.027902734
-0.05002353
0.01861365
0.061109029
0.053615484
0.010453508
-0.035268754
0.050399628
-0.055460814
0.025376018
0.010964332
0.035614844
0.02329516
0.085283913
-0.040094033
-0.024277939
0.10209819
-0.0033615401
-0.0050850082
-0.05376634
-0.0029694017
0.023738137
-0.025687218
0.0857656
-0.075887017
0.030530173
-0.0069755069
0.043579686
0.084200315
-0.017625175
0.016631735
0.09258379
0.048655484
0.056153916
-0.034483757
-0.017271141
-0.012812924
0.049366102
0.041430619
-0.035986863
-0.064244621
0.040591884
0.025171127
-0.015441152
-0.073221728
0.006197853
-0.00990419
-0.067125864
-0.0034773517
-0.060609642
0.028338773
-0.10265335
-0.02037294
-0.038274053
0.015997143
0.046061996
-0.019852089
-0.021216694
-0.051512446
0.052488521
-0.035041969
-0.1169417
0.012403343
-0.028805191
-0.067628212
-0.015614817
-0.039730113
0.048299432
-0.14273597
0.032140102
0.04456206
0.017096687
-0.029492753
-0.004410441
0.0221426
-0.026021218
0.0063220025
0.039934825
-0.023864456
-0.059030764
-0.058807742
-0.073309973
-0.036294814
0.033425637
-0.050639845
-0.018890006
0.019186245
0.019751737
0.024202012
-0.046805888
0.053789623
-0.01176745
-0.0072600786
0.03796982
0.01375396
0.05366233
0.043032214
0.083355457
-0.036600828
-0.023377908
-0.087871954
-0.064675003
-0.0041264519
0.0017472033
0.0051755304
0.0046761129
-0.0053080008
0.022049466
-0.061793867
-0.0028568676
-0.021869114
0.046252009
-0.029244289
-0.02398954
-0.0598206
-0.093775593
0.0061424817
-0.008833806
-0.064613432
-0.059330206
-0.036357313
-0.083601013
-0.068464108
0.017771417
-0.04951372
0.0045892061
0.038538363
0.041156858
-0.011950746
0.043189257
0.034715228
0.055585798
0.017352054
-0.024235293
-0.024541914
0.019692522
-0.050106894
0.0039676768
-0.012402618
-0.026797116
0.012462952
-0.0002731643
-0.031399742
-0.052066423
0.026470337
-0.068361089
-0.013030921
-0.0097275209
-0.037760656
0.0041815746
0.0071262787
-0.0048376867
-0.12450869
0.079795755
-0.0012927937
-0.027059738
0.044144694
-0.038326658
-0.038348656
0.015283276
0.019054571
-0.015190346
0.038811676
0.0092200283
0.026033299
-0.0035601829
-0.04110812
0.018723277
0.009334038
-0.01928509
0.015347035
-0.0068437341
0.029550612
0.075295128
0.051050134
-0.013324087
-0.017019764
0.065370552
0.0043631759
-0.038457926
-0.06757208
0.068079986
0.010569626
0.048585847
0.012309739
0.026210206
0.078977108
-0.010902201
-0.049524557
-0.0026722895
0.012605297
0.032743398
-0.045017049
-0.13493094
0.0042587416
-0.015175561
-0.010208138
0.0099164825
0.080378167
0.036542553
-0.017679155
0.011937864
-0.068685725
-0.04565182
0.012855206
-0.018315136
0.039787188
-0.047031585
-0.05253486
-0.089349858
0.021126878
0.050531488
0.043707617
0.027218858
0.03430593
0.067496903
-0.0069007985
0.020071903
-0.04068549
0.053812582
0.024639087
-0.023155952
-0.022617696
0.055136885
-0.059384674
-0.056317132
-0.01170814
-0.095065556
-0.055446461
-0.02639683
-0.095353141
0.0071581439
0.019419082
-0.045962602
-0.0051781004
0.057986461
0.03066274
0.015156944
-0.054342475
-0.0014671843
-0.0029545536
-0.018741766
-0.0023255737
-0.082262896
0.056576677
-0.13331461
-0.1012212
0.036698192
-0.083731845
0.055466775
0.042914324
0.016032368
-0.087021336
-0.0070888246
0.0054305638
0.03387396
0.054207884
0.055700041
-0.0587628
0.013848593
-0.031774554
-0.035647511
0.0045677344
0.038409173
0.078512937
0.021586057
-0.11949112
-0.038176436
0.01721435
0.045007687
0.05514415
-0.077269979
-0.037927359
0.012427104
0.0452688
-0.049306691
0.024031747
-0.044512749
-0.0080142766
-0.049443398
-0.12105533
-0.069612317
-0.061148062
-0.0019476876
0.02639259
0.1167369
-0.032283962
0.0631878
-0.0045737433
0.044670783
0.013285458
0.067226276
-0.024757784
0.056167729
0.033334859
0.05009288
0.036022753
0.020199522
0.053816602
0.034156386
0.017429877
0.015834002
0.034650337
-0.047676992
-0.018978998
-0.11350366
-0.035091896
-0.044254802
0.0096007995
-0.049317237
0.060118597
0.031837061
-0.037093982
0.01729117
-0.063776188
-0.031796042
0.061638042
-0.077492528
0.033185653
-0.0017186002
-0.042231843
0.055952109
-0.0069095413
0.042966589
-0.07155785
0.093025163
0.068828546
-0.012152039
-0.017205104
-0.038688257
-0.00037819997
0.056303028
0.017306235
0.00021275289
0.026385311
-0.0019624068
-0.037021145
-0.028175654
-0.019638157
0.018827487
-0.050707977
-0.011698912
0.049754608
-0.0093653398
-0.017959874
-0.064562306
0.076327987
-0.010919454
0.091579467
0.0030446141
-0.0020415331
0.0077010239
0.022648048
0.010353262
-0.029546311
-0.024817385
-0.096276022
-0.035724834
0.015980894
0.027619679
-0.010741367
0.023062037
0.0013937516
-0.056204975
-0.0088614952
-0.032347742
0.010834435
0.05175221
-0.024195904
-0.062977038
-0.069603048
-0.05898897
0.089736447
-0.048413325
-0.035151448
-0.075065695
-0.072148405
-0.024892211
-0.082056567
-0.0044732271
0.029853167
0.016948707
0.03570845
0.03008084
-0.0012452198
-0.049716841
0.047905251
-0.0089308508
0.041656651
0.054121245
-0.043448135
-0.0068219909
-0.076431669
0.063822605
0.033854935
0.047170032
0.038935289
-0.0096946508
-0.057251949
-0.038195118
0.071057655
-0.074024566
0.047604103
-0.033400755
-0.035206277
0.059134457
0.0056875283
-0.020315744
-0.026163992
0.090687916
-0.030246975
0.060734753
0.094867304
0.031835891
0.032879394
0.052733492
-0.043363024
0.0055884756
0.066331126
0.0033749237
-0.046544205
0.0036739835
-0.092059046
-0.0058373432
0.046808667
0.017677119
-0.0256944
0.056414876
-0.082056612
-2.5159321e-05
0.013298963
-0.018036006
0.033133458
-0.051339392
-0.016165128
-0.0020132214
0.0080898842
-0.0076059117
0.036262266
0.029384889
-0.031664718
0.018200114
0.045716334
0.018679718
0.020354055
0.012996436
-0.027440839
0.057025999
0.060698491
0.063974261
-0.017957386
0.073104054
0.085391171
0.040980089
0.034454696
-0.026264466
0.026933802
0.047666609
0.040762097
0.061755221
-0.046737973
0.017147172
-0.077503607
-0.037819546
-0.031005211
-0.026139179
0.081635199
-0.00090938795
0.049441416
0.020935005
-0.011302585
-0.018271409
0.046135798
-0.020909024
-0.023843342
0.037312299
-0.015272234
0.009824099
-0.036320798
0.0014261773
-0.038983934
0.00069252477
0.022047641
-0.0395227
-0.001512918
0.026083421
-0.051356256
0.019912161
-0.04815964
0.029857533
0.03193453
0.076478951
-0.0023041919
0.016060425
0.048197459
0.026327593
0.071503498
0.0069754929
-0.0040555825
0.079138651
-0.0397572
0.005708362
-0.034850657
-0.020304706
0.0065286462
-0.076558158
0.028854588
0.011257281
-0.058554806
0.056511562
-0.028861115
0.052110616
-0.044477455
-0.016761657
0.066912837
-0.045633495
0.0094938613
0.038816832
0.023194049
-0.049462873
-0.011634247
-0.0039707036
-0.0455723
0.0082590645
-0.031535871
0.030563034
-0.038656633
-0.028393261
-0.02588213
0.049310185
0.015256505
-0.0015639836
0.068699844
-0.06610214
-0.055060551
-0.055619713
-0.036056701
-0.007105194
-0.047310475
0.077560805
-0.0040697721
-0.029282991
-0.023169173
0.012630619
-0.074869566
-0.012622561
0.056882206
-0.012347215
0.020019287
-0.0013759916
-0.092496291
-0.0031384574
-0.0010243348
0.062450759
0.058936235
0.03741125
0.030223971
0.046868537
0.0077447039
-0.043332912
0.034076799
0.029208967
0.024721755
-0.031843737
0.091824159
0.0082460158
0.087629423
0.078028433
-0.024700573
0.043961715
-0.039186928
0.019983795
0.023617892
-0.01187905
0.005195294
-0.021919904
0.058250662
-0.094915725
0.021862851
-0.057734273
-0.038856268
0.029627617
-0.0015227969
-0.040917575
0.03673093
-0.010981873
-0.022973049
-0.094482802
-0.030487545
0.047033004
0.01045474
0.11153596
-0.046469558
-0.065344609
0.0012922089
-0.022881005
-0.027311116
0.017002434
0.052643012
0.091001019
-0.062183313
0.017338434
0.032735284
0.036727212
0.029156996
0.038353272
0.054693047
-0.0093301972
0.086814083
-0.055526655
-0.084604405
-0.028646281
-0.058120769
-0.052488618
0.018326249
0.062348757
-0.018500391
-0.013561679
-0.024290733
0.016381832
-0.044665392
-0.22135289
-0.0026306452
0.046519302
-0.045519374
-0.052806314
-0.043330126
-0.022034114
-0.012780765
-0.061258148
0.026382197
0.010360091
-0.066338964
-0.013046161
-0.026057621
-0.027049927
0.013513088
0.087564692
-0.0035966847
-0.041075569
-0.011031184
-0.039329715
-0.032853689
-0.09328749
0.026768506
-0.0095241573
0.044972114
-0.023484405
-0.017453762
-0.018575065
0.030419879
-0.018543225
0.034058318
-0.025373677
-0.0099506676
-0.062593542
0.010128783
-0.0086370464
-0.0040298877
0.053118266
0.036388636
-0.022958528
0.019820714
-0.041310802
0.016371507
0.043796465
0.016631724
0.0096035358
0.046420913
0.0069054072
-0.04050659
0.039905835
-0.05382622
-0.011578078
-0.066779882
0.010301609
0.040089797
-0.0064931279
0.03038002
-0.019396696
0.031181715
0.04449892
-0.024353614
0.054279394
0.00030089298
0.018280057
-0.024679529
-0.022678165
-0.036569241
0.072608642
0.021746844
-0.02611303
-0.057816282
-0.015133911
0.021649763
0.085591905
-0.053754494
0.018287955
0.053468004
0.0045239567
-0.067554481
-0.050535325
-0.064860329
0.091356307
-0.05373951
0.0353975
-0.0039604036
0.043593701
0.041086875
0.038046181
0.020729329
0.055595033
0.034678359
0.099744193
-0.016716171
0.011003441
0.025580995
0.055559896
0.012287154
-0.035412725
-0.044539452
-0.07385508
0.050961528
-0.0042660697
0.0050400984
-0.013385208
-0.031067399
0.075219885
0.076785661
0.016686037
0.037964273
0.051863745
-0.071689546
-0.030634284
-0.0012415085
0.0029322349
-0.056280553
-0.03933809
0.028594442
-0.10674123
-0.05973943
0.046664059
-0.0505151
0.0132007
-0.035868097
0.041722745
0.10211395
0.060099728
-0.067949973
-0.10418936
-0.047475398
-0.019195005
-0.013730695
0.034977302
-0.018690728
-0.012703918
-0.017538996
0.054423168
-0.071682885
-0.029580593
-0.081210241
0.050834384
0.071788542
-0.025434259
-0.077675343
-0.046840061
0.058300581
0.045830131
0.021712281
-0.024691569
-0.022594875
-0.0043050353
0.0052250815
0.077854
-0.018798457
0.09139473
0.045681879
0.013128599
-0.069207691
-0.014811154
0.014450979
-0.027660143
0.040063694
-0.021727711
-0.086781822
-0.0019225077
-0.033970818
-0.017799135
0.0062481123
0.0088374289
0.026886402
0.016233752
0.024016788
-0.037789911
-0.059112508
-0.026406759
-0.028095765
0.030506745
-0.033129107
0.019773811
-0.027782608
-0.020120749
0.047954861
-0.099670522
0.062192835
0.0049394262
-0.018134806
0.023170481
-0.039262846
-0.036515202
-0.045999888
0.023330489
0.013998382
-0.015094741
-0.0062500671
0.013988459
-0.068062939
0.058057372
-0.068639718
0.04351401
-0.038858496
0.085906982
-0.062793963
-0.054699197
0.052641302
-0.057409864
-0.016275702
-0.094542876
0.0010392505
0.02689155
-0.08184994
0.0099663138
-0.011818863
-0.0077136317
0.0028930246
0.0069689075
0.067657731
-0.069832578
-0.0079339799
0.027080406
0.02898163
-0.015048399
0.040715925
0.031125149
-0.027049208
-0.050842974
0.091450945
0.069378167
-0.013519568
0.0001292246
0.050259404
0.0004272818
-0.020196654
-0.0068445024
0.0054751951
0.034337882
-0.053793337
-0.046410728
-0.030721301
-0.0063054645
-0.0768933
-0.037034325
0.048409969
-0.041604716
-0.020942075
0.033613693
-0.0040081432
0.051224332
0.096205704
0.071446702
0.014049295
-0.0027821125
-0.037410717
-0.051422454
-0.004989231
0.046402961
0.025527585
-0.038546026
0.080518708
-0.13588062
0.015897606
0.050171014
0.059490029
0.030767635
-0.019572103
0.05496186
0.024698444
0.03218177
-0.0056219185
-0.056402523
0.076404452
-0.033204038
-0.080392942
-0.046808109
-0.016970212
0.0046427399
-0.037264153
0.010403215
-0.053174149
-0.014049774
-0.035801403
-0.039485998
0.027883073
-0.019706003
0.03061486
0.015976386
0.039645016
0.031214854
-0.070341937
0.0037002603
0.077574223
-0.016046187
-0.028034016
0.012329875
-0.025933776
0.087872989
0.084215142
-0.059761308
0.017486077
0.033010308
0.018453432
-0.042785034
0.0073667006
-0.029960584
-0.051937219
0.018955015
-0.041378602
0.055723976
-0.052888762
0.041644927
0.063541256
0.026787845
-0.032490056
-0.11483914
-0.050879493
0.071311437
0.0016301767
-0.012774874
-0.0038788179
-0.040373921
-0.077953212
0.032413185
-0.026187532
0.073498778
-0.025520729
-0.017678982
-0.020305604
0.049234662
-0.0041191014
-0.010723394
-0.081363611
-0.093901008
0.021340607
-0.020381721
-0.0032911927
0.0081897201
0.040059321
0.01853285
-0.00085384672
0.011198104
0.021756934
-0.010084378
-0.070207156
-0.0040432489
0.057269294
-0.0038866072
-0.052678339
-0.0026040245
0.0087907324
-0.01835026
0.019368723
0.017069833
-0.0046681929
-0.079875723
-0.033253275
-0.013264147
0.041516464
0.01863174
0.040747523
0.020353263
0.10610099
0.013185217
0.015950812
0.036941618
0.031579688
0.0084418952
0.014378616
0.075496376
0.061992697
0.029483542
-0.057136547
0.049861137
-0.036523957
-0.017501852
0.065663747
0.035331357
0.053417854
0.065737888
-0.039319295
-0.08848045
-0.036028247
0.026515439
0.06830053
0.077688344
-0.055521995
0.081769526
0.014046441
-0.038847793
0.0010254189
0.059710547
0.043175358
0.035881672
-0.066649467
-0.027302541
-0.070081122
0.054166079
0.051455244
0.05174097
0.030090235
0.03531402
0.042635825
0.053817041
-0.0089365281
-0.024776477
-0.037471946
-0.051026881
0.010222992
-0.046984833
-0.028743099
0.034476928
0.012685884
0.0076272525
0.06662865
-0.032021955
-0.047917511
0.04007208
-0.047230452
-0.017610274
-0.05182882
0.017408352
0.00087207783
0.10736084
-0.002199573
-0.01116742
0.026841335
0.021176629
0.018567795
0.06713789
0.05848084
0.015891386
-0.027586991
0.085184418
-0.031394534
-0.03333696
0.02200307
-0.072756946
0.005704937
-0.04364251
0.047119789
-0.042511318
-0.0011370537
0.09187679
0.053373903
-0.016807135
-0.028405372
0.0020892937
0.021068294
-0.0049096774
-0.0090660332
-0.0035976681
0.032100666
-0.070523135
0.0089782057
-0.012801297
0.011845325
-0.044940036
-0.050653301
-0.069690518
-0.061493728
-0.0153114
0.0022415607
0.044714961
0.023186121
-0.092457935
-0.0132696
-0.033334829
-0.058445107
-0.0068410379
-0.053928595
-0.078893296
0.089186586
-0.0038333617
0.0096434662
-0.024728153
-0.014904524
-0.01607235
0.12461748
0.051231682
-0.037204873
-0.024037886
0.0027523746
0.1110763
0.11205199
0.013367725
-0.069038771
-0.090768665
0.042547818
0.016414791
-0.0058230404
0.031529982
0.079284512
0.089054562
0.055647887
-0.077639021
0.00052539771
0.085458949
-0.014246045
0.028983923
-0.015076592
0.1185015
0.079056956
-0.041095331
0.012008257
-0.013451809
-0.048337203
-0.012561034
0.016360844
0.075868279
-0.077156052
-0.031587455
-0.042625066
0.10092419
-0.051682055
0.015166595
0.045635492
0.019870063
-0.004456629
0.042564254
-0.088231958
-0.01988546
0.069446184
-0.083166495
-0.041427754
-0.032559395
0.036841694
0.016327234
0.028668035
-0.12282789
-0.0025002423
-0.10768901
0.035000995
0.057680756
-0.024118355
0.033655144
-0.10723167
0.019939072
0.052340936
-0.040244948
-0.097955458
-0.013265871
-0.017542802
0.0397246
0.0070779235
-0.015013407
0.025905516
0.038278088
-0.013788982
-0.042077675
-0.0058817682
0.056416385
-0.044630826
0.018298192
0.16592227
-0.0030007374
0.025140928
0.080742903
-0.05101411
0.034835279
0.025311701
0.082150199
0.018701918
-0.017319795
-0.033140156
0.031206556
0.0099539477
0.095106326
0.070499465
-0.012446464
-0.039076146
-0.071141958
-0.060993481
-0.058927286
0.00036234144
0.021985812
0.050455566
0.084516034
0.072809406
0.057560258
-0.025365856
0.038166139
-0.00033473465
-0.049148526
-0.045593195
0.025108151
0.085048437
-0.053086951
0.020641476
-0.047602735
-0.021938585
0.01313149
0.015377588
0.042490728
0.11238623
0.010966295
-0.010558368
-0.073635437
0.017485235
-0.027463336
0.04323855
-0.063667975
0.018891817
-0.02041599
-0.10530777
0.016727377
0.034976214
-0.095749855
0.044666871
-0.026714381
-0.049233709
-0.027950861
0.089830264
0.002010725
0.010127675
0.023156721
0.0022634408
-0.07083635
-0.0093617672
0.007460495
0.053017218
-0.059311334
-0.043458868
0.042811394
-0.088843167
0.010699708
0.075539596
0.057273775
0.083712943
-0.0055937702
-0.021440754
-0.036271665
0.012406508
0.041106503
0.02289661
-0.031072123
0.0050049983
-0.018472098
-0.03602092
-0.038293865
-0.094739974
-0.11410032
0.064285874
0.0078111757
-0.018327674
-0.03824611
-0.024627721
-0.014321343
0.0028792473
-0.023045661
-0.13806374
0.0082963025
0.024807123
-0.043604303
0.015927833
0.042247266
0.019941282
-0.029484168
0.055853613
0.028994625
-0.049204946
-0.0051118797
-0.10155102
-0.042281203
-0.015101396
-0.13169929
-0.02534985
-0.067536555
-0.06382779
-0.063042007
-0.020802872
-0.057246108
0.084448084
-0.033983383
-0.064535387
-0.067360893
0.028691541
0.015647864
0.041459139
-0.060670614
-0.014133103
0.0048152991
0.020961955
-0.027196269
0.013569622
-0.013175811
-0.021328388
0.048035622
0.0088377334
-0.019526022
-0.044193208
-0.034385961
0.053230111
-0.012451351
0.0091878418
-0.047903735
0.045291174
0.045917492
0.027978452
-0.06284745
-0.052298754
0.046122573
0.018726401
-0.015854772
0.0021324412
-0.024940105
-0.070695475
0.029750023
0.0057961466
-0.024297403
-0.070265979
-0.04211767
0.087202296
0.0051056454
-0.017433163
-0.054490842
-0.043873567
-0.030919723
0.022674717
-0.070837028
0.029701985
0.024589904
0.011688307
0.080556162
-0.067021601
0.04171396
-0.0064597665
0.058888454
-0.0031091108
0.032483615
-0.032391191
-0.0038965105
0.05944512
-0.010672662
-0.052131526
-0.058549669
0.0028754298
0.0026339823
-0.011091057
-0.018962588
0.025904801
0.013292033
0.046293322
0.043708321
0.062086903
0.015760293
-0.043384008
0.012845235
-0.098855793
-0.064880326
0.00043477048
0.028726306
-0.04649505
-0.0060988502
-0.0007349248
-0.042776305
-0.15128627
0.037692785
-0.026609404
-0.0031901614
0.058293093
0.047571328
0.013160542
0.053791285
0.008045271
-0.015245775
-0.018213272
0.034233443
0.053150136
0.065503582
-0.074123695
0.07212133
0.052869786
0.045030754
0.057257615
0.030017756
0.045116842
0.046047777
-0.064492479
-0.029794076
0.070411682
-0.026799653
0.052319534
0.077409752
0.0338259
0.025222084
0.014074369
0.051881645
-0.03760422
-0.0035302627
-0.0022697099
-0.049998883
-0.041622195
-0.013857113
-0.052329812
-0.013078168
0.04084048
-0.045530081
0.047185559
-0.071680509
-0.063064583
-0.034580659
0.014313763
-0.059998482
0.027079359
-0.023412062
0.020784765
0.0094274133
0.0068722465
0.031944074
0.070042938
-0.0062739947
-0.024303636
0.04058947
0.10294072
-0.022020742
0.0070520174
-0.052808423
-0.050873488
0.006402567
-0.0016911638
-0.055101428
-0.028410252
0.017024457
0.038322449
0.0041014561
-0.013248228
0.020249544
-0.061550677
-0.022839094
-0.10426801
0.054347716
0.051660083
0.04951616
-0.014053042
-0.012632907
-0.016894508
-0.029075257
-0.0061294618
0.0080891866
0.011547963
-0.021658832
0.030821901
0.0088061653
0.013491196
0.064730026
0.05298996
-0.048758809
-0.0025731903
0.037093058
-0.0093702143
0.0017591306
0.058653083
0.049833614
0.017100329
-0.023408834
0.033026971
-0.10113477
0.015238745
-0.014248594
0.01922667
-0.018952686
0.0018405388
-0.024294667
-0.001308297
-0.039541963
-0.024250166
0.058024157
0.11566923
0.070653155
-0.033916652
0.075894259
-0.0071140686
0.056269966
-0.060979981
-0.0080766995
-0.026115125
-0.035630122
-0.010621837
0.084008686
0.043452945
-0.025632178
0.0038844643
0.10008238
-0.015430329
0.047159627
-0.018784724
0.032911174
-0.036918484
-0.04137066
0.026086703
0.013532662
-0.057317488
0.032486375
-0.022621701
-0.033213228
0.01163716
0.014653072
0.02273787
-0.024087824
0.010107487
0.030634623
-0.10877047
-0.049663655
0.017251613
0.013439819
-0.038811903
0.070034064
0.0539813
0.046341922
-0.03618782
-0.076032385
0.054374032
0.049742755
-0.039905608
-0.0072281305
0.059525143
-0.052198894
-0.017167231
0.061889455
-0.050313205
0.029782163
0.03215744
-0.08739429
0.0050069266
-0.019370381
0.079442933
0.10200641
0.018354569
-0.0474797
0.060777046
-0.053806908
0.05899743
-0.030342879
0.14368217
-0.0056115636
0.039627541
0.056924023
-0.017577579
-0.026546886
0.031351637
-0.060584854
0.042213127
0.043040071
0.05208699
-0.012850001
-0.021296769
0.062822476
-0.067175552
0.069774061
-0.017187379
-0.049860165
-0.051589966
0.0020305812
-0.040673941
-0.0029047255
-0.016968155
0.071255989
0.024967577
0.025502667
-0.024346149
0.021282557
-0.01242089
0.038017862
-0.031001182
0.010222269
0.018334944
-0.063568339
-0.0079704644
-0.066161729
0.035147488
0.0023259446
-0.017019531
0.049713071
0.010037971
0.022894124
0.020411413
-0.02102093
0.043715406
0.033835441
-0.039675482
0.016585238
0.015385647
0.10263745
-0.022337183
0.011409029
0.011864422
0.079822317
0.019543014
-0.0078624757
-0.044834767
0.028158719
0.064250149
0.024479236
0.05339548
-0.00019443528
0.032430314
0.053431511
0.025773935
0.031714652
0.058028083
0.033629116
0.011622252
0.0047589173
-0.062940344
-0.093974888
-0.030744752
-0.015370784
-0.032577943
0.024649451
0.016436547
-0.046783593
-0.074119993
-0.026366727
-0.012191509
0.026726961
-0.092505604
0.030813128
-0.037099808
-0.010395876
-0.058089338
0.028250065
0.052292969
0.052266177
-0.043501198
-0.055902474
0.041558087
0.038966317
-0.025573255
0.061496519
0.060389653
0.024470489
0.050931372
-0.023444382
-0.016638324
0.034462363
0.041814368
-0.061047144
-0.037003145
-0.006754288
-0.045503765
0.066205718
0.031691026
0.05665658
0.07707569
0.019225972
-0.045293465
-0.02683326
0.058015592
0.037446897
0.052057717
0.046408013
0.00056474126
-0.047531467
0.023260085
-0.0028239423
0.04422592
-0.017206162
-0.050595202
-0.0027366003
-0.050760608
0.00067913707
0.026252605
-0.072515897
0.03444244
0.011291676
-0.049019955
0.05222619
0.036309425
-0.065839894
0.034009498
0.048266578
-0.05020595
-0.029928835
0.043520398
-0.040540475
-0.012461857
-0.0033468779
-0.017371515
-0.045853216
-0.013375975
0.074220367
0.0018727584
0.058641743
0.0089365384
-0.0095895827
-0.042794101
-0.030077374
-0.063476443
-0.066031821
0.039625641
0.013824649
0.0098336032
0.062092077
-0.060402472
0.052700371
-0.016936092
0.026732206
-0.020451065
0.10223808
0.017353928
-0.024193294
-0.00563339
-0.062259093
-0.085167088
-0.030907277
0.061800744
0.021894636
0.0081080412
-0.072204947
-0.020418346
-0.043104298
0.0074012717
0.050153214
0.009985134
-0.078369267
0.040946823
0.028107133
0.0042797816
-0.056701347
-0.059300408
-0.04894688
0.058064256
0.027464967
0.0063650673
-0.038564857
-0.031387568
-0.0089746891
-0.043408815
0.020032715
0.0093722735
-0.036934588
0.0078742569
0.034329582
0.041118935
-0.017708229
-0.014210898
-0.034973841
0.034039367
-0.061256867
0.066151313
-0.0010305876
-0.012574648
-0.078582466
-0.042743135
0.019897962
-0.014428672
0.039660048
-0.014521087
-0.089982912
0.078311995
-0.057128944
-0.042056516
-0.02021917
0.030461732
0.0016376232
-0.033821613
-0.081430033
-0.041748807
0.079936169
0.0097438525
-0.014276164
0.014655033
-0.046995435
-0.08921805
-0.054030403
0.064862289
0.082369938
0.040667899
-0.12388223
0.015716646
-0.059407853
0.040952224
-0.010783544
0.084355138
-0.023876231
0.026925931
0.068438657
-0.0025999271
-0.013917834
0.019845048
0.091722161
0.047509059
-0.024266858
0.070755489
-0.048522014
-0.0098917075
0.077768996
-0.020789662
-0.068247125
0.059215993
0.0025034377
-0.002883208
-0.027638959
-0.069070615
-0.0031567386
0.0799281
0.06303563
-0.077725373
-0.06144629
-0.024201304
-0.034606818
-0.060265362
0.054459393
-0.047653068
0.029121418
0.06773375
0.057431217
-0.016781898
-0.0045113838
0.035532527
0.01696695
0.027076792
-0.0036945734
-0.058529824
0.040695913
0.027804108
0.04221116
0.044986159
-0.068491071
-0.071525656
-0.014843599
0.023480231
-0.071999952
0.042969137
-0.077667385
-0.056533605
-0.011847538
0.014448542
0.062608309
0.042297207
-0.003648934
-0.037027519
0.030033354
-0.026062822
-0.040636733
0.032604445
-0.0073722964
-0.077003554
-0.01804989
-0.0054332027
-0.0084381942
-0.032781478
0.0091455523
-0.048533823
0.042928498
0.0052395063
-0.044934988
0.031148834
-0.064688921
-0.01144277
0.0076267105
0.11364398
0.018946201
-0.056047525
-0.0013131736
0.033262085
-0.0088163102
-0.09799958
0.016558044
-0.032318335
0.018015135
0.020933364
-0.06944824
0.0090929531
0.033077486
-0.039561763
0.046179034
0.068141259
-0.0092105605
0.075491332
0.044175509
0.0080828425
0.00040171185
0.006165328
-0.046991479
-0.07477501
0.021210698
0.036079954
0.014862966
-0.099013634
0.057689916
0.025025958
-0.026794005
0.015889859
0.042775068
-0.016898647
0.0027162714
0.0062219012
0.040013686
-0.02928864
0.035765976
0.040132564
-0.084168874
0.02799923
-0.11502407
0.014331477
0.02093694
0.037266709
0.016927889
0.057396811
0.015148173
-0.10205957
0.05784487
-0.0082414076
0.071064293
0.00069662556
-0.086105332
-0.034568548
-0.03376577
-0.025413372
-0.0060381661
0.023195954
0.030753352
-0.010041312
-0.051547222
0.0094096726
0.033878319
0.08805798
-0.095807724
0.016609101
0.0069172741
0.055798087
0.066647857
-0.021514609
-0.029210499
0.025072398
0.055724554
-0.0045415717
-0.0068846908
0.00029893179
-0.066443488
0.029911892
0.013855328
-0.00052512548
0.0065418505
0.023969499
0.023063591
-0.026725728
-0.046828598
-0.049747385
-0.0067550712
0.0069531091
0.0048664953
-0.069048792
-0.057876199
-0.03459752
0.050264072
-0.090229318
-0.023428589
-0.0069017275
-0.10189761
0.0059523783
0.02021181
0.0045721261
-0.010427885
-0.036307976
0.024897736
0.049851358
0.0087636197
-0.024610162
0.037304699
-0.043295603
0.014469963
-0.0386572
0.038633447
-0.054546285
0.11876829
-0.019826153
0.048408844
0.052255951
0.025698058
0.036125988
0.04855996
-0.057186596
0.018323516
0.014681414
0.025188131
0.046153452
-0.091152161
0.068303078
0.0054723523
0.082496062
0.074013747
0.013071572
0.048298646
0.01503747
0.039793029
-0.079824418
-0.044088233
0.020451814
-0.017800882
-0.035954945
-0.014609152
-0.0050287973
-0.034465212
-0.096052729
0.0421497
-0.037199851
-0.01634779
0.052170802
0.033345539
-0.016065842
-0.00051661872
-0.065164976
-0.019557662
-0.023724182
0.035957891
-0.048478983
-0.0013991357
-0.081213169
0.0098336134
0.034213241
-0.035252515
0.075257659
0.045472894
0.078344084
-0.042796969
-0.038257062
0.015402929
0.027683727
-0.034276932
-0.01305562
-0.023823261
0.047195509
0.012880346
-0.0062975013
0.056791019
-0.036686305
0.001905599
-0.0091474587
-0.028978178
-0.064345121
-0.026548877
-0.020701846
-0.0059851417
-0.030743681
-0.046830561
0.064439677
-0.059808433
-0.023923138
-0.065981992
0.024382617
-0.025061533
-0.013285027
0.038827892
-0.057330836
-0.00037414959
-0.041721597
0.057181038
-0.017485235
-0.00077909481
0.014047254
-0.035845514
0.083380818
0.0028137572
-0.035251345
-0.04316761
-0.041594334
0.028730467
0.0423178
-0.053002585
-0.043543797
-0.028008146
0.07078144
-0.04901427
0.028121147
0.060637366
0.029718459
0.0050871558
-0.029916279
0.026904142
0.011326801
0.081342421
0.01062148
-0.033517465
0.056198508
-0.067179635
0.0049656988
-0.030198669
0.058760971
-0.055160049
0.022744747
0.038972285
-0.030775985
0.014330017
-0.041939504
-0.0043371455
0.020438323
-0.06599912
0.059109934
-0.046659771
-0.015161352
0.032134648
0.018371204
-0.042389031
-0.061887555
0.026704861
0.090593673
0.067967564
0.014098802
-0.010872511
0.058622867
-0.012850984
0.097206526
-0.057577036
-0.026879016
0.043753684
-0.015704792
-0.033618554
-0.084912449
0.0076696323
0.034228969
-0.056632943
0.034550849
-0.014176719
0.0786433
0.060683642
0.063208513
-0.047946792
0.0060723163
-0.012586376
-0.0094811991
0.00071060599
-0.015890686
-0.077713452
0.010747839
0.018226773
-0.011521876
-0.052601792
-0.059258126
0.024411036
-0.055009276
0.10733698
0.022247111
-0.022872947
-0.018195149
0.03140232
-0.044139337
-0.054663274
0.089651726
0.044140402
0.00020742291
0.0069881552
-0.024184003
-0.00073434965
-0.012553176
0.087931149
-0.060328256
0.018092964
0.010831915
-0.007126133
0.062585197
-0.088035204
-0.021945059
-0.074572057
0.0070229536
0.040258154
0.010368037
0.0071097133
-0.064049944
-0.057933077
0.00015883813
0.013873381
-0.029231455
0.015727419
-0.049700502
0.042667516
0.025075961
0.018780466
0.011410917
-0.0058090459
0.024841521
-0.025867937
0.04585873
-0.016241718
0.014817104
0.028676787
0.04799943
0.050456502
0.048844591
-0.0097538112
-0.018177526
-0.040642995
-0.0057983231
0.038425416
0.018120449
-0.012383213
-0.043489099
0.07587447
-0.0089267176
0.0029393684
0.057217743
-0.020613421
0.093216076
0.072997205
0.0016548318
-0.062830575
-0.039169498
-0.0173702
0.069919288
0.043544821
0.069698296
-0.10101244
-0.037285902
-0.054565877
-0.021747312
-0.013530439
0.0011137723
-0.051580202
0.026236393
-0.066465467
-0.0045586894
-0.0046646353
-0.036856141
-0.023491781
0.010103317
-0.0076810168
0.03417724
0.024231821
0.0067431862
-0.0016426063
0.02705767
0.0089972569
0.022254212
-0.037862811
-0.013861685
0.054121554
-0.020720199
0.023837978
0.038325701
-0.10403136
-0.031180551
-0.013196466
-0.0070685716
0.064635389
0.1433396
0.011683101
-0.048401348
0.010266513
-0.03753249
0.04757984
-0.10522621
0.1138213
0.028724061
-0.020622389
0.019796096
0.032420017
0.067169622
-0.011181093
0.029856812
0.10879723
0.11976048
0.0027236347
0.11100842
0.016826075
-0.024654496
0.03980666
0.053663578
-0.0031895516
0.056925017
-0.0020730391
-0.044011522
-0.050504584
-0.082963839
0.0086741326
0.01905372
0.066596612
0.018365435
-0.044147629
-0.023171566
0.027684389
-0.055159178
0.013631771
-0.031788383
0.054485232
-0.067840457
0.073732115
0.017767671
-0.052327186
0.068785101
-0.06567087
0.010089426
-0.048581488
-0.035785593
0.053816397
-0.13204168
0.079501167
0.029584389
0.12539868
0.011773526
-0.075126499
-0.053712562
-0.017450664
0.017409487
0.05221517
0.054432157
0.030636085
0.0015707789
-0.0003109478
-0.0052183489
0.12973662
0.028803308
0.0075561712
0.014603809
0.017469835
0.065509848
0.0048786514
0.095500275
0.0038518521
-0.045041047
0.017647143
0.019362355
0.0028287724
-0.015237409
0.058932193
-0.018617038
-0.021902751
0.088554829
-0.022342315
-0.0052733929
0.086319946
0.00051124283
-0.033543408
0.073866352
-0.019689616
-0.016778601
0.076339699
0.033987049
0.041646488
0.065390863
0.011960042
0.049282398
0.020390697
0.050957248
-0.062350344
0.022556804
0.05940111
0.0025182078
-0.031275913
0.071062177
-0.037108034
-0.014721741
0.080304168
0.0168765
-0.028056554
0.041323859
-0.025212031
0.028723653
-0.0064262496
0.001432684
-0.0047293445
-0.033060048
-0.080235802
0.0090845311
0.058408104
-0.03312999
0.011195311
-0.010039871
-0.048729461
-0.026007306
0.04169983
-0.02832151
0.024138756
-0.019402888
-0.062477715
-0.022765374
0.028480045
-0.01962861
0.011963283
-0.091529846
0.0071614701
0.052271236
-0.043767478
0.022954982
0.017014204
0.070257947
-0.0091130389
0.033462383
0.077509612
0.014568692
-0.012090744
-0.021450443
-0.00027905282
-0.041627243
0.0011682687
-0.03199099
-0.0041837371
-0.013148279
0.00094963104
-0.012994985
0.056779671
-0.10840515
-0.044968747
0.001199077
0.085775711
-0.080227911
0.0010288666
0.0037900945
-0.023350613
-0.027217554
-0.008873608
0.0091791907
-0.038553376
0.024891259
0.054586634
0.069081567
0.018441737
-0.034874335
0.013488716
0.015755782
-0.0415048
-0.00090350921
-0.027193323
0.048218891
-0.051608074
0.086455189
-0.050658271
0.0020512077
-0.038667113
-0.055759698
-0.04316565
-0.051531699
-0.063445903
0.068887532
-0.028597496
-0.066880204
0.060931072
-0.062045641
-0.04636183
0.053708628
0.00041258245
0.062480908
-0.017806396
-0.063722305
-0.076574005
0.034316909
0.047791228
-0.010149271
0.049998641
-0.069295205
0.087227531
-0.015083194
-0.017195631
0.034033224
-0.024572272
0.018244414
-0.045142613
-0.027787525
0.008544079
-0.076696254
0.02772209
0.041380055
0.02258
0.041961301
-0.047882468
-0.069304369
0.0056561492
-0.016798602
0.071237624
0.02191234
0.069021672
-0.062718026
0.073838674
-0.0081200907
0.018737078
-0.070016548
0.00040529302
-0.087273039
-0.02572857
0.062424403
-0.0086463559
0.035003096
-0.026661837
-0.02662443
-0.0072073056
-0.010510693
0.0064578708
0.021140631
-0.013436628
-0.086639635
0.037640851
-0.038054436
-0.03433108
0.00058246555
0.034974493
0.052710839
-0.033731084
-0.0060665533
-0.027497858
0.05911313
-0.091917194
-0.044482626
-0.065982006
0.033159703
-0.011334586
0.023640782
0.059808284
-0.067121066
-0.022123979
-0.038243432
-0.03923101
0.097326986
0.051807195
-0.056102365
0.065343127
0.035556715
0.033112176
0.025139023
0.037304547
0.020270083
-0.056811184
0.047433477
0.04906575
0.014855414
-0.038734358
0.048514709
-0.023572527
0.045698013
-0.041936964
-0.050126344
-0.035214365
-0.030761449
0.14746539
0.020784533
-0.060211379
0.0081549212
0.019890295
0.033252344
0.050243311
-0.018814187
0.0043948879
-0.052278213
0.028452322
0.054631077
0.055727255
-0.029986298
-0.022247067
-0.022099607
0.038380869
-0.063458078
0.040646844
0.006981445
-0.079387337
0.066500291
-0.033531897
0.050062131
-0.025457431
-0.013358603
0.014582682
0.031820096
-0.048767183
0.049429268
0.04586833
-0.076599389
0.069449253
-0.048066873
-0.0091981376
-0.019303184
-0.0022942373
-0.0033894824
-0.033847474
0.061073981
-0.025345791
0.02334849
0.026894988
-0.021120012
0.034604244
0.021583686
0.045387112
-0.0032473039
-0.0040684612
0.085481212
-0.039837603
0.057422571
0.050533131
0.039136171
-0.026653182
-0.048105657
-0.070145316
0.002349803
0.033203308
0.047984395
0.042093709
0.017399438
0.012078011
-0.035235357
-0.034732401
0.038267471
0.036646109
0.021018043
0.011710233
-0.0079578385
0.010495474
0.024678677
-0.053626675
0.02604289
-0.056772903
-0.058762878
0.039574277
0.033700302
-0.051407397
-0.0063866861
0.054023404
-0.03606189
-0.055110533
0.061468437
0.018451519
0.044166565
0.038702674
0.014582288
0.026301265
-0.09682934
-0.025690807
-0.029226791
-0.048573989
-0.02526802
0.053794537
-0.022087609
0.0064787506
-0.014758135
-0.035424363
0.065521918
-0.019491946
0.03804525
-0.056401353
0.058455843
4.5261106e-05
0.016523892
-0.052254349
-0.065948687
0.033453275
-0.012029693
0.0012162342
-0.014028686
0.014923436
-0.0059372801
0.017060971
0.064498983
-0.016459718
0.027466157
0.084383033
0.043658178
0.027837696
0.061818756
0.0081230467
-0.0059722262
0.0016853939
0.069283538
-0.074960798
-0.0085401628
-0.030109812
-0.023423135
-0.09602046
-0.014655338
-0.047462806
0.019043008
0.098453589
-0.021031162
-0.016792504
-0.028920718
0.0027780952
-0.0072503574
0.050242037
-0.018224502
0.00092949456
-0.011726524
-0.030962644
-0.051333036
-0.033017021
-0.062855683
-0.0083044441
0.067033887
-0.13653083
-0.052859701
0.041217037
0.027785946
-0.00785999
-0.068205796
-0.024667589
-0.010603357
0.0098536136
-0.045888193
-0.057368066
0.015172535
0.055468336
-0.017309491
0.023524595
0.020392802
-0.046203371
0.025703302
0.013943447
-0.022723934
0.047835644
0.038261898
0.063226067
-0.042045683
0.052541927
-0.034111124
-0.083206512
0.071230806
-0.025368674
-0.033541445
-0.07783246
-0.045334145
0.007231073
0.018544642
-0.023562957
0.042584769
0.030793807
0.02409327
-0.02148544
0.024903804
0.00047517804
0.027416782
-0.028010717
-0.0076284595
0.096112125
-0.021620678
0.10032537
-0.077923648
-0.071562953
-0.013362336
0.03795819
0.057790395
-0.029622337
-0.066072777
0.062819719
0.0010359598
-0.049956691
0.077107616
-0.046731457
0.10131776
-0.063091546
0.036788333
0.026234144
-0.05841266
0.093361191
-0.02136182
-0.042973589
0.071858704
0.016402993
-0.032483254
0.025582407
0.020547837
0.014715374
0.017753419
0.0084729409
-0.15273093
-0.010050598
0.04191323
-0.023000341
-0.065253332
-0.086583234
0.032744255
0.0090657212
0.012356494
0.049059782
0.034663372
-0.047144748
0.12696075
0.057914514
0.095991902
0.021985123
0.016999679
0.01095423
0.022755936
0.0088278707
0.018437281
-0.014591142
-0.062561423
-0.026836198
0.055097122
0.0059601925
0.050139576
-0.054158323
0.033400696
-0.066041283
0.08075466
0.00048353514
-0.042643927
0.079075038
0.0054978095
0.029183917
-0.035402916
-0.069496468
0.013090198
-0.08593259
-0.031862855
-0.048418518
0.048343904
-0.027637446
-0.061356712
-0.020863952
-0.03426813
-0.016938912
-0.036413915
0.01417865
0.072901614
-0.023683699
0.023135791
-0.052259959
-0.088762544
-0.019924292
0.026279135
0.06610503
-0.069494881
0.0647396
0.10541096
0.077332757
0.046088178
0.055459704
-0.018831253
-0.085176118
0.018360838
-0.059595354
0.0030141277
-0.10112309
-0.087548591
0.099205948
0.031768151
0.042154785
-0.078739516
-0.039198317
-0.012236347
0.02255776
0.014747775
0.00028524222
0.045829251
-0.055288963
0.093709618
-0.023049818
0.037027322
0.0007609555
-0.015499074
0.032210719
-0.033950124
-0.010748808
0.00044710108
0.013591561
0.020898359
-0.089027151
0.053353794
-0.041779332
0.0054401839
-0.021773599
0.062658444
0.034792423
-0.052833065
0.028821956
0.029183455
-0.011528516
0.0015356359
-0.032867625
-0.045289081
-0.014658772
-0.045697048
-0.05728114
0.0014512464
-0.020723589
-0.063437968
-0.012199411
0.037541039
-0.0076560997
0.08860334
0.020845002
0.038058966
-0.022404058
-0.072609685
-0.0055309315
0.016171951
0.030368771
-0.064114369
-0.0036036058
0.029102027
-0.018358665
-0.014956851
0.05013895
-0.030888796
-0.070864119
-0.021997673
0.0043816846
0.016217528
0.0056710332
-0.012361494
0.06189939
-0.11256146
-0.017036369
-0.071300231
-0.0049318355
-0.0098278876
0.0074930158
0.02721763
-0.058033604
-0.035038088
-0.010984958
0.032417577
0.033127617
0.017641449
0.033309616
0.025996264
0.036789048
-0.035499677
-0.017719196
0.037028994
-0.042708021
0.070303917
-0.14234427
-0.069411442
-0.077741683
-0.034956522
-0.04571192
0.023457253
-0.020803824
-0.00067288149
0.0063172509
0.0073066708
-0.0056960876
0.0064954818
-0.036936592
-0.018493921
-0.057045829
-0.050354138
0.035186589
0.00095408806
-0.028979931
-0.033103336
0.023454601
-0.041643031
-0.0089558754
0.018582419
0.0051265201
0.050166581
-0.048355516
-0.019277539
-0.022708137
-0.014521339
0.033563208
0.0054724822
0.031153074
0.097804256
-0.0038041649
-0.010484006
0.00080991758
-0.002140247
-0.037597016
-0.018491551
-0.020596296
-0.01903026
0.031375967
0.041291118
-0.030873066
-0.026826395
0.028426433
-0.029624794
0.00093711767
-0.079494983
-0.0031863423
0.014828866
-0.055012122
0.0047595189
0.0056193154
0.017643327
0.030941404
-0.027319064
0.0055172085
-0.044026118
0.026204903
-0.0078735221
-0.015902692
0.04604714
-0.0091197379
0.011437556
0.0020241644
-0.056943469
-0.069240354
-0.033440828
0.0022331225
-0.032393776
-0.020059457
-0.0037687549
0.019506775
-0.010910988
-0.032328527
0.03122047
0.086727113
-0.0055215312
0.066559345
0.021911819
0.026391512
-0.039792735
0.039207075
-0.062070992
-0.075245641
-0.1257342
-0.019680655
0.094970711
0.040479951
-0.032469723
-0.018548664
0.011244828
-0.057330579
0.12364413
-0.027891047
0.0050349403
-0.025112616
0.011399482
-0.0046856734
-0.086641058
0.02865725
-0.14433831
0.0041660941
-0.082449429
-0.083070874
0.023424173
0.06442935
0.014314025
0.071701109
-0.0061413818
0.024028694
0.041880623
-0.003183431
-0.085031942
0.074901417
0.022955775
0.035686508
0.042814296
0.012951844
0.00035342382
-0.099255666
-0.036390856
-0.00767658
-0.015653241
-0.061264955
0.02186957
0.0508756
0.018877665
0.053135216
0.019281201
0.020374319
0.010369722
-0.12155733
0.018098691
-0.024431514
0.016897436
0.10715596
-0.027450386
0.053022198
0.061456282
0.0384565
0.11501279
-0.022685857
0.021563698
-0.029801639
-0.039363693
-0.0019936755
-0.053749137
0.037401993
-0.059509844
-0.014622581
0.099770084
0.061405726
0.11427291
0.11965019
0.046363499
-0.0062562716
0.051158153
-0.016822366
0.05971298
-0.096640944
0.10023928
0.047047742
0.04134142
0.076333284
-0.076559633
-0.046541803
0.015698269
-0.030168293
0.003577929
-0.058381062
0.15286212
-0.079377741
0.03580163
0.025814038
0.015836596
0.018494887
0.0021972745
0.059618086
-0.046189614
-0.025872193
-0.047214534
0.013399984
0.031870589
0.0070274104
0.031268921
0.048303716
0.051246695
0.072656326
-0.024592925
0.03549049
0.0054964507
-0.019134808
-0.0046639796
-0.0030467238
-0.0028082198
-0.031192191
0.043125857
0.0089908727
-0.021883063
-0.0082778344
0.052496441
0.037025433
0.011180457
-0.05928437
0.026866306
0.02603337
-0.010966208
0.031536169
0.033964768
-0.04899485
-0.027501347
-0.0058940751
0.00079508114
-0.054195452
0.036212478
-0.00023461637
0.0004637879
0.027719278
0.051318016
-0.0011933112
-0.0062363553
-0.089918166
0.03874791
0.050986011
-0.011938651
0.044363339
0.032832138
-0.03040194
0.044655219
0.04513083
0.077708721
0.055034652
-0.0530807
-0.0288647
0.018582983
-0.061572488
-0.0070955586
-0.045006376
-0.027030541
-0.0095915841
0.0094519416
-0.031017706
0.058633115
-0.058669843
0.00015884238
-0.012486726
0.0087023079
0.026164062
0.041708726
-0.046510179
-0.035396412
0.03754539
0.0053857369
-0.049965207
0.0051640337
-0.07306923
0.031387649
-0.0021231887
0.00041230422
-0.0041370615
0.021831162
0.034290403
-0.015253257
-0.022582144
-0.06377364
-0.037824564
0.026635086
-0.038069583
-0.040993746
0.063132919
0.02893519
-0.029499087
-0.00091217406
0.059441023
-0.0070023267
-0.0033186253
-0.022434691
-0.024026345
-0.018336628
0.010055149
0.08902327
0.028747458
-0.0076759588
-0.023422454
-0.048541989
-0.0074174292
0.052620515
0.032421008
-0.091218926
-0.066443928
0.039052494
0.037759054
0.029446755
0.023064941
0.056880027
0.0028870862
-0.0159567
-0.053372707
0.0098470477
-0.0072466996
-0.0063808556
0.057079062
-0.013837409
0.02072468
-0.0064794673
-0.015062813
-0.0079362132
0.032341998
-0.025079822
-0.010261473
-0.027415546
-0.043536004
0.009688911
-0.0038820244
-0.042810842
0.036495581
-0.015289356
0.010937618
-0.071949244
-0.03600698
-0.0081900759
-0.052094012
0.036495116
-0.0064183776
0.023628853
0.0062950379
-0.023901697
-0.017041545
0.07645309
0.015548462
0.026256654
0.026603326
-0.0086210705
-0.028567191
0.034885071
-0.031854525
-0.0010698044
-0.0029205575
-0.077749103
-0.0072523351
0.020225424
0.053056836
-0.0035879677
-0.011280428
0.041782349
-0.0045193331
0.06588883
0.051580634
0.0001683234
-0.0012917863
0.082228065
-0.017558696
0.0035055464
0.07824821
-0.013407553
0.0096171889
-0.073842481
0.005795666
-0.017371651
-0.054179002
0.10461143
0.030302737
-0.0064834156
-0.01076568
1.9956673e-05
0.039991174
-0.02376103
-0.052955803
0.019302085
0.037396193
0.033983082
-0.013930466
-0.02977391
-0.026432756
-0.058839794
0.021025868
0.022674661
-0.027862517
-0.056255102
0.02767629
-0.039745696
0.050254323
-0.027538612
0.061714396
-0.0010215605
0.031903688
0.032682378
0.069784999
-0.026396299
0.048235137
-0.10178366
-0.0026862763
0.022079898
-0.13139832
0.026573256
0.0072297934
-0.065151401
0.0078897933
0.019280862
0.07479199
-0.12120042
-0.0063554156
-0.0071339556
-0.040238742
0.060883004
-0.069491133
-0.087583639
-0.016976768
0.034907516
0.0096289907
0.0076087201
0.0029261864
-0.024287127
0.011446726
-0.038569577
0.034100749
0.00712064
-0.01497467
0.025107672
-0.016926248
0.081780076
0.0065605366
0.060406998
-0.035827391
-0.043316819
-0.021318959
-0.0055461442
-0.028451134
0.0085572815
0.067821324
0.037481897
0.0092856074
0.032057263
0.050601374
-0.024793494
0.027484316
0.039003775
0.029677456
0.037170012
-0.055977091
0.0068945182
-0.038292412
-0.025063621
0.010869465
0.088328637
-0.015715327
-0.089885786
0.0089587718
0.011059381
0.022929223
-0.10364211
-0.051594086
0.036028396
0.043570019
0.049140338
0.0020583624
-0.046412759
0.027653811
-0.015466925
-0.00097993668
0.054423638
-0.016756346
0.051956873
-0.057852454
0.028877137
-0.034454819
-0.029631002
0.077533662
-0.067022495
0.00059349247
0.087550752
0.058658294
-0.019983837
0.037329577
-0.027142616
0.023101278
0.052354649
-0.0021900728
-0.039823066
-0.0066605792
0.043528587
0.020625267
-0.082520142
-0.017515669
0.0084788492
-0.04169105
0.033337623
-0.034776572
-0.026368158
-0.033818051
0.031825632
0.01566733
0.067559153
-0.00023942575
0.078700364
0.066669442
-0.033045851
0.088756628
0.049825091
0.06140032
-0.067829102
-0.020554196
0.008639521
0.010519656
0.062705241
-0.012796729
0.032889664
0.018198611
-0.0047348337
0.0065287803
-0.0083154086
0.083029173
-0.051813062
0.02561312
-0.029005941
-0.0137949
0.048134308
0.061710067
-0.062385231
-0.048218064
0.027414741
0.021421529
-0.045510754
0.0042314096
0.017503725
0.066577397
0.067240588
-0.070018761
0.0030883914
0.035424251
-0.0099934917
0.014395627
0.06438949
-0.015811302
-0.019853771
-0.026560694
-0.032984469
0.090229265
0.040935773
0.030635476
0.036110938
0.047688853
-0.023121832
-0.012354585
0.074750528
-0.057259552
0.033947449
0.047423393
-0.051821481
0.01029845
-0.01980089
0.044607524
-0.099167444
0.037646141
-0.012132047
0.011467335
0.065687239
-0.011541467
-0.034703616
0.022155456
0.012980086
0.0042981748
0.012497178
-0.034613855
0.02205465
0.056122374
-0.048342828
0.018758155
0.04034254
0.06800738
0.047989495
0.0055131647
-0.052244149
-0.012369923
0.010641965
0.019876361
-0.0087821661
0.0016069246
-0.01508226
-0.043557588
0.063397333
0.017870585
0.056058511
0.035783239
0.008882001
-0.026403105
-0.011687678
-0.018980784
0.0024417751
0.071897626
-0.093125902
0.073821299
-0.02099135
0.027411515
0.036170188
0.052255966
0.084384091
0.079510771
0.069372125
0.0078049572
-0.037106864
0.098165818
0.041880779
0.034477606
-0.052940305
0.0020378251
-0.018125677
0.076174572
0.029894592
-0.014653434
0.097955577
-0.064818226
0.016110387
-0.012757405
-0.0095516704
0.053067073
-0.058257155
0.044280041
-0.027206659
-0.03135211
-0.040566113
0.035416901
-0.04193449
-0.048282441
-0.057505589
0.025763428
-0.043391671
-0.05477716
-0.028234329
-0.00089487049
-0.070481755
0.042786479
9.8340286e-05
0.068528235
0.060933009
0.051784404
-0.017828438
-0.073007591
0.023542488
0.013010487
0.053414922
-0.025577303
0.044067528
0.019904479
0.027032116
0.027787987
0.017599927
-0.043407507
-0.012186063
-0.011589522
0.030103324
0.011533523
0.031225448
-0.012647682
0.008856833
0.038000163
-0.024271762
0.027304692
-0.025583275
-0.092500545
0.05470198
0.049549691
0.011703686
-0.010372137
-0.031805314
0.015436606
-0.067908064
-0.013388215
-0.0076811016
-0.054240268
0.047065768
-0.018199077
-0.088902824
0.05044454
0.011224202
0.055037055
0.0088557592
-0.036586471
-0.045541484
-0.070429586
0.040392175
0.027289161
-0.01556251
0.030907979
-0.013575282
-0.010236582
-0.02359084
0.018112743
-0.1053308
0.011970123
0.049402781
-0.056052048
-0.0086381752
-0.0095354095
-0.031888433
-0.027159533
-0.03471512
0.0016653034
0.016997142
0.02000881
0.024181671
0.012854416
-0.07750275
-0.064809754
0.039149392
0.0046018339
0.0048210775
-0.08317484
0.055296917
-0.099885687
0.050682455
0.081574738
-0.0046146219
0.0099526793
-0.039316528
0.027552059
-0.051738448
-0.012774427
-0.063059881
0.038055409
-0.084192611
0.0022443598
0.0092980741
-0.00042664129
-0.0021663643
0.059104729
0.017670888
0.083953902
-0.014676146
0.02106232
0.062751651
-0.0058527822
0.042340584
0.049621981
0.057792131
0.044546228
0.026921608
0.0011702219
-0.0020752305
0.01093336
-0.0065014637
-0.0626183
0.0024664321
-0.061810125
-0.059222065
-0.013420279
0.014818496
-0.07562159
-0.0028942747
-0.030937484
-0.089123003
-0.032630585
-0.033376485
0.091083691
-0.078252286
-0.060429964
-0.085517325
0.0024104633
-0.067606188
0.050338365
0.024507238
0.049079537
0.039264243
-0.019600958
0.045356162
-0.017488144
0.018114766
0.084264092
0.011388814
-0.022982853
-0.039228905
-0.037585553
-0.022484154
0.050034035
-0.0075449757
-0.06704355
-0.098254472
0.015509909
-0.020154951
-0.028508691
0.020023586
0.031448759
0.083643198
0.025748922
-0.03202147
0.072218865
-0.048579097
0.036478996
0.044839561
0.002309314
0.032870654
-0.051200639
-0.04042102
0.059861884
-0.031089408
-0.028416041
0.056598846
-0.014200595
0.031907212
0.037691887
0.025084386
-0.090457261
0.0060000014
0.085123748
-0.062386457
0.0042237281
0.025376301
-0.13827555
0.079093918
-0.0021576835
-0.04126488
-0.027743343
0.02622791
0.0089902217
0.024906714
-0.015183866
-0.10793108
-0.058882944
-0.0371559
0.014005673
0.066472203
0.0097105782
0.020295532
-0.058842253
-0.079610899
-0.030185536
-0.024339821
0.036343589
0.0033903776
-0.068058811
0.00059052068
-0.075670481
-0.00093387184
-0.026955511
0.040509198
-0.066025548
-0.052119732
-0.056345593
-0.019461781
0.11754239
-0.063834354
-0.058090247
0.025461216
0.028138779
-0.092166692
-0.077412017
-0.031951535
0.00330754
-0.0060838521
0.026725713
-0.01079181
0.045098748
-0.01267238
-0.033406731
0.069628119
0.0023527618
-0.06563738
0.11046285
-0.024855565
-0.050359529
-0.014864498
-0.036123116
0.034484964
-0.0062362785
-0.0088544348
0.022260144
0.064465925
0.035462186
0.022665208
0.0087424377
0.016984271
-0.037302151
0.037341721
-0.0071076383
0.052309867
7.0243652e-05
-0.091019608
0.050920233
0.019142726
-0.071375877
0.021501405
0.081424519
-0.020450849
-0.023877637
-0.067986771
-0.039745167
-0.0117575
-0.04109117
0.028544676
-0.027001079
0.051213089
-0.012575469
0.010699656
-0.056143221
0.092188537
0.10249599
-0.012610623
-0.059563439
-0.01938124
-0.035743732
-0.059573516
0.0029981034
0.025986897
-0.046967443
0.0016135459
-0.042944469
0.026388906
0.038548227
0.0021148538
-0.068447202
-0.0040840576
-0.015913589
0.021420624
0.057697266
-0.064431451
0.11761144
-0.033207972
0.038961086
-0.024068043
0.0074960184
-0.0057845982
0.037946064
-0.037910774
-0.035413884
0.025952308
0.0017439458
0.0044900035
-0.011508177
0.020644426
-0.052102927
-0.034572288
-0.00078866998
-0.012948253
-0.048059139
0.041286033
-0.040906154
-0.053139061
-0.0113449
-0.044560406
-0.024150262
0.012312555
0.0052963486
-0.041924279
-0.044645783
0.0070276111
0.0040621352
-0.013941243
0.024218135
0.0077371718
0.047895856
0.0014502221
-0.013415721
0.063469931
-0.014662682
-0.0029917944
-0.010340883
0.0059743351
0.030159621
-0.03623068
-0.025371844
0.02945588
-0.042114072
-0.028412143
-0.042993393
-0.048466686
0.053769283
0.052500539
0.082551748
-0.038465548
0.013017476
0.032786325
0.038525935
0.016351767
-0.040774997
0.045773141
0.041802246
0.019446976
-0.027859218
-0.067656428
-0.021470038
-0.061946556
0.0028058053
0.063857906
0.037218869
0.038745888
-0.060050078
-0.070002586
-0.033670675
0.040882617
0.0020234168
0.023924019
-0.031771321
-0.063668549
-0.052575205
-0.00032913938
0.010047621
-0.029308101
0.0012340795
-0.033387944
0.054679975
0.019699803
0.021002665
0.0037733302
0.03910007
0.037727259
0.0025053469
0.010592978
0.051595628
-0.050962642
-0.016760642
-0.077735603
-0.13786101
-0.077282973
-0.10270263
-0.050956972
-0.021447973
-0.021218944
0.052069038
0.028760044
0.019054117
-0.0048976643
-0.050220568
-0.030436072
-0.0010874775
-0.029375203
-0.073494181
-0.045156844
-0.0923566
0.065422341
-0.14416412
-0.035930004
0.061882973
0.0034755135
-0.0054077813
-0.032404415
-0.018735936
-0.017077614
-0.022684321
-0.0069687073
-0.0054399325
0.051069062
0.00034190173
-0.040570553
-0.012640543
-0.0023628215
0.026769206
0.0036690638
0.05198431
0.059358165
0.017863546
-0.078937039
-0.049251907
0.032452933
0.010295906
0.013632679
-0.070872538
-0.061100464
-0.053391956
-0.0080474168
-0.0097831571
-0.059255335
-0.020235881
0.022642296
-0.028341595
-0.072048537
-0.047997739
-0.061538126
0.015550289
-6.6672892e-06
-0.0081277648
-0.012208997
0.019718092
-0.037482385
0.048883926
-0.063358456
0.048343953
-0.030167473
0.010422601
-0.026893638
0.015166099
0.029868869
0.11692286
0.076596938
0.056810215
-0.045931004
0.043109901
-0.0037003255
0.029575624
0.092982218
-0.030004462
-0.0093604773
-0.0057719238
0.09657298
-0.022309778
0.046385109
0.026267363
-0.073131882
0.042260326
0.033739626
0.0030683819
0.055463765
0.0088220406
-0.031974789
-0.0579932
0.059329107
-0.0062986691
0.051107507
-0.079493105
0.022945195
0.072749659
-0.060281899
0.011162817
0.058236115
0.0010473615
0.035882693
0.046231661
-0.0025840993
0.04658737
-0.077897198
0.04997405
-0.044726923
-0.070832036
-0.0015434142
-0.082286239
-0.010531065
0.017475467
0.05180927
0.064412929
0.016644387
0.011955604
0.11016505
0.00010266194
0.092903398
0.031254414
0.032548025
0.032632962
-0.0055609001
0.0097510144
-0.035822824
-0.051387053
-0.023921246
-0.070172392
-0.0027485564
-0.0039141728
-0.051080223
0.02411521
-0.029230475
-0.033560939
0.028707473
-0.049552619
-0.062005334
0.01542032
-0.05108152
-0.067939751
-0.067033596
0.053655844
0.0091181034
-0.047803551
-0.011711556
-0.0047505507
-0.025647195
-0.024580143
-0.077457257
0.022643391
0.017091941
0.0015744781
0.036785863
0.026338521
-0.021255126
-0.042187035
0.07401102
-0.068551987
0.07565853
0.0082406932
0.011254811
-0.056696195
-0.060218915
-0.023855168
0.041655604
-0.018587748
0.0090409778
-0.0029094575
0.018338926
-0.0024508964
-0.0015179425
-0.045660067
-0.013925862
0.046186477
-0.027287919
-0.008917477
-0.059375178
0.072390698
0.040641442
0.10382287
-0.024476204
0.073998004
0.020224981
-0.10411216
-0.021056643
-0.045886464
0.04763408
-0.034305684
-0.022687377
-0.097552329
0.029039752
0.098494358
-0.015075572
0.051027946
-0.090864167
-0.0013979793
0.08996398
-0.01977068
0.038420249
-0.048187323
0.0050665583
-0.069094852
0.051377706
-0.040063553
-0.016024347
-0.00093044562
0.057338458
-0.073005818
0.048373174
0.048266258
-0.053365085
-0.04251308
0.073510736
-0.0053241295
-0.020736774
-0.027936582
-0.025518186
-0.020250631
0.0094304755
0.060785584
0.019238345
-0.019658193
-0.029794022
-0.013002817
0.092148133
-0.018858369
0.044669215
-0.033525024
-0.032955989
-0.06064342
0.06589593
0.0028029562
0.035666578
0.034735728
-0.0045946515
0.015147443
2.3152643e-05
-0.047190323
-0.086630456
0.0078258244
-0.049903132
0.017302878
-0.10051437
0.0042703156
0.087688364
0.0021691602
-0.037511844
0.0061078533
0.069908075
0.034126859
-0.00739286
0.064578854
-0.040749382
-0.036600985
-0.015939316
-0.041340373
-0.093750395
0.01058635
-0.0015312791
0.059918575
-0.02103553
0.051783882
0.047885705
-0.09767545
-0.019590085
0.057059057
-0.044576783
-0.044816509
-0.037849031
-0.013137084
-0.072295986
0.11585347
0.03477497
0.023905708
-0.024018668
0.029844703
-0.014936037
0.0042262953
0.075196199
-0.033616647
0.027192725
0.029831046
-0.034817815
0.078559496
0.01364805
0.022007244
-0.032184131
0.0080917012
0.036323372
-0.082546256
0.019292695
0.075309679
0.0006685718
-0.099218413
0.095099434
-0.013595941
0.050048199
0.033915441
0.035807934
-0.0058700084
0.026872849
0.073786065
-0.020189878
0.0010782486
-0.0096427584
-0.086720876
0.0085036596
0.025480643
0.02090266
-0.029639952
-0.016492087
0.0040632533
-0.032718863
0.017010191
0.035426252
0.0099114673
-0.067769513
-0.0081085507
-0.03745202
0.037409909
-0.063598439
0.06676016
-0.031903721
-0.04969573
-0.028197203
-0.022847174
0.056644686
0.0083406279
0.010595711
0.065498933
-0.047001842
0.00070921064
0.00012813542
0.037810843
-0.0046970416
0.079878941
-0.056970872
0.0033743528
0.069527246
-0.020755816
-0.021814974
-0.032303952
0.0031709292
0.062479898
-0.061438955
0.013338237
-0.01810712
-0.0058894525
-0.064728364
0.012151183
0.070518211
-0.021432316
-0.070190564
0.0055487133
0.006255649
0.012121813
0.033803724
-0.0034560715
-0.032632034
-0.013098507
0.020137342
-0.035103612
-0.035341624
0.016398918
0.059890326
-0.0059566996
0.028392954
-0.023836097
0.038227253
-0.0087034795
-0.0056782761
0.035186466
-0.064987689
0.053692389
-0.021069633
-0.0017846241
0.019133121
-0.011343329
0.0045208391
-0.051472653
0.075720035
-0.004058111
0.059792899
-0.0051071085
-0.012802695
-0.054813087
-0.057827216
-0.059417121
-0.066321731
0.047213513
-0.018872906
0.034601867
0.028009593
-0.089160889
0.025962057
0.091464803
0.032529704
-0.0060927104
-0.015907673
-0.01990561
-0.017703988
0.02253562
0.044303294
-0.076017618
0.037810087
-0.07485491
-0.052604515
0.029788837
0.039340399
0.071773365
-0.047491897
0.043919563
-0.029801752
-0.041981969
-0.042968057
-0.0716343
-0.041796386
0.04205212
0.036355391
0.0022587487
-0.0016566033
-0.0034642725
-0.041378994
0.0032118158
0.0015889505
-0.043264758
0.022373661
0.085691668
-0.012238641
-0.018814901
0.02471441
-0.041470625
0.072229527
-0.025341578
0.040084932
-0.0062112072
0.021932486
-0.0033445423
-0.06687475
0.081242152
0.018556057
0.071487285
0.0070289299
0.03455954
0.0041084904