0.06212813
-0.050945066
0.077919275
0.021699416
0.013555557
-0.16484272
-0.036019512
0.06123716
-0.10205194
-0.031169072
-0.0084738173
0.0028306167
0.079319052
-0.044055779
-0.05069679
-0.046455126
0.044387061
-0.0047467495
-0.054032214
-0.021898305
-0.14148094
0.04817237
-0.07809221
-0.029686118
0.0046538254
0.032032702
0.018719422
-0.05878666
0.011367369
-0.089308791
-0.021236992
0.043801151
-0.0010785862
0.043989804
0.10604801
-0.01995166
0.036782019
-0.046222396
0.067958228
-0.021762937
-0.035843231
0.05830295
-0.036864161
0.063400924
0.019343557
0.051771346
-0.03861881
0.01461128
0.040960867
0.03160416
-0.050874054
0.026309194
-0.097541302
0.08803308
0.043641035
-0.031243522
-0.0024630637
-0.0634683
0.062660396
-0.092147656
-0.075452365
-0.006701529
-0.019843703
-0.020055521
0.021290166
-0.023626259
-0.070656046
-0.14724544
-0.08058276
-0.010926384
-0.056270804
0.055400129
0.095048815
0.0010400406
0.03542015
-0.020136153
0.09931647
0.032306224
-0.062541567
-0.070486926
0.048625801
-0.035506044
0.019469373
0.0024330956
0.050015438
-0.076228648
0.068534285
-0.049600564
-0.047492173
-0.081124894
0.046215124
-0.023080925
0.010721077
-0.035000131
-0.061957825
0.041351665
0.055106115
-0.029418886
-0.067121319
0.022830851
-9.6000316e-05
-0.084110446
-0.019938106
-0.033901278
0.062056735
0.13830703
-0.063442171
-0.046462279
0.029746417
0.15935419
0.037807997
-0.064480804
-0.0050518489
-0.026839456
-0.014073528
0.049885314
-0.044703692
-0.038198981
-0.086598717
0.035321746
-0.038922951
-0.024697142
-0.02394262
0.0053789271
0.084415406
0.015773062
-0.046686836
0.093402714
-0.024442472
-0.042625166
0.038781662
-0.036156163
0.041129779
-0.050909761
-0.034517922
0.010230034
-0.0068406328
-0.013471905
0.076746739
0.031816173
-0.08366628
-0.017366208
-0.0020053852
0.068953201
0.032136708
-0.0079050027
-0.083468966
0.036528099
0.066734321
-0.016836237
0.016445138
-0.040787183
-0.049817402
0.056404844
-0.078037225
-0.049522784
0.030250615
0.044608884
0.031030931
-0.079486586
0.090979762
-0.061674193
-0.026000092
0.11767779
0.098111711
0.038686629
0.02434431
-0.065890752
-0.053990282
0.009958405
-0.005515629
0.070298143
0.008039346
-0.028698584
-0.099826291
0.02346755
-0.0087215025
0.05605194
0.0071298294
-0.031481847
0.024960667
-0.07687524
-0.015694486
0.08244931
-0.049738441
0.062166881
0.044031799
0.079732396
0.06940265
0.064734012
0.13977684
0.06584724
0.053948648
-0.0024712959
0.0341589
0.070041582
-0.047045231
-0.020761274
-0.019483918
-0.086319722
0.036878768
-0.023795791
0.0075621097
0.028281335
-0.026251094
-0.0063189892
0.081348576
-0.013447724
0.015322787
0.092095591
-0.028907878
-0.048785448
0.04761783
-0.13243316
-0.004893993
0.053453464
-0.048240658
-0.040032778
-0.0011233862
0.036658157
-0.00066985947
-0.0028854804
-0.11805523
-0.0022796406
-0.0054013161
0.014665833
-0.043405924
-0.057702143
-0.007128845
0.032348983
0.024429357
0.069848396
-0.0078644035
0.05988222
-0.039771628
-0.030773548
-0.085254766
0.030045079
-0.041856047
-0.024036435
-0.045539778
0.075890087
0.023936648
-0.040165313
-0.044664133
0.039433956
-0.056267422
0.042497341
-0.047224384
0.066635951
-0.015882747
0.0043133744
0.045536544
0.074733175
0.0068857828
-0.069135562
0.01706958
-0.023523692
0.047298145
-0.014900745
0.021821896
-0.06618955
-0.051238023
0.0240291
-0.052240349
0.016460253
-0.014815377
-0.0064592892
0.015108116
0.067363679
-0.096717894
0.026290571
0.04165123
0.0080799302
0.013577057
0.05885265
0.10512652
-0.060515944
-0.072733849
0.073611446
0.033999242
-0.043811601
0.030075971
0.10400059
-0.054024246
0.006211373
-0.025101023
-0.12557583
-0.061370946
0.08507245
0.076592259
-0.022417165
-0.10525838
0.071737975
0.031519592
0.089671105
0.026909487
0.01504186
0.090974823
-0.052460745
0.059207253
0.059757963
0.049514282
-0.054705571
0.095366992
0.016090848
-0.023915756
0.0080463979
-0.063251756
0.016294384
0.004567395
-0.022995181
0.013094554
0.0017609757
0.026509937
-0.036847554
0.069099985
0.051097341
-0.017453395
0.024476932
0.07680317
0.013071248
0.056535803
-0.11323055
0.083255269
-0.063663691
-0.036597393
0.0025514967
-0.026673092
-0.027323669
0.094811335
0.025706273
0.029060768
0.055806693
-0.065186508
0.050225507
0.01565464
-0.13381895
0.081111975
0.062603138
-0.026647108
0.030718964
0.0056430884
-0.019390929
0.1185968
0.052677698
0.01695803
0.063898869
0.013283059
0.0037592128
-0.021295462
0.049384855
-0.038956579
0.05370573
0.02674368
0.015588794
0.04220799
0.025624307
0.057098698
0.037405133
0.024822144
0.020921364
-0.14731111
0.033313025
-0.073577933
0.056549989
-0.030192586
0.021738114
-0.046405938
0.035664424
-0.040670455
-0.016397342
0.0003636544
0.047758348
0.060345005
-0.045827031
-0.10090853
-0.079555437
0.15052706
-0.045835678
-0.0023966786
-0.02104819
-0.031804498
0.020906856
-0.013110582
0.032178219
-0.04186736
-0.088882789
0.096326321
-0.041962974
0.027388634
-0.016062798
0.017097039
-0.073173195
-0.12249646
0.024453903
0.14769077
0.030331429
0.032131117
0.072263837
0.0085198237
0.0053412654
-0.066573583
0.055108469
0.015661532
-0.042379778
0.032575373
-0.028694069
0.10234915
0.071663529
0.16302238
0.060893517
-0.00033154237
0.028810071
-0.05315746
0.0063889758
0.095832683
0.028377952
0.021025945
-0.010821408
-0.072246172
-0.0012700119
0.034800746
0.0077650356
-0.033070285
0.018665828
0.011983253
0.010430449
-0.035521146
0.134509
0.014502653
-0.025718242
-0.020923277
0.027759291
-0.063919522
-0.093485735
-0.034845699
-0.023659088
-0.021682695
-0.059463736
0.0016787173
-0.024941305
0.064895488
0.010112132
-0.017050792
0.002017573
0.067067623
0.0010805042
0.013308771
0.10887766
-0.15810873
-0.024367448
0.035804473
-0.0033299036
0.019682722
-0.0047076512
-0.0055704815
0.1175642
0.025533605
-0.10347155
0.033688132
0.075979397
-0.032998905
0.0041956091
0.085389681
0.027027024
-0.017467724
0.028097825
-0.039642729
-0.0018474383
-0.035297334
-0.087533988
0.052615598
-0.073043682
0.036886085
0.00086349278
-0.15521736
-0.15772466
-0.023286717
0.0017549222
0.0028271559
-0.022168966
0.036155865
-0.045788992
0.030856967
-0.024378959
0.052710034
-0.12152012
-0.15359755
0.019910863
-0.01306858
0.11772389
-0.050935797
0.10193077
0.05775243
-0.0098546427
0.086544417
0.032152601
0.032190736
-0.038674448
0.0049767401
-0.042548489
-0.078536235
0.058152236
-0.0064924853
-0.02408863
0.032238875
0.02711965
-0.036389694
-0.10298877
-0.0088584991
-0.09875939
-0.10670435
-0.033871241
0.060325321
-0.072223715
-0.10663059
-0.022026096
0.017790671
-0.056928743
-0.095201515
-0.066422381
0.066324353
0.051186379
0.0012481529
0.044617016
0.079386309
-0.15726559
-0.010216934
0.045589656
0.019044897
-0.0050213258
0.045905318
-0.071536876
-0.058282692
0.017526655
-0.027846068
-0.016895864
-0.23660789
0.030628303
-0.048577409
0.08736068
-0.028800815
-0.0045927879
0.088777304
-0.01128898
0.010652017
-0.059324801
0.012430736
0.084143758
0.016615564
-0.046540741
0.018349681
0.075035013
0.072048455
0.084626392
-0.066010788
0.021210443
-0.0089907702
0.036584739
0.086232208
0.024917521
0.046387799
0.078028575
-0.038378909
-0.0021646314
0.033564795
-0.049651951
0.00051553838
0.0026538735
0.068690769
-0.097127624
0.096718304
0.0074106911
0.10028052
0.029106416
0.087733269
0.012765313
-0.04462884
-0.038770024
-0.011242477
-0.070583098
-0.036883824
0.040790331
0.12003563
-0.025403434
0.043283451
-0.015376277
-0.028611172
0.011417195
0.058210716
-0.011616072
-0.016105875
0.01253112
-0.050194692
0.053904627
-0.082281165
0.020332472
0.05240377
-0.068463676
-0.0460262
-0.049504619
0.041961402
-0.079610877
-0.041180085
0.044353262
0.0025486045
-0.095096886
-0.010719339
0.059778418
-0.01183513
-0.030736785
0.054522868
-0.023768105
0.094606064
-0.037037112
0.06287808
-0.064491212
0.10612322
-0.10060419
-0.053949729
0.13574602
-0.12903093
-0.027561149
-0.024507929
0.020401489
0.015684636
0.048961781
0.091370314
0.067896277
-0.011048717
0.012483481
-0.048958819
0.0052232877
0.01303241
-0.013354321
0.037079033
0.055088263
-0.084257625
0.047313411
0.064653516
-0.027853213
-0.037034221
-0.015997894
0.030456925
-0.059979286
-0.020833945
0.026666865
0.020485923
0.032642655
-0.017265659
0.0080319289
0.059730031
0.0044731349
-0.046106502
-0.0089286882
-0.02670707
-0.075204112
-0.049875807
0.0039881002
-0.054843083
0.017595764
0.03686199
0.040815022
-0.011385694
-0.04802845
0.056102432
-0.08531715
-0.0081794355
-0.031063134
0.022447797
0.039907288
-0.044712003
-0.042079955
0.033305585
-0.036861375
0.017660683
-0.017127523
0.035605818
-0.032084733
-0.02174551
0.0091806594
-0.061021969
-0.063033395
-0.032183956
-0.022222875
-0.00087464909
0.050667342
-0.0099203968
0.061091375
-0.12171658
0.056634292
-0.043308392
-0.078244299
0.067619286
-0.039873786
-0.04870617
0.028502993
0.029022295
0.012593765
-0.075397134
0.018143857
0.019121438
0.03831711
0.043448411
-0.029212069
0.034477863
-0.061115067
-0.11803559
0.041932572
0.049480222
0.095952801
0.01554071
0.039312989
0.068593375
0.093719825
-0.0072320066
0.081654482
0.083390862
-0.034213364
0.060235813
-0.017258789
-0.060374282
-0.04212774
0.08176975
-0.1188619
0.044967584
0.0022435875
0.031236336
-0.046998758
-0.011629229
-0.020820996
0.071134858
-0.035700474
-0.0040534018
0.093227357
0.020567579
-0.078699403
0.056027263
0.024760062
-0.02210805
-0.067423858
-0.01275151
0.043147374
-0.038803063
0.093702205
-0.071365185
0.015127748
0.066046536
0.059847761
0.060535841
0.0095431563
0.056930654
-0.029698441
0.083052211
-0.021046439
-0.02274292
-0.039619248
-0.10111739
0.001481657
-0.031652324
0.04266182
-0.069566011
-0.03056477
0.075073518
-0.0021096445
0.051043659
0.10508229
-0.090224221
0.0028915924
-0.050025802
0.050162006
0.11385792
-0.017269917
-0.0094175553
0.041628242
0.059880186
-0.0055437316
0.066145621
0.036550947
-0.048465904
0.043389764
0.015500206
-0.02262485
0.0019017474
0.033351775
0.044957921
0.039784763
-0.029551476
0.021431223
-0.0046918676
0.066990159
-0.024605231
0.04847132
-0.035653748
0.011594718
-0.070063032
0.10162754
0.048678905
-0.069423765
0.013294064
0.0081408815
0.065242402
-0.018826829
-0.0072199949
0.039570615
0.049324837
0.097048372
-0.015329555
-0.083294936
0.073868461
-0.0011401873
0.064015351
0.026006235
0.037995607
0.0082967645
0.015921546
-0.06731654
0.052489441
-0.10446895
0.13645515
0.014552004
-0.064039886
-0.083597876
0.023614401
-0.051741835
0.025915224
-0.022021785
-0.0060416339
0.13437535
-0.19860338
0.002742402
0.067311652
-0.033908602
0.096275054
0.0065746568
0.05444451
-0.027466023
0.092589058
0.087260306
-0.065700717
-0.10324155
0.076297618
-0.10092683
-0.1202524
-0.15484716
-0.066939563
0.035256702
-0.092430063
0.031172657
0.084169634
-0.091352127
-0.11136027
0.082165383
0.05410042
-0.10584077
0.04581634
-0.043352261
-0.018860526
-0.22991441
-0.07310795
0.028353326
0.061071929
-0.058017019
0.00084995752
0.080720015
-0.015162773
0.11801533
0.10265125
0.016919611
0.042190488
-0.11526241
-0.0042612222
0.036613204
0.035841472
-0.11144856
-0.047778957
0.014244157
-0.10951337
-0.033727225
-0.032324266
-0.10307747
0.016824478
-0.013413173
-0.0047879829
-0.064872086
0.096631922
0.0018299018
-0.015032505
0.068339281
0.073272929
0.053150065
-0.042749576
-0.015383172
-0.051295936
-0.061593655
-0.12205544
-0.030687204
0.098453581
-0.036705207
-0.047759194
-0.022596335
0.11194977
-0.072235145
-0.051220387
-0.065490246
-0.0080448948
-0.016916571
-0.066568188
0.073542476
0.1406137
0.057839144
-0.16640359
0.026913932
0.010718578
0.015207375
0.051527858
0.25121891
0.043603584
0.06842611
0.089947596
-0.046370953
0.059866201
-0.020135622
0.051512174
0.13133089
0.11907769
-0.025889471
-0.065653302
0.0054448727
0.050024364
-0.1197134
0.0029262595
-0.00090990873
0.031906445
-0.040232588
-0.040651504
0.0098452838
-0.044069782
-0.016227476
-0.057707861
0.056639548
-0.084677771
-0.03141671
-0.075787678
0.030256303
0.0086568166
-0.013902758
0.040505741
-0.070306085
0.049776964
0.0059365979
-0.054092191
-0.044522662
-0.0094653023
0.052354828
-0.025876647
-0.015375555
-0.030666642
0.032816064
0.043190308
-0.070272863
-0.01332908
-0.060909372
0.037109822
0.015830355
-0.046489678
-0.023082444
-0.088720605
-0.15484884
-0.054206591
-0.087854467
-0.16797104
-0.11590144
-0.031883918
0.0068620341
-0.035292443
0.036361746
-0.045066059
-0.014737792
-0.0026981637
0.030254677
0.046110157
0.021542411
-0.090239935
-0.20981087
0.045155507
-0.028840665
0.13370863
0.11260428
-0.04891368
-0.08999335
0.0020445362
-0.057081874
-0.15267904
-0.088149182
0.045608591
0.09239848
-0.047811333
-0.00025546356
0.0029034207
-0.00016331936
0.046790559
0.052455604
0.027741589
0.044695195
-0.048128162
0.010382151
0.049020529
0.052214086
0.021927327
0.050371632
-0.04166805
-0.060369268
0.024704488
0.037719619
-0.040216289
0.084004618
-0.027865157
0.03542063
-0.070843287
-0.019943476
0.015558461
-0.023429789
0.023749914
-0.012746108
0.053424209
0.031025797
-0.052846096
-0.0095212935
-0.094062306
-0.10070066
0.016986812
0.066397406
-0.010814049
-0.045133855
-0.017873408
0.023252087
-0.098044463
-0.021308152
-0.00018020721
0.051511455
0.11700275
-0.0010974931
0.044663753
-0.098844767
0.037177615
0.10588844
-0.041925974
0.053628396
-0.070573039
0.00049986388
0.014230599
0.099970996
0.023870531
0.038309477
0.027016291
0.016144991
-0.015832171
0.046468448
0.048876282
0.0092692384
-0.06415195
-0.18183178
-0.015008505
-0.041342504
-5.5736342e-05
-0.00021928256
0.07951583
-0.0091251871
0.047361575
0.031790949
-0.041478779
-0.073959835
0.029167432
-0.027792865
-0.038437959
-0.0069208168
-0.0063916068
-0.0026776872
-0.013869479
-0.039011292
0.098884694
0.041682787
0.086451218
0.032748591
-0.053202901
-0.018949648
-0.049840037
-0.019417576
-0.0081022577
-0.045137487
-0.016406
0.042998817
0.0058773099
-0.070336178
0.032071978
-0.0074843341
0.0078400411
0.0025417604
0.060587626
0.065111928
-0.066676043
-0.005767527
-0.057608921
-0.00017019635
0.0052922927
-0.10167329
0.06270346
-0.073588848
0.039487619
-0.038620681
-0.047492322
-0.076574698
-0.1230453
-0.043411568
-0.037649278
-0.031423081
-0.11232065
0.11154129
-0.027722692
-0.010634418
-0.019551622
-0.036118932
0.026951041
-0.073439956
-0.020608595
0.018488018
-0.058153085
-0.024224054
-0.028374156
0.032852028
0.039757594
0.053671822
0.056608558
0.0056613162
0.045881752
0.0063466039
0.0012024426
0.0015371417
-0.10605726
0.036340468
-0.021371517
-0.077251486
-0.040692601
-0.00014804122
-0.043443874
-0.032434531
0.030997235
0.11622204
0.0083978632
0.062768385
-0.065101944
-0.05604827
0.14744103
0.036142968
0.046695352
0.011673267
0.045761019
0.02419251
-0.14772177
-0.0071807015
-0.064927198
0.027184008
-0.021219686
-0.02821153
0.011234927
0.027952975
0.04213424
0.019226195
-0.034011383
-0.092707746
0.07798095
0.14349
0.091639876
0.023130797
0.033432774
-0.15224355
0.071961768
-0.033598538
-0.11737986
0.036726248
0.081932224
0.025616286
-0.016690386
0.0064125336
0.077252932
-0.18165074
-0.074991703
0.14382574
0.032919414
0.089690588
-0.03727933
0.18417487
0.023146918
-0.027935635
-8.8068318e-06
0.081060842
0.0038841385
0.044305325
-0.13864279
0.025504697
0.018389251
0.056444801
-0.026850736
-0.059753992
-0.044332121
-0.13030063
-0.038199127
-0.09361577
0.020115549
-0.033374406
0.023090996
0.13803612
-0.015129545
0.039156742
0.065295503
-0.056208745
0.03656565
-0.046142057
0.090192392
-0.11354131
-0.081260987
0.16308041
-0.068024978
-0.032933362
-0.085699685
0.023486655
-0.092958011
-0.024955017
-0.11511271
-0.051971111
-0.00040708337
-0.046805188
0.0830862
0.087459996
-0.10135964
0.087465249
0.06977386
-0.076261878
0.0015057109
-0.061421677
0.022214027
-0.089983977
0.20062149
0.16295217
0.047149558
0.002791296
0.0086538363
-0.057782922
-0.024004791
0.055657007
0.040274899
-0.13240351
-0.029236622
0.0075536137
-0.042190015
-0.012103099
-0.019393474
0.022179743
-0.10627387
0.038540587
0.031901043
-0.11448579
0.056848351
-0.033939283
0.045571491
-0.051471379
-0.0016785442
0.041181777
0.05427165
0.0012954687
0.02192458
-0.020572707
-0.023364078
0.03108866
0.11870783
0.062583737
0.069797993
0.17845738
-0.10224079
0.034578431
0.094229497
-0.031732209
0.0022759887
0.049299452
0.10138319
0.0025676652
0.092243455
-0.031277381
-0.08278016
0.082678922
-0.046716332
0.051458869
0.053568099
-0.0013169635
-0.049619667
0.058058131
0.0047801607
-0.16015878
0.079837866
-0.016017532
0.043750495
0.071548522
0.01856154
0.033675063
0.046781871
-0.021033354
-0.022339934
0.10739228
0.08346615
0.019315757
-0.054127619
0.061203163
0.038458444
-0.074825518
-0.060788136
0.041678626
-0.10787465
0.025064779
0.01333213
-0.03935644
0.068116114
0.033612147
0.045054555
0.015952
-0.034763105
-0.056916025
-0.03752343
-0.0071725044
-0.00090225152
-0.03604513
0.069326252
0.082447581
-0.13667829
0.009091164
-0.015361736
-0.0024527805
-0.035062972
-0.078792796
-0.0067751496
-0.079573572
0.00086897984
0.01641582
0.046625372
0.0068031321
0.091407478
0.037953407
0.065949649
-0.064011462
0.022721469
0.10070284
5.1681782e-05
0.045776859
0.042514872
-0.076156646
-0.015283296
-0.0087761655
-0.026154192
0.056650784
-0.095472842
0.007145395
0.028544582
0.078213245
-0.098723523
0.041941114
0.035225082
0.05847425
0.030864622
0.089089029
0.0052789277
-0.028611384
-0.065179698
0.02793703
0.073886834
-0.059359532
0.045732565
-0.032498814
0.099983551
-0.081316471
0.023801401
0.079757191
0.038612682
0.058854938
0.050797269
-0.044944603
0.050735224
-0.010797957
-0.061784167
0.050531726
-0.004069183
0.091405183
0.0097509203
-0.017308323
-0.044702157
0.00337707
0.042872675
-0.015571034
0.044167865
-0.022544142
0.058531355
0.043533757
0.020665662
-0.035475161
-0.014403229
0.04111563
-0.0092117814
-0.0079629347
0.039235704
0.060886718
-0.082674354
0.071909018
0.059401173
-0.020893989
0.068869643
0.055441331
0.074541792
0.012702088
0.0550614
0.043900069
-0.031013889
0.005408186
0.065256886
0.049853712
-0.013669872
-0.019307116
-0.11283434
-0.030436652
-0.017762726
0.0034450924
0.015811555
0.0057523525
-0.1641205
-0.10962808
-0.042785231
0.076299109
0.062664509
0.030582348
0.15208012
0.08790841
-0.0031404805
-0.049059216
0.058385719
-0.10069931
0.035656989
-0.043175425
-0.067047223
0.055892553
0.026805501
-0.12733933
0.048573393
0.027496425
-0.063399106
0.0010301354
-0.024279445
0.0075428719
0.019034415
-0.052960388
-0.082043581
0.030066196
-0.025814213
-0.079702906
-0.019671516
0.034375466
-0.0051741651
0.038222536
0.022897113
-0.026529297
0.084714681
-0.029089449
-0.096331246
-0.028889965
-0.044847529
-0.0037799175
-0.0069707441
0.01809204
0.0053602853
0.096127331
-0.021665478
-0.0031782275
0.011719571
-0.057998668
-0.02442405
-0.0037252412
-0.054456566
0.026648771
-0.019823672
-0.1043016
-0.0081688892
0.11944725
-0.069612809
0.0054934002
-0.0078012603
0.0666086
0.05008943
0.0057050744
-0.092856102
-0.036628984
0.035327021
-0.026351394
-0.047244642
0.0078268843
0.012338731
-0.055681478
0.0026774057
0.10697366
0.008863722
0.026330106
-0.023478527
0.032895494
-0.041409913
0.047579173
0.069076896
-0.05333643
0.024039464
-0.0014378827
0.021615559
-0.017448956
-0.046655014
-0.072454952
0.1115059
-0.046664983
0.055858016
-0.053012077
0.099947788
0.048447657
-0.05026447
0.0040965299
0.058038611
-0.047898632
-0.033213325
0.01436597
0.0078939414
0.049173277
-0.035968732
0.058286469
-0.02356931
-0.039867949
0.032601073
-0.089532375
-0.020288333
-0.075060286
0.083934762
-0.037964374
-0.095972218
0.032295059
-0.014077356
0.026267815
0.04963655
-0.050343093
-0.006972421
-0.022167714
-0.0063960105
0.0025878742
0.022617592
0.047881894
-0.080058843
0.020798398
-0.10949708
-0.065159507
0.086649932
0.093547277
-0.02324345
-0.021447394
-0.0060622422
-0.062742449
-0.08447849
-0.053052973
0.064830728
0.02818585
0.076395459
0.02978457
0.069160566
0.031230016
0.030058298
-0.094157137
-0.072676606
0.077731192
-0.10715952
0.00601144
-0.03574013
0.036065727
-0.10996471
1.376923e-05
-0.06557975
0.13049661
-0.092028961
0.0079767872
0.10183562
0.0081968522
-0.017919365
-0.04170287
0.073437445
-0.0088154357
0.016127156
-0.034911506
-0.042023968
0.029827803
0.15478921
0.14895049
0.088857889
0.06372302
0.051894289
0.082637213
0.045238789
-0.098087981
-0.026320664
-0.01203176
0.0075456193
0.0078710122
0.025313716
0.034623772
-0.00014187397
-0.10920386
0.13905244
-0.05150586
0.0030420397
0.10185845
0.0397425
0.017710863
0.15498868
-0.05621466
0.090981126
-0.20009257
-0.10262832
0.078911655
-0.017694958
0.059502844
0.08352685
0.0063783932
0.018823911
-0.053432725
0.084034897
0.071317554
-0.014355971
0.11004469
-0.035946917
-0.076448821
-0.018804675
-0.083319455
0.0010437353
0.11429452
0.03636305
0.065450206
0.015236096
0.053532299
-0.064953469
-0.00096642651
0.084954157
0.021208994
0.086818203
0.0081008999
-0.036388099
0.044921737
0.0022273061
-0.075882323
-0.090527564
-0.0045212712
0.030999877
-0.11326865
0.15710112
-0.09845233
-0.021407224
-0.10128429
0.011862765
0.019899108
-0.0095200231
0.034638114
0.04216402
-0.040869877
-0.13868468
0.024996426
-0.015749043
0.10148562
-0.0064376029
-0.014414668
0.045617219
0.021335373
-0.015752202
0.047613028
0.044835277
-0.033389535
0.049327195
-0.034012757
-0.008042925
-0.078369275
0.038942944
0.11105058
-0.082085662
-0.028059987
-0.022176018
0.01518033
-0.069866799
-0.050367031
0.029390156
0.0096935946
0.015729543
-0.13997279
-0.06829153
0.0069122352
-0.00064392562
0.064067736
-0.013815444
-0.11792058
0.067168802
0.056586273
-0.0068584802
-0.0089314105
0.035288788
-0.082075387
0.04323988
0.036080658
-0.043140497
0.012240803
0.018620797
-0.059001733
0.039486218
-0.058309633
-0.0077350289
0.031884409
0.0095568039
-0.0002170864
0.038184635
0.0096629784
0.028706042
0.040031977
-0.014141601
-0.032120973
-0.068701826
0.0046816631
0.035133611
0.018954076
-0.051816382
0.014810753
0.052700151
-0.049762174
0.071140118
0.073480166
0.064149246
0.0993945
0.0042508449
0.042134684
-0.059967376
0.010552142
0.031437166
-0.0072475756
0.0030663803
-0.036083572
0.0746044
-0.10002437
-0.011069968
0.014788532
0.016991472
0.046076808
-0.068466172
0.012259207
-0.051577955
-0.027248889
-0.0074499347
0.090170294
0.010863548
-0.035085496
0.056409702
0.013278207
-0.0073817275
-0.053957183
-0.021093121
0.1075798
-0.015307902
0.012491714
-0.016355297
-0.077837922
-0.021403719
0.021065749
-0.015340147
0.025267106
0.11121437
-0.022583598
-0.031489566
-0.11382207
0.030275252
-0.031322598
-0.054462913
0.044598646
-0.079720356
0.063068368
-0.038554024
0.061252464
0.024585921
0.00095845445
-0.047765106
0.043009307
-0.048192058
-0.044471536
0.028547995
0.027431937
0.050792091
-0.076211832
-0.0384247
0.02506532
-0.10364639
0.010750324
-0.0005906896
-0.02744866
-0.03843388
0.090411074
0.035323553
-0.03856935
-0.013647979
0.048667159
-0.062852859
0.052682571
-0.030041212
0.046226799
-0.044462774
0.041042019
0.012555451
-0.015203784
-0.036882449
0.10804838
-0.030517487
0.038218487
0.011530853
-0.048515826
-0.080871105
0.030669708
0.068876341
-0.0041397191
-0.047462087
-0.022598503
0.098544203
0.060158428
0.012381883
0.0095336344
0.064918101
0.017299077
0.019950338
0.025224557
0.038678229
-0.051111612
0.015231384
0.11133641
-0.0060184482
0.042401016
0.01533981
-0.018761279
-0.010353064
-0.048016414
0.04142553
-0.052710902
-0.018159088
0.07259158
0.036890239
-0.006744103
-0.034477096
0.058011152
0.11011769
-0.016396005
0.019127425
-0.11812379
0.072169356
-0.071916789
-0.03349581
0.021890504
0.023816749
-0.12485498
0.063079163
-0.082330488
-0.13045168
-0.13805823
-0.012046465
0.0017261821
-0.020135216
0.032828853
0.0059846416
-0.041383311
-0.10738157
0.089293033
0.062650464
-0.018005051
0.013561253
-0.10931586
0.053871538
-0.12518136
0.0098094763
0.004761721
0.017103124
-0.037072673
0.018961255
0.032109071
-0.019798793
0.015435826
0.024704004
0.091737024
0.0050890525
-0.041818682
-0.016790038
0.065702274
0.0026078899
0.076850072
0.046501238
0.022098172
-0.07321465
0.007004959
0.095857166
-0.099640414
0.023997111
0.039232042
0.040115234
0.060774658
0.049723696
-0.0087563004
-0.044272393
0.026642751
0.072805345
0.027417587
-0.05104927
-0.045755833
-0.019082615
-0.062141355
-0.090510473
0.051881373
-0.0010545057
0.054272696
0.080298573
-0.033140391
-0.043201573
0.03169217
-0.097861513
-0.035294324
0.056375772
-0.00031077399
-0.017675208
0.048647124
-0.015740553
0.065388314
0.0012229219
0.023731507
-0.08348383
0.065600678
0.032081097
0.019385003
0.051476482
-0.049184334
0.048053354
0.13125597
0.011874105
0.019291246
0.0047224988
-0.051157597
-0.03630792
-0.085576504
0.083360739
0.069865957
0.061921611
0.021026053
-0.15548797
0.087506242
0.05892719
0.052566409
-0.0066733076
0.0017878677
0.053848755
0.10171626
-0.11796432
0.032018967
0.018252425
-0.037760008
0.050547805
0.068022624
-0.0097629726
0.018514764
-0.019808831
-0.010602031
0.033786602
0.042762492
0.012328889
-0.025062915
0.040852085
-0.0051231957
-0.020635175
0.068228468
0.015759058
0.057604346
0.093756132
-0.06971053
-0.05294719
0.016101487
0.069267318
0.046881273
-0.064271018
0.025463171
0.033656802
-0.048076142
0.042111922
0.025457716
-0.015419327
0.042378049
0.01758061
0.044032857
0.048237883
0.05181016
-0.022096187
0.03388866
0.0022301825
0.049918681
-0.055410203
0.024069112
0.063121527
-0.024543541
0.11035623
-0.023043163
0.035698324
-0.015299277
-0.18539056
0.032329906
0.036561664
-0.0013195992
0.039459348
0.028652117
0.0092791729
0.015368499
0.0068981037
-0.044618238
-0.069844514
0.15088174
0.03267467
0.023716439
-0.063044272
0.020548901
-0.014232766
-0.012563315
-0.013561909
-0.10256685
0.034851652
-0.074724734
0.12084097
-0.031184027
-0.024182096
-0.1241671
-0.1002036
-0.023586368
0.12561069
0.052560937
-0.022824453
-0.049497843
-0.11082072
-0.047333274
-0.017982317
-0.019582834
-0.084667809
0.017107522
0.039508168
-0.041332733
-0.068604112
-0.081458077
-0.080931731
0.076034449
0.014142675
0.011877503
0.0035446887
0.026715986
-0.041050084
0.017239219
-0.12150116
-0.044913732
0.062000565
0.16260351
0.052409589
0.17353784
0.018931583
0.028185401
0.02324721
0.061054591
-0.06951423
-0.024563462
0.019946504
0.035712704
-0.052918296
0.021836877
0.025590193
0.004176056
-0.019367326
0.015528562
-0.012379456
0.043889835
0.10394359
-0.084747225
-0.0060735829
0.0050283582
-0.030986529
-0.055323262
0.0037343956
-0.017789859
-0.033528306
0.020272404
0.0028308742
-0.036658805
0.008903984
0.0074717854
0.0227759
-0.022021109
-0.046110202
0.06717629
0.025947513
0.031990513
-0.082434379
-0.035233092
-0.0094187818
0.0067000263
0.027903341
0.066175118
-0.0080810757
-0.0050950837
0.04670459
0.011171808
-0.040045541
-0.024395403
-0.0010861283
-0.036313221
-0.031819481
-0.013716847
0.070513561
0.048004825
-0.096774347
-0.062214851
-0.014202937
0.033976819
0.04273909
-0.072154962
-0.0080093145
-0.030861586
0.063539848
-0.01899177
-0.063113093
0.074705973
-0.071898758
-0.042086922
0.012366405
0.075471036
0.13884217
0.024115337
-0.023934389
0.033348821
-0.041905701
-0.0033275441
0.054725092
0.074734002
-0.14258111
-0.1357628
0.020109115
0.031007178
0.036332194
-0.023794834
0.0093248095
0.0049026599
0.025599388
-0.089034982
0.055749286
0.029438734
-0.012981917
-0.030847646
-0.05652627
0.022792205
0.079409994
-0.001304406
0.076397747
0.081724122
-0.12995297
-0.0050454107
-0.047724117
-0.14127198
0.1055518
0.059182849
-0.07157433
-0.021159736
0.012177097
-0.01204599
0.10061537
-0.062090389
-0.079440013
-0.0025567757
0.0033387819
-0.011906953
0.051059134
0.061342135
0.11760658
0.045809124
-0.012856798
0.02222332
0.0034055284
-0.089425094
-0.084655397
-0.024381671
0.095752172
-0.035547692
0.014865734
-0.064282827
0.017257662
0.021086425
-0.2602374
0.0036364249
-0.094392009
0.01288082
-0.059958927
-0.074657537
-0.0065047597
0.057319179
-0.032354861
-0.077163421
-0.098757111
0.019559763
0.042741906
0.05597613
-0.1409062
-0.073332779
0.034174509
-0.05720843
0.092543729
0.035195414
-0.056878887
-0.15324607
0.012724418
0.07703457
0.019122845
-0.073756173
0.045907564
0.010386056
0.010931752
0.032247424
-0.010283357
-0.024044255
0.06667614
0.075139783
0.025994224
-0.028567461
0.025343915
-0.036606528
-0.02282417
-0.11314835
-0.065545805
0.0083325701
0.024164256
-0.015015043
-0.03771136
-0.0062361076
-0.049497731
-0.064113066
-0.0013637969
0.062635601
-0.10104045
0.056378752
-0.0088974014
0.053210009
-0.048642308
-0.053293511
0.009049518
0.0071629784
-0.028114118
-0.030558983
0.0012203349
0.0076250616
0.068724848
0.04196224
-0.10009987
0.050211657
0.022871004
0.072713435
-0.093541294
-0.032918248
0.041860167
0.00512444
-0.0048738238
0.11590573
0.011375587
0.0095412787
0.017376134
-0.033867277
0.032260343
0.049781419
0.14069779
-0.0063594677
0.058424242
-0.12855645
0.025209347
-0.02515609
0.02955829
-0.036753085
0.089187227
0.023494489
0.0013302468
-0.083854586
0.0035929102
0.08980722
-0.071629666
0.059421729
0.060516398
-0.025890106
-0.027974024
-0.092721261
-0.023020104
0.020939138
-0.022936834
0.059024855
-0.019295622
-0.025708366
0.13109815
-0.16012767
-0.0020951272
-0.050484776
0.023900295
-0.047576219
-0.10052239
-0.023809727
0.023054842
0.086065225
0.043654855
-0.032547724
0.016588261
-0.035816479
0.10333955
-0.0027357088
0.02632699
-0.029782536
0.011262307
-0.042511661
0.027230235
-0.055255216
0.020213807
0.10329866
0.08406578
0.001171536
-0.043200005
0.04789824
-0.03238922
-0.0075007281
0.0045192447
0.010867957
-0.027365539
0.072146684
0.053120747
0.074864633
0.022766903
-0.064712435
-0.076638907
0.017313372
0.015828457
-0.026100662
-0.1071017
0.042834502
-0.042151086
-0.06737534
-0.15176372
-0.0039786515
-0.089495875
0.036292966
-0.0023500007
0.0050660628
0.063288949
-0.04579284
0.038413092
0.0033904451
-0.069830276
-0.084677346
-0.025216546
0.037388794
-0.0242984
-0.00037044493
-0.077960372
0.024590183
-0.0048143524
0.049797028
-0.077810459
-0.026058186
0.012154474
0.088964574
0.068404943
0.066854618
0.038866829
0.0081099272
0.013215477
0.086663343
0.022058068
0.047086339
-0.044849366
-0.073106833
-0.047600549
-0.086932033
0.059596248
-0.12782332
-0.016713688
-0.073579505
-0.01754982
0.079579316
-0.026745079
-0.031957172
0.013977578
-0.025097018
-0.03386445
-0.062141538
-0.029785898
-0.028564695
0.042952821
-0.054633081
0.053713359
0.0089044776
-0.041093167
-0.027968066
0.002625393
0.030577974
-0.066705458
0.086124204
-0.11776908
0.059044778
0.053140283
-0.031447023
0.056883048
0.010292375
0.11234386
-0.076918043
0.0026622547
0.060117818
-0.1270981
0.062428266
-0.034853522
-0.027413005
0.013638226
-0.010511187
0.10484409
-0.041466542
0.028112184
0.0014362819
-0.072497986
-0.045912869
0.036294851
0.049926922
-0.064588808
-0.040722225
-0.049135726
0.0023628911
-0.094634578
-0.012801042
0.070059188
-0.048773848
-0.013449581
0.080767862
-0.043931499
-0.057480179
0.0085543562
0.089991949
0.035763893
0.073535502
0.065014213
0.017375425
0.00017975492
-0.032067858
0.013815735
0.029177247
-0.10549245
0.063275956
0.012701096
-0.091165453
-0.073352821
-0.09268444
0.10258095
0.059877362
-0.014988604
-0.015295531
0.0049133911
0.035487868
0.071683019
-0.011723889
-0.0079353228
0.094488978
0.057600524
0.019068481
-0.065382533
-0.030122977
-0.045718405
-0.067584872
0.098592028
0.10953488
0.0025297564
0.068965808
-0.06647484
0.051212914
-0.0096027097
0.071674637
0.048652485
-0.059473753
-0.027665894
0.0035056709
0.041693464
0.092227466
0.07889165
0.036403473
0.096735649
-0.035058077
-0.026781684
-0.034215603
0.07616321
-0.036580894
0.00093011686
-0.055710424
0.068434134
-0.012421198
-0.017485259
0.083937973
0.065834716
-0.049944196
-0.047267728
-0.054022726
-0.00062255032
-0.0044525987
-0.021693729
0.052582592
-0.027783962
-0.037702784
-0.00080508582
-0.049217276
0.092251785
0.060348447
0.10327914
0.027649336
0.037131619
-0.01138514
-0.15498133
-0.02656623
0.03096013
-0.015232572
-0.057515703
-0.047080599
0.010564854
-4.0639465e-05
0.056184445
0.0093903132
0.051884972
-0.085141711
0.004025721
-0.018049294
-0.0023939132
-0.029351808
-0.065153666
-0.0061357357
0.026523145
-0.080008
-0.035369437
0.076725505
0.063673317
0.044465855
0.085388333
-0.024913503
-0.078462556
-0.11405145
0.042252436
0.01158296
0.069573633
0.031657964
-0.13094425
-0.0048480295
0.02965886
0.089729279
-0.013576433
0.059395868
0.037817154
-0.015435536
0.013902136
0.0824892
0.0024184044
0.010794253
-0.07653106
-0.21728456
-0.0069442433
0.074410073
0.011007213
-0.036562443
0.068134524
-0.031320047
-0.12335879
0.099933848
-0.0082044471
-0.011899622
-0.012003873
0.026679272
0.027610842
-0.030554546
0.023382243
0.078027599
0.042736694
-0.058248553
-0.047153834
0.039571472
-0.070518412
-0.043347046
0.10233916
-0.033190303
-0.0051170816
-0.12881859
0.06472493
0.039332718
-0.0071219583
0.016800836
0.0033585704
-0.045935325
0.037571236
-0.018495355
0.11063366
-0.026659856
-0.044351652
-0.036245059
-0.055263516
-0.0072028958
0.069185093
0.081855029
-0.077104665
-0.035986979
-0.013822641
-0.028330714
0.067963555
0.089447081
-0.061034549
0.041897777
-0.042542156
-0.11888589
0.010567778
0.040069494
0.011498644
-0.010836869
0.032564316
-0.0018556205
-0.00089376466
0.055565264
-0.043361455
0.058736853
-0.047170687
-0.058572035
0.12113183
0.050219249
0.066925704
-0.043910354
-0.0070661008
0.050682042
0.031254034
-0.022677403
-0.082229935
0.029758548
0.106656
0.014793847
0.077462517
-0.011814708
-0.0074421419
-0.037272092
-0.066937327
-0.0063170786
-0.015296603
0.0079330308
0.014318046
-0.0017651431
-0.07353688
0.061147116
0.041221663
-0.021395298
-0.057802599
-0.10248726
0.035211015
0.10231931
-0.064338647
-0.033949938
0.057053629
0.054172475
-0.058215156
-0.030588679
0.079750024
-0.062988378
-0.011344123
-0.027238505
-0.0045096725
0.0094986912
-0.083489016
0.020960266
-0.0087693296
0.025590722
0.0078862403
0.059929751
-0.094296061
0.053190358
0.071546555
-0.017210653
-0.039389111
-0.043013103
-0.0039015848
0.076983526
0.032977406
-0.042750701
0.023813725
0.073052727
0.085684054
0.03877243
-0.0038382798
0.088138647
0.068733074
-0.058733549
-0.01129394
0.020085081
-0.024910867
0.02257273
-0.018224096
-0.08238215
-0.018145107
-0.15802845
-0.064320222
0.10789295
0.059127703
-0.030536296
0.020472586
-0.033076234
0.0053586294
-0.026326405
-0.057374388
0.0094547598
-0.074375883
0.052765485
-0.017203566
-0.046228424
0.027110046
-0.060871352
-0.13978037
-0.017105646
-0.0011070087
-0.096047491
-0.03879175
-0.13907418
0.04612761
-0.0036793936
0.08432962
0.0071498309
-0.0029374836
0.10892784
0.0043621953
0.072379388
-0.056196157
0.059426572
-0.050364111
-0.062168036
-0.083683334
-0.05755375
0.099747099
0.015913736
-0.037543304
0.034389384
-0.13320503
0.030336611
0.016940806
-0.023969918
-0.02629724
-0.04286027
-0.096952192
-0.048264343
0.042660106
0.07647647
0.015664481
0.042557321
0.0035544368
0.062973902
0.095603786
0.078535125
-0.14413442
0.045961559
0.0051419698
-0.024295909
-0.020015717
-0.0102543
-0.041616365
0.0070330924
0.0048610675
0.059100572
0.092674196
-0.070209518
-0.00092377386
-0.069340587
-0.12039971
-0.087161161
0.078315504
0.16901962
-0.0286805
0.0049177464
0.052312721
0.055107482
-0.12895523
0.016671015
-0.0017862022
0.086671129
-0.051399127
-0.082685806
-0.038228173
0.016449045
0.01252528
0.0072386917
-0.00052280695
0.10052868
0.080945663
-0.059040293
-0.054461211
-0.016723586
0.015885109
-0.04362319
0.081051223
-0.042417545
0.060891848
0.046241805
-0.011602213
0.012173946
-0.017929705
-0.0034086178
0.015063156
0.062065419
-0.074676551
-0.041236319
-0.054647487
0.0093326764
0.053007573
-0.07944797
-0.0084573608
-0.069351397
0.011836332
0.053799082
-0.0058944235
0.029333768
-0.024234129
-0.085040085
0.021619862
0.0025233149
-0.017170735
-0.032113701
0.070991993
-0.021540357
-0.038779851
0.068349883
-0.05206836
0.08661636
-0.0071215006
-0.0061564944
-0.018232837
-0.14143333
0.050297238
0.032805625
0.048993777
-0.081652738
-0.019179298
0.01079659
-0.048376389
0.03307765
0.049452942
-0.032008681
0.099082462
-0.04330799
0.0050083064
0.039685637
-0.083966754
0.031280231
-0.055750486
0.063687213
-0.059879813
-0.0026930864
-0.042865954
0.022892198
-0.0013442722
0.03197604
0.018388608
-0.11508922
0.0041777203
0.099765509
-0.015930371
0.018662462
0.011886801
0.0065690023
0.084611274
0.021171015
0.027823033
0.1134625
0.091688931
-0.032054048
-0.0031279461
0.049454883
-0.10991883
-0.005092015
-0.003763048
-0.017118124
0.07117302
-0.0086949598
0.063787252
0.018956888
-0.17207888
-0.038573828
0.026593389
0.0058709066
0.019886831
0.031609017
-0.017952366
-0.078054413
0.10892785
-0.056404438
0.056698322
0.010945155
-0.013761351
-0.054636866
0.025306709
-0.0286886
-0.013797798
-0.045278735
-0.062336076
0.028297851
-0.051235404
-0.064252101
0.068626255
-0.066288702
-0.014030389
0.054895941
-0.0024529668
0.07197012
0.03010824
-0.016809959
0.039870977
-0.0031128402
0.047003005
-0.021874817
-0.078973204
0.077178195
-0.026167244
-0.016720509
0.10343931
0.10533804
0.025537694
-0.086541995
0.042081807
-0.0042179977
0.031613145
0.085907027
-0.02743474
0.022148445
0.0018051828
0.031612035
-0.0579543
-0.071632393
0.057019729
0.03980897
0.038937222
0.0071303844
-0.0030615197
-0.03402862
-0.060405225
0.028736494
0.0099916253
-0.015070039
-0.012409768
-0.081609719
0.048218604
0.081226289
-0.00407555
0.040563442
0.057280261
-0.015438111
-0.005303951
-0.010680769
-0.090728208
0.057685722
0.015262148
-0.056449417
-0.00083315431
-0.028923512
0.047275819
-0.027538178
-0.032245759
-0.068918116
-0.0036852849
0.076711208
-0.11244225
-0.038347866
0.053608198
-0.057132196
-0.0047630114
-0.026822267
-0.028330704
0.027482802
-0.00063156791
-0.00032818716
0.043767288
-0.017189166
0.10303989
-0.025604034
0.058635626
0.025627621
-0.056004126
-0.023915334
-0.015899848
-0.040136714
-0.0077525252
0.041656964
0.012244519
-0.013378707
0.036533438
0.014343076
-0.057346981
0.088493735
-0.028664375
-0.0070397113
-0.080798604
-0.10251626
-0.013010874
-0.039342087
0.075929746
-0.039781865
0.11589677
0.025630012
0.025444891
0.01321869
-0.077051587
0.067568563
0.017793708
-0.018692039
0.060305513
-0.0060248822
0.0015884056
-0.035310607
0.0021094691
-0.063102804
0.095918402
0.0032399986
-0.021202497
0.062647581
0.039393153
-0.0074692527
0.0072187674
0.025667742
-0.027565885
0.097992942
0.0087952903
0.042433314
0.0081799114
0.023025531
0.058859549
-0.045571219
-0.019227443
0.027442992
0.0055039357
0.021383293
-0.0267037
-0.021939784
-0.025478607
0.058467705
-0.061362892
-0.011169352
0.033963822
-0.046549357
-0.041859351
0.027460005
-8.6908556e-05
-0.03353725
-0.082232125
-0.028008902
0.025845863
0.048255373
-0.043558881
0.024383504
0.017544385
-0.036506578
0.092278659
0.038464233
0.040595967
0.015396729
0.065830767
0.10552094
-0.077130459
0.080725215
-0.0051672836
-0.09044639
0.04890997
0.043765612
0.015681006
0.028710848
-0.0682007
-0.030071706
0.0042367205
-0.030664986
-0.0090070916
0.02381744
0.012894966
-0.017226225
0.00066466216
-0.019021774
-0.052695151
0.035734799
0.012489464
0.090771392
0.0053523378
-0.083475068
0.035589818
0.01754538
0.089802593
0.071203008
-0.0188295
-0.015499554
-0.047854852
0.029208681
-0.024035655
0.1130055
0.12130189
-0.065781206
-0.098377325
0.045490257
0.065044172
-0.060306091
-0.021378925
0.031301644
-0.05632221
-0.065886244
0.036724389
0.051958267
0.020821802
0.059416711
-0.018020386
0.0091615999
-0.069190688
-0.060645971
0.011044823
-0.068128578
-0.0047587184
0.010494891
0.01553118
-0.052180707
-0.015695853
0.0063825888
-0.1036531
-0.077936009
0.089387685
0.084256552
0.040570397
0.0023427831
-0.010392039
0.031728487
0.022371519
-0.0029677185
0.041037481
0.0085253343
-0.09769512
0.05005246
0.029645626
-0.064890772
-0.010067507
-0.026373893
0.017612906
0.041451603
0.066596381
0.0041249441
0.0071237367
0.089750409
0.040854737
0.0075922352
0.0025630263
-0.063754596
0.0072043408
-0.020417806
-0.0048569581
0.012432817
0.077310137
0.014684901
-0.015783485
-0.088407964
0.074703611
-0.047689371
-0.017276147
0.10487959
-0.042730246
-0.021406047
-0.10113908
-0.048065785
-0.055890534
0.091093138
-0.023347624
0.012393759
-0.019822063
0.068732455
-0.019044895
0.073403768
0.010239421
-0.022279346
-0.024934484
0.033911396
0.056049511
-0.035232302
-0.0031343468
0.032806482
-0.055681724
0.041243438
-0.020563941
-0.0025722927
0.014741521
-0.0085476721
0.065919556
-0.04167797
0.050183564
0.027333733
0.019630384
-0.045212459
0.055143293
-0.057465296
0.050284628
0.017532934
0.10256201
-0.077803768
0.013082373
-0.0093223769
0.029718997
-0.012132672
0.018737532
0.059526891
-0.086114824
-0.10079577
0.025891025
0.036716018
-0.02512919
-0.0061542783
-0.014247105
0.10888768
0.01739811
0.0031488095
0.10671769
-0.030752813
0.020023553
0.11226387
0.03734019
-0.019935707
-0.00087659009
-0.084203817
-0.024823066
-0.055932671
0.051144566
-0.0448246
0.0090925675
0.019734137
0.020674014
-0.093149535
-0.01142866
-0.016088801
0.017398223
-0.046536602
0.017571349
-0.0042600799
-0.021402715
-0.024534991
-0.0085459836
-0.094267838
0.022246361
-0.039116584
-0.00040916534
-0.022565985
-0.018488742
-0.0068811355
0.11777694
0.066242054
0.020150261
-0.0083607696
-0.083854578
-0.027082991
-0.028794969
-0.058007959
0.048078828
-0.029480014
-0.094195217
0.0062731002
0.06595739
0.020666296
-0.073120251
0.050604966
0.01347966
-0.037595261
-0.0067027784
0.02053375
-0.008536825
0.030586664
0.095014967
0.061254408
0.011209371
-0.070115879
-0.076498568
-0.03243703
0.13721028
-0.080840863
-0.067641817
-0.11139772
-0.012392466
-0.090369143
-0.07753133
-0.053797204
0.0049239546
0.045737065
0.01600014
0.0014662254
0.043248087
0.073923379
0.067900836
0.014299987
-0.039185144
0.024722369
-0.059832592
0.0698108
0.032868125
-0.067128867
0.031535115
0.076454744
-0.019039188
0.031065976
-0.033866961
-0.0052030343
0.033578224
0.019638937
-0.038461674
-0.067556821
-0.069132611
0.056815524
0.047351126
0.059521154
0.071462922
0.038573589
-0.1389873
-0.057044894
0.014847145
-0.063078552
0.061780386
0.11100712
-0.064715818
0.025006181
-0.037220523
0.046601277
-0.059960425
-0.026357783
0.036876235
0.033060126
0.035118718
0.012697476
-0.042607229
0.0097141331
-0.080778793
0.01996321
-0.086230829
0.044439636
0.080410421
0.043667417
0.024287751
-0.024766807
-0.031434763
0.14002764
-0.070164114
-0.0061345603
0.022692915
0.053241171
-0.019235866
-0.010859391
-0.065394901
0.039354745
-0.0071893497
0.029484151
-0.049895383
0.098852873
0.042484965
-0.076353408
0.0301635
-0.026988251
0.0026053479
-0.031742796
-0.06551221
-0.071244299
0.093686894
-0.033763569
0.026154939
0.035899382
-0.04674425
-0.11039719
0.050920434
0.0075271991
0.096370593
0.038859971
-0.0068639675
-0.050552949
-0.027629359
-0.026095627
0.059183601
0.11874104
0.033757187
0.052199487
-0.075673178
-0.039783649
0.083977215
-0.065610163
0.024146844
-0.023349095
-0.019282907
0.04015518
0.008498298
0.091593459
0.010480465
0.08082433
-0.012749802
-0.016387394
0.11176057
0.035519268
0.02073025
0.028421447
-0.018688701
-0.073220104
-0.03364316
-0.089380905
-0.00074028992
0.019759996
0.019837081
0.017722409
-0.011148822
0.032029487
-0.047383659
0.016574454
-0.06896387
0.024343938
0.057033632
0.012941173
0.031172626
0.047581602
-0.011317897
-0.001568535
0.042679358
0.059930488
-0.04413069
0.024301142
0.05674665
0.043590467
0.020191185
-0.019885235
0.044323716
-0.039546162
-0.037805576
0.057533737
-0.018316675
-0.023349779
-0.05028994
0.056909956
-0.058188912
-0.041988332
-0.0001668421
0.035174962
0.078405716
0.10866632
0.018896015
0.071373284
-0.060689636
0.10211788
-0.01914476
0.049582049
-0.085964903
0.017180815
0.14892682
-0.12128845
0.015039128
-0.0025076277
0.050689932
0.030801503
-0.033442304
-0.035862219
-0.050633963
-0.054969925
-0.1424882
0.036636293
0.047364783
-0.034682468
0.11717688
-0.041044071
0.069501221
-0.050363161
0.13107017
-0.11152358
-0.048080694
0.059482682
-0.05859587
0.038561642
-0.065019704
-0.079867892
-0.091818981
0.043535091
0.017501811
0.029865101
0.045554031
-0.034948226
-0.060854219
0.10087114
-0.018682206
0.042196982
0.020632891
-0.14548822
0.0053826729
0.10742279
0.068859652
0.057127111
-0.090908788
-0.088098422
-0.02762755
0.11525412
-0.0020394681
-0.18019387
0.047461864
-0.036209311
0.055249829
-0.030906744
-0.022777893
-0.091223516
0.028643722
-0.0080092335
-0.02204171
-0.094260797
-0.054302443
-0.0032231894
-0.016151892
0.0077479631
0.12160753
-0.14392321
-0.015274556
0.018974682
0.03713594
-0.057500269
-0.11585324
0.0045861457
0.04534376
-0.0059847026
0.0059873145
-0.077790029
0.05843202
0.035736289
0.11090707
-0.028328335
-0.006164351
-0.018197201
-0.043847494
-0.01524358
0.006540474
0.078828208
0.11674841
-0.11824906
-0.010852497
0.064666376
-0.071883388
-0.027101507
0.0042551598
0.1088264
0.013106148
-0.069234684
-0.055475861
-0.022291129
0.087542839
-0.096506149
0.17631577
0.12894857
0.034741472
0.030644961
0.038866643
0.11594944
0.13819024
0.038519476
-0.061787173
0.22126457
-0.077411138
-0.04971293
-0.01677696
-0.12092755
0.047628436
-0.04098057
0.012403431
-0.052480258
-0.037553083
0.045483932
0.047010217
0.0032080023
-0.013220409
-0.01433304
-0.039923958
0.030714955
-0.1082888
-0.048980489
0.015513815
-0.070216753
-0.065471448
0.078448482
0.018617298
-0.073392704
0.079364501
-0.019249316
-0.042421784
0.03420487
0.063836843
0.10818069
-0.045097664
-0.10396161
-0.0074330396
0.02398653
-0.050345153
-0.016782219
-0.0017372157
0.027338024
-0.019797677
0.072764374
0.10725916
0.00053349271
0.027531398
-0.020936869
-0.010466586
-0.12526844
0.048062395
0.00071216311
0.060971405
0.057337016
0.010074561
-0.035079096
-0.0075629218
0.0023869826
0.041149732
-0.0082005309
0.048429482
0.02299257
0.00046791101
0.017156785
-0.024412578
0.014711316
-0.092875347
0.023587465
-0.00016905509
0.048858605
0.0019966164
0.058603872
-0.0022039418
0.038950332
-0.031325445
-0.03167747
-0.016436055
0.09919554
-0.16443458
0.017623944
0.04285327
0.012828671
0.010235475
0.0035761828
-0.056524489
0.093362562
0.057312939
-0.033147831
-0.034345765
0.012831611
-0.10529159
0.02542549
0.070101827
0.012747562
0.076864429
-0.044667687
0.083098143
0.066613346
-0.057746295
-0.02553793
-0.10569506
0.039822999
0.041293666
0.012851114
-0.023505103
0.054569393
0.052362632
0.0047795707
-0.047498316
-0.035000656
-0.018846881
-0.062106505
-0.01908436
-0.0250536
0.089672729
0.039919976
0.041981328
0.018270172
-0.064713545
-0.027941471
-0.01935222
-0.046310585
-0.04550733
-0.02039798
0.045465656
0.071749397
-0.032384291
-0.0072821006
0.031230353
-0.04366852
0.047973897
-0.0088378927
-0.060149249
0.04673465
0.063938551
0.015727408
0.0074657276
0.0048886691
-0.017388845
-0.079643726
0.04893272
-0.01706109
0.0064875763
0.031067571
-0.10161196
-0.033577595
0.042494699
-0.0026013029
-0.061211556
-0.0033976471
-0.014876532
-0.041609593
0.10434748
0.003223717
-0.053740248
0.0063506453
0.014471849
-0.013116373
0.093974151
0.01919217
-0.036874685
0.01782665
0.0054564094
0.022101644
0.02869376
0.0020273617
-0.026655309
0.022463771
0.026426457
-0.35484368
0.047869481
-0.035294414
-0.0015579746
0.036865391
-0.040562324
0.014206743
0.026493618
0.034256313
-0.036535222
0.061245255
0.029959494
0.032349307
-0.042417664
0.037861928
-0.039465487
-0.05140407
-0.00809447
0.021221513
0.010799271
-0.041832786
-0.0091451127
-0.0038972693
-0.037815839
-0.062604822
0.053041566
-0.024211371
0.02971209
-0.01559386
-0.02692179
-0.035249796
-0.035699114
0.0039059042
-0.0087482026
-0.018571466
-0.049952324
0.05995046
0.053450365
0.024080606
-0.088633195
-0.021590412
-0.011231672
-0.027297588
-0.041669495
-0.047424238
-0.11735709
-0.0101407
0.095793314
0.060132205
0.035447191
-0.066814452
0.1178661
0.094449691
-0.081189603
0.05837962
-0.047393404
0.007848029
-0.0060494812
-0.034909267
-0.0025748825
0.049014106
-0.091643102
0.011828026
0.07481356
-0.0039612371
-0.050807592
0.020896768
0.030514404
-0.056742214
-0.015514068
0.019245924
-0.047596827
0.057900783
0.027120335
-0.0036359048
0.12023427
0.019102564
0.026058948
-0.085631453
0.053049654
-0.1371415
-0.0012769122
-0.0058904774
0.029805547
0.0012866373
0.068652548
-0.017829379
0.063813955
0.0028937946
-0.041603547
-0.030863473
0.052062597
0.10642233
-0.054538485
0.032292597
-0.031870887
-0.018538248
0.01267928
-0.04548806
-0.033437762
0.030574888
0.039428018
-0.005976697
0.099190168
-0.028084744
-0.019580891
0.014573617
-0.029736498
0.0029912128
-0.039937928
-0.00050135644
0.071868718
0.027437495
-0.029706435
0.059130348
0.10908531
0.041184686
0.11724202
-0.043139685
0.029674603
0.011083726
0.054480214
-0.13580862
-0.063388415
-0.084971219
-0.018577414
0.0095806401
-0.031896215
0.074787915
0.077872179
-0.33734185
-0.030636696
0.12670557
0.023703722
0.014233346
-0.03487977
-0.058483168
-0.10051067
0.060164239
-0.049330845
0.054379977
-0.041014556
0.086535275
0.10985546
-0.061209932
0.0050295023
0.032805271
-0.058338035
0.080023855
0.067495391
-0.087030455
0.099999934
-0.020556457
0.083852611
-0.071686439
0.037124708
-0.0022209203
-0.082116529
0.12521884
-0.069804907
-0.036610153
0.05172107
0.040165946
-0.050013412
-0.1829527
0.079289906
-0.035500593
0.017654005
-0.18799229
-0.02673864
-0.0038235642
-0.13223115
0.0040076445
0.073183969
-0.089044265
0.0066679013
-0.020514168
0.064260416
-0.15396139
0.033750243
0.045990825
-0.047376789
0.0015472698
-0.045929793
0.012961036
0.13093191
-0.088083126
-0.064963147
0.016192684
-0.063142642
0.1349009
0.10040098
-0.083174892
-0.11181329
0.11022586
-0.013303027
-0.1619796
0.074218139
0.0038743485
-0.11859553
-0.13855056
-0.028742777
-0.035935227
0.059640344
0.099363133
0.10920724
-0.0441151
0.026445551
-0.0029982906
0.17156129
0.051411558
0.14300507
-0.051672969
0.058847778
-0.055597957
0.0044671851
0.0073567349
-0.14154665
0.073681608
0.023351373
-0.044742707
0.016779747
-0.019657522
-0.12383815
-0.064476617
0.015298772
0.011949895
0.0033657413
-0.128325
0.084173568
0.0052496959
0.032663994
-0.15004027
0.10146184
0.005395574
-0.080271587
0.042506542
-0.061528731
-0.079968937
0.12950605
-0.01543448
-0.0087193418
-0.028850054
-0.0087364605
0.0083613629
0.080997236
0.065887325
-0.0026646352
0.067190789
-0.051031861
-0.1186337
-0.0081422357
0.040503666
-0.042560425
0.0097660115
0.042321496
-0.062195569
0.054400958
-0.06323342
0.052585445
-0.041822042
0.042840894
0.062918961
-0.0015259146
-0.011068959
-0.020285692
0.021229541
0.0029175426
0.022032317
0.023770105
0.023923654
-0.014225428
-0.11516252
0.0055688382
0.10602664
-0.12326796
-0.040742926
0.037240028
0.03798547
0.029179776
0.012963877
0.020004688
0.068397798
0.0048054038
0.013556434
-0.047554027
0.029641209
-0.022942767
-0.064763568
0.029162971
-0.075988643
-0.024505224
0.068543524
-0.073252141
-0.078023218
0.0049894168
-0.081321366
-0.016429216
-0.08156462
-0.0085669663
0.059920885
-0.008481822
-0.056243628
0.010020734
0.012682872
0.14674447
-0.058636058
0.11846737
0.061057545
-0.069284894
-0.0017992727
0.0014201762
-0.018030757
-0.048950128
0.027147904
-0.026160808
0.064627141
-0.04892708
-0.072529837
0.025679009
0.13390879
-0.013077742
0.10552227
0.040759683
-0.018645089
-0.021077169
0.11888488
0.029884852
0.12662935
0.032307059
0.11417642
0.024239792
-0.024080629
-0.018231198
-0.057000015
0.051261388
-0.086456738
-0.045181252
0.082313567
0.062120598
0.075033292
0.030572131
0.045453891
0.11602557
0.013664354
-0.08041051
-0.093280196
-0.017297538
-0.016497085
-0.055143882
0.025633367
-0.067933716
-0.071941048
0.092754088
-0.08858002
0.074090019
0.076264806
0.069098897
-0.031308502
0.02275846
-0.04002982
0.072873242
0.035895035
-0.0086450186
-0.015654024
-0.059179597
0.036467068
-0.00053944695
-0.059559178
0.043128394
-0.049448926
0.034090608
0.025860691
0.013726434
0.094954707
-0.037357394
0.022946306
0.010719639
0.0038062874
0.053350411
0.063687436
0.096314549
-0.04260299
0.035252336
-0.092410587
0.032568086
0.069931999
0.050810918
-0.055830989
0.059306152
0.03817001
0.060875896
-0.011467013
-0.012305516
-0.085726373
-0.018632296
-0.049157508
-0.088760987
0.015518803
-0.10271308
0.11142444
-0.025378717
0.030817876
0.0094002541
-0.054740824
-0.073003292
0.037309762
0.029048393
0.0064814524
-0.012684208
0.014080085
-0.10064473
0.0441151
-0.10552168
-0.052376494
-0.064166032
-0.024173234
0.035507225
0.027386073
-0.042168628
0.030359777
-0.0047906339
-0.070889957
-0.046388924
0.024343338
-0.10106582
-0.011500464
0.028778823
-0.02957527
0.08455158
-0.019320948
-0.014071379
0.017913843
0.020380942
-0.020798886
-0.0032449111
-0.012781119
-0.053226795
0.041065294
0.016372602
-0.084761798
-0.071656279
0.044996187
0.073758043
0.013541682
0.025472984
-0.014943264
-0.039474342
-0.013183744
0.053644132
0.043459572
0.11012717
-0.0060285707
0.0063049556
0.14389117
-0.03043795
0.036003213
-0.053578507
0.051551599
0.070366457
0.02720792
0.047171503
-0.040202402
0.0049387095
-0.032588974
0.070532173
0.13655573
-0.091745175
0.0047920537
0.037933566
0.078973711
0.0311189
0.094416246
-0.074315786
0.096561708
0.017341869
-0.065832287
-0.0037754599
-0.053473435
0.067955285
0.042192359
0.022765223
0.016574027
-0.041019183
0.015775658
-0.05276129
0.035839692
0.031851791
0.02196919
0.033760671
-0.11259603
-0.063427784
-0.063350871
-0.038327612
0.0013717681
-0.036033612
-0.12673868
0.057771552
0.026065361
0.044827707
0.065618455
0.076583944
0.0061256015
-0.10183721
0.034370746
-0.027628835
0.00013924825
-0.071419135
0.083204508
-0.066166788
-0.035575476
-0.047393788
-0.085208364
0.0046052244
0.062429454
0.0411327
-0.049970664
-0.024559343
0.0058442145
0.049736254
0.030829506
-0.060626067
-0.0017211703
-0.015573679
-0.016383132
-0.026550727
-0.017946191
-0.0087656267
-0.042034052
0.0008492216
0.13706017
-0.011536169
0.048399877
-0.043329768
0.007821681
0.066527277
-0.042589527
0.01230355
0.025150893
0.049263112
-0.076959863
-0.059155237
0.010475127
-0.078769751
-0.055437982
-0.055003002
-0.054906197
-0.027352575
-0.0089182695
0.05621374
-0.023490751
-0.014092918
0.06924478
-0.058814824
-0.049796119
-0.011666658
0.0072723166
-0.056888048
0.034365758
-0.00060895836
0.025154632
0.026676839
0.060279001
0.072661728
0.018059056
-0.064282857
0.058280822
-0.035322841
-0.065382525
-0.05975214
0.083888665
-0.069480218
0.08323323
-0.02695789
-0.096509092
0.01277496
0.087799139
-0.061130855
-0.0013630361
-0.075843059
-0.023315338
0.0084002223
0.063427851
0.0077845207
0.13159694
-0.11300899
0.031343989
0.088012941
0.035917919
0.024977533
-0.24081878
-0.0051560523
-0.10480355
-0.071976967
0.03786616
-0.0053587202
-0.049574375
-0.091629528
0.024920054
-0.033047661
0.0067048389
0.0011813829
-0.0036227291
0.05409801
0.065314494
-0.0039282064
-0.025887106
-0.043772761
-0.036432251
0.028629828
-0.013591852
-0.07221131
0.010540741
-0.014793787
0.021868063
0.1096522
0.0046202959
0.01316554
-0.039822843
0.05331888
0.013306451
0.018092697
-0.046573378
0.071776986
-0.060405686
0.0021520946
0.0060804035
0.044579145
-0.057269204
-0.053704254
0.034203701
0.044640258
-0.04061912
-0.083688907
0.030689463
-0.0085431281
-0.036110096
0.0012914413
0.069365367
-0.084711209
0.025759719
0.034551132
-0.12644844
0.008077357
0.05292055
-0.011466469
0.066130646
-0.091897413
-0.0059747687
-0.04357598
0.0025030961
-0.041788146
0.0047430862
0.063888103
-0.092930861
-0.045063321
0.10722856
-0.0030384311
0.023283813
0.034777898
-0.09080255
0.0027423918
0.12566073
-0.022506006
0.01761041
-0.068570681
0.0068085003
0.029981071
-0.034509588
0.01073796
-0.055977732
0.021421377
-0.020865435
-0.01986655
0.046123553
-0.021807371
-0.04985293
-0.01228654
0.036801819
0.031569831
0.05192697
0.051111661
0.011128337
0.12053177
0.016109379
0.017039627
-0.0051382445
-0.0070203021
0.083666682
0.034529801
0.03019014
-0.050082538
-0.018457767
0.081042059
0.064062677
0.061082322
0.024420092
0.091424592
0.068512201
0.057615947
-0.048062451
0.015879944
0.018072119
-0.075619601
-0.063442677
0.048386931
-0.032432981
0.032295782
-0.00084056618
0.032376628
-0.069447063
-0.036281534
-0.070025764
-0.050919943
-0.027635923
-0.02280781
-0.06074816
-0.015627537
0.092021547
-0.015995022
-0.062552325
0.033535779
0.052762721
0.0079036066
0.021350231
0.05367396
-0.0075347107
-0.018963655
-0.074740887
-0.029127765
0.052746855
-0.071158282
-0.053035311
0.09406545
-0.026591158
0.086624891
-0.018102849
-0.013411971
-0.038326677
-0.0116081
0.015576249
0.049240984
0.042038739
-0.050349522
-0.041173819
-0.040120065
0.037416831
-0.053511947
-0.080139197
-0.096653923
-0.062171035
0.10764891
0.050902341
-0.055654299
-0.073142298
0.078963086
-0.00057292939
-0.067698941
0.011428297
0.099043138
-0.0090837162
-0.015687184
0.020538213
0.010589415
0.021733165
0.022111377
0.06979575
0.003224883
0.10608691
-0.00038319989
-0.092358023
0.013330557
-0.023463806
-0.0017457753
0.080815822
-0.071133591
0.10062157
-0.069653004
-0.019496616
0.035566885
-0.050114311
0.031959813
-0.026849018
0.066901274
0.00026911715
-0.22459807
0.12919196
-0.025056174
0.075230367
0.032653619
-0.0011130715
0.13576131
0.098558508
-0.064805403
-0.008489673
-0.002566457
0.035087079
0.12353868
0.024535317
0.037839003
0.018039711
0.023379486
0.025639076
0.033119388
0.034282435
-0.024611074
0.025068846
-0.075112596
-0.069366217
0.032465149
-0.0077612032
0.059566569
-0.10166786
-0.065364316
-0.13138315
-0.028862579
0.048206866
0.077274792
0.033066828
-0.045117095
-0.060147416
0.043266792
-0.090849988
0.013261685
0.05196932
-0.035766169
0.059987564
0.058266714
-0.039954741
-0.067352086
-0.025706081
0.013205163
0.091220066
-0.070046164
0.053252567
0.0068216436
-0.058785666
0.083269708
0.057742748
0.010664413
0.015934732
-0.016043378
0.018842611
-0.087025099
0.028521976
0.06320174
0.027159998
0.046239458
-0.003079463
0.0074647255
0.060361404
0.04125955
0.021178653
0.014316053
0.043962106
0.078904256
0.023955451
-0.13710868
-0.05013898
-0.015197415
-0.063318029
-0.03114374
-0.081072338
-0.081924655
-0.13698508
0.10290387
0.068356708
-0.016037507
-0.11894003
0.020025771
-0.081761017
0.085467957
-0.040456675
0.017203268
-0.015250612
-0.055538677
0.034910195
-0.0090302452
0.024816427
0.024293289
-0.12180421
0.095603339
0.04071987
0.058792319
0.07118538
0.078293137
-0.066056103
-0.27372065
-0.0052030715
0.06429559
-0.044999056
-0.060948696
0.068147913
0.0089043835
-0.048991486
0.030921724
-0.027366837
-0.0067017102
0.059255928
-0.0017725601
0.060760412
0.063665695
-0.10260026
0.041608047
-0.030185213
-0.027634168
0.068168454
0.010278727
-0.058630608
-0.051912904
0.07479503
0.030667117
-0.073226802
-0.0056984019
0.062478546
0.031272568
0.077675223
-0.015347538
-0.02067427
0.031849969
-0.098767482
0.1207512
-0.031788707
0.0226613
-0.063021742
-0.11989421
0.038547363
0.038075227
-0.066335708
-0.019438565
-0.012776398
-0.053017844
-0.03505148
0.013570242
-0.097277761
0.043064721
0.025838537
-0.059061829
-0.039012648
-0.07334175
-0.053316124
0.081128292
0.0005232048
0.018472524
-0.023308894
0.06315048
-0.00055779814
0.029199233
0.11791416
-0.043052685
0.030607266
0.047101509
-0.030027149
0.025446793
-0.015462155
0.046276964
0.094504945
0.037909608
-0.0091223596
0.067577496
0.028107461
0.002208336
0.008655942
-0.040427268
-0.11701555
0.056840975
0.046097711
-0.059787195
0.063849427
0.01863789
-0.00049554073
0.060091041
0.019857997
0.049035918
-0.23322038
-0.028400071
-0.016507097
-0.0050361729
0.040641893
-0.018086132
0.010713134
-0.068697169
0.032934513
-0.0085971262
-0.0053041279
-0.067335874
0.067574091
-0.047184631
0.024866601
-0.010065314
-0.030847097
0.018177314
0.039629985
-0.0096531976
-0.043580916
-0.051559769
-0.020794924
0.040549807
0.144787
0.11156283
0.067994535
-0.023864148
-0.023859426
0.079644971
-0.036693648
-0.033248987
0.031459901
0.088867635
-0.021278901
0.028435476
-0.022479143
-0.13368323
-0.031096261
-0.091907412
0.030091172
0.010337545
-0.053319361
-0.030236719
0.033617396
-0.07837186
-0.026098277
0.074674875
0.036898829
0.035002857
-0.10045891
0.073933549
-0.0058212103
0.037590597
-0.0027328841
0.068971969
-0.031349845
-0.0019873383
0.038064461
-0.078425758
-0.010299921
0.022652328
-0.040056948
-0.03611793
0.055092763
-0.032468408
-0.055729639
-0.030557044
0.011653233
-0.040941626
-0.035057232
-0.010809341
-0.014307895
0.074598931
-0.037668057
-0.0022787307
-0.022304717
-0.0025491701
0.026601803
-0.0058134939
-0.031135911
0.11782443
0.02989571
-0.051408637
0.073707737
-0.047984503
-0.028858354
0.036606204
0.012097123
-0.028973158
0.045553412
0.061097398
-0.0078180162
-0.060448233
-0.038398229
0.0617822
0.039483327
0.084113955
0.0017724296
0.089876853
-0.019854164
0.021117568
-0.013219603
-0.037253082
-0.020678423
-0.062479738
-0.010948439
0.11441375
-0.050165839
-0.15011515
0.0085581644
-0.071875758
-0.039377376
0.030273791
-0.0047950586
-0.011377734
-0.023931153
-0.010827652
0.022268873
0.028383028
0.059495151
-0.016846707
0.0051135984
0.054273047
0.03187478
0.029831363
0.1039639
-0.0014038488
-0.010255129
-0.076665394
-0.073981389
0.039088998
-0.026555585
0.035386991
-0.0038316548
0.048982039
-0.083938278
-0.10607519
-0.041968718
-0.059868369
-0.021000715
0.013268559
-0.0083079804
-0.094676271
0.021619247
-0.13571709
-0.055696305
0.015217631
0.088608742
-0.021648703
0.054877289
-0.063951559
-0.077033266
0.04997896
0.042164024
0.059179854
0.069439352
0.00026652301
0.086428002
0.065028287
0.036858015
-0.022335149
0.017525077
0.061653651
-0.010900358
0.026529502
-0.043888953
0.032027628
0.020470088
0.075719133
0.01933793
-0.12158344
-0.001326939
0.045222655
0.057527978
-0.12202735
-0.024644328
-0.0016413383
0.042261194
0.00019005574
-0.092038035
-0.0025446462
0.062631696
-0.048827849
-0.023610044
-0.091458052
-0.015806472
-0.037373316
0.081608757
0.046663195
0.062776245
-0.022659874
-0.1279721
0.029228847
-0.02010851
0.039699875
-0.048945099
0.00097946066
-0.019525329
0.059047796
-0.073054336
0.011933616
0.0035110624
0.095372401
-0.069726892
0.074789569
0.038868293
0.045568846
-0.08918035
0.078630529
-0.03412829
0.030026177
-0.043538816
0.010104941
-0.013832239
0.010814665
0.032542858
0.14059739
0.042894185
-0.0010642579
0.047913443
-0.077050813
-0.025076648
-0.042583473
-0.093012027
0.027614461
-0.089162499
0.010627651
0.023761027
0.04362249
0.030557578
0.047537126
0.0061475397
0.03194325
0.013615016
-0.019881802
-0.014315856
-0.0018547054
-0.01823852
0.038261879
0.0042337915
-0.020052554
-0.040427081
-0.0027731156
0.067779459
-0.0065177968
-0.01729618
-0.064877056
-0.069344521
-0.05112778
-0.12662661
-0.14271632
-0.063454986
-0.053331714
0.11034043
-0.0014885629
0.07528314
-0.0029669583
0.029403515
0.012267006
0.024165919
-0.051237598
0.026675146
0.067798406
0.033478055
0.013472412
-0.081065483
0.065648228
-0.0031570215
-0.15565158
0.01855774
-0.0016034987
-0.058878489
0.058848854
0.025474064
-0.11472086
-0.0065495069
0.042053785
0.073848508
0.051609751
0.012307417
-0.050238632
-0.028996602
-0.049222801
-0.028286275
-0.0075768586
-0.02853246
0.0040189885
0.077098019
0.01059323
-0.1381174
0.028535185
-0.019829946
-0.0060613961
0.017685654
0.053270582
-0.077978373
0.033072036
-0.09343908
-0.13907509
0.11462197
0.00114385
-0.019599857
-0.094423965
-0.017345829
-0.038816236
0.010083701
0.03568583
0.016390847
-0.062293649
0.077085838
0.011054452
-0.020735636
-0.075633489
-0.031057907
0.055510532
-0.027043231
0.0078443941
-0.027395545
-0.012472938
0.025546227
-0.052452583
0.0069630565
0.033798221
-0.15413971
0.08513166
-0.045451779
-0.0097246198
-0.001315395
0.020270264
0.098277494
-0.00081139029
-0.0045468509
-0.055735786
0.049290866
-0.013141967
-0.1084424
-0.023421805
-0.063364975
0.082552545
0.0088413898
-0.054655779
-0.038291439
0.065721706
-0.018902177
0.040854894
0.13632557
-0.010911953
0.033624057
-0.0055925087
-0.13229914
0.10740554
-0.058708262
0.035307463
-0.06467697
0.06276679
-0.0066403095
-0.023404151
0.018452685
-0.018675255
0.008410749
-0.034600001
-0.14829686
-0.06836243
-0.0048906403
0.061162461
-0.075516544
0.058299683
0.10211307
0.025485912
-0.14173087
-0.04024576
-0.003956751
0.06042175
0.040398944
-0.19107355
-0.066511393
-0.0060958173
-0.10915633
-0.11775323
-0.00053421303
-0.013935233
-0.048387863
0.075071476
0.010517032
0.030134244
0.030301414
0.072739914
0.09334486
-0.086367644
0.034271404
0.043592419
0.080847323
0.00050061813
-0.058685057
-0.076030761
0.10706411
-0.053268049
-0.048127946
-0.18355402
0.002950521
0.023024928
-0.034379724
-0.024752814
0.037693858
-0.10163281
0.090202756
0.0065392568
-0.01548749
0.082304485
-0.0072930949
-0.052052319
0.05734434
0.0069372519
-0.12290405
-0.021558447
0.033288609
-0.010671886
0.072793379
-0.050617862
-0.10297291
-0.12158703
0.00043333825
-0.094702467
0.010782084
0.03017175
-0.055328388
-0.022761099
0.040050127
-0.0058671013
0.020561593
0.010684716
-0.018820349
-0.014598832
0.069852278
-0.089869559
-0.039542139
-0.092844747
0.069537558
-0.035680756
0.054609481
-0.051486656
0.051542766
-0.0079641137
-0.14164263
-0.046343587
0.021933766
0.038031969
0.0054144226
-0.0046495236
0.027547842
0.0080968169
-0.1738784
-0.053189892
-0.055862073
0.028864264
0.051793847
0.053206746
-0.0071250605
-0.045679886
-0.0017925808
-0.025282446
-0.00426408
0.046373166
0.0026672764
0.073060162
0.031994566
-0.016293362
0.060281355
0.031277031
-0.0062689679
0.058946989
-0.009706106
0.14851668
0.010643367
0.028131483
0.061531346
-0.029023642
-0.046275485
-0.02818023
-0.051801622
-0.10284795
-0.0068939333
-0.063338868
0.026872167
-0.13065998
-0.02995625
0.017843682
-0.066479154
-0.042899664
0.06394922
0.1128676
0.071051352
-0.047209036
-0.078563608
-0.01231677
0.067132235
-0.061526429
0.056164641
-0.073452123
-0.075638659
0.025947908
0.044562217
-0.029507384
-0.087804958
-0.045688741
-0.10028639
0.023832232
-0.048971068
-0.087194763
0.069886737
0.030022115
0.026033575
-0.019535232
0.011355123
0.042092904
-0.036103088
-0.031092128
-0.019009804
0.029735681
-0.030094972
-0.055320475
-0.04107777
0.05360857
0.1012641
0.02021352
-0.065796927
0.01478646
-0.028901936
-0.063084953
-0.037161574
0.077151261
0.07673125
-0.063702255
-0.076045252
-0.062918678
-0.028298415
-0.075125203
0.0048276531
0.088205494
0.048343744
-0.092881806
0.065727666
0.054722488
0.032280188
-0.058556784
-0.089211449
0.08443287
-0.057577815
0.022875896
0.057674009
-0.02620553
0.015049393
-0.11975228
-0.0059741721
0.014528408
0.0087337168
0.083063386
0.096611559
0.06511303
-0.15958878
-0.08267723
0.094310291
-0.022500874
0.031032143
0.055947434
-0.049455885
0.090851605
0.045219112
0.14167689
0.10190613
0.076639868
0.0068099685
-0.013889292
-0.0024218031
0.074246928
0.0076325298
0.016156496
-0.0093908878
-0.017296178
0.060558833
0.060477175
0.024546871
-0.018269483
-0.0080410857
-0.024870371
0.0062101721
0.035540331
-0.015019883
0.039707653
0.022366472
0.017096693
0.026621068
-0.10192698
-0.070585571
-0.032163892
-0.059309822
-0.0074501438
0.029683918
-0.016438831
0.03389914
0.022145674
-0.032105997
-0.061686266
0.018648589
0.049755279
0.078064181
0.052811034
0.053892974
0.013375934
-0.031827372
-0.046535686
0.066460773
0.046517055
0.013682399
0.014728524
0.0011597319
0.039122805
0.024689497
-0.025994493
-0.053189166
0.065926328
0.041531801
0.10006722
0.047690306
0.011640409
0.060490925
0.10612495
-0.028092558
-0.028964544
-0.11180666
0.070686489
0.09154278
0.0050169751
0.024190437
-0.029295038
-0.038468942
-0.05104129
0.048858009
0.076228924
-0.13595498
0.052957792
0.015326245
-0.053851675
-0.011271992
-0.048013039
-0.025214329
-0.24411689
0.10614754
-0.021195432
0.025507262
-0.0093590878
0.032810502
0.020193871
0.029922657
0.076770999
0.012686761
0.096300736
0.015475609
0.025064057
-0.043143872
0.015176859
-0.015502615
0.02035884
0.080254674
0.071820766
-0.040751245
-0.036184829
-0.11420722
-0.0071555581
-0.049065914
0.061232757
0.041998427
0.019983996
0.03207228
-0.066850118
0.022734039
-0.073485859
0.0021113537
-0.11944571
-0.013024137
0.011902325
-0.060929436
-0.012788402
0.076330595
-0.08342573
-0.091667242
-0.012094025
0.021303084
0.004038698
-0.030242616
0.040669963
0.048396681
0.00092054514
0.041301604
-0.10802469
-0.083923317
-0.047061004
0.11795364
0.0081887264
0.0019932792
0.01684686
0.033961076
-0.11289742
0.0049158079
0.042628977
-0.10196842
0.041158475
-0.045323029
-0.036718503
-0.046114139
-0.019245731
0.055646885
0.01156384
-0.039237875
0.0314501
0.0045588999
0.039984517
-0.037991028
-0.1010694
0.014825913
0.093410231
0.0049538412
-0.065244496
-0.034524005
-0.056659803
0.043581594
0.020126596
-0.0065693092
0.017108522
-0.040118463
0.070743792
0.014838677
-0.12459776
0.018196007
-0.053507045
-0.083450153
0.074775472
-0.029689586
0.022240194
-0.014684381
-0.036131162
0.04241325
0.024878681
-0.021381512
0.0062950919
0.044170734
0.006139447
-0.012785911
-0.04909645
-0.042643249
0.007849725
0.027024558
0.047967479
-0.065565102
-0.045844305
0.013669993
0.0012169139
0.05807732
0.082618453
-0.073783405
-0.046222344
-0.062556334
0.057367224
0.03251427
0.0098611889
0.050347224
-0.0071083074
0.064248413
0.0043746117
0.018934876
0.025704272
-0.019274987
0.018875539
-0.00036940502
0.028632127
-0.028227078
-0.013759931
0.0034346741
0.072872363
0.025094846
-0.11210488
0.015088256
0.023736451
0.03603657
0.024090691
0.074708544
-0.098274559
0.014546978
0.065637901
-0.015973579
-0.027833577
0.046670552
-0.0059990203
0.069601335
0.015904097
0.036870737
0.039898757
0.05586974
-0.060433954
0.01690674
0.034880038
-0.040607512
0.025630349
0.0018073312
0.038603686
0.034876589
-0.036259584
-0.019195009
-0.0031908858
0.017814787
-0.03742981
0.057845503
0.03861329
-0.014552742
-0.01602149
0.035674125
-0.060157936
-0.078554906
-0.009270316
0.037872903
-0.045704424
-0.0084120976
-0.075551763
0.039148394
-0.022711061
0.023202643
0.041870624
-0.057282191
0.025564045
-0.03443953
-0.021747906
0.042607434
0.098532133
-0.056562141
-0.092443332
0.035101075
0.00018005022
-0.034366101
-0.020186462
-0.016792476
-0.026915198
-0.039951846
0.13326362
0.035603777
0.015071089
0.03512815
-0.063881651
-0.022712236
-0.09050291
-0.028143233
-0.041545667
0.023058901
-0.11822131
0.045087408
-0.0091802245
-0.019323593
-0.10820768
-0.017695069
-0.04918538
-0.1533716
0.071681388
0.046211585
0.013605948
0.062490135
0.021270301
-0.014181777
0.089678921
-0.013465462
0.016042428
-0.00393051
0.022576503
-0.08505033
0.062616348
-0.03979088
-0.08437217
-0.088933878
0.042450745
-0.085109025
-0.033439238
0.086684488
0.042469814
0.074266843
-0.05263846
0.093914233
0.056398518
0.061162077
0.043974593
0.035760216
-0.010173974
0.11670695
-0.062034916
-0.0019735028
-0.01131034
-0.059747782
0.0483642
0.053334672
-0.0075200386
-0.016747756
-0.020934403
0.08131896
-0.035857361
0.025233056
0.042181809
0.04579255
-0.0041075689
0.060588837
0.0031433285
-0.016317299
-0.022373732
-0.0026014401
0.030375099
-0.026531853
-0.021720039
-0.040158756
0.075658873
0.017560242
-0.010547737
-0.12762389
-0.045046866
0.078562267
0.051367369
0.0016517113
-0.077268988
-0.0099720983
0.057942215
-0.06062546
-0.074011698
0.041304149
0.03472475
-0.085017577
0.01415628
-0.13159487
-0.02181985
-0.0299433
-0.079809152
-0.096363895
0.0072966064
0.070314571
-0.005924386
-0.031929102
0.04477055
-0.097988091
0.0031432242
-0.011429547
0.073819019
0.050890975
0.042671815
0.1644091
-0.088985294
-0.087028436
0.075448699
0.065589532
0.027474301
0.0028745239
0.077039644
0.0046688467
-0.020797051
-0.036409661
0.091564707
0.048285995
-0.059748165
0.060291227
0.046434999
-0.15650232
0.13182455
-0.059977531
-0.0021544513
0.034992579
-0.067529015
0.04249626
-0.16259059
0.0075317356
-0.14487106
0.025330756
-0.081523538
0.065225564
0.030985724
0.070214331
0.11754683
0.0076161395
0.022984045
0.067691669
0.046344496
0.035603508
-0.027009632
0.050138228
0.043107867
0.0049561071
0.018668884
-0.05047258
0.077781007
0.0060805781
-0.11059745
0.054215007
-0.07653857
-0.14339873
-0.11900045
-0.10836893
0.070800148
-0.0029206888
-0.020914694
-0.057556484
-0.059890587
0.0043624653
0.0456906
-0.014820484
0.038999785
0.066856824
-0.091532484
-0.045326397
0.024051726
-0.041925829
-0.028946107
0.021357754
-0.094490603
-0.095978491
0.094923198
-0.097207993
0.016455745
0.093690135
-0.015300411
-0.057976391
-0.029370388
-0.052349895
-0.055666611
-0.13207455
0.050641283
0.032489911
-0.024659745
0.065266281
0.015393036
-0.023438517
0.027882248
-0.0048150299
-0.054600693
0.082085073
-0.056496445
-0.076525018
-0.044667162
-0.023774955
0.036996365
-0.0019724874
0.030334232
0.050187651
-0.02679926
0.039430551
-0.087842576
-0.013123825
-0.041429885
-0.0073250146
0.081598423
0.0078838831
-0.079940654
-0.066724643
-0.029713804
0.066191301
-0.028390707
-0.00021511078
0.067530312
-0.11708713
-0.052389774
0.025314419
-0.048461158
0.026054274
-0.022706965
0.058821093
0.031975485
0.061475646
-0.084750116
0.10950294
-0.023738058
0.0094050998
-0.015511187
0.048704028
-0.10541201
-0.11718306
0.062450428
-0.0095499828
0.063064553
0.079292223
0.0059707607
0.012368297
-0.042038135
-0.070074543
-0.15327531
0.0082011865
0.064284906
0.017538855
-0.085223645
0.10883608
-0.00077760289
0.011875196
0.029793529
0.014103444
0.032778256
0.031078095
0.079616308
0.053451531
-0.090444133
0.0028355895
-0.055465568
-0.011640125
0.056886874
-0.052812301
-0.024499571
-0.048351299
0.024124458
0.091143012
0.038201917
-0.06149948
-0.0016452387
-0.030361703
0.066188991
0.0041456735
0.0069925855
0.085048266
0.049649678
-0.091460809
0.0077375849
-0.035021767
-0.087800473
-0.044390809
-0.099850155
0.030320158
-0.05272992
-0.075331293
0.041427288
0.014364503
-0.052447256
0.076970391
0.074199922
0.0074244984
-0.01334316
0.030243685
0.076822221
-0.0097948546
-0.02495826
-0.054971375
-0.01698686
-0.03603657
-0.010692053
-0.031522095
-0.048517149
-0.059684455
0.016967742
-0.016432904
-0.09839832
0.035704453
-0.1010988
0.082252882
0.010462686
-0.019318713
0.0070747365
-0.037955847
0.060231756
0.076927572
0.019851757
-0.033181977
-0.020591058
0.050932731
-0.068250827
0.016043976
0.017100682
-0.011094116
0.079073623
-0.09253367
0.066612139
-0.069479182
-0.03847843
-0.1052176
-0.021110922
-0.044679653
-0.068829559
0.030473959
-0.0032507863
-0.12012784
-0.022036124
0.003938654
-0.024931308
-0.042752355
-0.0384335
0.031899307
0.032154188
-0.035452459
0.0052116788
0.031505
-0.04977547
-0.080166012
-0.017886227
0.076805606
-0.008331079
-0.025096746
0.067505009
0.015584552
0.022363355
-0.033791326
-0.028112132
0.0064355941
-0.047546603
0.045984205
-0.019660609
0.10453014
-0.017556369
-0.030917959
-0.048652906
0.030878682
0.051467065
0.027872793
-0.08516527
0.041097678
0.11889113
-0.0090254545
0.04643004
-0.0095872255
0.018632071
-0.00350568
0.03823306
0.017827483
0.095087767
-0.035324316
0.026427023
-0.022219764
-0.011785842
-0.04587334
-0.036716726
0.087538727
-0.048428167
0.026846807
0.010237744
-0.047456726
0.086194873
0.091438606
0.03967746
0.013742574
0.058430854
0.055961896
0.062594928
0.043514863
-0.0031539951
0.051708937
0.081097834
0.062416054
0.10183746
0.079710096
0.094990313
0.039835442
0.0039761388
-0.082265511
-0.059267685
-0.042368498
-0.062944904
0.021878835
0.0033062261
-0.11575413
0.12910137
-0.082536466
0.029134952
0.045429833
-0.015792523
0.017601782
0.074915402
-0.04816689
-0.00032101281
0.13228081
-0.03436682
-0.0063813645
0.069310814
-0.073441729
0.012740104
0.0032736538
-0.048570897
-0.092666432
0.079890676
-0.00910204
0.011533856
-0.080560863
-0.12736447
-0.0048762187
0.040447321
-0.019657206
-0.016748969
-0.0029516504
-0.042323552
-0.049907621
-0.0031117823
-0.00050785107
0.051418878
-0.020800086
0.018549936
-0.032294672
0.056937899
-0.057520762
-0.029891668
-0.068527326
-0.059068743
0.0149428
0.076575451
0.07749024
-0.13260974
0.032456402
-0.039805289
-0.052949671
0.017287634
0.018732851
-0.02200391
-0.019711718
0.018153077
0.090050988
-0.050258417
0.0017714626
0.0026481987
-0.1007212
0.033296172
-0.20845447
0.062862903
-0.14164247
0.05208721
0.037498843
0.0032171982
-0.037914231
-0.030954694
-0.021180328
0.052363757
0.010258221
0.024639785
0.13405532
-0.032049917
-0.022813784
0.014764623
0.028756279
0.0059897592
-0.070091538
0.0824138
0.024495402
0.085344173
0.0012807772
0.011337266
0.071236618
0.030189537
0.098510094
0.016822329
-0.024407459
0.10011241
0.028130651
-0.077637926
0.015529797
0.0061988346
0.00085931586
0.010143964
-0.12207969
0.06632816
0.071164913
-0.018060934
0.037084464
-0.027633423
0.080510095
-0.0024195046
0.030417681
-0.079638258
0.008377417
-0.00038592005
-0.15121469
-0.063895546
0.038168542
0.019132828
-0.091638237
-0.038001981
0.06570518
0.082036495
0.0021992938
0.044023879
0.075902015
0.049986418
-0.13838802
0.024226524
0.039648436
-0.12265113
0.032192357
0.00025340161
0.035407498
0.056426741
-0.019199571
0.091549553
0.056681909
0.056033604
-0.085993074
0.073482782
0.037536379
0.045764949
-0.013331242
-0.010906074
-0.0027510615
0.020784115
-0.071325861
0.012472126
-0.057353433
-0.039935514
-0.011626142
-0.011317628
-0.14892636
-0.063315473
-0.039245963
-0.1202934
-0.0883421
-0.10547187
0.0063870517
-0.084964573
0.0013170432
-0.027360765
-0.098462403
0.0075398446
-0.003580678
-0.021531152
0.049829859
-0.037791066
0.038020007
-0.029121688
-0.024854353
-0.077171139
0.11082572
0.061418898
0.029437413
0.0179196
0.059200451
0.067115404
-0.073201068
-0.050239906
-0.04406045
-0.09954264
0.040628672
0.05430688
0.053336766
-0.024470132
-0.044637531
-0.11830372
0.0088770408
-0.10043582
-0.035749134
-0.028576951
0.10990857
0.0056573353
-0.019141674
-0.044306669
-0.0018166853
0.02082737
-0.0077490732
0.098083034
0.011925448
0.020601185
0.052085865
0.010151102
0.076823726
-0.051673621
-0.0074094492
-0.047022048
-0.10011074
0.011511019
-0.13303924
0.0077920924
0.1127532
0.050376341
0.038995638
-0.032711074
-0.13535388
-0.0077564702
-0.0049915225
-0.039604243
0.04642446
0.015497432
0.066363595
-0.11470561
0.010409292
0.010674551
-0.14961649
0.035857614
0.039863143
-0.012570894
0.12382708
0.024684424
0.012496453
0.039844442
-0.0034337235
-0.011880308
0.0085132336
-0.11860076
0.067273341
-0.056422465
-0.051938459
-0.038972411
0.062798329
0.03733214
-0.048185017
0.12034237
-0.025643818
0.08844807
0.017831136
-0.078389376
0.067474224
-0.049436957
-0.016132742
-0.12300054
-0.042747624
0.058709022
0.032257821
0.057808764
-0.0019238573
0.12850048
-0.045181498
0.066638939
-0.0033106764
-0.00020223662
-0.12707303
-0.17706923
-0.0036613916
0.016640333
0.007482369
-0.076547362
0.078403041
-0.039086118
0.048214909
-0.02101003
0.07708431
-0.070053607
0.076889358
0.084167309
0.0037316231
-0.05641479
-0.015815897
0.039425399
0.0063580526
0.071042016
0.037093829
0.12029227
-0.039235424
0.027165946
0.030173801
-0.0072134743
-0.088984199
0.024359966
-0.016139049
-0.12273804
-0.0011526145
-0.0012294147
0.0085762003
-0.016970543
-0.010385089
0.0014042461
-0.01702795
-0.13958625
-0.072272293
-0.010035396
0.0050675678
0.018244447
0.023813335
-0.018685116
0.07331261
0.035250865
0.060308233
0.0034702776
0.0047614803
0.084454335
0.0054689911
0.040655598
-0.04873817
0.059928805
-0.017559292
-0.046529055
-0.041746192
0.0087159192
0.084841855
-0.0059476281
0.049215775
0.01736247
-0.051447585
0.0054313703
-0.06943126
-0.0088167246
-0.040593877
0.031725779
-0.016521646
0.055298403
-0.048431005
-0.050150767
-0.0045061135
-0.076607108
0.034753561
-0.00172116
0.054295052
-0.044678446
0.1042824
-0.026757145
-0.083575174
-0.062874973
0.037035689
-0.031279981
0.05866015
0.11212959
0.074314527
-0.0092907622
-0.010125273
0.11426164
-0.076267965
-0.0036041366
-0.0064274059
-0.019412139
0.076921381
0.10799744
0.0043464988
0.095270313
0.0044912095
0.013200129
-0.017134974
0.099606827
0.012748187
0.093183786
0.022155095
-0.025025498
-0.034467578
-0.03148469
-0.045238238
0.022179514
-0.054376889
-0.003957218
0.040440962
0.11132737
-0.031460192
0.064199962
0.056699082
-0.064092144
-0.010933247
-0.11119241
-0.064480297
0.029127264
-0.056601461
0.079719223
0.013103205
0.028754082
0.047883227
0.045188583
-0.072892494
-0.0040549552
0.021220313
-0.028894018
-0.026949944
-0.015572935
-0.040149141
-0.075376332
0.10942693
0.0030923551
-0.034053981
-0.084495217
0.09834525
-0.055889115
0.04000574
0.017507877
-0.06144391
0.038943958
-0.036182497
-0.025355583
0.034707513
0.0383421
-0.032961924
0.0057065147
0.049192183
-0.014421869
0.095798045
-0.016244413
-0.064677887
0.051058818
-0.022239735
0.053400818
-0.047038533
0.0061386498
-0.028384853
-0.010494781
0.045648903
-0.11138485
-0.0069875345
0.043576911
0.050473101
-0.01053198
-0.071103662
-0.0091623291
0.0017790281
0.075715296
-0.063119896
0.071381129
0.068704434
0.033304621
0.0012334852
-0.063179672
0.0044860956
0.033889972
0.10099152
-0.048204634
-0.084960051
0.071619831
-0.014671584
-0.0024379869
0.0041967258
0.080169886
0.02389648
0.01850258
0.043564741
0.00077926309
0.049976196
0.062036522
-0.096508682
-0.033885181
0.013399007
0.030865327
-0.037470981
0.010238697
-0.039620865
-0.026181122
-0.066031985
-0.039085642
0.0005492476
-0.0050193211
-0.0012944358
-0.045474268
-0.081540011
-0.031007431
0.015900115
0.080343507
0.0058285953
0.029844044
-0.03416124
0.03628077
-0.010726126
-0.049132042
0.043483131
-0.063900419
0.0034560158
0.013583947
0.036336679
0.043602522
0.0059426813
-0.037768032
-0.01482831
0.082483292
0.033047933
0.10208595
0.062521562
0.049226671
-0.025964834
-0.017356813
-0.037904996
0.057926938
-0.011648771
-0.42332673
-0.022680119
0.012764783
-0.1107386
0.056134712
0.060268927
-0.025686616
0.057987031
-0.013007502
0.0091383988
-0.027638344
-0.022530505
-0.030868581
-0.021687394
0.053250648
-0.0085306689
0.02890192
0.0078902449
0.12110013
0.081902072
-0.055538319
-0.051869143
-0.025218261
0.031962991
0.089472882
-0.0015638706
0.002675069
-0.022911802
0.00090545084
0.018414542
0.0073580141
0.0074838935
0.057009652
0.0077445274
0.023232816
-0.021545364
0.020985175
0.01396219
0.027558958
0.055900063
-0.2539857
0.07379131
0.015065162
0.012356919
0.0019208804
-0.0067066168
0.022356186
0.13033299
0.036272787
0.00908772
0.044421401
-0.022124948
-0.029303707
0.037315518
-0.0017706153
0.043017935
0.070340037
0.010199482
-0.079692461
-0.011061721
0.057287905
-0.068080015
0.10316839
0.017560091
0.046819326
0.071932517
0.019210434
0.00064128201
0.0065846308
0.04468412
-0.076209873
-0.033624794
0.023655796
-0.036934249
0.029150687
0.014534811
-0.13166609
0.022466529
-0.0070586568
-0.095629051
-0.010325603
0.051560413
0.053414676
0.10866615
-0.031672321
-0.060288895
-0.0064468808
-0.10238642
-0.0056886384
0.062400352
0.14498968
-0.065152481
0.11299124
-0.044184152
-0.018602673
0.042670254
-0.15456654
-0.024920523
-0.032797325
-0.014256429
0.048215766
0.075280502
0.015686236
0.034645639
-0.025987346
0.0064299395
-0.046898097
-0.051785819
0.072894782
0.037457842
-0.084799305
-0.045870155
0.052986052
0.040505018
-0.037076913
-0.029436346
0.014200136
-0.08609546
0.023735916
-0.042733289
-0.021763906
-0.032526586
0.038655002
0.037889663
0.032713216
0.036760326
-0.058331344
0.027920201
0.060192186
0.090406507
-0.0098390635
-0.016207973
0.098775692
-0.053981856
-0.018827885
-0.025123248
-0.095440932
0.054915369
0.086037248
0.02345698
-0.0075049666
-0.11901806
0.019301862
-0.019576257
-0.0032376852
0.0053645014
-0.083116151
0.016462523
0.016405994
0.039060451
-0.054592472
0.0016600682
-0.062460415
-0.028377853
-0.0048207757
-0.01986406
0.0032146284
-0.027898133
-0.0243064
0.021320403
-0.04602303
0.0029254267
-0.03980948
-0.0078753745
0.059978832
0.075720802
0.015098422
-0.010808518
-0.019330185
0.076441802
0.0011335418
-0.057421431
-0.015800478
-0.02815293
0.067907535
0.0021128308
0.096454822
-0.092109591
0.0069639664
0.034644462
-0.01184513
0.027145747
0.0016036736
0.039040796
-0.057519536
0.085968137
-0.046086129
0.045266837
-0.012834278
0.093251452
0.020396536
0.013523045
0.091988035
-0.026699955
-0.010521257
-0.035520811
0.017560996
0.082437418
0.0027230757
0.076186836
0.059397776
0.032401592
-0.082158059
-0.011103611
0.023942262
-0.047528677
-0.087913707
0.032266531
0.018729944
-0.050924499
0.0023621931
0.024642259
0.025872102
-0.037369806
-0.033899512
0.10979588
-0.031679448
-0.046836484
-0.044958495
0.051100515
-0.0998156
-0.065327309
-0.029819828
0.10361639
0.055784732
0.02640832
-0.0045526326
-0.039942335
-0.019968703
0.0075844033
0.042475797
0.083505653
0.0032035641
-0.09403082
-0.013624025
-0.01282767
0.095207445
-0.013864757
0.033739604
-0.0095595662
-0.0091488278
-0.10706075
-0.015122377
-0.021124855
0.028169809
0.042610936
0.032762561
-0.02988633
-0.059524901
0.035446234
-0.028392384
0.047487013
-0.077984124
-0.065418646
0.081469715
0.0087290118
0.00063504314
-0.03317596
0.054635409
0.019043906
-0.0093571236
0.018314885
-0.028881483
-0.02181847
-0.021750616
-0.039568081
-0.043422598
-0.043203294
-0.065609477
0.016072756
0.063732766
0.066782877
0.054365784
0.096651427
0.017071584
-0.021770937
0.044224616
0.054967128
0.013392064
0.024058577
0.081591211
-0.040603261
-0.017701151
-0.053462915
0.0031289097
-0.091595888
-0.039136302
0.020502798
-0.050024007
-0.0018083164
-0.12492079
0.04417887
0.045891024
-0.018242504
0.0025034943
0.088549711
-0.00017938568
-0.047691122
0.016345145
0.013314758
-0.11063104
-0.059008241
-0.020694546
-0.013968811
-0.15545483
0.033809975
-0.048791822
-0.021929994
0.029260298
0.023496667
0.061098557
0.05235669
0.01316942
0.050594725
0.080384776
-0.0022939008
-0.070714556
-0.022909218
-0.076688454
-0.02556837
-0.031131227
0.026977949
-0.010571118
0.01732697
0.027070835
0.020460233
0.041526135
-0.037251476
-0.025710316
0.041260526
0.0062658582
-0.054534305
-0.035902716
-0.048100587
-0.073847018
-0.045957673
-0.029137189
-0.017264051
-0.0029021355
-0.019855492
0.025196228
0.010089782
0.089825556
0.0010984492
0.081791796
-0.027401278
0.027779825
0.0034632217
-0.033057984
-0.029694874
0.049812544
-0.1201905
0.014138345
0.031513881
-0.0096524479
0.037244856
0.10851079
-0.079460703
0.011157788
0.057375848
0.14467326
0.037971549
0.096661411
-0.020718424
-0.004920918
-0.039928313
0.067613982
0.035980862
-0.016443934
0.044579856
0.10167773
0.080956236
-0.094665974
-0.006415471
-0.12622087
0.077620521
-0.034994375
-0.036251023
-0.097302034
0.01234638
0.073182546
0.054115985
-0.036566421
-0.011487059
-0.018908219
0.087963715
-0.13519453
0.054162987
-0.10417449
0.030133843
0.051110551
-0.022873271
-0.040845662
0.039815314
0.043693263
0.038925163
0.11541476
-0.005532111
-0.083706819
-0.019604681
0.062246919
0.0056940219
-0.10478614
-0.0166329
0.013906163
0.026972599
0.0051721018
-0.0029189875
-0.052555148
0.038465559
-0.065773502
-0.013216205
0.051089413
-0.062804259
-0.00099055434
-0.047538761
-0.02804992
0.15472448
0.0045311847
0.020135909
-0.036758766
0.066524424
-0.066873975
-0.045336917
0.030741327
0.016434953
0.092891134
-0.00052202266
-0.062134717
-0.0052918359
0.040275931
-0.040664855
-0.051274728
-0.015911017
-0.035767626
-5.4526219e-05
-0.014898238
0.078983374
-0.027420964
-0.096572079
-0.024744438
-0.018215066
0.012961794
-0.087163702
0.038504563
0.083222844
-0.098183371
-0.078985542
0.04355498
-0.087539092
-0.021873983
0.0083017293
0.030075943
-0.011140705
0.03576253
-0.017251227
0.030646559
0.049051844
-0.075170413
-0.030068748
-0.044165928
0.010880929
-0.050098117
0.026982984
0.039637893
0.014748301
-0.015178408
0.01507867
-0.041444801
-0.051294312
-0.035070173
-0.043991212
-0.045416318
0.073223159
0.012892015
-0.029125355
-0.010960883
0.016443139
-0.054223061
-0.019505456
-0.073459081
-0.01345577
-0.050314829
-0.020731112
0.0074437633
-0.013213243
0.019182492
0.032908443
-0.052856985
0.061605882
-0.040405031
0.011880378
0.098282635
-0.061184049
0.011938867
0.0027883227
-0.031326327
-0.035623651
0.0044917697
-0.023738174
0.013769019
0.003052514
-0.07967072
-0.00442626
-0.01879127
0.027453532
-0.038966302
0.073068827
0.056711912
0.10021054
0.016258532
0.0023093442
0.024491262
0.02788526
0.033586815
0.07348492
-0.052452676
0.033507202
-0.028022403
0.025333354
-0.024999199
-0.019171601
-0.048890196
-0.050749164
-0.051816218
-0.0694056
-0.023077985
-0.001852753
0.06326478
-0.034811344
-0.026502391
-0.040444054
0.017629784
0.038901731
-0.0034635421
-0.065262772
0.0052755885
0.0091892797
-0.091269888
0.014388645
0.0070531601
0.011860533
-0.06653899
0.030100266
-0.16405615
-0.081606016
0.018670091
-0.032658745
-0.01577794
-0.0048793359
0.060944527
-0.047205932
0.04587942
0.055569261
-0.13443623
-0.035127468
-0.065033793
-0.0602891
-0.055349912
-0.033106118
0.022393268
-0.021229153
0.029792268
0.056391507
0.025436649
-0.10382926
-0.05887216
-0.018677333
-0.07076399
0.076022401
0.0093015973
0.052675679
0.010774734
0.089814134
-0.075795345
0.073422328
0.013009111
-0.068823956
-0.028621573
0.015866237
0.036864828
0.025999999
-0.041448485
0.032559998
-0.012370658
0.043378811
-0.016231021
0.062844984
0.0064654215
-0.055693991
-0.02347656
0.012746169
-0.018352808
0.020820212
-0.050015282
-0.031682957
-0.020610489
0.0151281
-0.095772102
0.016596938
-0.037929803
-0.018774025
0.086459272
-0.0081588412
0.036217172
-0.050241891
-0.018518146
0.003403255
-0.030657282
-0.13438708
0.0013708244
0.058485683
-0.062624656
0.0016787347
0.041511349
0.01804338
-0.017575931
-0.040156167
0.054274738
-0.062017638
0.011170763
0.013303488
-0.015908133
0.031689223
0.05691174
0.011443114
0.022946624
-0.073227756
0.071329936
-0.027724044
0.05623934
0.043413263
-0.14032343
-0.077452593
0.076569237
0.031382728
-0.051580161
-0.043115709
0.016731767
-0.050742812
-0.058416322
0.04604638
0.0032171505
0.02762384
0.016753379
0.043286361
-0.080121554
-0.046686735
-0.027446087
-0.011599064
0.10317526
-0.008463989
0.058031667
0.025230223
0.0019144169
0.0605244
-0.0054357527
-0.013225028
-0.014030368
0.082551107
-0.0041736807
-0.019294472
-0.054436035
-0.022219708
-0.056984015
0.08286716
0.067988463
-0.00099576171
0.011393881
0.031197267
0.042680968
-0.031537887
0.020898152
0.062139276
-0.076351792
-0.05970924
0.067344986
0.072113909
0.00045519735
0.076237716
-0.0084676109
0.0043878206
0.087335609
0.041278049
0.0044856756
-0.074438706
0.048399635
0.0093120271
-0.03213891
-0.0048486185
-0.079710789
0.014045739
0.033232432
0.037741359
-0.073030978
-0.042637106
0.012552204
-0.06959036
0.011833305
-0.074245468
0.052594181
0.055469312
-0.020293014
-0.033188976
0.0088942247
-0.016753981
0.034658272
-0.039276011
0.062010892
0.012488133
0.00013890189
0.09254951
0.007954238
-0.038723119
-0.042189222
0.046045735
0.022194741
-0.12282202
0.011968578
0.056891691
-0.20695785
-0.061096206
-0.0033600989
-0.0095768841
0.019998541
-0.018902641
-0.0032412049
0.049140535
0.075446129
0.016208436
-0.032744277
-0.096443482
-0.089622058
0.10608383
-0.10013921
-0.048827276
-0.0017625835
-0.08440084
0.021586904
-0.086597838
-0.075321406
-0.097375661
0.045902561
0.10531863
-0.086683176
-0.019898061
0.10268566
-0.16713198
0.06693349
-0.056704372
0.0031631698
0.046595525
0.064721756
0.063857876
-0.044575863
-0.0166582
-0.023568334
0.017743234
-0.01277264
-0.035590131
-0.017359443
-0.0013949348
0.017256342
0.023900261
-0.15950634
-0.05775157
0.092861414
-0.020461334
-0.029176725
-0.0028599387
0.039982263
0.0019127995
-0.02767198
0.13541745
-0.054208562
0.012426129
-0.080709934
-0.087742269
-0.033280104
-0.061772112
-0.085564174
-0.045035817
-0.024889776
0.089578234
0.037771657
0.10142718
0.040942863
-0.013553983
0.045701269
-0.023460543
-0.064378351
-0.21796194
0.026565533
-0.0066685341
-0.029119551
0.0080934232
0.065532863
0.022770986
0.025105286
0.053906169
-0.025034579
-0.0035330784
0.07630726
-0.072787061
0.011097304
0.10977525
0.096683934
0.052398503
0.018650319
-0.012220757
-0.022381265
0.022447798
-0.0084691383
-0.24984297
-0.081777774
-0.0015383696
0.0088332035
-0.02096013
-0.089783005
-0.048413318
-0.001979921
0.067237325
0.02783218
-0.039150424
0.010986063
-0.010410666
-0.058509503
0.020589115
-0.035805356
0.00053888175
0.029189844
0.049436737
0.018319201
0.045640126
0.021206845
0.027329367
-0.034633897
0.044685569
0.0059758718
0.15355875
-0.036905039
0.042563315
0.027568327
0.040128596
0.012229693
0.038276382
-0.013150333
-0.012755671
0.033507001
0.048243638
0.10702751
0.10762787
-0.010223045
-0.078939423
0.017253889
0.037178662
0.014187379
-0.035559319
0.05829851
-0.088818267
-0.020583043
0.0068924958
-0.014445639
0.017091071
-0.061468728
-0.054473568
-0.057330947
-0.038703911
0.0015840055
-0.0045333337
0.083142407
0.017891079
-0.04921782
-0.075509101
0.034143649
0.016807515
0.00024197587
-0.078914069
-0.022961894
0.0029855617
0.015853541
-0.089745358
0.0450629
-0.032428153
0.036859527
-0.043569498
-0.063266642
-0.014789668
0.030351218
0.035989575
-0.024448615
0.044903994
0.015073482
0.048722204
0.017747326
0.090963572
0.024469323
0.063090101
-0.065506384
0.026759833
0.053340606
-0.038073689
0.022585638
-0.0054450752
-0.04243058
0.032460246
0.0072928332
-0.012914507
-0.0059373002
-0.010836637
0.060667802
0.029574065
-0.0029748052
0.023509543
-0.016424131
0.037848942
-0.010097804
0.050163202
-0.071291625
-0.018681666
-0.032204837
0.022009643
-0.073233433
-0.015297085
0.068670891
0.043679293
0.048167501
-0.021700289
-0.17070603
0.0013980597
0.053583842
0.014479551
0.02845246
0.018159889
0.095757872
0.033325423
-0.015466688
0.012020917
0.014754602
-0.053423714
-0.03160486
-0.073856473
-0.0092026871
0.032503355
0.08838173
-0.032491907
0.056813601
-0.067090571
0.0028371708
-0.14851418
-0.014677134
-0.017647455
-0.022004809
0.11032075
0.047287025
-0.029856892
-0.021006996
0.047129944
-0.0049653444
0.039252829
-0.00093192491
-0.045189746
-0.011149876
0.0037931639
0.073220931
-0.00053372618
0.038832203
0.018210288
0.074577592
0.043063994
-0.076635011
-0.033935212
-0.015689366
0.048942339
-0.024499474
-0.063485548
0.082551226
-0.049306281
0.0065738382
0.0041343826
0.044409409
-0.012962547
-0.038778797
0.044649255
-0.11644991
0.048382882
0.023293782
-0.054673404
-0.017858651
0.026995521
-0.054804157
0.051312972
-0.0013091872
0.085194252
0.051425107
-0.017940186
0.019312128
0.019737437
-0.014975852
-0.027016276
-0.071374081
0.0093050608
-0.11000584
0.091358379
0.040308736
-0.026949175
0.030629484
-0.011269379
-0.019921392
-0.02799168
-0.10238985
-0.030492503
0.070253171
0.053319301
0.069833718
-0.066308834
-0.054138865
-0.091184109
0.012490941
-0.010326745
0.017268408
0.079695493
-0.026276428
-0.011964579
0.071531564
-0.042363904
0.059283886
0.039747421
-0.040562741
-0.0066133044
-0.040355746
0.026420614
0.059387125
-0.014794595
-0.037582763
0.0067231981
0.0037142925
0.0097127063
0.098304115
0.028226674
-0.010952998
0.12062442
0.028112916
-0.10599051
0.054355595
0.029600341
-0.019407751
0.064496674
0.059946839
0.0010103375
-0.061312731
-0.1039751
0.084751621
-0.037519932
0.015859073
-0.0042670909
-0.093024656
-0.047168456
-0.08057943
-0.016861379
0.060690984
-0.057300903
0.074235357
-0.00077684352
-0.010200794
-0.036666844
-0.07740698
-0.025861027
-0.010685574
0.053025428
-0.041916326
0.022672405
0.027316216
0.045499686
-0.018378867
0.047116861
-0.00091043673
-0.0030419419
0.025988836
0.04440036
0.00058151729
0.013404782
0.11238789
0.04455521
-0.15391496
-0.040124442
-0.08756496
0.048791207
0.052330039
0.025977567
-0.019254278
0.012974217
-0.016288528
0.013227494
0.047104977
-0.025835859
-0.027076762
0.01089018
0.031701814
0.0089409407
-0.030663567
0.045956317
-0.003483427
-0.029326206
-0.029198855
-0.13050687
-0.0045180768
-0.041854821
0.080887929
-0.0011746635
0.015463279
-0.10157616
0.055172484
0.11498149
-0.013118831
0.066796198
0.042085454
0.03379219
0.0040352563
0.05150874
0.058898848
-0.023025529
0.048504744
0.01052631
-0.056456529
0.018834598
-0.084223926
-0.071040891
-0.045380559
0.11763176
-0.013264688
0.019289115
0.016014149
-0.020658417
0.082222894
0.02445625
-0.12191373
0.050683152
-0.10377269
0.058522303
0.010349783
0.064995989
0.067325033
-0.27174857
0.0017680231
0.026607862
0.023905123
-0.032334588
0.0053716307
0.067070872
0.0050702216
-0.10335224
-0.011358651
-0.096465193
0.055622514
0.054068435
-0.021303678
0.058281913
0.062127609
0.053325184
0.073783971
0.033449244
-0.090919487
-0.030957868
0.025059363
-0.018307419
-0.022723366
0.065086424
-0.040929649
0.018516473
-0.011686927
-0.13703209
0.099932216
0.036466386
0.0096574519
-0.023480985
-0.028641587
-0.08091855
0.026974922
-0.03412912
0.019587023
-0.033464551
-0.20902786
0.010395862
0.004324697
0.015666012
-0.050224438
-0.019220239
-0.014881942
-0.016761631
0.040130202
-0.091117978
0.060660575
0.044591762
-0.099688821
-0.047812186
0.049335014
0.060381155
0.039849576
-0.080921784
0.059533719
-0.016163336
-0.037441015
0.059903655
-0.024708187
0.078107305
-0.030657981
0.0098147104
-0.01099428
0.068514921
0.013741434
0.03623125
-0.08573398
0.043676168
0.048525233
0.058729734
0.038716316
0.096921325
0.044096436
0.086312816
-0.053901598
-0.0070069302
0.040424507
-0.012418419
-0.093158007
0.0058298912
0.068322927
-0.036451451
-0.094710901
-0.033165134
0.032340199
-0.027547764
-0.018340155
-0.07187067
0.01578204
-0.027843166
-0.042235959
0.025978204
-0.01293097
-0.067943178
0.057406865
0.05620091
-0.01617085
-0.073879026
0.15569764
0.047516018
0.0064366362
-0.007171758
-0.094766028
-0.022248235
-0.065961018
0.050625343
0.04628209
-0.017960727
-0.011157538
0.012995114
-0.026619993
0.082332894
0.011549192
0.001822411
-0.17689225
0.053436469
-0.081812583
0.04743503
0.017814999
-0.032742761
0.044533115
0.087590501
-0.003713229
0.012197181
-0.0081447735
-0.058403507
0.068553656
0.016174158
0.082860507
0.004918444
0.046609975
0.065313429
-0.055017758
0.060186289
0.012190628
0.009887781
-0.064820036
-0.040599547
0.027329495
-0.11521379
0.033269178
-0.070069544
0.002251657
0.036349997
-0.060026214
0.027823102
0.052633002
-0.049750876
-0.022314714
-0.021001671
0.024511287
-0.020009393
-0.089031659
-0.094181575
-0.017193099
0.080658346
0.029615982
-0.058365606
-0.040131204
0.015946046
0.039659366
0.038953625
-0.085043252
0.10899425
-0.020762704
0.10094472
-0.018658781
0.015349952
0.052779865
0.06346111
-0.053683564
-0.032975018
-0.024588803
-0.20196562
0.0098664723
0.072404467
-0.064573199
0.030201498
0.0055407598
0.011734534
0.054256104
0.016159525
0.03554868
0.011097652
0.052480601
-0.022770319
-0.13581401
-0.077130646
-0.050318301
0.053855345
-0.031980921
0.018590858
-0.046856027
-0.064148717
0.078565635
0.032764982
0.034022175
-0.065517545
0.048034094
0.0078879679
0.0083250944
-0.051224429
0.019665327
0.047352448
0.079972804
-0.034994293
0.075969562
0.054273497
0.025827227
-0.034356009
0.090351745
0.015409409
0.021481954
0.073184431
0.042698551
0.032203969
-0.35752177
0.066363707
0.010502136
-0.039666992
0.023241101
0.049328476
-0.077856369
-0.096240535
-0.0055243475
-0.13635178
-0.016427338
0.046001509
0.041265167
-0.0011357247
0.073429078
-0.015873432
0.13338904
-0.064620383
-0.014540483
0.021883786
-0.0010522716
-0.0049371161
-0.029570736
0.023272116
-0.02576986
-0.010375539
0.11061325
0.0045404802
0.01183003
0.011064216
0.077422947
-0.12315584
-0.017676666
-0.046578113
0.047999769
-0.022865701
-0.0074650962
0.013309459
-0.04947824
0.011245319
-0.096301988
-0.004626086
-0.034632649
-0.032289889
-0.074458294
0.048640896
0.053008929
-0.0086152675
0.014726158
0.040171482
-0.10716082
-0.043388154
-0.013914325
-0.017260287
0.029824728
-0.0049108565
0.093316041
-0.028026996
0.0068554706
0.082853988
0.099798024
0.059803277
-0.0098953918
0.058572929
-0.011153751
-0.033680283
-0.096871696
0.054099821
-0.018769754
0.028621007
0.0043451195
-0.0090246461
0.058269937
0.034523264
-0.0047538653
0.025085134
-0.028848596
-0.082354799
0.0036733993
0.082877055
-0.032648001
0.044757158
-0.0090807406
-0.0025951185
0.064366661
0.021958567
0.017931992
-0.38424015
0.065196119
-0.027031889
0.020566333
0.083973892
-0.039454442
-0.00069036818
-0.015027482
-0.033527065
-0.0092242528
0.024411757
0.025482967
-0.075476445
0.062978268
0.097430401
-0.049660377
0.020810889
0.0045551863
-0.014760251
-0.043164637
0.0013312232
-0.031540096
0.092764229
0.025212994
0.059753127
0.052927572
-0.012765686
0.010959714
-0.012339383
0.061125964
-0.11784503
-0.0095098354
0.037884649
0.023615386
0.069350593
-0.025089251
-0.0013068737
-0.020010332
-0.050955463
-0.069599152
0.019607043
0.032731753
-0.012970485
0.070612036
0.044761408
-0.043770138
0.067911781
0.004892942
-0.01756281
0.01152533
0.0076230159
-0.10843942
0.11494759
-0.036958609
-0.011259745
0.010760661
-0.014355348
-0.0091015697
0.043632533
0.0050637443
-0.026448729
-0.012411032
0.045253325
-0.052836083
0.05383867
0.099308386
-0.058759749
0.012069375
-0.016348142
0.075461105
-0.054007988
-0.031259563
-0.0059941928
-0.044182293
-0.049760804
0.084298335
0.0037036573
-0.054116141
-0.0041993698
-0.018739533
0.0084446771
-0.044696394
0.096504577
-0.004026263
0.040256348
0.0098937098
-0.0071765943
0.070516713
-0.0026913306
0.01044859
-0.043326117
-0.10261159
0.031290326
-0.046009257
0.032949887
-0.089496598
-0.067915849
0.033474345
-0.052095402
-0.052665461
-0.10244624
0.01885972
0.013736391
0.0017517746
0.075961843
0.0043298844
-0.052728955
0.0099218022
-0.022392027
-0.057914302
-0.097546846
0.061460756
-0.047761619
-0.018062312
-0.056229845
0.070274092
-0.06543617
-0.041002076
0.02184481
-0.073008113
-0.025192358
0.054736465
-0.052653793
0.074685216
0.016091203
-0.028788967
-0.018734213
0.072337292
0.0058030002
-0.11284596
0.0081697209
-0.10911694
-0.14820409
-0.033399839
0.0015538196
0.026786372
0.017743181
0.02815849
-0.044513915
0.040048279
-0.007608301
0.0031400467
0.060805868
-0.015480749
0.069800369
-0.025544526
0.058118273
-0.0015931885
0.021704189
-0.042593405
0.070001766
0.038411867
-0.00015818159
-0.055178363
-0.038006034
0.11193058
0.050868902
0.038289182
0.12204591
0.087365702
-0.055425774
0.059844889
-0.08929988
-0.034146801
0.034953933
0.031182162
-0.067272827
0.074668057
-0.078279518
-0.020651588
0.039907251
0.088730708
-0.026755882
0.00023179319
-0.0080492729
0.034794509
0.078476273
0.10407285
-0.0027359412
0.082527049
-0.03427903
-0.064170912
0.089508668
-0.021081299
0.028290361
0.036303364
0.012177313
-0.024894362
0.10510311
-0.029403953
-0.0058075441
-0.077120967
0.04934109
-0.028635891
0.0050166328
0.090730801
-0.037223395
-0.010544401
-0.035769206
0.0046359999
0.072779253
-0.087697096
-0.0046602478
0.061733223
-0.018233672
0.096719369
-0.05551162
-0.15294807
-0.035871834
0.038929161
-0.10345656
-0.056821682
0.061455972
-0.081718482
0.01953881
-0.050934698
0.024253644
-0.0051087392
0.0061330413
0.055438779
-0.072964862
-0.075312041
-0.028310733
0.03033011
0.010559696
-0.018688275
0.085702509
0.015235135
0.0144363
0.018723128
0.03712238
0.035909325
0.085104026
0.031404242
-0.054059003
0.08650811
0.020253951
0.083510734
0.015831972
0.030210992
-0.029728448
0.032784123
-0.036286544
0.021886364
0.025507817
-0.022861596
0.043173157
0.056126732
-0.098636828
-0.15641519
0.0143196
-0.05608492
-0.14850926
0.029282242
-0.031389251
-0.0099110948
0.061095323
0.023884764
-0.036517311
0.0070622596
0.053886171
-0.018727915
0.055953111
-0.017531561
0.01280744
0.030215245
0.043166351
0.01039225
0.06217796
0.00881295
0.0059769456
0.036540844
-0.0063349754
0.0038891712
0.076169685
0.040285219
0.0083043128
-0.027919147
0.00087355339
0.060506377
0.051345404
-0.018651046
0.039945871
-0.086790144
0.062389947
-0.002920873
0.0025403968