0.10716091
-0.042218305
-0.0085196784
0.0560343
0.0630925
-0.051320534
0.13792095
0.030332919
-0.018027596
-0.040834401
0.099176854
0.0076285382
-0.013049763
-0.016056495
0.073409744
-0.017000284
0.043743342
0.033660058
0.095300712
-0.069776237
0.047369976
0.060135834
-0.035977017
-0.037298407
0.1418
-0.013262164
-0.041324914
0.050664026
-0.053990632
0.031436034
0.033631094
-0.066739731
0.048693538
-0.035211679
0.090617284
0.022723433
-0.063159257
-0.073805042
0.055575609
0.036676534
0.0018095918
0.0008806375
0.037513316
0.0018194822
0.096137002
-0.044641282
-0.050171498
0.087831751
0.045407765
-0.090056188
0.022786217
-0.016729163
0.062391195
0.044566654
0.043728568
-0.01483243
0.095957227
0.026390761
-0.07576564
0.035829004
-0.052158974
-0.039790735
0.052455302
-0.04074626
0.029385334
0.027261594
-0.051186424
-0.0028264318
0.11245421
-0.057808582
-0.020449625
-0.0085022077
-0.070422716
-0.0077055604
0.032597207
0.030350167
-0.023676539
-0.047923967
-0.026513882
-0.065096229
0.051500082
0.0016172584
0.0063952697
0.067742564
0.063494578
0.0050844485
-0.0096115945
0.048378915
0.088365912
-0.067552648
0.10279296
-0.027445743
0.0081689395
0.014087986
-0.10188107
0.11324424
0.071566902
0.0041118278
0.021152394
-0.043779716
-0.058021925
-0.061016068
-0.089447744
-0.0022872018
0.055291459
0.021117602
0.011537575
0.077589773
0.024334548
-0.056284003
-0.032795623
0.13026819
-0.039912369
-0.030129554
-0.064533301
0.089034028
-0.05992236
-0.029117798
0.052914172
-0.079543285
0.002542808
0.03540365
0.0026283443
0.014773765
-0.14096874
0.085682012
-0.06595616
0.047831092
0.15784779
-0.019176595
0.10178367
0.067497976
-0.072411306
0.042490512
0.11010143
-0.043707579
-0.036036938
-0.013437141
0.059435252
0.087011084
0.054896031
0.028631859
0.01531021
0.14013419
-0.033714786
0.021713117
0.047984496
0.047950279
0.083375208
-0.023978557
0.0516489
-0.045423858
0.0054988861
0.029743189
0.11400609
0.050082486
-0.022386197
0.016292019
0.07870169
-0.079653516
0.12825422
0.022714369
0.16774486
0.15017879
0.018577281
0.057476237
0.10653044
0.073990867
0.089585021
0.0053335773
0.10338485
0.13771661
0.16894454
-0.010595733
-0.065506354
0.11729233
-0.010368529
0.0604573
0.024556115
-0.0078210644
0.013442356
-0.024182819
0.14772642
-0.058999885
-0.049981382
0.023563752
0.01949125
0.081006683
-0.044629011
-0.063642114
0.050692245
0.076246269
-0.044605147
-0.032296997
0.14853804
0.079755396
-0.057678156
0.045239318
0.12674271
0.1258277
0.15487434
-0.034423307
-0.041916952
-0.0061712139
-0.024178857
-0.036517181
-0.058175378
0.023312319
0.0069184662
0.16061355
0.20115723
0.16517521
0.02428977
-0.10433783
0.05983099
-0.027623428
-0.0072858869
-0.063607439
0.13571121
0.04918728
0.068417668
-0.10914032
-0.0084234262
0.045054249
-0.13603853
0.058813825
-0.039613917
0.018069968
0.027965019
0.068762369
0.15853556
0.044861421
-0.023397112
-0.015685845
0.063837223
-0.13173473
0.085691787
0.04014466
-0.0024127744
-0.043556169
-0.094095856
0.045833547
0.059234798
0.085354097
0.1180784
0.054362841
0.068821236
0.073852144
0.056877974
-0.20774913
0.10948756
-0.048546962
0.061367352
0.21344514
0.058548272
0.054439347
0.065882504
0.11226633
0.068182595
0.11537084
0.0045857029
-0.021644309
0.032554232
-0.019289229
0.051572699
-0.0096423887
0.013665998
-0.0041075596
0.019627253
0.04655382
0.0054819835
-0.035091233
0.050318867
-0.088005371
-0.026983187
0.042495791
0.11195662
0.00017695013
0.064513944
-0.13034664
0.040886674
0.024925379
0.10728096
-0.12769267
0.048359707
-0.049829021
-0.0018304596
-0.055956502
0.057985023
-0.073439285
0.052161358
-0.04116483
0.015401465
-0.065227866
-0.012968523
0.064936645
0.051714979
0.020208104
0.045455758
-0.049864396
0.071187891
0.069011681
-0.017336234
0.034238249
0.00097218715
-0.040233769
-0.068011351
0.065709628
0.14339265
0.05060555
0.094337374
-0.030411273
0.10059709
0.0029159866
-0.040074531
-0.072392017
-0.059446219
0.033467378
0.024067044
0.043560103
-0.053210877
-0.0055472036
-0.0927433
0.10426962
0.011317763
-0.05988745
-0.028925939
0.085025676
-0.0047940281
-0.10139254
0.062531404
-0.077455267
0.12016673
-0.069632873
-0.015422815
0.054613538
-0.045060266
-0.012290706
0.045411196
0.0084286025
-0.058663912
-0.040586159
0.079141617
0.0059044193
0.037426904
-0.013149363
0.023590256
0.021756766
-0.034604568
-0.037802499
-0.014834241
-0.0517525
-0.10478623
0.054107651
-0.051868774
0.031787138
0.057873301
-0.0058035553
-0.025735686
-0.11408582
0.002540994
0.089195095
0.068217777
-0.10926495
0.059739001
0.022215031
0.081971176
-0.11242459
-0.058259986
-0.076495685
-0.012974186
0.017538434
-0.063050441
0.067610852
-0.066681899
0.032553725
-0.027912507
-0.01492426
0.038258269
-0.048308536
-0.18831144
0.078904234
0.022421401
-0.0053197844
-0.035098154
0.046610538
-0.027171697
-0.088913076
-0.059837751
-0.078994691
0.049682967
-0.037254773
-0.031108744
0.10178372
-0.10570747
0.02505498
0.040482607
0.06196906
-0.022382684
-0.019306235
0.084798455
0.014815099
-0.018884333
-0.078704387
0.030049512
0.072340801
0.093426645
0.084437728
0.014403888
0.092047401
-0.025746519
-0.018790718
0.021509022
-0.065730959
0.065950908
-0.0081148418
0.022344757
0.10369124
-0.095954917
-0.06379205
-0.06481608
0.078333884
-0.094854847
-0.015687799
0.08152844
-0.03312701
-0.069691651
0.04896592
0.038568802
0.073814549
0.094188236
0.017785244
0.0069873943
0.068352915
-0.031252515
-0.043493159
0.10877617
-0.035708886
-0.030457053
0.081206247
-0.037206948
-0.051328909
-0.067004919
0.048065573
0.057461336
-0.032324437
0.080117002
-0.010577535
0.043049116
0.0679911
0.049489539
0.15331835
-0.021113401
0.02382488
-0.02434478
0.0377995
0.10502081
0.059358928
-0.053691924
0.035236597
0.02801141
-0.070730373
-0.057866748
-0.067565642
0.026284488
-0.028518479
0.01374267
0.11655059
-0.04934122
0.059178542
-0.091575421
-0.039461624
-0.012435813
0.028115625
0.12070227
-0.0089237476
-0.051721316
0.07669609
0.068715543
-0.030702896
0.022479316
0.088797458
0.1128683
-0.00018302737
-0.0313542
0.13404796
0.091164932
-0.059261214
0.05877436
-0.042897753
-0.082163021
-0.025859226
0.014990588
-0.045580372
0.022793522
0.052222457
0.080407225
0.083016001
-0.044859938
-0.088179179
0.021356851
-0.12804288
0.087944634
0.015250481
-0.057992179
-0.061490722
-0.039817713
0.08631812
0.074301161
-0.051758785
0.06247209
0.12265
-0.055708192
0.13850981
0.052565515
0.094373703
0.0070644431
0.015927151
0.08987274
0.066278145
-0.0025063229
0.0042973966
-0.031703301
-0.085189015
-0.018929508
0.10941496
-0.0082930671
-0.037588395
0.0073439679
-0.10422404
-0.041479263
0.037392244
-0.012580237
0.059142146
0.04897413
-0.11981966
0.033844095
0.10310557
0.073908217
-0.0061905626
-0.077522211
0.034556109
-0.023259223
0.070293725
0.023362188
-0.015967516
-0.094033606
-0.013680122
-0.074117646
0.032890048
0.039242867
0.034701835
0.030155441
-0.0042505939
-0.065109894
-0.11596727
-0.01187698
0.14274016
0.0087962085
0.064914025
-0.039316222
0.061866008
-0.11027306
0.059364215
0.05393368
0.1181241
-0.035156179
0.08145757
0.054178461
-0.10807582
-0.0069100079
-0.050555777
-0.074150771
0.021695573
-0.017383059
-0.00096726167
0.085079074
0.055067137
-0.065490119
0.14647269
0.051683467
0.089351937
-0.026016228
0.099653199
-0.045628879
-0.084484123
-0.053523377
-0.1066654
0.028287319
0.060919404
0.018568361
0.036299273
-0.0093733175
-0.024187703
0.049556773
-0.04065552
0.040892132
0.10899579
-0.0055646612
-0.03114455
0.025888992
0.055146378
-0.0046825213
0.019207139
-0.058735862
0.083361506
0.029125914
0.080062918
-0.10017443
0.12254135
-0.049535785
0.062398817
0.054997105
0.045058254
-0.057967748
-0.14523624
-0.023628972
-0.017792638
-0.049583104
-0.051064242
0.086448178
0.015153727
0.091268487
0.031785168
0.011814473
0.081342682
0.062606528
0.013882788
-0.029807242
0.034669291
-0.043825895
0.060523652
0.063265033
-0.039987218
-0.069492139
-0.07269264
0.031524934
-0.0094131334
-0.015310908
-0.052417014
0.098119967
-0.01006947
0.039949659
-0.047132112
-0.047986746
-0.031900208
0.052957926
0.071169637
0.024508096
-0.051497772
0.034303941
0.016789375
0.038490094
0.10671383
0.033584896
0.075150773
0.019160323
-0.19318233
0.027035013
0.11573178
0.034153271
0.045960702
0.04209324
-0.021725802
0.15273698
0.019950295
0.041615929
-0.083092682
0.05130237
0.032474063
0.043048222
-0.033027522
0.068537265
-0.019228373
0.089414485
-0.068887442
0.050817225
-0.011865193
-0.058695905
0.071156658
0.034585815
0.072431073
0.06136556
0.099979512
-0.085853294
0.056167647
0.12500505
-0.024631303
0.0085866181
-0.053114425
-0.11341883
0.033921167
0.13773927
0.0484013
0.028797919
0.02088243
0.077175319
-0.15425067
0.047010768
0.12572122
0.032374013
-0.048242405
-0.0050056879
-0.043867256
0.0088042002
0.08365202
0.00019445208
0.043623034
-0.010576825
0.052449554
0.0017274891
0.17909746
0.11654413
-0.12137072
0.0083341682
-0.11962146
-0.019177614
-0.068946205
-0.073926672
0.1295885
-0.0063196197
0.091222249
0.045601711
-0.047560401
0.05953208
0.0086895712
-0.1203704
-0.00063242367
0.098278828
-0.046597905
0.14226195
0.01932003
-0.14136882
0.01215558
-0.13739058
0.0629915
0.041396212
0.053502154
-0.10682058
0.13380554
0.038939424
0.020139337
0.034627732
0.11526387
-0.05117441
0.021685675
-0.043196455
0.012111316
0.079531386
0.096516363
0.10843144
0.22793567
0.09657111
0.027577009
-0.0088202907
0.067818671
-0.050081871
-0.077148028
-0.054184765
0.089295559
-0.089499496
-0.02222267
-0.0055832546
0.085924536
0.035319962
0.012743518
-0.011640035
0.046732817
0.027095074
-0.016809314
-0.00091967039
0.020423647
0.0099288914
0.0047123833
-0.0044661849
0.0071454868
0.069966413
-0.088557914
-0.086601004
-0.088226356
0.03568732
0.090759598
0.035574876
-0.021309657
0.053676918
-0.10098042
-0.054740809
-0.11801219
-0.0094672851
0.068599284
-0.014670014
0.04150188
0.044165213
0.057984252
-0.019188447
-0.016210349
-0.07415121
-0.067529835
0.0022236176
0.013123672
-0.026974231
-0.0011992275
0.06669341
0.01423042
0.023337148
0.095754243
0.018931421
0.11286563
-0.054918364
-0.002797673
0.0043112538
-0.036536749
-0.0050231344
0.033093106
0.12443207
-0.012097743
0.098427311
-0.070771083
-0.084004149
-0.010553222
0.061255369
0.069127053
-0.0048841443
0.02104493
-0.007786823
-0.076432511
-0.039240796
-0.059223726
0.0064259628
-0.051630963
0.10897683
-0.054019831
0.11077738
0.023500927
-0.076846659
0.094056293
-0.079089336
-0.062617518
0.0024776293
0.0031574278
0.0089744683
-0.020852923
-0.073351078
0.021522809
0.10656556
-0.051816396
-0.03181066
0.093173474
0.035032615
0.076218344
-0.01589074
-0.029504787
0.058554821
0.10137697
0.043284107
-0.062894098
0.10592478
-0.013791732
-0.032034356
0.060331665
-0.057296548
-0.014413245
-0.03541816
-0.015229614
-0.040673818
0.050927214
0.083596081
-0.066788405
-0.0080076996
-0.025371425
0.05308149
-0.01573915
-0.04249008
-0.039379682
0.11732569
-0.014924801
0.024112727
-0.055648398
0.080603026
0.002608387
-0.034981873
-0.038860116
-0.069310814
-0.02375035
-0.0075153271
-0.05593821
-0.058578163
0.11083546
0.084068939
-0.037684977
-0.0025694193
-0.030470185
0.025494188
-0.043853607
0.093637444
-0.069571204
-0.029633226
-0.057953224
-0.010316139
-0.00028669339
0.12401235
0.03711433
0.066954896
0.1279417
0.034966536
0.067120425
0.099101156
-0.062697425
-0.069290437
-0.056556389
0.083546236
0.04655318
0.057956867
0.083294526
0.059869662
0.04480039
0.030724753
-0.044989124
0.030302068
-0.06261833
-0.044354897
0.078910947
-0.11296847
0.078845009
-0.11477713
-0.011800162
-0.085850671
0.001259379
-0.026433002
0.031782541
-0.025872083
-0.0050607529
0.028810479
0.054913536
0.042540304
-0.033914287
-0.029480033
0.021184761
0.002498178
0.063165322
0.0022440762
0.092892401
0.0072253086
-0.00051708607
-0.0094557693
-0.0057786107
0.0037584647
-0.077483803
-0.066738948
0.014180318
-0.05259889
-0.017063444
0.044960327
0.041768726
0.051316895
0.018937478
0.042271603
0.071102902
-0.079755738
0.0073608398
-0.01117462
-0.015813909
-0.032499697
-0.01110043
0.031326808
-0.00027995624
-0.015445778
-0.09673696
-0.00081892329
0.057438042
-0.057105444
0.026766816
0.083634861
-0.021453548
0.053694807
-0.070873894
-0.1040411
-0.066364773
-0.06554348
0.019551778
-0.032225739
0.034351751
0.040826295
-0.039300535
-0.026895145
-0.017224927
-0.0077046864
-0.021267109
0.07341136
0.043110415
0.040719334
0.037545819
-0.032984409
0.07451421
0.083713345
-0.055507839
0.07047838
-0.047323104
-0.026932452
-0.077861562
0.043798357
-0.050790094
-0.06403254
-0.046824381
0.078002512
-0.053583622
-0.10208373
-0.033386268
-0.051487789
-0.098270155
0.021408169
0.060689852
-0.0033312396
0.0087445509
0.061729033
0.012803628
0.043423552
0.085971154
-0.10086951
0.012636318
0.085622698
-0.018890718
-0.034288432
0.04314978
-0.00094096671
0.12722188
0.0088327844
-0.062067732
0.068663597
-0.085178964
0.045522861
0.11348493
0.021334711
0.06891121
0.021598238
0.022948785
0.093459912
0.094166264
0.041781962
-0.036640409
0.024798991
-0.092599548
0.053784758
0.11381759
-0.047118485
-0.05004691
0.060691684
0.025609346
-0.045560274
0.063986652
-0.14812347
-0.035572976
0.12220291
-0.048458274
-0.056203675
0.11311943
-0.048296668
0.094957821
-0.17289525
-0.071412385
-0.014057903
0.023558808
0.020092364
-0.0068120942
0.00084001175
0.0055605732
0.033082381
0.012121043
0.017788256
0.14967039
0.08928892
-0.026012281
-0.065661706
-0.051514413
-0.065081976
0.017976705
-0.018613195
0.059212249
-0.026789812
0.01573625
0.029777465
-0.13322182
0.093223043
-0.02511695
0.0251808
-0.1464273
0.080744743
-0.0011551448
0.10969615
0.13644667
0.047084205
0.10598369
-0.023191502
-0.028128697
-0.043976184
-0.10824832
0.012967623
-0.021672167
0.073312953
0.027466876
0.095534712
0.022092531
-0.0036400531
-0.017700175
0.0092709651
-0.009391061
0.079561278
0.046380199
0.055826928
-0.019762535
-0.049800552
0.029361263
-0.007564622
0.050762311
0.031335864
-0.038458306
0.0050376444
0.082165472
-0.038686108
0.11526499
0.080525234
0.068087846
0.028533049
0.03610326
0.0015756973
0.031063395
0.04785461
-0.057578303
-0.063534193
-0.084528483
-0.080591701
0.075357914
0.14183851
0.087195151
-0.0027894136
0.042843197
-0.0063164672
0.037129015
0.0085767545
-0.014223583
0.061201274
-0.017632779
-0.067932896
0.10354348
0.057830248
-0.055538762
0.043974347
0.051167816
0.059253059
0.049872622
0.10083158
0.045820046
0.039200447
0.076567002
-0.028745526
0.084891945
0.0026992117
0.034133714
0.081499591
0.061348494
-0.031732395
-0.011860793
-0.0059049772
0.0084989453
-0.031779785
0.036636699
0.010799894
-0.10616694
0.13031428
0.048131395
0.023561919
0.0087441942
-0.069273435
0.022792792
-0.0031822044
-0.05439169
0.027755592
0.16228786
-0.016651288
-0.030936901
0.055810012
0.08625301
0.045799248
0.072924592
0.026701294
0.0099567072
-0.023235172
-0.062046308
-0.20814133
-0.087221257
-0.050187219
-0.13951012
0.028562745
-0.11809023
-0.045179307
0.0474292
-0.027558299
-0.044613909
0.0030086301
0.085230872
-0.025684265
0.0028475204
-0.053937595
-0.068874225
0.063065276
-0.01161415
0.039662987
0.030051457
0.052733965
0.083363011
-0.0080140997
0.014448095
0.016758533
-0.00012096728
-0.10037747
0.080951184
-0.063381359
0.022113388
-0.067464039
0.12044849
0.13070945
0.043906238
-0.0038977491
-0.058041051
-0.03921371
-0.056655947
0.078533724
-0.012918322
-0.040732238
0.019821446
0.11195306
-0.033290844
-0.11813031
-0.024067635
0.00097385835
0.042353824
-0.002662227
0.092203774
0.020509847
-0.032887198
-0.015618146
-0.013498075
-0.070483066
0.048575632
-0.099125266
0.0043776543
0.069797784
0.0047834842
-0.01580946
-0.014544953
0.011400143
-0.020999011
0.064088017
0.10805349
-0.0084938742
-0.11604405
0.11201499
-0.051658612
-0.026069999
-0.020219412
-0.033486407
-0.04617564
0.16331246
0.043326169
-0.014842068
0.013340112
-0.023753915
-0.013442865
-0.027027508
-0.1293439
-0.077032618
-0.10415798
-0.025108635
-0.073226772
-0.049429115
0.063661158
-0.067197688
-0.032185964
0.0089701731
0.039296076
-0.13577883
-0.016229598
0.14880332
0.088699259
-0.034533214
0.088395372
0.027561769
-0.058982898
-0.077390611
-0.013064626
-0.0025475996
0.034554429
0.015721146
-0.061390039
0.063300714
0.021200635
-0.020625295
0.1045002
0.019249007
0.16409265
-0.046975054
-0.029582039
-0.041374084
-0.0049012927
-0.03214715
-0.078701399
-0.001596286
0.070210524
0.060496431
0.00014490403
-0.15397321
0.039335202
-0.14573561
0.044826228
0.10527577
0.12972037
0.030472355
0.04525581
0.14214681
0.047115166
0.091194078
-0.0029791081
0.020130368
-0.0017039618
0.010457927
-0.036806427
-0.0017069982
0.057177931
-0.0014209495
0.12524888
-0.0042074318
0.15159018
0.019270822
0.083321236
0.089062385
-0.030516567
0.064649478
0.0018989985
-0.0090855211
-0.010792824
-0.031817138
0.017677564
0.015152015
0.066871613
-0.042081479
0.062412534
0.049006
0.028069662
-0.023823662
0.015105758
0.11517698
0.045122769
0.093656078
0.11387236
-0.041728139
0.021361444
0.0046372437
0.11665608
0.063232496
0.045545727
0.089117162
0.071174823
0.14550166
-0.0077958736
-0.10524211
-0.0086776176
-0.0073308214
-0.036221419
-0.066074163
0.021274313
-0.033004876
-0.043753125
0.0016543284
-0.033166904
0.13228081
-0.080315657
-0.020230088
-0.057464376
-0.042639177
-0.0059135226
-0.023541981
0.093936495
-0.044025991
0.0087422589
0.020157199
0.014895514
0.055519667
-0.094768114
-0.077425212
-0.026151715
-0.025850939
-0.020149183
-0.019197656
-0.045303553
0.18798931
0.063978031
0.0014908527
-0.0034478884
-0.028016526
0.10740243
0.027146284
0.038513176
0.050469164
-0.04689749
-0.04402823
0.10720624
0.0042757825
-0.049257815
-0.055466708
0.023768673
0.044832967
-0.023532225
-0.040711518
0.14921495
0.058945626
0.011548417
0.011044289
-0.078800105
0.020782556
0.010428465
0.058198113
-0.0035551437
-0.04029502
0.13296415
0.13915142
-0.025997987
0.041464861
0.14909922
-0.076574519
0.076583229
0.058874894
0.020311326
0.040459957
-0.012927819
-0.030071968
-0.038818605
-0.041288834
0.028165301
-0.12043372
-0.056426939
-0.07371024
0.11338625
0.055482905
0.049490847
0.1214461
0.081292443
-0.0051244483
-0.059415367
0.11111708
-0.095001787
-0.019365368
0.14575681
0.0088453442
-0.0020293717
0.014573744
0.016602509
-0.065736167
0.0061634658
0.063230038
0.09769509
-0.016828341
0.036131453
-0.046861965
-0.033345941
-0.092925601
-0.045924347
-0.050675057
-0.027293639
-0.023728695
-0.10964093
0.053469028
-0.1030442
-0.074731842
0.086239554
0.1898168
0.042728961
0.061428595
0.034690622
0.10825596
-0.0021247016
0.011399811
0.0074593378
0.0035088318
-0.02264332
-0.017792564
-0.0037785808
-0.12892383
-0.037812915
0.10617789
-0.0088315969
-0.0085824225
0.066191249
0.02629526
-0.0091345701
-0.13158585
-0.055166893
-0.081639543
-0.028704785
0.064155824
-0.04822484
0.0079433173
0.0063611292
0.0060718725
-0.020694232
-0.00239294
0.025653344
0.026150439
-0.024589015
0.10255038
-0.028957929
0.10673112
0.11949466
0.051751204
-0.0049914899
0.028760759
0.090119079
-0.11173004
-0.06851954
-0.023419391
0.15621853
-0.010578278
0.087306209
-0.022886897
0.054474249
0.055050593
-0.014301592
0.10899487
-0.061806068
0.013156659
-0.019224968
0.092650361
0.070369735
0.046181779
-0.020338356
0.057831801
-0.052740969
0.062366769
0.10795616
0.09078224
0.058717731
-0.028924827
0.056492198
-0.0018051247
0.090918966
-0.043120097
-0.034389239
0.025088044
-0.072964773
0.058182221
-0.054694857
0.0030052261
0.01884036
0.076732852
0.078477427
-0.0040097176
0.022318117
0.0076309992
0.0020347044
-0.013389577
-0.064544648
0.058671728
0.0055441284
0.10672
-0.036652271
-0.026531849
0.10161942
-0.12884577
0.039419752
-0.094799407
0.037056871
-0.042325247
0.084904686
-0.11059617
-0.018719222
0.055228978
0.030680241
0.064719483
0.043978937
0.080488063
0.028498
0.069904864
0.11376525
-0.052958142
-0.044137415
0.046843097
0.093056716
0.010981869
0.015011163
-0.064013876
0.052347034
0.048379622
-0.014659859
-0.04914118
0.076579526
-0.020378515
-0.066614717
0.046915431
0.01891431
-0.012659401
0.013053324
-0.031442642
0.054533985
0.014917211
-0.044858746
0.022109793
-0.024073077
0.046872552
-0.049207427
-0.047613878
-0.035731591
0.046805356
-0.058564592
0.0087849628
0.063289367
0.021120183
-0.019197354
-0.095912196
-0.022122877
-0.016202141
0.059230428
-0.022804331
0.084916539
0.067036763
-0.039128762
0.020057039
0.011888466
-0.014040007
-0.010354306
0.075983606
-0.046683986
0.036247049
-0.070960253
-0.17164935
0.096350007
-0.067591086
0.02387033
0.069958448
0.0081875166
-0.12107742
0.013796363
0.043560579
0.036358453
-0.0029247042
0.013498019
-0.038479824
-0.0060479925
-0.038817208
-0.03638893
0.0031709452
-0.055385321
0.075296886
0.10073353
0.075050004
0.03768291
0.026617298
0.082876906
-0.05589404
0.083889522
0.11936376
-0.074722476
-0.068456359
0.0084068589
0.045127604
-0.049945593
-0.014400358
0.12993668
0.13483687
0.0044435416
-0.044870239
0.022341819
0.10502562
0.01131154
-0.059311364
-0.082401469
0.043267187
0.052662179
0.020397089
0.05811023
-0.020226235
0.059836015
0.12952469
-0.00018797765
-0.020378822
0.02137633
-0.089114249
0.0099991662
-0.019763194
-0.015519122
0.061477378
0.062814265
0.0034983954
-0.010572488
0.093745649
0.0093436847
0.0011675555
0.03420449
-0.074323669
-0.027306253
0.0011503943
0.055070851
-0.053655695
-0.037731428
0.086556517
0.043341622
-0.0033206698
0.033216525
-0.033987693
0.048386782
0.0016568176
0.055581834
-0.053944413
0.072819456
-0.012188221
0.066073522
-0.015951937
0.078502707
-0.019574504
0.13640998
0.026866743
0.021260349
0.04666483
0.080132924
0.081793092
-0.04565993
-0.05169357
0.019399505
0.017690884
-0.07080669
-0.038480215
0.06533625
-0.096997738
0.036614504
0.091846399
0.033125523
0.10571039
0.0082608014
-0.037876673
-0.079312705
0.075195998
-0.082905173
-0.047148116
0.011644935
0.08583001
0.028003242
0.032073703
-0.075258188
0.020454993
0.024762269
0.014962311
-0.036859702
-0.047586139
0.070971243
0.016131602
-0.0077169901
0.043109696
-0.070011057
-0.061593022
-0.0096720122
0.072712392
0.0041321521
0.023298522
0.062924646
-0.08240018
0.062537991
0.023091679
-0.021906519
-0.062995575
-0.041309945
-0.010062324
0.044270895
0.086246841
0.038239058
-0.05193495
-0.035098705
0.0060109417
0.077094801
-0.07876087
0.022617051
0.11357803
0.094631761
0.10768783
-0.075617388
-0.063052431
0.11519127
0.0080771474
0.020036282
0.098181888
-0.015271994
-0.082829438
0.056481134
0.081049643
-0.034836195
0.1213079
-0.0017490839
-0.0026445834
0.062816948
0.074077398
0.026806129
0.061174866
-0.00404419
0.054648958
0.016402852
0.0046025063
0.0062812786
0.024147663
0.0074731689
0.033752866
0.10514966
-0.072490148
0.13307868
-0.019667221
0.0061151851
0.050889146
-0.00089466432
-0.019587466
0.058647376
-0.0060868463
0.0068535502
0.096206822
0.11418056
0.001689185
-0.13761957
-0.025346456
0.058414873
-0.03322478
0.12339772
-0.041364174
-0.048004333
0.088690102
-0.059835799
-0.0060752691
-0.091577888
-0.091512628
0.029908082
0.023068594
0.1375733
0.13514949
0.082212247
-0.019125925
-0.03645568
0.0014460575
-0.076398931
0.0045286529
-0.10154817
-0.055992544
-0.10450287
-0.040030666
0.055683814
-0.01619087
-0.047343787
-0.024389587
0.057399169
-0.0045027034
0.15577236
-0.0023554584
0.10228638
-0.059302181
0.03415639
0.13217469
-0.015955912
0.012281147
0.046775937
-0.028413091
-0.042645305
0.016373701
-0.020637
0.059940469
0.038456112
-0.012514366
-0.071851879
-0.14376788
0.0084767072
0.010665302
-0.0017302257
0.0025204818
0.12657861
0.1136282
-0.10242632
-0.029859887
0.064078294
-0.075246595
-0.028568679
0.090216391
0.1435252
0.12425149
0.064986214
0.13979496
0.095744066
0.018315447
0.083945863
0.078299142
-0.029880237
0.025167042
-0.036625825
0.0047865128
0.13982999
0.0079678642
-0.043100096
0.034730196
-0.097249478
0.12237019
-0.062938347
-0.075029187
0.011965528
-0.11058917
0.0087863496
-0.079298392
0.015854474
0.079727724
-0.070505507
-0.025862159
0.0068041445
0.068105131
0.040775113
0.0023344432
-0.014865644
0.1136964
-0.031334646
0.090302996
0.10408543
0.0099772587
0.014747613
0.063562155
-0.017193517
-0.012181789
0.071628392
-0.042458091
0.063750774
0.10761879
0.051878709
-0.063453473
0.13252801
0.0033126196
0.047856703
0.02640461
-0.029149743
-0.012593496
0.019432349
0.074775122
0.065506801
0.015613273
0.00451766
-0.050827745
0.097129218
0.011292875
0.036534201
0.099426724
-0.055031609
0.003257008
0.059594579
-0.092876263
-0.015993763
0.067512266
-0.017986296
-0.081560485
0.049969684
-0.014317579
-0.026236858
-0.04613553
0.028898096
0.10810136
0.075735196
0.08826644
0.11589549
-0.017519038
-0.048200585
0.04867392
0.020171791
0.057894826
0.10945566
0.066888385
0.0010152286
-0.048217725
-0.054531194
0.038355641
-0.016542157
-0.078853227
0.13748977
0.055923361
0.053166572
0.0065856776
0.024260912
-0.16163792
-0.028823195
-0.10736592
-0.010991852
0.038021758
-0.11044495
0.12442689
0.0019527575
-0.071715981
0.036125638
-0.0074886107
0.021988152
0.011328305
-0.027211828
0.045381371
-0.045167401
-0.021860544
0.012210485
0.043323413
-0.022127278
-0.091570757
-0.030210746
0.0033751307
-0.037592389
-0.036892515
0.037007995
0.021617319
0.11822405
0.061347846
0.027553473
0.01005473
0.030537907
0.014001939
-0.043353707
-0.053911511
0.017886329
0.10405421
0.14271662
0.087716021
0.041211355
-0.027730977
0.028786385
0.038824372
0.022913221
0.027140379
0.073304713
0.031903997
0.02971801
-0.052305732
0.029026162
0.01571431
0.023222227
-0.0073349955
-0.049017586
0.026847599
-0.020747205
0.095156565
-0.1210898
-0.031799588
0.0046611601
0.042826783
0.11486799
-0.085442096
0.064781308
-0.094699144
-0.0040226793
0.029619176
-0.036045518
0.046453945
-0.045686848
0.099254251
-0.051540192
0.0017893401
0.054440666
0.051460765
0.049719889
0.033423547
-0.065260574
-0.059130151
0.059504852
-0.064638257
-0.053254161
-0.027343681
0.0077298055
0.05315984
-0.044624493
-0.039220393
0.059009336
0.12460808
-0.016770855
0.02510746
0.028587231
0.11470844
-0.042929724
-0.064307407
-0.026029313
-0.021426532
0.012042328
0.040342759
0.054830063
-0.058103245
0.063143872
0.010540788
0.051975347
-0.084445782
0.062079698
0.088937066
0.0029600316
-0.072402142
-0.025971573
0.054276735
0.006120217
0.11015543
0.072025113
0.092552409
0.057018112
-0.01468702
0.047310058
-0.0015149886
-0.043917727
-0.030173361
0.024889642
0.056996807
0.042913884
-0.055633411
-0.093768701
0.017176861
-0.036793806
-0.026009355
-0.084288768
0.056895576
0.10162383
-0.036421198
0.034645811
0.052391365
-0.065263778
-0.09814766
0.023702336
0.010186923
-0.017533718
-0.023038927
0.02806923
0.044763971
0.065391205
0.11192899
0.032479383
0.050989468
0.018644318
0.019077957
0.07561335
0.068403259
0.12540969
0.018296663
-0.076337069
-0.087549068
-0.024429133
-0.015585711
0.035165068
-0.079162583
-0.010747569
-0.095706448
-0.0048338715
0.036641143
0.076733388
0.039441381
0.01248095
0.041854065
0.049247343
-0.00063511258
0.00094837544
-0.0058050011
0.0080579277
0.0049893344
-0.065136522
0.007845209
-0.038685143
-0.047751978
0.013884639
0.075995833
-0.060275026
0.023059309
0.024719868
-0.050638933
0.10349997
0.0016955874
-0.0038353046
-0.063833483
-0.071211569
-0.021993089
0.0097895116
0.057771739
-0.083227374
0.050718639
0.071330994
-0.15769327
0.0071481843
-0.0018192327
-0.095324755
-0.10974442
0.11376593
0.086871915
-0.047271557
0.008801708
0.022321193
-0.051985204
-0.18505692
0.029434768
0.14431895
0.043930065
0.074070543
0.081227802
-0.046526961
-0.13435249
0.15989256
-0.051482506
0.16864978
0.16376194
0.10916332
0.0019435693
0.029989585
0.067820534
-0.048698466
-0.07632108
0.0030297427
-0.093861997
-0.07296665
-0.043719176
0.043012675
0.00065572903
-0.068111874
0.069105342
0.16309565
0.062324356
-0.041772068
0.074494474
-0.075924985
0.031901482
0.020530125
0.027147105
-0.0253812
-0.030308917
0.014670145
0.0097205229
0.047470544
-0.041940514
0.029070027
0.0964223
0.15665896
0.082708269
0.029968984
0.023482498
0.073563486
-0.072095484
-0.063126832
-0.036859948
-0.19158548
-0.030470449
-0.19884549
-0.015360858
0.057323728
-0.005781929
0.13187453
-0.049469393
0.11988779
0.03063171
0.053406384
0.073743023
-0.017297531
-0.10249627
-0.11242142
0.0028559179
0.0047173728
-0.013273184
0.12244248
0.048059642
-0.032791063
-0.0071350606
-0.15738179
0.073781259
0.0037543674
-0.13250868
-0.031744916
-0.067003034
0.019022748
-0.01776813
-0.13016623
-0.068896502
-0.08652816
-0.042259283
-0.062814213
0.04422535
0.062076513
-0.022030745
-0.068242051
0.025914222
0.11829462
-0.022861145
0.05415339
0.079105839
-0.037762441
0.014666631
0.036259722
0.099136688
-0.016926702
0.094611548
0.028697323
0.0167906
0.11846744
0.02524804
0.0087842206
0.0069666556
0.047123298
-0.039792329
-0.021013498
-0.089207403
-0.12243367
0.041701578
0.12424957
0.11809465
0.0054625855
0.0015824694
0.059764154
0.036567878
0.04645833
0.014956696
-0.015839219
0.0021847954
0.018895954
-0.096046619
0.0047458182
0.019576821
0.045992974
0.0018606945
0.060204655
0.097538851
-0.069892697
-0.071654886
-0.013546952
-0.089018971
-0.049053937
-0.037312411
-0.007744418
-0.064474024
0.025278855
0.054734193
0.099380814
0.040305149
-0.080298036
-0.01160175
-0.011737345
0.0055926698
-0.023740813
0.0059867036
-0.04759318
-0.020154484
0.0058208406
-0.030160425
0.13323018
0.071859963
0.09002547
-0.012775624
0.030718034
-0.067356579
0.057268728
0.029235354
-0.024035316
-0.086777098
-0.063785814
0.054910451
-0.037091516
-0.051380288
0.013676619
0.065343589
-0.011456516
-0.017883515
-0.075898267
-0.056274679
0.051117327
-0.10585331
0.062397305
0.058677919
-7.0847724e-05
0.10527892
0.045962878
0.14754887
0.056181606
0.092653058
0.049267143
0.054706074
-0.062706128
-0.039152499
0.032775391
0.061945885
-0.002862042
0.062538393
0.11763203
-0.041954026
0.12621029
0.10719139
0.014027644
0.046524391
0.083123565
0.097355075
-0.0012616856
0.067597732
-0.016034141
0.083422549
-0.043088052
0.051700447
-0.016381474
0.077665307
0.054414924
-0.019249719
-0.007166272
0.088891916
0.10711534
0.038694791
-0.048342302
0.055644304
0.023413369
-0.0051824492
0.03305703
-0.087577388
-0.014992676
0.086912714
-0.0023721922
-0.096202292
0.013777009
0.020741127
0.021051664
0.05683713
-0.050273269
-0.033912443
0.06313996
0.043588702
-0.047392789
0.044302765
-0.084969655
-0.030126598
-0.0074370685
0.057052117
0.052290261
0.088457271
0.13758297
0.039558385
-0.048205364
-0.0064495453
-0.039073441
-0.081568569
0.034805387
-0.034001414
0.025654979
0.065154083
-0.033373486
-0.037898507
-0.038721155
0.033086728
0.053710345
-0.079066329
0.030275669
-0.03336243
0.073955894
0.061100837
-0.048840817
0.049963199
-0.091847882
0.051664144
0.044512965
0.050608356
-0.010946104
-0.037363645
0.039971635
-0.021003883
-0.01697001
-0.097945519
0.1171173
-0.079755537
-0.0030591355
0.041377231
0.094065145
-0.067596078
0.0688558
0.003160865
0.061432905
0.074339591
0.0074864822
-0.060348701
-0.026219338
0.027715165
0.0032586886
0.09946733
-0.0083572287
0.080976062
0.079574585
-0.059483632
-0.098084345
-0.028691858
-0.0027667775
0.062146854
0.071868256
0.12550108
0.052654624
0.01423044
0.035962988
0.10321654
0.081363499
-0.074976437
0.11717047
0.033819661
0.1329834
0.079767205
-0.0092005199
-0.11498109
0.054092564
-0.051082224
-0.059737764
-0.061921109
-0.064691313
0.044978522
0.047969978
0.028197629
0.013330248
0.020508524
0.06225799
-0.024540786
0.087129518
-0.061184999
0.093386002
0.025151664
0.040473748
-0.086943917
-0.021376219
0.016367281
0.046990849
-0.058189403
-0.087334424
0.00037788981
-0.012238859
-0.018613875
0.12951405
0.035009198
0.019306993
-0.060882956
-0.0070594866
-0.040610269
0.0024070344
-0.0076569691
-0.072229348
0.061862826
0.091048293
-0.057543054
0.03624475
-0.032925967
-0.15865213
-0.017674707
-0.019158795
0.012557696
0.031566873
-0.0535478
0.070872836
0.035882272
-0.086733244
0.046432696
0.0023951142
0.063623324
0.030814881
-0.047071569
0.029188015
-0.036761269
-0.094290063
-0.07907702
-0.0099051949
-0.098228104
-0.0024998095
-0.065039665
0.031488638
-0.11270105
0.021605475
0.1114623
0.10110442
0.0064220969
0.049279261
-0.021109536
0.02440471
0.074030012
0.00915966
0.10074585
-0.082240492
0.04571712
0.10789038
-0.026031928
-0.072412707
0.013290278
0.055138148
0.067830652
-0.054140341
0.005974106
0.015956864
-0.021788312
-0.052309062
-0.13392226
0.11454045
-0.037620272
-0.03177629
0.099635459
-0.045705263
0.050314739
0.043103822
-0.012792104
0.059382353
0.0023570871
-0.0012463956
0.080583669
0.10441343
-0.047470044
0.027124349
0.0089541813
-0.044222098
-0.042459834
0.12748693
0.009026139
0.21394771
0.026126916
0.022279289
-0.10636909
0.07964725
-0.0138004
-0.0018671143
0.055081505
-0.018074088
0.11659892
-0.077374421
0.082881019
0.011068583
-0.14944534
0.090028808
0.12621009
0.1888897
-0.015267356
0.029491585
0.0020680085
0.034014862
-0.055221498
-0.13356897
-0.10762104
-0.091158994
-0.047503285
0.06814301
0.033948544
0.079284683
0.099648699
-0.0085869795
0.055413693
-0.016603926
-0.027553909
-0.10172918
-0.044679083
0.18846431
-0.014491132
0.0034161233
0.0034285055
0.032978997
0.013663367
-0.036196604
0.0067854188
0.0084002269
0.093302257
0.019486099
0.086711675
-0.044817176
0.023816383
-0.023623556
-0.081892595
0.0011692988
-0.02490169
-0.075289883
-0.070697285
0.17368643
-0.022329086
-0.1031778
-0.038800448
-0.022370284
0.017296448
0.099420756
0.14583945
-0.074126869
0.10048304
0.13590536
0.1534287
-0.013436739
-0.071048103
0.096510358
-0.039746787
0.076834209
-0.0085425694
-0.086810037
-0.072554104
-0.034956776
0.046788458
0.04864138
0.033854682
0.071817674
-0.057920244
0.15043947
0.087240636
-0.10237572
0.0016823224
-0.091251202
-0.078011066
0.046534255
0.007710007
0.0088741556
-0.088586263
-0.06691134
0.012813926
0.029413553
0.090975322
0.05555924
0.017484201
-0.045924693
0.090230815
-0.029132869
0.020813819
-0.0043410589
0.0057563386
-0.041932236
0.041042827
0.083369911
-0.048506085
-0.024652939
0.076424845
-0.060003005
0.059168793
0.071854278
-0.036768626
-0.069532365
-0.057172511
-0.011320858
-0.05266571
-0.018270427
-0.044379916
-0.0035478403
-0.024133284
0.048335269
0.12374006
-0.0052293274
-0.010555984
-0.07384409
0.066018604
0.031518791
0.04892914
0.019261179
-0.014811221
0.07451763
0.1167687
0.034103587
0.065021284
-0.085672081
-0.034056161
0.03433146
0.055632751
0.032287575
-0.045542985
0.012892482
-0.0086662024
-0.0056366581
-0.020406093
0.039869815
0.034580331
0.049074739
-0.009633624
-0.034733783
0.10799352
-5.7152788e-06
-0.041276805
0.10750429
0.034256458
0.098337464
0.058409072
-0.038206454
-0.059147481
-0.077409133
-0.069494098
0.0022464003
0.036446948
0.048093036
-0.11106022
0.036844458
0.044672761
-0.023864817
0.056266233
-0.077150278
0.0072768875
0.097242504
0.11257302
0.082525194
0.058353454
0.086594634
0.054545719
0.022956289
0.092200696
0.036197048
0.029809758
0.012610393
0.058839455
0.0060298098
-0.0088395765
0.064159438
-0.06530349
0.097022519
0.080280744
-0.050510004
0.01113855
-0.01536319
0.062869594
-0.062476397
0.065632731
0.011530705
-0.08231324
-0.011711302
-0.050676472
0.098394372
0.12879623
0.036385097
0.0166032
-0.046147659
0.085743785
0.048275769
0.068598755
0.041375306
0.020496776
0.00776341
-0.0022789752
-0.0049590766
0.15763469
0.061198443
0.0096082278
0.17271815
0.088383652
-0.11137691
0.067267694
-0.050302509
0.026657876
0.075194955
0.010127995
0.080816358
0.052885786
-0.020114237
0.11995245
0.12879349
0.017401095
0.037943862
0.0053922357
-0.077418759
0.045302238
-0.23637705
-0.023775488
0.019057699
0.019122105
-0.067528732
0.094550721
0.014333822
0.074075282
-0.10488822
0.030669916
-0.05432108
0.0029995961
-0.024751343
0.11536245
0.0057379021
0.038211048
0.0038314383
-0.0057702833
0.020173492
-0.06359081
0.081637867
0.0080789514
0.11848871
0.044788573
0.050332401
-0.10176193
0.19534743
-0.014258089
-0.036863368
-0.030143745
-0.034238558
0.03712837
-0.10278675
0.10250991
0.1123001
0.099484406
0.031962443
0.11004374
0.073394492
0.12195108
0.10976934
-0.059352331
0.06478215
0.029352965
0.076589428
-0.047770441
0.11483848
-0.00044433391
-0.02980567
-0.032332055
0.1240074
0.049307324
-0.10134273
0.038552489
0.031722285
0.025259297
-0.03985326
-0.032533046
0.12505135
-0.022233278
-0.0076526557
-0.0063088671
0.053849425
-0.094679058
0.0037625395
0.10771931
-0.067388751
0.034253068
-0.010427606
-0.042002819
0.18644048
0.011388403
-0.021656275
-0.056635268
0.099164188
-0.054262049
0.081183389
-0.054587778
0.022039169
-0.09776406
-0.090524919
0.10228497
-0.032242339
0.054354213
0.022835406
0.15231071
-0.12937452
0.11403254
-0.042778209
0.081883974
0.017335108
-0.061050415
-0.0738656
-0.046208963
0.038020797
0.054318126
0.022899691
-0.0733798
-0.033629905
0.11030255
-0.061248861
0.082240738
-0.074993059
-0.061794832
0.15960509
0.13196479
0.043324593
-0.0080409534
-0.05349363
-0.0089945197
-0.00019414305
0.11206601
0.0057148035
0.015900875
0.00041113983
0.091952562
0.025728328
0.038993873
-0.021283453
-0.082853429
0.063143119
-0.069010206
-0.04255984
-0.08358714
0.015519191
0.043003786
-0.11109833
-0.010660359
-0.049746457
0.080454171
-0.072722174
-0.075357482
-0.0081359698
0.039981529
0.033998009
0.055770054
-0.011023097
-0.04025171
-0.045370251
-0.011224018
0.025091942
-0.089096278
-0.06395974
-0.011412926
0.012282443
-0.045268845
0.060350198
-0.0056214738
0.083915994
-0.051241972
0.017247846
0.032096319
0.07178314
0.12032919
0.041178875
0.040756345
-0.027257167
0.074901395
-0.063109353
-0.047816962
-0.031164838
-0.0071968865
-0.022241309
-0.016806254
-0.07737413
0.062373281
-0.067279354
0.0047339969
0.11173817
-0.076172985
-0.028192585
0.060758147
0.05123695
-0.057249147
0.029827237
0.14801784
-0.027142301
0.024391526
-0.078649223
-0.033515934
-0.015763557
0.097468905
0.064820662
0.070550382
0.0057281749
0.1295699
-0.079046771
0.093320876
-0.08145722
-0.080391832
-0.02492458
0.061623856
0.095786735
0.046421129
-0.032095246
-0.066115491
-0.01325144
-0.0042817779
-0.02933055
-0.0076177563
0.074277967
-0.0041047768
-0.063253224
-0.011298232
0.035779845
-0.019516729
0.022754345
-0.031746279
-0.10351957
-0.031555921
-0.0028259514
0.018642725
-0.0075793872
0.0015853111
0.088456817
-0.05515559
0.010639396
0.034588166
-0.0020856853
-0.020323604
-0.13540956
0.0043453993
-0.073052406
-0.024715347
0.037595641
0.014264228
-0.075148419
-0.032034274
0.063534424
0.031959195
0.038091019
0.024664108
0.029037556
-0.073788628
-0.023167014
0.080409974
0.010639401
0.018042553
0.099048018
0.1055821
-0.15671787
-0.089657053
-0.011854333
0.066367865
-0.051015969
0.082600743
-0.0041984934
-0.010135691
-0.16718338
0.031058006
0.068193525
0.04819889
0.079017535
0.14898995
0.076418862
-0.05145124
-0.092999123
-0.11415346
0.022227788
-0.08062052
0.10517575
0.075465471
0.1258316
0.0075036502
0.0052211364
0.091339894
0.12394826
0.0035777385
-0.089765184
-0.22050107
0.11597465
-0.0065807947
-0.13132542
0.041939501
-0.094839022
-0.042762991
0.15757713
0.12449334
-0.13120058
0.081608765
0.1124523
-0.0626899
0.054386694
-0.17959031
-0.052021172
0.072971791
-0.091411978
-0.17699367
-0.014547159
-0.026567457
-0.041978668
0.086099178
-0.018315708
0.079248168
-0.018204477
-0.017018409
0.075960897
0.082593217
-0.045472294
0.10550801
-0.087680668
-0.0061992463
0.084002569
-0.0070056687
-0.14854312
0.070997536
-0.17286888
-0.06131177
0.074671052
0.052734174
0.00014174468
0.004894604
-0.08252462
0.11491589
0.18667656
0.05097967
0.11351305
0.022449639
0.24611998
0.058209416
0.050732799
-0.011539677
-0.044005286
0.048212975
0.013157099
-0.027416857
0.026068494
0.094956256
-0.069161981
-0.037026696
0.10597392
-0.091069475
0.00057900953
-0.051357273
-0.04553885
0.095920175
-0.10456762
-0.057106666
0.018985614
-0.0038561374
0.012204394
0.1111027
0.12853494
0.044713695
0.015316844
-0.011855251
-0.10183167
-0.15807115
-0.061733093
0.050042007
0.032644179
0.073175929
0.060721658
0.015741467
0.08038073
0.026620638
0.00067615858
0.28520462
-0.10295293
0.044051185
0.060360137
0.21203728
-0.07478258
0.047575403
-0.083566293
-0.10452268
0.044871058
0.0041877613
0.067932859
-0.029621162
0.081005752
0.1178515
0.040500984
0.12794046
0.032598127
-0.059865046
0.023147257
0.083025508
0.014898382
-0.089554496
0.10053065
0.048217859
0.01812998
0.1129992
-0.071448021
-0.05364861
0.061496723
-0.062417157
-0.055817153
0.038628042
0.051271819
-0.0022044594
-0.12195713
-0.040964078
-0.032756809
-0.0024641955
-0.061361611
-0.033389587
-0.054720648
0.079476498
-0.026485818
0.028844487
-0.064194866
-0.054388646
-0.060665306
0.060597654
0.031087296
0.11691514
-0.012686327
-0.0530045
0.057427727
-0.022845186
0.015770257
0.094901741
-0.039012775
0.036630042
0.033744399
0.014608054
-0.0052218703
0.00074858632
0.082070522
-0.072781049
0.055913568
-0.0074618957
0.041240402
0.024000337
0.031594675
-0.032310937
-0.024557939
0.10263885
-0.050771639
-0.07784529
0.025344316
0.046824574
-0.018852439
0.031579994
-0.061850574
0.029538408
0.07070075
-0.024367463
0.0053310338
-0.035657786
0.028352669
-0.03725756
0.10434558
0.055791073
0.064981446
0.02224456
-0.023056187
0.024936117
0.054922968
0.039993659
0.034236323
-0.0177489
0.018916864
0.076154046
-0.071414098
0.016131241
0.067920417
0.014063168
0.10593458
0.050605543
0.0083342716
-0.028625073
0.069020435
0.0079759033
-0.015630823
0.060435135
0.04561637
0.053665336
-0.0028825193
-0.041716427
0.023191897
0.014130685
-0.063028574
-0.094220065
0.029744359
0.0037231133
0.083312392
0.072368234
-0.060115382
-0.019858446
-0.0473525
0.13046934
0.031032873
0.069452204
0.034281708
-0.055756062
0.027659802
0.09438017
0.065150402
0.025487058
0.094736628
-0.083277471
-0.026198929
0.07228069
0.055783242
-0.032378092
-0.027415214
-0.043140184
-0.038356867
0.022582086
-0.10019103
-0.07307481
0.048843589
0.072895668
-0.066938423
0.1127238
-0.049909268
-0.00030168318
-0.068682343
-0.05020887
-0.024971746
-0.043127686
0.0073923059
0.090134248
0.058102243
0.015293122
0.00040378081
0.0623223
-0.078088678
-0.03503843
0.05591638
-0.030696126
0.068501554
-0.034737419
-0.0080806445
-0.093227379
0.025341665
-0.054914068
-0.048573852
0.052894603
0.005961691
-0.040789895
-0.056175414
-0.053611722
0.078894362
0.043578126
-0.022122802
0.067368977
0.109061
0.045491755
-0.081296913
-0.032353256
-0.076658688
-0.047775075
0.021239396
-0.02224255
-0.096825346
0.0042339494
0.087321132
0.031096153
0.0040305383
-0.057975575
-0.055355191
0.036423888
-0.10475467
-0.061913002
0.079436019
-0.022792948
0.10956841
-0.028190268
0.078214183
-0.10022873
-0.030237477
0.081886306
-0.046042629
0.0079784049
-0.0096145337
0.039421335
0.12470668
0.010978131
-0.012351613
-0.11191937
0.0087903542
0.10813905
-0.033667061
-0.083570488
0.1691028
0.036873952
0.002924273
-0.033833239
-0.097278386
-0.02844977
-0.044666607
0.040140592
0.02786749
-0.054780468
0.10494144
0.060484536
0.098312795
0.055212822
0.012474523
0.072344549
0.035151161
-0.061717764
-0.13160558
0.072213568
0.00012633015
0.11049551
-0.015453403
0.014839929
-0.0039062167
-0.096405126
0.030675337
-0.1218831
0.0061041452
0.027217593
-0.089550242
0.038475726
0.051986031
0.082196452
-0.054808468
-0.053992528
0.047861855
0.030197043
0.040301256
0.010459001
0.041159306
0.0037857622
-0.019951193
-0.064715318
0.12349317
-0.015857998
-0.054777078
0.072306462
0.14424632
0.086346239
0.023008753
-0.01834432
0.095208012
-0.022479961
-0.0087111816
0.023512539
0.028008716
0.0036640193
0.098949999
0.17838162
-0.046885181
0.060198538
0.019994346
0.027090808
-0.0024824648
-0.097147316
0.015361598
-0.15821975
0.0092376517
0.029477572
-0.020554833
0.068748519
-0.021988912
0.14362139
-0.11456575
-0.099160075
0.016389327
0.011818245
0.001515947
-0.078300506
0.052864458
0.086676523
-0.028227482
0.072809085
0.12413059
-0.012499141
0.04466309
-0.058097668
0.0041103004
0.090508953
-0.1306532
-0.025500616
-0.0072731669
-0.068737634
0.084585592
0.080516413
0.0093298759
0.00090023107
0.0681054
-0.0073758359
-0.066697538
-0.090040773
0.015876001
0.030395446
0.10884262
-0.034902696
0.01119652
0.077120326
-0.011248474
-0.048715811
-0.086463116
0.0851999
-0.033575729
0.029027201
-0.10983138
0.0089036478
-0.058539663
-0.027200304
0.032353036
-0.074786283
0.020153057
-0.0029910905
0.070696235
0.073041461
0.18015754
-0.014020987
-0.034905836
0.079700448
0.047187798
-0.10938254
-0.010571152
0.20058286
0.13271193
0.092805974
0.067872569
0.032732312
-0.039135966
-0.062168837
0.048103407
0.019571448
-0.023631781
-0.097428218
-0.029748779
0.031016864
-0.19027926
0.10562967
0.1033982
-0.017337942
0.092346929
0.023415625
0.059342224
0.093257993
-0.1797052
-0.078363359
0.018122615
-0.006163924
0.052810352
-0.10341139
0.049922798
0.087916106
-0.12983926
0.036817726
0.01097288
0.046421405
-0.0010412261
-0.0077710692
0.02266207
0.059864674
0.0038822801
0.086357407
0.048129909
0.051702619
-0.0016072151
-0.072847664
-0.042105366
-0.13652036
0.030828912
0.018468548
-0.070365615
-0.055381551
-0.13253774
0.13836247
0.044757918
-0.031978741
0.0098168468
-0.1558404
0.021832671
-0.15539336
-0.019249918
0.011388234
-0.0021445018
0.01443106
0.035304312
-0.064115971
-0.12588118
-0.032651499
-0.072369061
0.034191247
-0.029655488
0.13492481
-0.003629816
-0.010431735
0.018061111
0.011201856
0.11536585
0.12746415
0.041717023
0.05161139
0.060335647
-0.0871998
0.11507493
-0.056101192
-0.10297868
0.091850378
-0.018627949
0.13075687
0.03228116
-0.11245161
0.065400548
0.016761119
0.092149161
0.027737146
-0.050260983
0.00016647656
-0.1024417
0.050585814
-0.010291406
0.10845377
-0.11225631
0.11562487
0.060211081
0.091602281
0.045248017
0.060266368
0.06045473
-0.012534461
-0.037010916
-0.052402612
-0.1376552
-0.0074213571
-0.09989737
-0.029356625
0.046853825
0.037504166
0.11217052
0.10479505
0.082064591
-0.024451079
0.06903971
0.062815979
0.040817428
0.0075144107
-0.043966413
0.039860032
-0.0394882
0.11610378
0.014101796
0.023697253
-0.0569533
-0.14258802
0.039050736
0.042989142
0.041376885
0.048907265
-0.018362409
-0.074651033
-0.0034563378
-0.077908345
0.0045357305
-0.0092400201
-0.11886992
0.066434301
0.12776434
-0.092031419
0.15776333
0.10243256
0.014375378
-0.10187194
-0.059978418
-0.043239877
-0.033862267
-0.088504352
-0.044795502
0.068787701
-0.0091759032
0.046905186
0.11916184
0.063630544
0.097015262
0.07738217
0.044957437
0.11634152
0.0085940473
0.10108633
0.03701451
0.035491586
-0.10413314
-0.1230794
-0.13329932
-0.0046803448
0.10529756
-0.030700231
4.7013025e-05
0.08340203
0.01349063
0.040573966
0.0037587825
-0.046791941
0.026513066
-0.028906062
0.067487568
-0.0078121787
-0.09606915
0.055252336
0.024794273
0.014717109
0.0035907105
0.0044307681
0.092805535
0.054895174
0.058613997
0.10325812
-0.13175407
0.090662263
0.062079065
-0.1003151
0.026095334
0.089800343
-0.090075798
0.045016997
-0.0065465108
0.16198571
0.021324547
0.018239444
0.025333388
0.11912978
0.097394466
0.097973503
-0.074690484
0.090169862
-0.11904825
0.095946223
-0.069599301
0.051724665
-0.026361896
0.060516633
0.076606981
-0.043399934
0.04650481
-0.0089120418
-0.065270133
0.13963018
-0.093342833
0.059046581
0.061350558
-0.082307957
-0.020047031
-0.032488272
-0.04063179
0.055797853
0.058720101
-0.055717155
0.042769648
0.037425019
0.079571262
0.0041546309
0.077078156
0.032431722
0.076677345
0.12479944
-0.02130007
-0.059518583
0.078259215
-0.015107423
0.10208075
0.055828448
-0.065791041
-0.0068888874
-0.1043764
0.086283788
0.12003637
-0.02587295
-0.020904452
-0.016928976
0.070512637
-0.073502757
-0.0094889114
0.095235728
0.02756747
-0.017934231
-0.052573793
0.039806094
-0.033209976
0.015495503
-0.089362212
-0.043709114
-0.11825212
-0.061610609
-0.060447033
-0.056603562
0.10864609
0.074526146
-0.06675978
-0.046702154
-0.021727243
-0.0053508068
-0.093464136
-0.09649913
-0.12573378
0.052087616
0.093920559
0.046178583
0.057870824
-0.010578796
0.071970254
0.11501118
0.0059307967
-0.024039803
-0.063749656
-0.046925209
0.00019121449
0.081030674
0.080284894
-0.067628205
0.028006637
0.0082902573
0.051334456
0.056917194
0.046734422
0.085652582
0.097438402
0.077453136
0.0061948868
-0.038072184
-0.082403697
-0.0018148902
0.00037627501
-0.048578613
0.019480424
-0.024073163
0.035871826
-0.045844324
0.14417963
0.018252382
0.093250081
-0.031501837
-0.066963166
0.0069116028
0.024646604
0.10816242
-0.045834433
0.077680752
0.048762906
-0.048505623
0.046661906
-0.06664519
0.021019766
-0.10428125
0.14622909
-0.10151558
0.03910945
0.039892908
0.033181392
0.10780728
0.058526903
-0.066790394
-0.003893238
-0.098548822
-0.034002166
0.003103401
0.049780864
0.11295018
-0.04323402
0.053193711
0.029913086
-0.00046152138
-0.039818298
-0.038996171
-0.033744261
0.054453883
0.022727756
0.072987869
-0.0084876521
0.02843265
0.075600781
0.065774977
0.11968613
-0.041415479
-0.027062366
0.077200301
0.058953781
-0.047308613
-0.024708023
-0.039473858
0.0085222237
-0.013067416
0.044662111
-0.069841281
-0.024046658
-0.021531144
0.038294986
0.1150728
0.0075402874
-0.059655704
0.017511467
-0.039071009
-0.027276641
-0.053157963
-0.0073173689
-0.032930169
-0.060783412
-0.121684
0.048417307
-0.0059594018
0.044462413
-0.10189139
-0.011835924
0.026650004
0.035130799
0.054212872
-0.027436875
0.040215325
0.10274249
0.084347002
0.079549171
0.1251467
-0.011736334
0.083912365
0.1173188
0.040813632
-0.049691804
0.012157853
0.0021527822
0.060268428
-0.091900781
-0.047760561
0.073354229
0.029997718
0.062647201
0.0039651687
0.0050263577
-0.033264179
-0.044580441
0.043107852
0.10478833
0.041316748
0.0094947424
-0.0034861662
-0.039164726
0.028729465
0.034994572
0.040527362
0.0637981
-0.081171617
0.090013355
-0.080451719
0.023204183
-0.057267375
-0.024265047
0.015211295
0.095560662
0.042433295
0.041914415
-0.013738183
0.016700821
0.061506197
0.076780625
-0.0047461931
0.018146172
-0.010069173
-0.025898132
-0.053654503
0.062695824
0.060829405
0.061739985
0.0069209938
-0.034799606
-0.019931059
-0.0091263959
0.032532219
-0.11423236
-0.0017202683
0.084965594
0.01828859
0.1185636
0.10219207
0.027130736
-0.059668459
-0.11036997
0.027350562
-0.0348548
-0.08605583
0.00047628672
0.0095011676
0.090187058
-0.035453487
0.011846927
0.017673755
-0.030717146
0.14799482
-0.10836367
0.0011516828
-0.0082640247
-0.05044046
-0.0066524716
0.015930695
-0.030442717
-0.055192024
-0.0015674444
0.040468313
-0.12471649
-0.071120143
-0.026670806
0.10772237
0.099322468
-0.022489699
-0.011891373
0.013069579
0.095480852
-0.026376344
-0.014737136
0.036254589
-0.056291547
-0.13791993
-0.063049458
0.051189583
0.045384966
0.036905315
0.027630569
0.11699256
-0.0035724319
-0.040748775
-0.056321785
0.07973323
-0.015579029
-0.048462801
0.069917932
-0.034761794
-0.045866434
-0.073104613
0.013552572
0.067835011
0.023563279
-0.025420189
0.061252136
-0.052163512
0.11119682
0.027401146
-0.11475786
0.063541397
-0.045226257
0.049953211
0.099335581
0.018562693
0.030845834
-0.032290831
0.04550847
0.075060189
-0.056159057
-0.030963052
0.0030238577
-0.019743256
-0.028525971
-0.024022277
-0.033519506
0.11045936
0.017471841
-0.094380468
-0.1467129
-0.15188339
-0.065579459
0.049687885
0.044152997
-0.087573022
0.040858947
-0.015628524
0.047428258
-0.032599829
-0.076533839
-0.12017892
0.034523457
0.040215436
0.017782576
-0.014501553
-0.024299817
-0.036247957
-0.090889305
-0.058310341
-0.0018894681
0.033326276
0.046258308
-0.055982444
0.069796652
0.054612383
0.018058755
-0.13166168
0.02443569
-0.042284712
-0.0373444
-0.0049162502
-0.016292656
0.011786897
-0.088133082
0.039714884
0.025946906
-0.078545153
0.081100136
-0.12213194
-0.054201491
0.024044488
0.016031979
0.093447194
-0.04842671
0.022633448
-0.024494914
0.059006203
0.059886683
0.11997198
-0.070528716
-0.080912627
0.0079478426
0.1013988
0.018089611
-0.048708122
0.069402114
-0.075652793
-0.071411051
0.075292222
0.030895621
-0.076285303
-0.010389562
0.1196354
-0.014227842
0.034532465
-0.024092497
-0.065801457
0.043089945
-0.10708281
0.059507631
0.058516525
0.0777606
0.029021764
0.043850981
-0.045881499
0.050488867
-0.024876865
0.079708636
0.084286593
-0.080830336
0.10414943
0.05324715
0.012104142
-0.039804541
-0.0038397498
0.10525818
0.12518871
0.12783413
-0.052896727
0.01706247
0.032289468
0.024017924
0.082584865
0.049055692
0.058175121
-0.084202543
0.049486753
-0.031763259
0.094120555
-0.0035690407
0.065651953
-0.092727773
-0.05416723
-0.079625018
-0.064274468
0.077195391
-0.0061549968
-0.083831929
0.075197227
-0.10872801
-0.031476166
0.127637
-0.081894234
-0.027884711
0.079012379
-0.015529752
-0.038786817
0.11587611
-0.054524917
0.056673475
-0.051828995
0.081781849
0.0041249651
-0.060913093
0.061135128
0.0032811195
0.081760906
-0.087150268
-0.064828649
0.059022143
0.064656749
-0.0078103812
-0.037701175
0.045156013
0.039182946
0.089289293
0.050290052
-0.10774924
-0.11900523
0.091062665
0.023881756
0.019395616
0.079977632
-0.041610256
-0.098354399
-0.022161448
0.048614081
0.04250833
-0.02145539
0.10880829
-0.019765411
0.19431548
0.17821908
-0.11859673
-0.042734649
0.02027755
0.012211273
0.008464532
0.0051112329
0.26888248
0.079665214
-0.087738641
-0.0096352398
-0.025376881
-0.027069291
0.059157055
-0.16238031
0.035857335
0.17359863
0.099907629
-0.082856312
0.19011007
0.027798207
-0.11146893
-0.30689949
0.022995535
-0.065143242
-0.11100306
0.11417563
-0.22081567
0.094843648
0.09034358
0.071834587
-0.091829844
0.05000392
-0.055695254
-0.1762543
-0.16893056
-0.14548859
-0.11057793
0.053296052
0.014621362
-0.14153917
0.0037232824
0.028643526
0.033673011
0.015752532
-0.014340586
0.17106728
-0.083022565
0.026430454
0.10573706
-0.088245653
0.063598894
0.066192321
0.049181003
0.025521034
0.091294676
-0.074509911
0.031137206
-0.057105668
-0.058042679
0.036974341
0.13492092
0.025518477
-0.10201409
0.12463687
-0.1794181
-0.0092768176
-0.12136264
0.01333023
0.0065914025
0.18697454
0.19244531
-0.16680463
-0.063849524
0.15324119
-0.1334392
-0.041690368
0.093207777
0.0020720977
-0.023167936
-0.078698486
-0.039655428
-0.087016359
-0.095417485
0.0095927864
-0.13205022
0.027154643
0.036382351
-0.10804856
0.1187695
0.081263758
-0.086746097
-0.09683349
0.0059796143
0.013078114
-0.052377097
0.028591974
0.078233652
-0.072971702
-0.083337955
0.03677085
-0.09805385
0.26159257
0.025540743
-0.15470031
-0.013800034
-0.052181434
0.047472663
-0.090788879
0.040895473
0.1216425
-0.12707454
0.13960168
-0.056902666
-0.061988749
-0.035410859
-0.074093491
-0.025231062
0.11171048
0.050662093
-0.030854823
0.23090345
0.16913198
0.15124178
0.031696323
-0.0052205133
0.0056176255
-0.058460671
0.021472787
0.086797498
-0.043650839
0.091420189
-0.029454643
0.065539323
0.068218045
-0.11364393
0.027288131
0.15499221
0.066678278
0.11181883
0.043632686
-0.028864484
0.27249148
-0.15507783
-0.070229664
0.0012148654
0.15782423
-0.068229027
0.22565363
0.011630562
-0.06623368
0.047568247
0.0017275208
0.11964863
-0.04778631
0.056405194
0.039567318
-0.060767327
-0.01039966
0.0020058549
0.1030608
-0.16126759
0.00074467639
-0.025255971
0.18965
0.1410345
0.044520885
-0.10064328
0.10738148
-0.0062901042
0.093464985
-0.099190339
-0.030177712
0.070447363
0.0059163007
0.030232491
0.04061342
0.01692358
-0.038809359
-0.18854146
-0.084757552
0.043137014
0.094870172
0.070087999
0.067527078
0.048136041
0.033506129
-0.035176739
0.11056235
0.0083497521
-0.038537525
-0.011597038
0.017722193
0.02503114
-0.09517885
0.043511681
-0.08046639
-0.027990425
0.069618307
0.015401633
0.010697895
-0.11646856
0.094538063
0.0083667981
-0.019468842
-0.0053594545
0.11083623
0.03622951
-0.030105025
-0.015431754
-0.058408678
-0.0046305233
-0.075970203
0.091001093
0.060185317
0.031456124
0.069133915
-0.071038254
-0.086503394
0.1275976
0.036050636
0.045473568
0.046834588
0.069396675
0.043647993
-0.18035011
-0.056576595
-0.0052965037
0.0015389496
0.02245988
-0.0052062073
-0.10939642
-0.045834914
0.02135695
0.077120252
-0.14145395
-0.13442382
-0.10702429
-0.11345709
0.066361435
0.056157667
0.10231654
0.036773201
-0.13504429
-0.18991637
0.03055688
0.10508154
-0.0095587289
0.042544518
0.03682236
-0.03451927
0.0094484212
-0.038890868
0.078226492
0.003805123
-0.085148625
-0.064752832
-0.040971525
-0.019032516
-0.014370064
0.0097359978
0.049566455
-0.037630238
0.054912601
-0.12910774
0.029650593
0.072075196
-0.07868395
-0.048545487
0.019947812
0.14290471
0.073049612
-0.060028341
0.10790574
-0.070285127
0.11061829
-0.07628794
0.11349654
-0.098928347
0.072563618
-0.095616527
0.021818904
0.055826023
0.059707295
0.093624413
0.029689444
0.034608562
-0.078984216
0.028678317
-0.04608655
-0.045892712
0.0073012961
0.02518487
0.19867794
-0.018185599
0.018838381
0.050036911
0.027319185
0.077891707
-0.021102922
-0.066270329
-0.0052491175
-0.060315713
0.012331927
-0.019145409
0.050685473
-0.067392021
-0.086057648
-0.06987258
0.01983168
0.074404791
0.029895894
0.071287371
0.012510421
-0.055852495
-0.11079752
0.045389425
0.076961979
0.034890391
-0.099106997
-0.032246798
-0.021305135
0.12895404
0.0013570436
0.0089079486
-0.036013018
0.072914891
-0.030476686
-0.043443032
0.07205575
-0.08583115
0.046616495
-0.092127852
0.053878415
-0.076186828
-0.068584986
0.0014478775
-0.084113285
0.074422568
-0.063088305
-0.18070872
0.035952058
0.053397171
-0.068624347
0.055374749
0.057456456
0.0068744817
-0.066282533
0.027251195
0.031526215
0.0047068424
0.079552487
-0.047331087
-0.037483405
-0.13307045
0.0027016804
0.060915533
0.028547371
0.080032438
0.0042131427
-0.041244201
0.067182444
0.077572912
0.020409973
-0.075970501
0.0056865942
0.12034881
0.066736028
0.080403849
-0.067854635
-0.027044464
0.0028719553
-0.040897127
0.11267515
0.032207612
0.047382537
0.017050415
0.012216028
0.010237269
-0.0079168035
-0.0054645948
-0.08542493
-0.0097743347
-0.050171267
-0.042335026
-0.016916055
0.055990964
-0.099717401
-0.01881348
0.0031810484
-0.070011228
0.12103528
0.004458888
-0.054889493
0.0028194913
-0.069661163
0.082238294
0.0053716386
0.044946101
0.020789629
0.015097939
0.096288614
-0.16172515
0.070411593
-0.036203153
-0.016994838
0.060909465
0.032764055
-0.076478273
0.038096771
0.073455349
-0.042491458
0.077380203
0.086031035
0.063211069
0.015602387
-0.060248699
0.10126357
-0.0043127076
0.049218535
-0.027231548
0.068149187
0.13031594
-0.043139171
0.04568648
-0.034368768
0.068005249
-0.025123069
0.042192403
0.093006216
0.023644179
0.096145354
0.0037760255
0.050793052
-0.06519568
-0.014727834
-0.12282734
0.055489834
-0.082027905
-0.059248637
0.15629613
0.068191551
-0.032799534
0.032299228
-0.10128885
0.0069627156
0.088458233
-0.076567367
-0.064860955
-0.059690718
0.093902595
0.021214195
0.03641846
-0.032722563
0.027498998
0.038483448
0.071174026
0.055487446
-0.031195659
0.037562836
0.010077152
0.066736042
0.0029770778
-0.098161541
-0.038786661
0.021392079
-0.057063896
-0.0057493015
-0.059458937
0.063617282
0.023397861
0.1130981
0.061710149
0.028783977
-0.11063534
-0.056385815
0.063790321
0.0042355009
0.019293435
-0.017982002
-0.031946067
0.038178537
-0.046362612
0.01665427
0.0061214063
-0.02459741
0.0030139266
0.015336641
0.050318427
0.054930728
0.10798334
-0.091336891
-0.043921992
0.050863765
0.051487871
-0.022325791
-0.07933832
0.046656907
0.060252577
-0.076222129
0.068064965
-0.042144731
0.092380553
0.011977909
-0.0804713
0.097132064
0.030414654
0.060841635
-0.061625838
-0.1021553
0.038007505
-0.042310853
0.085347541
0.091859199
0.069077589
-0.073942944
0.083391964
-0.019165508
-0.06618806
-0.029191274
0.077769734
0.080351591
-0.013748113
-0.10000753
-0.031515844
-0.0018697554
-0.17100528
-0.048647948
-0.051416833
0.051835243
0.10787216
-0.10472181
0.054343458
-0.018905446
0.030639581
-0.028657844
-0.048298933
-0.018586297
0.120316
-0.056222524
0.0045446442
0.030303238
-0.037922896
0.04887576
0.018275896
0.047039077
0.026858132
0.047922373
-0.032809768
-0.075680375
-0.01683807
0.034907658
0.0092097977
0.1160712
-0.012405365
-0.033761594
0.04079476
-0.033734538
-0.013852004
0.020505629
-0.066877961
-0.13175721
-0.0012327376
-0.026521966
0.046236467
0.11360873
-0.029493319
-0.00020399129
0.053896356
0.054491252
0.080606557
-0.037020538
0.002089805
0.020635881
0.080756076
0.045295883
0.043092035
0.041492157
-0.010029788
-0.038078606
-0.081982404
-0.048470382
0.093019105
-0.037185237
0.083283111
-0.058759369
0.04117614
-0.043934599
0.057644587
-0.073073365
0.0069167628
0.050482158
-0.12263276
0.012428828
0.078238346
0.031957973
0.047443502
-0.0032226583
0.051188424
-0.054069832
-0.045307823
-0.026065409
-0.024058923
0.047522604
-0.042604703
0.053329889
-0.055467088
-0.02224746
-0.030581316
-0.029824331
0.02145425
0.030373221
-0.0097625516
0.079721279
-0.023406398
0.098126598
-0.017773736
0.027598409
-0.018950932
0.045367405
-0.05997302
-0.037406571
-0.033891216
0.058364589
0.034422025
0.045905422
0.088252157
0.022253765
-0.077953212
0.055604815
0.034008533
0.069772817
-0.042342994
-0.091941468
0.086188324
-0.059642997
-0.0498982
-0.039125144
-0.086451046
0.10276107
0.11924548
-0.024426384
0.056527711
0.022458276
0.11640336
-0.031579956
0.0098514259
-0.0052056937
-0.081786849
-0.065135308
-0.068265252
0.069478147
0.0055046142
0.087269999
0.092021316
-0.039724939
0.064325668
0.066829816
0.12661719
0.026383707
-0.043339022
0.017126163
0.082298286
-0.05312993
-0.0045024473
0.083139323
-0.029771931
0.069103651
-0.062959217
0.030468782
-0.03257424
-0.097636968
-0.087234028
0.0048130462
-0.018429939
-0.05801715
-0.040852923
0.043650549
-0.020576546
0.0045407112
0.11318742
0.015680596
0.12523824
0.10715883
0.080944963
0.06046205
0.034274042
0.14191663
0.053657122
-0.0033165829
-0.068207532
0.046365
0.051764026
-0.042693753
-0.078080766
0.041782949
-0.088923849
0.037366629
-0.0027293572
-0.028882591
0.094989687
0.0334967
0.00012713778
-0.056225315
0.045632981
0.093306378
0.03670669
0.022472911
-0.034829102
0.0038306869
0.092639968
-0.025680194
-0.088753067
-0.045703895
0.067874379
0.030870939
0.063170299
0.096489616
0.022854732
0.017265711
-0.071385898
-0.089699849
-0.01279658
0.050773896
-0.042096086
-0.030030297
-0.063665763
-0.045484107
0.032686014
0.068399958
-0.025417292
0.057822213
0.050054397
-0.082629845
-0.035613224
0.0077620475
0.025972625
-0.022685029
-0.021167541
-0.039725594
-0.032641932
0.12395042
0.07567326
-0.085546985
0.034387033
-0.096741937
-0.034427248
0.13579232
-0.018767612
-0.052098732
-0.022820536
0.040090766
-0.1343509
0.075448409
-0.052295927
-0.054944277
-0.033647716
-0.090392932
-0.030662049
0.050184175
-0.12568308
-0.083430968
-0.077277802
-0.15971681
0.12558062
-0.012177335
-0.048968695
-0.093028165
-0.14195073
-0.05369712
-0.059769303
0.092505008
0.024416856
-0.035855621
-0.069063187
0.0068387166
0.058655728
0.11921995
-0.036582623
-0.022981592
0.1986862
-0.13369749
0.24850002
-0.063804053
-0.098033406
-0.049481329
-0.037123315
-0.13656023
-0.0021874455
-0.11629695
0.032107368
0.0330314
0.016588962
0.06454958
0.028253151
0.11240431
0.069433525
-0.0021222045
-0.032028399
-0.049717892
0.05712017
0.049502023
-0.0010163126
0.11726697
0.035412669
0.14319912
0.015861169
-0.0034259157
0.098449916
-0.056151628
0.091122322
-0.16108586
0.13408691
0.076488696
-0.021957086
-0.037101865
-0.037932325
0.088860162
-0.030617259
-0.087433562
-0.094011925
-0.055465456
0.080308519
-0.029569771
-0.016031381
-0.048069388
-0.0068853479
0.13424034
-0.018767728
-0.0046727792
0.055370133
-0.099062778
-0.057155471
-0.10672572
0.0096655395
0.20065889
0.021691751
0.029242476
-0.01684572
-0.014272719
0.10342016
0.083688565
-0.097201355
-0.030722601
-0.083166994
-0.073692188
-0.0090494137
-0.078719184
-0.075448297
-0.08448755
-0.05017747
-0.084852628
-0.1017849
-0.043946076
-0.19025265
0.050064206
0.072191298
-0.044576466
-0.051856045
0.088121533
0.010731176
-0.053109013
0.10324837
0.042963922
-0.065809943
-0.046102781
-0.061819725
0.056237634
-0.16821899
-0.019346774
-0.04149273
0.086706914
0.049765009
-0.021131752
0.049507979
0.0031613305
0.044513408
-0.10488954
0.012611094
0.0056577087
-0.031557579
-0.020022823
0.03896068
-0.050043855
0.030012889
0.076994754
0.056295842
-0.034061641
-0.040100642
0.11535612
-0.034431182
0.010698356
-0.14551049
-0.034901261
-0.067332417
-0.059828006
0.011881236
-0.042714279
-0.12152355
0.038293865
0.021947088
0.10246091
0.050878774
0.12906103
-0.051960681
-0.024743233
0.039627515
-0.080093905
0.0057369219
0.0099605257
-0.079253681
0.079707898
0.1051329
0.14487636
-0.07509812
0.049798802
-0.03794378
0.044517186
0.033511225
0.073839918
0.015219414
0.068795174
-0.0037610889
0.039148215
0.066758104
-0.060350653
-0.021055758
-0.031240243
0.076440498
-0.012388977
0.014335031
0.04720787
-0.10406961
0.1103896
-0.046185907
0.19581364
-0.005204136
0.1291969
-0.038036287
0.017782161
-0.017403852
-0.065838434
0.092121191
-0.056507897
0.021176521
-0.020300953
-0.035127219
0.053894509
-0.035340931
0.0083756363
-0.033917781
-0.026623541
0.023184471
-0.072633639
-0.022770785
-0.17253834
-0.042734686
0.04562664
-0.0044523813
0.064213358
0.11028059
0.061081707
0.078538917
-0.031886782
-0.0146056
-0.054034356
0.097412355
-0.029149253
-0.037852481
0.11623135
0.090658464
-0.043021441
-0.040311832
0.050283428
-0.028384849
-0.096887633
0.021817375
0.068051085
0.11683947
0.048273198
-0.09199395
0.051276568
-0.022144394
-0.095596053
0.057399213
-0.0055327821
0.042706948
-0.021564024
0.044195436
0.051431928
-0.0025765314
0.00043265457
-0.10827443
0.10135543
0.013398758
0.054676477
-0.081690997
-0.046318326
0.06797535
0.032429375
0.042902928
0.0395885
-0.033119269
0.13357842
-0.038106445
0.049029972
-0.0020647785
-0.023140881
0.08003258
0.087089807
-0.015787374
-0.032441761
0.10460829
-0.040622447
0.034626793
0.010651082
0.062379651
-0.21332391
-0.19347571
-0.077076219
0.20605136
-0.02693229
-0.019784281
0.013805728
-0.073564708
-0.095705785
0.072394282
0.0077531827
-0.039931279
-0.00038146181
-0.078458495
0.099552289
0.022489414
-0.13253671
0.056553517
0.19389258
-0.18778434
0.013930667
0.28322193
-0.10896071
0.085635915
-0.012948446
-0.047937579
0.029661201
0.011375986
-0.081991151
-0.037720319
0.025201999
-0.011103101
-0.075313851
-0.12260346
0.0083194645
0.027089085
0.024506692
-0.037353355
-0.073098093
0.0022548989
-0.064919278
0.0095133297
0.22146414
0.063917823
0.15121014
0.17037091
-0.10047576
0.064574093
-0.15444288
0.077673733
-0.020816542
-0.034806028
0.19869551
0.19184159
0.040784046
0.10401025
0.21415569
-0.017376781
-0.070213132
-0.013916807
-0.030265175
-0.014467485
-0.00017996976
-0.04317132
0.0021260385
-0.12478498
0.18433611
0.035054661
0.036886536
0.15306906
0.043287911
-0.19537167
0.0017526199
0.04029211
0.19071087
0.10041446
0.21613237
0.0013694107
0.0058153914
-0.0016638672
0.13299838
0.029321058
-0.11897621
0.017096238
0.026573097
0.0034313917
-0.012694843
-0.024587909
-0.11162808
-0.13476413
-0.021856908
-0.097097896
-0.008897326
0.041177783
0.13879298
-0.0007394097
-0.04886163
-0.014172939
0.012762008
-0.044219885
-0.036599301
0.088310748
-0.081810139
0.02698262
0.15716182
0.15310521
-0.13887088
-0.061591171
-0.074463025
0.031113027
-0.11726845
0.012194711
0.10392368
-0.043509442
-0.059949551
0.03748633
-0.041236781
0.15120898
0.1042841
0.01367645
-0.1518188
0.18554288
0.060288824
-0.037489038
-0.028537376
0.043097876
0.032189921
0.087268256
0.058321089
0.083964586
0.084080033
-0.1049194
-0.029713292
0.062953793
0.070764676
-0.055399843
-0.0071098343
0.087784156
0.072634824
0.11036
0.10146522
0.1204541
0.0033959793
-0.12675747
-0.053514857
-0.073134296
-0.033258401
-0.039038919
0.10196573
-0.030996272
0.10902661
-0.05580464
0.058192778
-0.014043943
0.086413227
0.045868948
-0.063320465
0.097078338
-0.012714307
-0.038125709
-0.049387701
0.0014149219
-0.091665961
0.013530301
-0.050757319
-0.078787707
0.1034657
0.046833593
-0.012402295
-0.07390248
0.017274564
0.0056583197
-0.021007782
0.058648385
0.022492435
0.018445255
0.016292982
0.073344529
0.039531887
-0.024373446
0.045850251
0.041951742
0.079795778
-0.048110802
-0.061170012
0.035260182
0.077421933
-0.089362144
-0.10841203
0.025812626
-0.070346609
0.039114002
0.097128712
0.049096182
-0.080901191
-0.057423688
0.039747998
-0.017068481
-0.060723118
-0.11353742
-0.054196388
-0.067505687
-0.027221514
-0.13449422
0.093408227
0.043624558
0.0068357759
-0.050190009
0.027106747
-0.012467105
-0.025111061
-0.011868093
-0.0036869703
0.05036322
0.020647492
0.12884274
-0.007831933
0.11065356
0.062707193
0.045195833
0.055109199
0.014415332
-0.071310513
0.011431643
0.095085911
-0.075509459
-0.10267641
0.017369967
-0.003953917
-0.042939231
0.032951433
0.042285513
0.073246345
0.045165967
0.11025441
-0.0952456
0.1006234
-0.025489351
0.056109268
0.12924032
-0.11195894
-0.021756593
-0.0037773133
-0.038882997
-0.00034542271
0.053810757
-0.0041793799
-0.022449408
0.0049481303
0.07999377
0.0077475151
0.030297888
0.087007798
0.047541864
0.059451472
0.029074587
-0.068399213
0.059356105
-0.046090811
-0.057641994
-0.0041161254
0.063987777
0.10684493
0.0282329
-0.031054478
0.053665187
-0.085785046
-0.021765273
0.011418071
0.066075653
-0.094496183
0.05960767
-0.054347891
-0.056591775
-0.023432065
0.067754097
0.03198931
-0.056897338
-0.045839
0.065311454
0.10366467
-0.036320306
0.0077892127
0.094519474
-0.068976216
0.084053576
-0.10255528
-0.0082233436
-0.029732175
-0.082585491
0.037529584
-0.038412143
0.083479851
0.011044471
0.062165566
-0.059667163
-0.0046612318
-0.047619503
0.024673767
-0.067639053
-0.073470108
0.081896074
-0.084799588
0.10110703
0.060185641
-0.021450361
0.080152795
0.027587393
0.077676959
-0.039289963
0.10177433
0.053383749
0.010028556
-0.029018056
0.092298128
-0.034071114
-0.076013446
-0.010754171
0.028175648
0.10004543
-0.013154348
-0.011697317
0.0054219528
-0.024034856
-0.039304055
-0.0011186422
0.056244247
-0.074569412
0.035518516
0.089594699
0.052619293
-0.027015764
-0.049230989
-0.025512431
0.060020931
-0.036643546
-0.064475819
0.050482467
0.073110789
0.12990159
0.0038166654
-0.037046183
-0.019579411
-0.046846613
-0.018417304
-0.023766369
0.078815117
0.039809264
-0.030816024
-0.020250972
0.06209816
-0.028591352
0.013356565
0.0097986497
-0.10513841
0.054496739
0.0045672972
-0.015616636
0.086778767
0.045163434
0.059658054
0.067922182
0.025554504
0.017512688
0.06839449
-0.014557492
0.012413439
0.052327927
-0.064981833
-0.0084155956
-0.096390828
-0.099143602
0.076079406
-0.04786263
0.093041137
0.016890453
-0.03039779
-0.07560017
0.064040259
0.068308666
0.089604333
0.067107961
-0.10751799
-0.028116781
-0.12544656
-0.008988712
0.097146831
0.073192
0.078799799
-0.079910234
0.068469852
-0.058999062
0.072751187
-0.041938737
0.025916388
0.037755135
0.034239676
-0.014297404
-0.11037768
-0.033578902
0.046431795
0.060763251
0.097543068
-0.17085119
0.096933849
0.19796741
-0.030372877
-0.034385614
-0.083405174
-0.073708475
-0.023143146
0.033078637
-0.052069247
-0.15606546
-0.06054014
-0.015353527
0.0015473327
-0.077812135
0.16606925
0.028705591
0.10753822
-0.041903283
0.11303184
-0.0018243507
0.030384507
-0.021547809
0.012829411
0.10885207
0.11764847
0.046039943
-0.077148944
0.027156588
-0.12384661
0.073025845
-0.010306233
-0.034827411
-0.030677857
0.050074507
0.041842662
0.066414416
0.12416539
0.038994305
0.046350934
0.12586109
-0.05255888
0.016903123
0.11096258
-0.12835987
-0.015912009
-0.12195572
0.1732638
0.079204142
-0.005958735
-0.072172195
-0.050663885
-0.12996148
-0.12195711
-0.016744731
0.20922612
0.0026875096
0.17134011
-0.033984713
-0.055420026
-0.023317968
0.1540131
0.012462059
-0.093086466
0.026706895
0.044759706
0.10755681
0.061326358
0.042603109
-0.0021988733
-0.12617676
0.021680411
-0.056092508
-0.068188407
-0.011296203
0.1376579
0.045203634
-0.068356514
0.09048903
-0.016393166
-0.015550196
0.024072858
0.15316287
-0.05981512
0.14937839
0.15113474
-0.0080402242
-0.26210606
0.024175052
-0.0066639325
-0.099191792
-0.062752903
-0.0039378284
-0.026925558
0.017333494
0.03740136
0.01036281
-0.071385831
0.0084991688
0.053872518
-0.052762389
-0.062389039
0.069288746
0.04559778
0.016541565
-0.076334246
0.056616902
0.022488546
-0.14920612
-0.037843931
0.19465348
0.035734262
-0.10168299
-0.0092034843
-0.048977967
0.028899342
0.055449124
0.099575281
-0.020994559
0.094712518
0.15837437
0.013520161
0.030760903
0.054433685
0.06737899
0.00045282181
0.12603118
-0.020281961
0.039504349
-0.0052227997
-0.13692711
0.056207005
0.10633913
0.075398281
-0.022635559
-0.02767875
0.14889441
0.054309059
0.091502391
0.013888445
-0.034342494
-0.020512635
0.03109692
-0.030713683
0.15493268
-0.080728605
0.060770728
0.11371496
0.085713513
0.030044049
0.0067809452
0.030533055
-0.088821121
-0.00075650983
-0.029814498
0.036361277
0.13577843
0.027035192
0.087039568
0.065101303
0.062369063
-0.10126492
0.070477739
-0.072393984
-0.10139006
-0.102088
-0.10406239
-0.15450403
0.0072344518
0.13529728
0.13133782
0.081370324
-0.012731204
-0.0023920131
-0.13575938
0.045808971
0.031451505
-0.11130927
0.10015916
-0.10158985
0.059882276
-0.0092357043
-0.090030469
-0.052569304
0.071460627
0.090613306
0.078058518
0.034763109
0.007387484
0.089043923
-0.026875315
-0.069303416
-0.054245405
-0.059879616
0.16901511
-0.003878687
-0.06118368
0.022663536
-0.079980195
0.067516983
0.1134833
0.016321367
0.084626071
0.10176264
0.06065245
0.10329635
-0.027558876
-0.057201907
-0.016548507
0.040992592
-0.06883873
0.092812054
0.079043642
0.086650766
0.11320391
0.11796762
0.051050331
0.15728082
-0.011170707
-0.064370357
-0.034521654
-0.078770265
0.070968725
0.074426696
-0.071342215
-0.16789654
-0.029001448
0.098291621
0.13169014
-0.099919029
0.063300878
0.022254953
-0.082791269
0.016368365
-0.045695387
-0.0070112743
0.06058903
-0.11793884
0.091084734
0.10998772
0.043878186
0.050233312
0.0018349033
0.01417457
-0.025799926
-0.0048084129
-0.035373405
0.0049047875
-0.02339953
0.023636777
0.077594474
0.020243187
-0.045319293
0.070357256
0.030961009
-0.0035133681
-0.022178466
0.013489322
-0.10344907
-0.0020000243
0.0028107285
0.066395119
0.040023893
-0.050553132
0.12369617
-0.077783458
-0.0015867441
-0.06977392
-0.056817837
0.043085102
0.021105925
0.010890509
0.019310204
0.084552787
0.10952421
0.027071223
-0.046766445
0.045924596
0.06071255
-0.053399295
-0.0085345581
-0.072007813
-0.043653764
-0.03981398
-0.025152072
0.089163676
-0.065567516
0.037257351
0.021990702
-0.07485652
-0.0074752322
0.052330051
-0.003468988
-0.13845742
0.017223418
0.019054018
0.027606918
0.058224946
0.048641011
-0.0022160655
0.035455573
-0.032224488
-0.063297734
0.014205207
-0.0029155877
-0.016447404
-0.13533731
0.024274079
-0.05830586
0.099252857
-0.022092761
-0.012625348
-0.021439169
-0.062637612
0.045809831
0.071326315
-0.0523386
0.066801772
0.045159221
0.075846337
0.045653358
0.0482716
0.062247973
0.006349944
0.06144084
0.0079010082
-0.079168089
0.085554518
-0.040255878
0.052455015
0.035267755
-0.032891296
-0.082149848
-0.076689184
0.00059806637
-0.028411457
0.032587364
-0.002910859
-0.1245053
-0.013588503
0.10454414
0.032757863
-0.059135564
-0.023409598
-0.0059917928
0.071241558
0.035904694
-0.13686191
-0.063897453
-0.012603253
-0.076254778
0.075033113
-0.040732369
0.026542809
-0.15218128
-0.024021199
-0.029950339
-0.041921914
-0.039161902
0.044479594
-0.063032262
-0.030917024
-0.018546818
-0.074718408
-0.024382718
0.087196834
0.050774951
-0.02928159
-0.082138762
-0.082617678
-0.062167086
-0.12110239
0.028858691
0.091072671
0.065022141
-0.030234924
0.04828326
-0.033227388
-0.056942102
0.039802853
-0.07065589
0.045735214
0.02386128
0.039544623
-0.018564289
0.021731894
0.022260059
-0.0201184
0.081366807
-0.048522186
-0.052416075
0.045064542
-0.16048008
0.1217052
-0.12667778
-0.020287018
0.02351502
0.0026370252
0.12331782
0.017658876
-0.034040865
-0.052966714
-0.056305233
0.028003516
0.034698721
0.0021619739
-0.021567935
-0.033622876
-0.015155087
0.067181289
0.035317622
-0.045203265
0.07035502
-0.0030421924
0.037961934
0.084349476
0.011226666
0.042841505
0.063771814
-0.0053205099
-0.010320205
0.013848827
-0.081534095
-0.035292499
0.061915383
0.081420764
-0.017615417
-0.041922256
-0.013436578
0.11886953
-0.003237383
0.10096108
0.010615308
-0.028140562
0.052472964
-0.10422668
0.12014474
-0.038197771
-0.074944042
0.072526067
-0.022293609
0.044301569
-0.0092965951
-0.071750812
-0.0022582638
-0.026201462
-0.082700722
0.089394026
0.066347398
-0.0097344685
-0.046079207
0.099130429
-0.06709329
-0.082995668
0.13598655
0.028697444
0.007157315
0.050463349
0.048308879
-0.050937194
0.097955458
0.0057701715
0.060849681
0.05127985
0.051758591
-0.057367645
0.035138018
-0.074239954
0.13890275
-0.018822797
0.023252733
0.03490752
0.1359655
0.087134972
0.030543955
0.026629129
0.10734349
-0.03342925
0.022126375
0.12112942
-0.044519227
0.014335409
-0.004883016
-0.078736708
0.088389069
0.046383265
0.014407157
-0.042719856
0.0055392249
0.08903002
0.041670341
-0.0043709413
-0.059475325
0.05413067
0.033344913
-0.022885373
-0.018667515
-0.010303776
0.053539805
0.039723616
0.040192761
0.025943808
0.0082988869
0.059613552
-0.094108582
0.073687904
-0.0269829
-0.025179297
0.037142586
0.0099592442
-0.062004764
0.037224095
0.059149444
-0.032092143
-0.010610045
0.034545753
0.08288195
0.038885802
0.092016757
0.0084239058
0.064465463
0.02923844
-0.0046451935
0.034055844
0.0099157691
-0.010534945
0.056307189
0.047209281
-0.027898485
0.096019186
0.085498609
-0.09549994
-0.016076857
0.048748601
0.10378265
-0.05881656
0.012332489
-0.075146943
-0.070459649
0.062815242
-0.027475588
0.014537586
-0.025218405
0.048873704
0.062429301
-0.096128568
0.10494301
-0.010970452
0.077293895
0.07753326
0.068512708
0.028947955
0.16341728
0.010803818
-0.11457844
0.029022353
-0.023018392
-0.053661805
-0.038437936
-0.0042657321
0.0012724664
-0.01998209
0.095593236
0.061802387
0.13075076
0.0052904976
0.074228957
-0.034324095
0.081209116
0.030757805
0.0041326266
-0.054273769
0.039143868
0.044717338
0.024006505
0.054713685
0.12455151
0.0035879733
-0.11271533
0.046293862
-0.00011176118
0.12000563
0.029182484
0.013227693
0.041471064
0.01322966
0.028381355
0.035883702
0.0033924447
-0.055273212
0.079888739
0.019501975
-0.098895833
0.11487565
0.03933759
-0.073146969
-0.042911876
0.074198492
0.024516026
0.056544516
0.033802498
-0.045696415
0.046743639
-0.05036892
-0.10788146
-0.0072563291
-0.051050395
0.077529609
-0.046363514
0.1200906
0.025035826
-0.021163927
-0.088707544
0.056724414
-0.0067421761
0.078777514
-0.087944388
-0.003307156
0.045300681
-0.010302668
0.14311008
0.02875831
0.061493479
0.046122681
-0.11889096
0.12014448
-0.038509842
-0.018851109
0.10108094
-0.028753633
-0.043016188
-0.0075402199
0.071194001
-0.074153945
-0.063074537
-0.0018464146
0.037338335
-0.02267646
0.063961171
0.019607985
0.090478048
0.014921544
-0.067444786
-0.090475291
-0.069689624
0.028502895
0.14574763
0.027027681
-0.026868751
0.018423717
-0.0017267116
-0.018432235
0.032170646
0.1093997
0.022198478
0.017786114
-0.055355646
0.05865474
0.10351854
-0.033104282
-0.012320088
0.034508388
0.11673363
-0.091587111
-0.1781114
-0.0055150772
-0.10541903
0.037405524
-0.036461897
-0.018962566
0.046879984
-0.017416351
0.097342446
-0.078857563
0.066284016
0.085251175
0.052577
-0.064055279
0.035674047
0.0029229484
0.083536409
0.18148938
0.024788192
-0.12430908
-0.040388092
0.028943608
-0.067590751
-0.17140618
-0.0039534154
0.063839465
-0.087784126
0.096175313
0.048772071
0.17148782
0.018528135
-0.024793237
0.1239031
-0.11044718
0.045657642
-0.0035340956
-0.097573675
0.0045436514
0.01157363
-0.047524475
-0.11717942
-0.028349243
0.0064332727
-0.0081756804
0.024534451
0.071849838
-0.066289015
-0.02681678
0.16383632
-0.0021908814
-0.033113044
0.010691793
0.059846282
0.0057349973
0.035144277
0.11517419
-0.037769519
-0.076635338
-0.078191608
-0.084452592
0.050886888
0.041150801
-0.085192047
0.036435433
0.11243514
0.031256862
0.087741747
-0.1339363
-0.1128122
0.10978563
-0.053199958
0.055735711
0.019521147
-0.010424164
-0.26482013
-0.040936664
0.11819806
-0.024248451
-0.077182479
-0.0069855098
0.0037596701
0.024264837
0.011415448
0.025151271
0.018123757
0.061426729
0.047925558
0.041559443
0.081042029
-0.03741888
0.064038984
0.0056446372
0.028117601
0.13770773
0.052046701
-0.10118229
-0.065472879
-0.0035080912
0.052509956
-0.15651394
0.16678987
0.09000624
0.016045086
0.085248813
0.075083971
-0.015460542
0.099368885
-0.056283388
-0.021430643
0.028381463
0.049721211
-0.018125879
0.078523107
-0.052725967
-0.040142678
-0.09945602
0.040167429
0.02286604
0.017975548
-0.036919951
0.055209391
0.023059219
0.057607833
-0.022331685
-0.050409637
-0.041352246
0.039633617
0.036851287
0.11133263
-0.082236439
-0.036440723
-0.11157624
-0.012695138
-0.032903332
0.10709263
-0.035716996
0.0044857804
0.0450827
-0.082751498
0.054829512
0.041636851
0.0028752207
-0.12703638
0.014885303
0.088353977
0.068378665
-0.04644081
0.06233051
0.012211929
0.021470936
0.0015261405
0.12456352
0.017154966
0.0094159087
-0.0017280711
0.03075945
0.023288319
0.034297209
-0.01760255
-0.064274937
-0.098516963
-0.11059748
-0.012032781
0.011828492
-0.035701431
-0.11465186
-0.031137792
0.051012941
0.071870275
-0.051724978
-0.024242714
0.12361185
-0.04693513
0.079103954
-0.02916733
0.06015949
0.045553543
0.077135243
0.0355899
0.083589628
0.047221832
0.037368037
0.066489749
0.15896104
0.13341473
0.060395032
-0.050693866
0.036404792
0.10111111
-0.020293429
-0.020618955
-0.03580863
0.044695459
-0.038428377
-0.02047787
-0.015784789
-0.078489766
-0.05415339
0.067994602
-0.10074027
0.010973797
-0.057370394
-0.024691883
0.12094918
-0.098129779
0.13268779
-0.08649794
0.1304927
-0.10103261
0.012640729
0.08852534
-0.016004752
0.07573849
0.046211008
0.0061440105
0.044448733
5.0964056e-05
0.036921754
0.032436498
-0.053234193
-0.10700982
-0.0691562
0.03428771
0.055283066
-0.031962149
-0.05938226
0.087324426
-0.09080264
0.0030198449
0.021424474
0.055430874
-0.035993338
-0.10004955
0.0073883333
0.10328418
-0.042119328
-0.018473176
0.062068008
-0.046312355
-0.020183267
0.079888299
-0.020039178
0.06614475
0.014580205
-0.073359519
0.023311937
-0.055843435
0.027442185
0.057002306
0.031015249
-0.031048695
0.018377595
-0.068956167
-0.017305631
0.0052600456
0.020161739
-0.00046690009
0.073399507
-0.019102037
-0.063601054
-0.054048069
-0.023643777
-0.021078037
-0.086260401
-0.045181844
0.078056015
0.061712243
-0.028290875
-0.037109315
0.022465399
-0.026283156
-0.024812214
-0.003482071
0.032647118
-0.0050868136
0.031714059
0.024193214
0.030932875
-0.081903756
-0.023438936
0.072043724
0.10183778
-0.086970903
0.0013700847
-0.074435227
0.062113993
-0.012797148
0.068895951
-0.044364821
0.013720792
-0.0058418307
0.092416443
0.039389025
0.12620777
0.12110203
0.047630623
-0.097870559
0.058448259
0.12031522
-0.00454325
-0.0022094375
0.087126993
-0.09213645
0.036364857
-0.17029792
0.016701918
-0.0089441044
0.045403257
-0.020147907
-0.049353786
-0.10120487
-0.10316353
-0.019364469
-0.020087859
-0.075116754
0.12222694
-0.019721556
0.097195759
-0.0080246311
-0.12002352
0.040993743
-0.0033775212
-0.044932194
-0.071523748
-0.061343782
0.13072954
0.092698865
0.039149996
-0.041531157
0.063298546
-0.07667698
0.03957298
0.055380229
-0.073973559
0.010566253
-0.14011985
0.042352635
0.039366961
0.033061571
0.044258762
0.016446657
0.054764502
0.066872716
-0.013567593
0.0022375819
0.030947944
0.052698053
0.024426024
-0.021448942
0.05089996
-0.011909249
-0.11605199
-0.035683252
-0.0053371084
-0.099297844
-0.091095068
0.087918736
0.071744025
0.086935386
0.018769938
0.082568042
-0.085657574
0.073240228
-0.026244346
-0.023941148
0.018570816
0.06500946
-0.014822669
0.092710756
0.015032419
0.016964268
0.027531158
0.024936527
-0.033694271
0.029220808
0.046844196
0.061484683
0.0049051265
0.054795507
-0.1371537
-0.043378394
0.0046551684
-0.048806705
-0.032693803
0.068817981
0.032187141
-0.0029090317
0.084866881
0.11127984
0.10954124
-0.054067601
-0.055499662
0.046970632
0.05789239
-0.087590374
-0.046658222
-0.018270079
-0.092798039
-0.018105438
0.047974136
-0.020497579
0.083668098
0.0073212315
0.093201146
0.20258111
-0.036142655
0.0016609572
0.041092575
-0.061856627
-0.010137732
0.042048886
0.031227758
0.0029706422
0.042857826
0.092455126
-0.044958688
0.0010169765
-0.091214083
0.047376681
-0.037884433
-0.025520571
0.042444419
0.035190199
0.038860369
-0.01722322
-0.027129589
0.0046963398
0.041875582
-0.10989495
0.084936246
-0.024723401
-0.11189777
0.015623862
-0.058342785
-0.0094872452
-0.029830161
0.020943299
-0.022028357
-0.11204819
0.087151289
0.075884044
0.057443839
-0.078506276
-0.0094009237
0.0045902953
-0.00099897629
0.086855851
-0.017987598
0.050305679
-0.023251869
-0.0084370505
-0.0035393187
-0.006547323
0.059476834
0.0079617249
-0.011140952
-0.02537805
-0.011082357
-0.1262043
0.034719642
-0.087850064
0.077932812
-0.11283953
0.071026139
-0.12119309
-0.10236328
-0.0025039553
-0.0046448228
-0.1143038
0.058470421
-0.095263407
-0.094408326
0.045694821
0.027262663
-0.033440974
-0.043592937
-0.059352975
0.045755569
-0.051104315
0.0063164369
-0.068966493
0.07950905
-0.027944088
0.043426704
0.03178528
0.034066055
-0.0042370711
0.11950764
-0.015883951
-0.073331289
0.11689834
0.025919776
-0.037202235
0.088447742
-0.045294687
0.033741556
0.0056813937
0.052455567
0.11209054
-0.013288472
0.15494612
0.00061933271
0.054717012
0.0040490841
-0.012251387
0.016207937
-0.062671259
0.056803904
0.021148952
-0.049207453
0.00446815
0.0048958599
-0.065815434
0.040156152
0.1335222
0.094742313
0.0097581241
-0.050913285
-0.10338268
-0.10356252
-0.14080307
0.083662704
0.01113648
0.038870033
0.040602304
0.061477441
0.068977416
-0.062763028
-0.077111825
-0.036603883
0.16072014
-0.033934783
0.10480047
-0.040946249
0.066133261
0.015292468
0.0077391923
0.04419715
0.033937987
0.024946995
-0.049101774
-0.060747005
-0.086753286
0.038597222
0.074269652
0.059466992
-0.055086169
-0.040798943
0.027576871
-0.0019669044
-0.098337896
0.017133068
0.0019971449
-0.02045306
-0.15070087
0.057314634
-0.024233997
0.028649151
0.12897828
-0.18652458
-0.0068344134
-0.0005012519
0.089263104
-0.032557067
0.046779748
0.0054063657
0.074243478
0.048511181
0.11152983
-0.00067448494
0.042153317
0.13735653
-0.21299799
-0.080621772
-0.063640296
0.13303414
0.053973287
0.031233191
0.036455579
0.0086761769
0.041742168
-0.075497344
0.13734154
0.013471776
-0.015678156
0.015467418
0.087778799
0.095475286
0.0040097893
0.00097169424
0.006316789
-0.055820163
0.14748457
0.047446724
0.077441148
0.0077067288
-0.038154472
0.06238639
-0.00049336045
-0.022955917
0.044975668
-0.10383519
-0.097161122
0.070787862
0.025559878
0.019428046
0.18308389
-0.044616781
0.020263439
0.086797699
-0.044239067
0.10048003
0.083077751
0.045213688
0.032480448
0.11524965
0.056870528
-0.0077855061
-0.07114964
0.02885838
0.086585149
0.09675324
-0.098245613
0.055274334
-0.13684316
0.044709451
-0.1033406
0.006468032
-0.018056991
-0.049926832
0.04713133
-0.10310411
-0.035821296
0.0013136556
-0.061513714
0.079579078
-0.012702237
-0.072680905
0.027373491
-0.031485394
0.11387391
0.0050851507
-0.03294355
-0.048993006
-0.090889312
0.0070905723
0.092201971
0.088249952
-0.094904132
0.0066139749
0.026367025
0.030259609
0.013214346
-0.03169113
-0.069751523
0.052583013
0.048902798
0.0036076384
-0.096080817
0.035950996
-0.017525537
0.17238644
-0.05383835
0.15164287
-0.10446627
-0.048529685
0.091503948
-0.061430883
0.10914394
-0.055673659
-0.096168719
0.036797229
0.020059856
-0.081020392
-0.03762709
-0.028134229
0.006007568
-0.11401944
0.011223754
0.15008366
0.031884566
0.13200378
0.06146998
-0.032832593
-0.060964946
-0.079800308
0.033745494
0.0064570708
0.069040015
0.088934235
0.10685165
0.12557635
0.084601432
0.089622669
-0.025562653
-0.0039914255
0.046582125
-0.027746024
0.071936384
-0.074688509
0.18019919
0.037699871
0.042472642
-0.080526128
0.10843324
-0.051662352
0.018245781
0.065533571
0.096829928
-0.18186356
-0.10969854
-0.048579618
0.077315807
-0.040528659
0.090355746
0.0052379086
-0.13268287
0.058168482
0.025397182
0.037617404
0.12931517
0.039346606
0.1155764
0.075806879
0.0024951349
-0.031801846
0.088296898
-0.039908025
-0.083565243
0.013524019
-0.011158866
0.087005183
0.090560637
-0.045720883
0.086561538
-0.00099245366
-0.033018749
-0.011510773
-0.011715956
0.0023231846
0.06392853
-0.037527077
-0.075355574
-0.049980249
0.06181806
0.041437551
-0.0050248662
0.0066538658
0.15242217
-0.020472659
-0.058324017
0.13750075
-0.069518633
-0.031894326
0.04777389
0.0048837373
-5.0804279e-05
-0.075673588
0.034966245
-0.057650857
0.027066035
0.054702852
0.084417932
-0.094792619
0.04991629
0.039828889
-0.05417626
0.042324509
-0.041535735
0.0518489
-0.016319226
-0.010076242
0.04457939
0.086897001
-0.027564898
-0.02303898
0.062154569
0.069155321
0.10790035
-0.07207372
0.066831522
0.038264055
0.020601813
0.080035679
0.11751041
-0.02672342
-0.042481031
0.04648494
-0.013977775
-0.097612955
0.011586445
-0.011021547
-0.072251275
0.066444345
0.0096146567
-0.084782325
0.06411086
0.09350048
0.030291498
-0.0088075502
-0.094447322
-0.025770904
0.13355477
0.08153116
-0.042057876
0.029426321
0.066418104
-0.040364083
-0.0078449808
-0.011402528
-0.045040444
-0.013552899
-0.066589847
0.017681694
-0.048570819
0.0023926334
-0.026500575
-0.023025837
-0.078463957
0.098632693
0.031873696
-0.009469131
0.006309425
-0.10828887
0.051872194
0.091385096
0.024057839
-0.078123361
0.076225512
0.049049344
0.010846979
-0.04487427
-0.025541609
-0.092196442
0.04037552
0.061181471
-0.022923013
0.014165611
-0.066451989
0.0016182605
-0.059116211
-0.049959734
0.083264336
-0.061911963
-0.027123619
0.097220764
0.012581852
-0.023181045
0.02161623
-0.034660731
0.066533171
0.100397
0.055796761
0.046654925
0.017561115
0.048535854
-0.077186503
-0.0020663831
-0.042047016
0.014317
8.3607541e-05
0.057774443
0.01527128
-0.044932242
-0.016976241
-0.011130425
0.041705519
-0.02511245
-0.031212207
-0.02535872
0.048226401
-0.088556617
-0.086266063
0.082782924
-0.048107244
0.082249708
-0.028351819
-0.06654156
0.019759953
-0.031670183
0.033727452
0.0096106445
-0.059486866
-0.046320021
0.010436799
-0.084156632
0.07814309
-0.095398851
0.051889021
-0.049721558
0.034361746
-0.084329307
-0.012308614
0.11427829
0.042848475
0.013073952
0.011636569
-0.04149206
-0.053192932
-0.037051305
-0.03831752
0.010368709
-0.06739115
-0.07816232
0.030518169
0.014298124
-0.014869323
-0.13146955
0.010868233
-0.030186556
-0.070733868
0.027508466
0.10181031
0.01516017
-0.073611192
0.085055523
0.029465225
-0.052160736
0.03989647
-0.062746122
-0.048300035
-0.063848764
0.079004318
-0.061264642
0.017916368
-0.048474237
0.064394109
-0.024687296
-0.031906325
-0.087552398
0.049126539
-0.051818293
0.010631082
0.084060773
-0.0023584084
0.0019096774
-0.08426109
-0.03914142
-0.032036584
0.067585744
-0.049407545
0.023124846
-0.0039270259
0.051486317
-0.034268223
0.09040004
0.007024128
0.0055181077
-0.021957189
0.003124302
-0.082987204
-0.02374821
0.059200272
0.024853358
-0.055292267
0.034412563
0.034036562
-0.056201588
0.017185148
-0.11152947
-0.031791173
-0.053491447
0.059830457
0.0065037729
-0.026253358
0.045681823
0.046006471
0.045240946
0.0046485532
-0.064301521
-0.015264584
-0.054142773
-0.018596899
0.043233488
0.051509663
0.036836509
0.048871521
-0.056300618
0.059409365
0.041585132
0.031631205
0.066293903
0.0042863055
0.032947864
0.066413224
0.081502311
0.02203762
0.035470035
0.047454432
-0.052011974
0.059287373
0.014709193
-0.042444151
-0.039272744
0.012469667
-0.041774347
0.057328857
0.095331714
0.03027988
-0.027933693
0.043827154
0.049422566
-0.11008759
0.061642658
-0.026972322
-0.045221884
0.090108812
-0.016346285
0.052889816
-0.083307274
-0.067063302
-0.063458316
-0.0052465261
-0.012603145
0.05494355
0.054931097
-0.015569772
-0.055511601
0.1054845
-0.096871182
0.053246394
-0.00030652058
-0.011775911
-0.037554033
0.019079851
-0.095160276
0.038142852
0.044957809
-0.03979478
0.058174379
-0.0078234989
-0.068339363
0.13321818
-0.04045397
0.051006384
-0.073760405
-0.0037675621
-0.11034656
-0.018902585
-0.064178228
0.092039414
0.059835777
-0.061396755
0.061268095
0.084090278
-0.066408142
0.026822962
0.046785343
-0.10925436
0.065663859
-0.048700429
-0.016455051
0.022356151
0.031137878
0.07707037
0.058461238
-0.064488865
0.069602765
0.065298758
-0.10055552
-0.021587435
0.11373051
0.080837019
0.01134196
0.0041082874
-0.0038415394
-0.046290789
-0.012731886
0.062515132
-0.026047844
-0.097525261
0.13215846
-0.064920492
0.089369729
-0.047131624
0.017700458
-0.076787494
0.043168426
-0.054145426
-0.03351019
-0.057590373
0.09677393
-0.054575682
-0.025646133
-0.027867464
0.07779935
0.050617188
-0.055494215
-0.0045374138
0.0057590236
0.11636492
0.0048669074
0.061759025
0.10992832
-0.0087809507
0.072051115
0.023893625
0.018027918
0.034585189
-0.016328307
-0.068335027
0.023324624
0.0435431
0.029904025
0.051509373
-0.086961888
0.018554496
-0.0013336162
-0.032878064
0.045568638
0.011403057
-0.051074032
0.022155598
-0.059438456
0.061286692
0.017145948
-0.050158814
-0.066450499
-0.048541177
0.03914652
-0.030324912
0.071878739
0.019952165
0.011925919
-0.0068232496
-0.0018981899
0.002140162
0.046104193
-0.0086228717
-0.028084967
0.097423129
0.081927009
0.067666143
0.054551695
0.065803148
0.03330275
0.03718916
0.017205944
-0.02119009
0.0053824722
0.01637964
0.0040472881
0.021677986
-0.034665134
0.033549409
0.010487291
0.070443876
-0.0060065379
0.040881995
-0.033424709
0.0092926072
0.079165436
0.055695914
0.094392814
0.071989961
-0.0085470257
0.051832937
-0.0087163001
0.030717216
-0.13190685
-0.035580423
0.1095328
-0.013521767
-0.028302131
0.037216909
0.0034775787
0.035923354
0.07032007
-0.066950038
-0.033907652
0.089255996
-0.00015024003
0.12241603
-0.022586601
0.14428005
-0.044723041
0.058650691
0.060298912
-0.013719369
-0.022917634
-0.0070094406
-0.067671128
-0.00090948353
0.071842216
-0.01281473
0.0054816063
0.051789936
0.10021231
-0.03148859
-0.022506485
0.075031862
0.06827338
0.036357716
-0.088021472
0.014483861
-0.031237654
-0.041610274
-0.043357544
0.064896733
-0.053768549
-0.033503402
-0.058917087
0.066836923
0.092500791
0.012456833
0.056826364
-0.013096288
-0.039479736
0.073413804
0.031502128
0.047055386
0.06678462
-0.057795051
0.04790831
0.07310652
-0.12501401
-0.048372015
-0.018011678
0.025392449
0.040216289
0.0044082585
0.017441629
0.089368664
-0.13594121
0.053887349
0.0068186433
0.098903097
0.033410523
-0.065860629
0.087142035
0.042751409
-0.055331949
0.038953219
0.063912369
0.044973031
0.02575116
-0.066193521
-0.0077145109
0.067377977
-0.091798946
-0.053337712
-0.04405839
-0.11015461
0.059088875
0.11348481
0.083093062
0.028097494
0.033826131
0.0388317
0.040204789
0.0022926987
0.0084897578
0.040377904
-0.12513064
-0.042045034
0.069745421
0.046560097
-0.00049761252
0.13645852
-0.1094371
0.15042624
-0.015988773
-0.0010006478
0.067465015
-0.0081656119
0.0022385763
-0.05549264
0.020013345
0.013522102
0.075900644
0.092974342
-0.0011184519
-0.00091691979
0.046026293
-0.072811954
-0.10253025
-0.022854781
-0.066033378
0.052433815
-0.0064856443
-0.0098743765
0.0065305522
-0.025996674
0.049574982
0.10222326
-0.025036631
0.013572335
0.010206973
0.037654236
-0.0016108314
-0.028254012
0.024580507
0.06223087
0.10638855
-0.0028386544
0.09523356
0.063080356
0.095044106
-0.06383165
0.00178085
-0.075362898
-0.057097394
-0.031275667
-0.03930736
-0.042196494
0.063606001
0.13545556
0.025002055
0.14063925
0.0059612393
0.017964406
0.011935124
0.069088973
0.0084334761
0.0063931365
0.078151226
-0.086501703
-0.075398512
0.065613598
0.059343599
0.09320043
-0.011798611
-0.13393882
0.13454266
-0.019969955
-0.072543412
0.0068162656
-0.0770289
0.047434196
-0.013015256
0.009951313
0.066147231
-0.044917468
0.081701942
0.15898678
0.0019626867
0.0073317736
0.0016318392
0.098377123
-0.12547292
0.0022557075
0.043937672
0.011023563
-0.088496603
0.055470679
-0.11455218
0.061888173
0.020627892
0.011435531
0.080431156
-0.070196591
0.015282644
0.022981208
-0.04024462
-0.011235293
0.026843427
-0.024212213
0.059107956
-0.045494556
0.066432238
0.015830638
0.017348945
0.049364589
0.086961776
0.092511885
0.049717586
0.086017869
0.12871721
-0.086153507
0.096181281
0.06136832
0.064885035
-0.040728826
-0.046860989
0.031259384
0.053816553
0.037086967
0.10010304
0.040131465
0.0042496109
-0.050129626
-0.051536098
-0.028096192
-0.0064011831
-0.0045340145
-0.042284284
0.0078904917
-0.015135632
-0.061510764
0.030763196
0.09887027
-0.019937471
-0.0095937364
0.036212441
0.013994899
0.040658787
0.01076539
0.028924689
0.0083769495
0.0067190756
-0.089281313
0.045011833
0.022896359
0.14546996
-0.010621998
-0.019124923
0.019845171
-0.064940184
-0.039855108
0.0096639963
-0.081864469
0.02345586
-0.014929829
-0.057744395
0.0012437298
-0.021674253
0.005653379
0.01023326
0.054540038
0.10836308
0.077283852
0.057966333
-0.043480556
0.067001224
0.051273093
0.055143468
0.087342471
-0.035249509
-0.077302448
0.053951878
0.020495167
-0.043778755
0.033761915
0.030903604
-0.0043319999
0.062162016
0.043311801
0.11236227
-0.0080575226
-0.08614409
-0.11255502
-0.040294938
-0.01890194
-9.2777576e-05
-0.10195603
-0.087578945
0.010613386
0.058059495
-0.074711718
0.034043625
0.055764303
0.045119874
0.12497918
0.11825674
-0.0091752941
0.071699128
-0.0068709613
0.028065832
-0.030796284
0.06650994
-0.042467508
-0.0056378599
0.012111636
-0.057160642
0.094766915
0.020174528
0.057201888
0.01880035
-0.0052325348
-0.070605889
-0.086572737
0.086785294
-0.051951833
-0.0049641901
-0.014884264
-0.0073716771
-0.05188283
-0.040135104
-0.0035028022
0.086757317
-0.0016387638
0.08972536
-0.072422065
-0.11051092
0.018125908
0.091420569
-0.018096821
-0.0038357524
-0.057077013
-0.019303178
0.023300426
0.10709506
0.011565058
0.0055078943
0.00031375996
0.046917532
-0.01483138
-0.019427998
0.046699673
-0.083326846
-0.031645425
-0.019857381
0.12210215
0.040530071
0.0077789971
0.01796769
-0.037975587
0.023396591
-0.022135645
-0.052402861
-0.037815791
0.047566418
-0.01254237
0.024683394
0.091770045
0.073311768
-0.020582519
-0.022220656
0.0026033523
0.0087911012
-0.087501518
-0.029533135
-0.12017936
0.038919669
-0.020426931
0.07929372
0.02762172
0.024901368
-0.011054683
0.069060631
-0.03014729
0.010165886
0.048601314
0.045813221
-0.084868863
-0.04632679
0.058505245
0.041186251
-0.011861585
-0.049762938
-0.0020726102
0.10994355
0.0067029819
0.044755135
0.029113907
0.025604686
0.047703039
0.062509716
0.022606544
0.039816391
0.047100056
-0.0053843348
0.035792328
-0.020996002
0.056723338
0.033402991
0.05345
0.087264165
0.11591067
-0.015163049
-0.052716594
0.064558528
0.033735126
-0.009815501
-0.039184466
-0.027398812
0.026190927
-0.0040319976
0.045500413
0.0044983313
0.035233628
0.042724352
0.090770423
-0.040115632
-0.082078189
0.11078647
0.094169989
0.06878785
-0.031187302
0.013660761
0.092982173
-0.015394755
0.12298094
0.10068884
-0.10503107
-0.019947486
0.029426035
-0.045001831
0.020067807
-0.01725355
-0.0083216587
0.069615602
0.033596795
-0.057184089
0.001301824
0.014945984
0.083325781
-0.029406015
-0.026046058
0.055144813
-0.024992518
0.06176687
-0.023330409
0.012932505
0.0997582
-0.015116486
0.031423248
-0.030048227
0.067738257
0.028001677
-0.031330284
0.044376377
0.018400585
0.072453864
0.0071678846
0.016214075
-0.039759111
-0.097839311
-0.024627404
0.0028556997
-0.034096569
0.045702569
0.033191118
-0.092128992
0.078603387
-0.099709772
0.063226573
-0.068112545
0.0010083957
0.014908234
-0.0069329697
-0.070304282
0.024750775
-0.01240488
-0.067200758
0.1007594
0.087370634
0.079786271
0.0022040729
-0.022239601
0.051756732
-0.020909654
-0.0063438169
0.054499302
0.025976742
-0.032697435
-0.044931382
-0.022580246
0.020246862
-0.044235069
0.059529111
-0.027469819
0.091513649
-0.011218389
0.015173565
-0.061798036
0.10602538
-0.078221887
0.052487772
-0.0023431026
0.083723478
-0.0032164729
-0.081638679
0.019084906
0.010904879
0.051660363
0.13367549
0.042618088
-0.085969158
0.091271646
0.063868716
-0.074712917
0.061085012
0.094557464
-0.050885815
-0.068355002
-0.14588763
-0.088003404
0.020315064
0.014770355
0.025913903
0.073226683
-0.043812208
0.072551705
0.007727528
-0.0064234422
0.022009017
-0.017025521
-0.099104792
0.010134888
-0.021782234
0.028841665
0.054094538
-0.021643287
-0.065578476
-0.064576723
-0.002273371
-0.05877497
0.10007405
-0.16834077
0.13905028
0.046090379
0.07705082
-0.055287097
-0.033080466
0.049509168
-0.082455687
0.040966269
-0.12550043
0.013104655
0.092373259
-0.04492062
0.031276856
-0.041081447
0.047129773
0.0051846374
0.0050365878
0.10951557
-0.061529934
0.047742765
0.014947318
0.050649524
-0.069262862
0.025990276
-0.0013987722
0.037383772
0.051885292
-0.055998065
0.072769836
0.025631471
0.10526891
0.15755747
0.05821573
0.093241267
0.10159609
-0.11728034
0.046616979
-0.040178638
0.12390903
0.011664567
0.035023261
-0.019087898
0.054543793
0.054605652
-0.063564584
0.079683363
-0.032607257
0.089631952
0.034592927
0.022538727
-0.0088297753
-0.013401163
-0.010242539
0.054430556
0.052531715
-0.048979491
-0.083035514
-0.00010241182
0.098234512
-0.020512717
0.043059271
-0.017113166
0.031111155
0.13657936
-0.132991
-0.056382
0.037453156
-0.00093425938
-0.11716164
0.041880559
0.089343943
0.040494449
0.060469244
0.033436816
-0.024106203
0.12006421
-0.1169847
0.10404529
-0.11213326
-0.064030096
-0.0098113026
-0.019904785
0.023171687
-0.08821816
0.020845789
-0.085198887
-0.11745783
0.083733529
0.081703864
0.080636881
-0.018775722
0.049084872
0.020157801
0.098776616
0.077009432
-0.054681461
-0.11179826
-0.020536477
0.023749242
0.072537132
-0.043336485
0.070815779
0.069430508
-0.062865928
-0.026884509
-0.05580109
-0.051089175
0.022558404
0.034087859
-0.0037854242
0.043151658
-0.01929033
0.036562476
0.043840252
-0.010778275
-0.032844298
-0.097817242
0.030577775
0.013784878
0.024495071
0.025957417
-0.034530975
0.104583
0.069631711
-0.010222625
-0.058537476
0.057565309
0.0089273173
0.08353401
0.0098606348
-0.045316197
-0.015155138
-0.045263823
0.022439728
-0.043486383
-0.016534166
0.028230898
-0.013843932
0.016214166
-0.0081605976
-0.1355783
0.086958706
0.01546584
-0.049766082
-0.021415906
0.053629614
-0.076115735
0.0010664689
0.10787877
-0.084562525
-0.015600906
-0.090269409
-0.0065360619
0.030303659
0.014884761
-0.0056244531
0.036537901
-0.048379954
0.026384758
-0.053566523
0.084343895
0.02463818
-0.03600321
0.027583022
-0.011783921
-0.0076378663
0.077858403
0.079861179
-0.037706129
0.031711865
0.0050051208
0.078802243