0.00059361814
0.055101659
-0.029784579
-0.022977196
-0.020093272
-0.043943673
-0.11743866
-0.15284151
0.082592666
-0.098521776
-0.14728259
-0.051966727
-0.0054994384
0.054157935
-0.006500815
-0.034192417
0.050080415
0.037921742
-0.023091709
0.092808343
0.0033833114
0.053676281
-0.04140719
-0.041449796
-0.0061403499
0.0067850188
0.049280412
-0.038001928
0.037914503
-0.092600726
-0.055375773
-0.20340641
-0.08527787
-0.039372101
0.082084894
-0.067586012
-0.14411713
0.027548987
0.0087342346
-0.0071412469
0.093414098
-0.060235232
0.056923047
-0.13822617
0.0022791096
0.13019787
0.048308708
0.051003423
-0.087514415
0.016795987
-0.0020691173
0.051685344
0.13544321
-0.045688398
0.05575791
-0.048642457
0.048807371
-0.035136089
0.087737173
0.0044622133
-0.022882588
-0.031670861
0.051644661
0.05948573
0.0362374
-0.068106726
-0.033383761
-0.081311367
-0.067383878
-0.051296141
-0.059284281
0.062779255
0.071213655
0.0012508017
-0.0093277497
0.069724828
-0.21065864
-0.01674206
-0.12179437
-0.049706701
0.054521758
-0.0073606856
0.07881052
-0.052653436
-0.043580446
-0.091065876
0.035115737
-0.10948407
-0.017390976
-0.0066210264
-0.014395054
-0.057813153
-0.056341972
-0.03012244
0.038422003
0.063074216
-0.0028573375
-0.070573702
0.010595807
-0.063199081
0.026565645
-0.028706299
0.083066851
-0.047781412
-0.05694142
0.0052921143
0.035987183
-0.026916666
0.066488214
-0.1345574
-0.049872529
-0.0010136274
-0.024708346
0.076869905
0.042589966
0.055891085
-0.010707094
-0.044501349
0.16073515
-0.039690349
-0.11502685
-0.062554568
0.010197363
0.069606207
0.026337855
-0.086270593
0.020786026
-0.013093926
0.034890193
-0.010865145
0.094922721
0.04074385
-0.11863916
0.069989413
-0.031252056
0.065828905
0.084116809
-0.082793228
-0.0086259348
-0.0069556823
0.019377638
0.064960442
0.0046599433
-0.030193692
0.092284054
-0.10045417
0.068011783
-0.057966176
-0.060519982
0.097011507
0.097558327
-0.070657298
0.087706871
0.080292568
0.025563432
0.0112545
0.098576553
-0.050717071
-0.095626675
-0.027760269
0.024085712
0.013678169
-0.02391926
-0.049709387
0.048407745
0.066228673
-0.036833424
-0.010095081
-0.044402841
0.068367161
-0.082582779
-0.068696141
0.13142017
0.059320323
-0.025784053
-0.0038032008
0.069964938
-0.086238474
0.06032363
0.047600556
0.10000875
0.01326163
-0.036437005
-0.048808567
-0.069577612
-0.048831698
0.012450346
0.076641239
-0.031569302
0.12071913
0.048737589
0.077788696
-0.094245158
0.10975938
0.080674201
0.056305964
-0.047551993
0.022690775
-0.0029197638
0.051507201
-0.043304361
0.070695691
-0.05984804
-0.016614817
-0.050721556
-0.0061469022
-0.034800157
-0.02810728
-0.093823746
0.092369646
0.093205556
-0.061743978
-0.02842728
0.054470472
0.011510216
-0.015692329
0.011532003
0.08251939
0.072459877
0.029842384
-0.0045153787
-0.01984374
-0.016682925
-0.075701751
-0.010554884
-0.02401169
0.012056142
-0.0078334324
-0.080394015
0.061382513
-0.08161813
0.071477734
0.030908857
-0.14152151
0.0013583587
0.13041958
0.00034872105
0.04900042
-0.0031097853
0.036596116
-0.028407266
0.026537122
-0.014996896
-0.015692437
-0.055080909
-0.010350661
0.091411456
-0.0096057868
-0.019567605
0.023546945
-0.0057767178
-0.040482704
-0.0036291133
0.057827536
-0.050055988
-0.10834594
0.014250363
0.034321379
-0.10598568
-0.057432462
0.04169355
0.013253734
-0.084143549
0.16110286
-0.097943999
0.047912981
0.025144199
-0.0086047519
-0.019027794
-0.023773335
0.095333472
0.097661763
0.001198238
0.04040077
-0.18871856
0.076979846
0.072530225
-0.0046075219
-0.00063086377
-0.033457756
0.073050626
-0.022777118
-0.11593708
0.096415862
0.080327004
-0.10908223
-0.10165589
-0.046775561
0.022699671
0.032216933
0.044411976
0.053584918
-0.01393966
-0.081391372
-0.0057489322
0.042125143
0.060736585
0.089280337
0.017881704
0.066646889
0.050328095
-0.0015460734
-0.011162358
-0.094423428
-0.038861368
-0.039980199
0.065003455
0.0149185
-0.13292742
0.00050939183
0.0006476132
-0.019631714
0.075331412
-0.070837021
-0.12588009
-0.071586929
-0.02206823
-0.10075085
0.05481749
0.043788847
-0.018234866
0.056002095
0.056476284
-0.029294068
0.05071079
0.027797209
0.091257639
0.047885694
-0.068773217
0.038856149
0.031498283
-0.0056943158
0.1170067
0.060443487
0.072286688
0.016290123
0.017882247
0.068461932
0.043988034
0.017768076
0.027295351
0.014944577
-0.066526785
0.0040732361
0.058536611
0.013047875
0.017618418
-0.15820603
-0.071562961
-0.0047002393
-0.0085507976
-0.0053486675
0.13859192
-0.042787593
0.057845592
0.057933573
-0.053188033
-0.017073195
0.06998691
-0.12066157
-0.096655354
-0.0043184487
0.04585813
0.020655392
0.069115452
0.053713046
0.12023836
0.052222006
0.11666562
-0.030756641
0.07119932
0.053998899
-0.040662725
-0.045671031
-0.028344141
-0.057024173
0.091334172
-0.059921499
0.013064898
-0.050903939
0.03838975
0.047410656
0.11897838
-0.025297839
-0.027341891
0.043459937
0.014256798
-0.00680512
-0.12478277
0.098936163
-0.021869881
-0.003342757
0.10033675
-0.054959994
-0.053217035
-0.067977756
-0.11677212
0.10714366
-0.11356416
-0.052206147
0.033008333
0.033686463
0.057572354
-0.1052947
-0.034196921
0.03733252
-0.07107453
0.067921326
-0.035985805
0.0044296705
-0.030870654
-0.079198338
-0.015051837
-0.021589255
0.029201351
-0.0054373513
-0.064747527
0.033925049
-0.073185243
0.019857062
0.091813304
0.053334411
0.054681193
-0.045085981
0.072689719
0.025638359
0.042126529
0.018770393
-0.02684046
0.11197116
-0.075136244
0.095976755
-0.057505481
0.032502256
-0.036551215
-0.044341173
0.1156981
-0.053869773
-0.083664373
0.076034106
0.024416614
-0.011811793
0.094561107
-0.039264757
-0.1027039
0.059486873
0.046277177
-0.0038041822
0.062270496
0.015492395
-0.011406038
-0.067323975
-0.099590413
-0.086749673
0.045779396
0.093492582
0.068244241
0.0097101405
-0.099034518
0.070397764
-0.029428992
-0.0031806747
-0.030783959
-0.051970106
-0.082508728
0.040129509
-0.024620358
0.00062676432
0.083378747
0.017239293
0.11197136
0.07287132
-0.0080288863
0.012489268
-0.014196817
0.058766451
-0.012579646
-0.13676615
0.075447962
-0.031100169
-0.01331891
0.043454699
-0.036990885
-0.010841274
-0.015803037
-0.036872763
0.0082286773
-0.053413074
-0.072690628
-0.040285185
0.050612882
-0.033121895
0.073909067
0.0080142636
0.0095794694
-0.061201785
-0.083858922
0.044873174
0.072081454
-0.034907121
-0.048444454
0.067125887
0.049698293
-0.024922865
-0.022002067
0.14268753
0.016256167
-0.03122939
0.12752236
0.068373822
-0.01817362
-0.027677275
-0.14102638
0.046532445
0.048435204
-0.051667031
-0.090213589
-0.057788935
0.099359103
-0.064310402
-0.06150334
-0.095578723
0.10282403
0.077684015
0.017447039
-0.034399468
-0.019169886
0.0025555217
0.0050908816
0.038520984
0.0092713488
0.062260959
-0.089223079
0.054903641
-0.026272291
-0.064150386
0.0024275391
-0.050874516
0.0038076837
0.00097016594
-0.01851787
0.11550914
0.10408002
0.13912793
0.067077845
0.15192467
-0.044814203
0.019251969
0.040388487
-0.0091412412
-0.017572695
0.032660093
-0.13624522
0.042036191
-0.088112548
0.011963592
-0.055690367
0.070237719
-0.093335621
-0.017057665
0.025676919
0.031126225
0.041312557
-0.012731756
-0.031374957
0.01408565
0.079915494
-0.008878842
-0.037822217
0.087839112
0.0034879353
-0.047543485
-0.014487708
0.14678214
-0.070179015
-0.05306384
-0.022909233
-0.030303653
0.090597503
0.11349287
0.01930083
0.12134092
-0.11017147
0.052950431
-0.031905644
0.078142315
0.15945546
-0.11897862
0.045838106
0.019035662
-0.01873699
0.077514276
-0.025971118
0.029672066
0.026653478
0.014517877
0.081779033
-0.049957622
-0.0034983011
-0.028701494
-0.01821411
0.057320099
0.021214418
-0.090752058
-0.066822201
0.074603379
-0.12115683
0.042674683
-0.027305201
-0.042387813
0.03423138
-0.063565359
-0.051296167
-0.02145391
-0.090306975
-0.014408961
-0.0049062357
0.03988215
-0.048099387
-0.06470377
-0.096887015
0.032170918
-0.0036999513
0.013202975
0.023687929
0.038660906
-0.045604937
0.13272274
-0.079095438
-0.063260399
-0.095760293
0.10670387
-0.097105905
0.10525548
0.099924393
-0.048024867
-0.1246633
-0.050523315
-0.13128345
-0.06934274
-0.099098451
-0.079952605
0.020684909
-0.11365016
0.032813571
-0.033590667
0.059580337
0.048280314
-0.0098558953
0.025438439
-0.00184004
-0.031190703
-0.023763189
-0.0083622579
0.10159339
0.09198238
0.085186712
-0.057634659
-0.10925198
0.012172591
0.092868842
0.12722793
-0.024039894
0.0076558455
0.081999578
-0.068091393
0.070357919
0.067789033
0.055335954
0.056202367
0.10090096
0.069472067
-0.00187577
-0.01967385
-0.0036188348
0.04797975
0.14530221
0.094095521
0.048418015
0.010697822
0.081191629
0.067869619
0.093046926
0.10335188
-0.060947265
-0.15368259
-0.12452212
0.028257795
0.038284101
0.040866658
0.072082765
-0.031131813
-0.0030901276
-0.0095663443
-0.11358939
0.095643386
-0.044007994
-0.063541636
-0.045842547
0.043410957
0.026515614
0.0057700975
-0.069398455
-0.006197291
-0.13021144
0.0076242634
-0.0091587584
0.026307156
0.06748607
0.011452036
-0.089744776
-0.031540368
-0.0061216075
0.064701959
-0.098290212
-0.10321802
-0.01438304
-0.092305824
0.03114867
-0.095531061
-0.027402375
0.022313878
-0.040831797
0.058939662
0.0079335626
0.030617641
0.0033664086
0.089624316
-0.0010141337
-0.075308092
0.012080972
-0.051216993
-0.058560401
0.080536939
0.056398459
0.031672917
-0.03751985
0.050694104
0.092690632
0.080828227
0.037067335
0.054577712
-0.034156993
0.060128484
-0.074571013
0.06916903
0.092351571
-0.05354584
0.064331181
0.048367266
0.069798298
0.0014128954
0.078142881
-0.020027507
-0.0804957
-0.097590536
-0.053959753
-0.023585625
-0.046125557
-0.060880926
0.0036186657
0.068733968
0.0045574894
-0.083823636
-0.020105576
0.067941949
0.030288206
0.053778306
-0.049282771
0.039103944
0.030430917
-0.23453841
0.052874386
-0.050733682
0.031204976
-0.06271033
0.02024918
0.039476361
-0.057992637
0.11179806
-0.021550409
0.12881467
-0.041118246
-0.027083583
0.061893079
0.13152777
-0.021093329
0.10029078
0.023122251
-0.066627897
-0.045726866
0.054691359
-0.060000397
0.021945436
0.024448546
-0.014134444
0.043836586
0.0057304543
-0.037881617
0.093909189
-0.0020847744
-0.051767379
-0.012989611
0.10933714
-0.10957383
0.016103813
0.024199501
0.053953692
-0.009331041
-0.074139096
-0.048580918
0.041015558
-0.037750017
0.025447479
-0.084050946
-0.01917492
-0.0033613634
-0.042205811
0.050460439
0.13228761
-0.064488225
0.064118825
0.039159629
0.077583656
0.012821593
0.086938225
-0.070376448
-0.053117808
0.097203553
-0.10761926
-0.063309632
-0.090625711
-0.013723821
-0.10272714
-0.017756784
-0.02991063
0.048938926
-0.063793436
-0.018552247
0.084874675
0.019256152
-0.0018898337
0.055106677
-0.0574596
0.10207231
0.13027139
0.060359716
0.010658428
0.036411118
-0.13840108
0.039352387
0.036699481
-0.024075283
-0.023991978
0.053821247
0.0013035687
-0.010891507
-0.11162317
-0.046754185
0.0056207292
0.15190101
-0.027313523
0.00042443382
-0.018312942
-0.0343467
0.15148368
0.076947741
0.07161893
0.00047032896
-0.022260116
-0.072977945
0.032905187
-0.018002668
-0.025321633
-0.085643493
-0.0438843
0.091369331
0.044869568
0.017733561
-0.023609476
-0.019430092
-0.064142331
-0.024905315
-0.026809007
-0.057683256
-0.031609572
-0.073120601
-0.04364172
0.011153589
-0.02245337
-0.0032020228
-0.021195987
0.056194291
-0.03801357
0.06973695
-0.049856842
0.060643699
-0.061763935
-0.06116822
-0.064292215
-0.01776186
0.048096083
-0.15397321
-0.22976589
0.030213308
-0.083068587
0.021512767
-0.063848868
-0.098705411
0.11876391
-0.16427281
0.089505352
-0.097115904
-0.0069259787
0.048384838
-0.036337636
-0.014692698
0.097199827
-0.085621215
-0.041105065
-0.12315445
-0.079517327
-0.0012808236
0.06491068
-0.078664899
-0.053669069
0.027074594
0.028751044
-0.013932092
-0.034108937
0.097027168
0.13286057
-0.028148234
0.092197321
0.024587983
-0.030572727
0.1819531
-0.022628073
0.029943062
-0.016211629
-0.011554819
0.11580863
-0.0099388808
0.050735608
-0.12030999
-0.071567245
0.079595141
0.024012752
0.042493697
0.029182578
-0.011676914
-0.032192454
-0.071876235
-0.0847551
0.024120018
-0.13955684
-0.016472587
-0.10614257
-0.15791039
-0.0097072795
-0.029547812
-0.048819054
-0.0081290435
0.01982021
-0.02250864
-0.09694472
-0.01274407
-0.00054212159
-0.01009326
-0.086104855
-0.0046286806
0.081996918
-0.058543701
0.023671808
-0.10419752
-0.064567402
-0.0052476767
0.012829274
0.050954442
-0.047612321
-0.096543647
0.036860209
0.01969737
-0.042615719
-0.090214841
-0.034232669
0.11137231
-0.076225929
0.054858256
-0.0016327314
-0.073816627
-0.021249022
-0.1196116
0.053127211
0.048545528
-0.1880157
0.032498673
-0.23892489
0.041205097
-0.015407038
0.038805392
-0.019910049
0.09646941
-0.063394651
0.046979286
0.018955829
0.042894706
-0.13153853
-0.0099243736
0.0245119
-0.0061448081
-0.03477541
0.029205699
0.068885244
0.00744372
-0.032861244
-0.13605309
-0.020484097
0.012774853
-0.11365052
0.0023281092
-0.079897352
-0.0089399498
0.069301665
0.069764808
0.018339025
0.10161383
0.073878773
0.014121069
-0.095057957
0.032151163
0.10642854
-0.061869632
0.12292754
0.00059446337
0.0072248043
0.06076733
-0.016636573
0.10382124
0.19052255
0.092519306
-0.021470618
0.0073675625
0.14648397
0.00066132797
-0.095440209
-0.047592293
-0.083321512
0.066313162
-0.052213781
-0.18313056
-0.020556381
0.087528661
-0.13914438
-0.06387978
-0.038972314
-0.036190663
-0.08012028
-0.05106014
0.023242477
0.069437489
-0.036861368
-0.03441846
-0.085417591
0.082164206
0.096656524
-0.057049844
0.059770502
0.077108607
-0.033247326
0.13918456
0.08602266
-0.0087236799
0.07450854
0.092902564
-0.028950155
-0.12921661
0.023755243
-0.14928426
0.045639709
0.098161958
-0.10709545
-0.14019303
0.036849208
-0.02948598
-0.014872563
0.028174929
-0.032553971
-0.0073734201
0.0029047271
0.030222477
-0.063776061
-0.0068377461
-0.11303858
-0.013412115
-0.054611504
-0.025859213
-0.091490805
-0.025041461
0.12173073
0.08411786
-0.044316947
0.10516119
-0.024054138
0.043491978
0.03263139
-0.08085119
0.044318009
-0.046465669
0.014607487
0.03690118
-0.036312934
0.092504874
-0.035316318
0.041809842
-0.054820787
0.063872546
0.058130704
0.046202797
-0.097917974
0.058429692
0.049403857
-0.0094638299
0.10584915
0.069920391
0.048275225
-0.055296928
-0.10401455
-0.04969335
-0.06853155
0.11246224
0.0088735316
0.02964006
0.15014847
0.076281816
0.011741627
0.11890977
-0.049210031
0.02066958
-0.075224638
-0.13000634
-0.029288448
0.0761149
0.014510334
-0.0054812217
-0.059647758
-0.0036568609
-0.078774855
-0.098047368
0.042426556
0.13829432
-0.0066058254
-0.048012491
0.083822988
-0.010193209
0.03112972
0.030802105
-0.013802541
-0.031070357
0.11151738
-0.021556312
-0.11031288
0.051793706
-0.10670902
0.092119761
-0.098204732
0.052287351
0.047056057
-0.029193331
-0.057169348
5.9085927e-05
0.12749447
-0.013075731
-0.058309887
0.037351441
-0.0029849464
0.094586074
-0.06373129
-0.14786707
-0.009126802
0.032629784
-0.041185141
-0.16185334
0.063495882
-0.044450194
0.00056776509
-8.4393949e-05
0.085346662
-0.046636298
-0.069063075
-0.07323397
0.0053590424
-0.042286109
0.0055640475
-0.070602551
0.1070621
0.091003336
-0.0012385383
0.10630542
0.089817375
-0.10745003
-0.060873158
0.055505112
0.0031926464
-0.0038293831
-0.016445791
0.050393362
-0.11306788
-0.10128954
-0.043707505
-0.0024066966
0.075383388
0.056670293
0.01024207
0.07286384
0.018034961
-0.046662863
-0.069022618
-0.10850941
0.062617846
-0.038679738
0.025883332
-0.014417415
-0.056813713
-0.055785846
-0.054349322
-0.024956303
-0.033636354
0.067889556
-0.08798191
0.054388493
0.053194076
0.10224903
0.067547619
-0.029467348
0.070329547
-0.017073672
0.057578668
0.018133579
0.050455291
-0.0044890535
0.066820949
-0.020838408
-0.061546035
-0.0025707153
0.12080357
0.00091301248
0.047162369
0.10571701
-0.0029394699
0.021563832
0.0016049735
0.033075523
-0.046722643
0.032562409
0.038908832
0.091576941
0.024951482
-0.00050577184
0.013745952
0.0092477463
-0.065880217
0.087408848
0.10288772
0.11962422
-0.014975475
-0.039398137
-0.064777926
-0.087751731
-0.044482425
-0.078812882
0.059611846
0.0050706724
-0.09936583
-0.0048983721
-0.070731066
0.008325641
-0.029750472
-0.029933702
0.033293255
0.018402087
0.065231428
-0.11618845
0.049908955
-0.055008754
-0.031529248
-0.033969838
0.0083480291
-0.073350988
-0.018468905
0.03094361
0.11102978
-0.07905145
-0.079609081
-0.086336069
-0.01175283
-0.027685568
0.035151388
-0.036777388
-0.011248657
0.0096197128
-0.02538548
-0.0754783
0.084340081
-0.020866282
0.034235671
-0.059547424
-0.035956711
-0.042951502
0.062187653
-0.0091569042
0.073994711
0.071743101
0.0039413255
-0.049276136
0.068089508
0.022924628
0.03477478
-0.070992298
0.13608098
-0.015743218
-0.010596768
-0.092648216
-0.12382013
0.092282198
0.099249236
0.088329948
-0.026676338
0.15474033
-0.0015007972
-0.1881427
0.00042797558
-0.019853191
0.079929233
0.10847496
-0.020432968
-0.031453226
0.077161491
-0.082850777
0.06411989
0.043350521
0.078594118
0.012215831
-0.022509707
0.006574126
0.073423661
0.074809752
-0.016539371
0.0043385075
0.011464971
0.023471162
0.10063641
0.015971871
-0.16979012
0.026105985
-0.10119612
0.065078571
-0.025276352
0.036627367
0.15188858
-0.018871142
-0.052803114
-0.01403831
-0.031972773
-0.010206188
-0.011052622
-0.14048964
-0.029533431
-0.053825043
-0.019995796
-0.088580057
-0.023734972
0.0067716762
0.053801399
-0.1250087
0.12611935
-0.061132159
-0.0010150657
0.0057509164
-0.019458871
-0.11061329
0.01244441
-0.087785996
0.0071376548
-0.07637877
-0.076378584
-0.048358127
0.12086407
-0.020198569
-0.029040063
0.010991592
-0.089701019
0.022142826
0.040932134
0.048645783
0.076828279
0.056923546
0.018160803
-0.050920151
0.053721994
-0.13677378
0.055513307
0.089176454
0.096220128
0.051336661
-0.018339802
-0.010805117
0.048373338
0.026196726
0.06956251
0.075514734
-0.044645581
0.090667807
0.020320846
-0.079379782
0.0084302435
0.042971805
0.01875137
-0.072016783
-0.036602546
0.080697097
-0.036300197
0.043655831
0.093171835
-0.029960472
-0.011521377
0.065305091
0.086887643
0.02220081
0.0033162765
-0.016168293
-0.04264795
0.0032438012
-0.040285528
-0.058645383
-0.054611199
0.049694058
-0.02414776
-0.048003249
-0.023015184
-0.063036636
-0.058761366
0.039245933
0.054590367
-0.046128802
-0.0037959693
0.0085806949
-0.094940238
-0.0042801914
-0.050841272
-0.05504936
-0.061434824
-0.048973251
-0.022746759
0.037386898
-0.047443517
0.04825595
0.047933713
-0.057182506
-0.030833682
0.021071436
0.032667253
0.016398115
-0.013282114
-0.055588868
0.033428676
0.0065117823
0.045766015
-0.034934361
-0.042821784
0.030176943
-0.073323004
0.072895758
0.039348964
0.088527329
-0.025675721
-0.046256643
0.02878418
-0.012913444
0.033217423
-0.045739911
0.031761024
-0.0036383979
0.042786848
0.028336817
-0.045914762
0.1217865
0.074864924
0.028302331
0.067461535
0.088249117
-0.026540415
-0.018738383
0.030196881
0.0033169873
-0.029374626
0.049842138
-0.029450491
-0.05161484
-0.08449363
0.0074045765
-0.0023518386
-0.054294568
0.074379072
0.072289363
-0.0055704438
-0.055536903
0.050465621
-0.059488632
0.046949983
-0.015050946
0.045682147
-0.063472964
0.031221449
0.077337913
0.061728436
-0.067162082
-0.048010487
0.15154979
-0.041538972
0.080236942
-0.053554654
0.071282871
0.072987378
-0.09776628
0.015650887
0.091705315
0.044426009
-0.023197446
0.067888841
0.018245397
-0.03869145
-0.065672234
-0.011320633
0.04685498
0.012349248
0.022069905
0.086545624
0.043852136
0.098139867
0.09352164
0.07386861
0.12465551
-0.057932202
0.13732398
-0.043810144
-0.0077776453
0.013381271
-0.11439916
-0.020109851
0.023454877
0.024893472
-0.086437322
0.046981957
0.072259828
0.035847545
-0.041064207
-0.00091324013
0.074529521
-0.069211736
-0.08953514
0.060756352
0.091064557
0.0087686181
0.045669325
-0.043130118
-0.030257052
-0.022598151
0.0097172642
-0.042768016
-0.045970414
-0.11498302
0.021680923
-0.046952754
0.024436031
0.012232973
0.080082595
-0.017155949
0.0083605302
-0.08664903
0.1029084
0.13207614
0.080642551
0.021479355
0.083981305
-0.01614565
-0.047043864
0.043504827
0.091046236
0.014174633
0.12572202
-0.066780113
-0.032716248
0.074084364
0.14732759
0.15538293
-0.0065711741
0.037735291
-0.058379568
0.074016057
0.067378357
0.0077215862
0.071378998
-0.025852241
0.0660749
-0.018934282
-0.0027214745
0.11202138
0.044923782
0.028086144
-0.040110588
0.036646336
-0.12423909
-0.053277925
-0.17948666
0.0054779416
-0.047610886
-0.035702426
0.10302667
-0.043478888
-0.039575446
-0.047411107
-0.041499883
0.024217021
-0.0091981478
-0.027383748
-0.030052422
0.020758308
-0.087484933
0.07498125
-0.090808965
0.080900043
-0.089466326
0.010401127
-0.04549741
-0.038118992
-0.14270641
0.12455565
-0.072121307
0.0827654
-0.030590495
0.035335328
0.05146461
0.091447756
0.079885624
-0.020763809
-0.15802035
-0.034521136
0.026372619
-0.049524505
-0.017978044
-0.013010466
-0.0023117417
-0.039006729
0.15357453
0.081197262
-0.15931265
-0.017194536
-0.014394554
0.12631206
0.031675801
-0.068527199
-0.15906626
-0.0067721978
-0.012133613
0.0015566689
0.024122823
-0.017019618
-0.01673561
0.060090464
0.019109428
-0.017263757
0.0020896369
0.047744229
0.030578973
-0.13782795
0.055514436
0.041119386
0.057966139
-0.093595736
0.047481295
-0.073870175
0.11731003
0.040728103
-0.096127748
-0.038247027
0.031453066
-0.057090513
-0.040816039
-0.03527154
-0.085369803
-0.035973392
0.059025805
-0.038901646
-0.035750113
-0.078788064
-0.050632127
0.055165675
0.081444681
-0.012456694
-0.0055570039
0.049452841
0.037295304
-0.1620875
-0.018645355
0.06590163
-0.026961688
-0.063137695
-0.044102296
-0.10380985
-0.045848534
0.015895253
-0.10227098
0.0051296954
0.033980798
0.094121091
-0.020460194
0.0017349813
-0.038850147
0.010660443
-0.035308063
-0.065353088
-0.081871785
0.056925472
-0.066475436
0.05376561
0.018008085
0.060137685
0.055814058
-0.1307395
-0.040544547
0.04368522
-0.033381213
-0.069688514
0.06577874
-0.055838063
-0.012383617
0.087054119
0.011092165
0.0070340591
-0.051603798
-0.12293822
0.032907076
-0.02444065
-0.034100339
0.078767672
0.025865937
-0.032668676
-0.060280085
0.0072677187
0.071751565
-0.10454328
0.036770105
0.037393589
-0.053076312
0.10516776
0.073550388
0.065907486
0.10276964
-0.062255885
-0.059387859
-0.025271924
0.037818443
0.13530517
0.0242003
0.10667565
-0.013538607
-0.031215416
0.067991227
-0.0097647682
-0.014208763
0.07409282
0.045440011
-0.022441043
0.1090059
0.071659312
0.031217352
-0.03411803
-0.015256613
-0.034093797
-0.012265281
-0.10481162
0.11011178
0.15851377
-0.042749111
-0.088080578
-0.0554737
-0.07274808
-0.073609263
-0.054274198
0.019320739
-0.028017053
-0.058862932
0.034393564
0.0088149691
-0.023693414
-0.14343187
-0.063427232
-0.11702168
-0.024678845
-0.044386633
-0.0096746422
-0.037320483
0.041338082
0.01444026
-0.037284669
-0.076822184
-0.15233731
0.012768386
0.055660229
0.039608691
0.034369543
-0.047418244
-0.0023577199
0.048263997
0.022377988
-0.091213591
-0.073587805
-0.061890241
-0.15284957
0.05866405
0.086518377
0.027229831
0.059657708
-0.080843642
0.070483699
-0.018708637
0.019639969
0.0050458582
-0.017154144
0.0067916722
-0.1472306
-0.12417199
0.0085479859
-0.037832212
-0.026934728
-0.063054271
-0.073939718
-0.057428498
-0.0050549521
-0.039557766
0.024506634
0.0082360255
0.075155936
0.049771618
-0.065953687
0.028413573
-0.007425413
-0.033625111
0.05486479
-0.0028916937
-0.076107487
-0.012735251
0.10105579
-0.012497599
0.023951888
0.014661301
-0.099113278
0.030655982
0.072890364
-0.048273526
0.038019229
0.052450247
-0.078984201
0.077939972
-0.024259603
0.046578418
-0.082447127
-0.06943465
-0.058852736
-0.035614971
-0.04286778
0.0062321415
0.085096262
0.021803893
0.026797257
0.15046507
-0.046483092
0.06135226
-0.039642755
-0.019790478
0.029602198
-0.12034824
0.0077835405
0.024516853
0.044667479
-0.0055495207
-0.029012688
-0.0010165656
0.046650153
0.047295477
0.0035625198
0.0076398985
0.11182365
0.016743684
-0.015905421
0.064120494
0.081124268
-0.080215812
0.0078742318
0.077241436
-0.010852601
0.0060220486
0.089012422
-0.074465461
0.07115341
-0.064501017
0.07901258
-0.048756335
-0.10102963
0.051349208
0.11502512
0.035807867
0.046934236
0.072071493
-0.0041164043
-0.076653697
-0.048666328
-0.0088542849
0.059985645
-0.01508014
-0.063466005
-0.15169255
0.087375402
0.04469255
0.063367374
0.024181841
-0.012826643
0.006157164
-0.12601925
0.078679472
0.027473534
-0.076269478
0.046910197
-0.04454254
-0.010692092
-0.09123724
0.09225361
0.034161907
0.0073245796
0.051618353
0.0057430309
0.018189015
-0.035964109
-0.068943322
0.099633023
-0.0012262614
0.026538517
-0.068844266
0.050525717
0.031918932
-0.010384437
-0.019601617
-0.015201764
0.096900262
0.030994918
-0.019952202
-0.08525987
0.034880966
0.051988158
0.0073667094
-0.0039220513
0.014625126
-0.028598625
-0.055178098
-0.015158623
-0.0076834103
0.13409038
-0.0072141974
0.062245216
-0.035973199
0.011146285
0.017150164
0.00087249582
0.034909908
-0.040706355
0.024331689
-0.063712269
0.022285314
-0.030996196
0.031875566
-0.052030124
-0.024188938
0.098775737
-0.031798113
-0.04658534
-0.031487055
0.054875165
-0.051972266
-0.024459444
0.063812315
-0.022624046
0.055182923
0.072790898
0.038218949
0.071226895
0.0090121804
0.040373959
-0.12249586
-0.031924844
0.045408104
-0.038190451
-0.048206598
0.032339867
0.03874746
0.011727297
0.037476338
-0.005401541
-0.14183898
0.094233371
0.054660305
-0.036082156
-0.040241983
0.0089195976
-0.10071543
0.065032884
-0.010531091
0.0095618991
-0.023758279
-0.085859567
0.056286674
-0.14069061
0.14279343
0.051810876
0.037090871
0.00839632
0.10827769
-0.11823916
-0.023444897
-0.0021918169
-0.18629004
-0.015461368
0.022130629
-0.088964552
0.10930204
-0.1426404
0.10652156
0.070087269
0.06810414
-0.0872702
-0.079058908
-0.044060819
0.0034679973
-0.034088537
-0.012077456
-0.015589171
-0.14511687
0.076740846
0.11321915
0.098832943
-0.11668414
0.051330559
0.040114608
0.068459414
-0.13061252
-0.016356617
-0.0066221613
-0.10501551
-0.059914015
0.043134708
0.090298451
-0.078926034
0.040494893
0.13138831
-0.10133897
-0.034929775
0.092362113
0.034663606
0.02784694
-0.019864935
-0.026190251
-0.029358856
0.056623261
-0.07693585
-0.0036757016
0.12214974
-0.053339154
-0.05539044
-0.24570251
-0.11466312
0.013663257
-0.052319277
0.10891135
0.01229427
-0.033524949
-0.041680094
-0.11339195
-0.046225097
-0.0414759
0.081791192
-0.090522572
-0.019400677
0.13156511
0.071100682
0.091231778
0.039510693
-0.1037171
-0.011916121
-0.044315144
-0.057871751
0.049038313
0.058349304
0.038709547
-0.12610207
-0.13757297
0.047409553
-0.048124749
0.11756414
-0.037056841
-0.085455567
0.024350282
-0.0016787685
-0.010641544
0.073351651
-0.14569837
0.034300368
-0.017309742
-0.038672768
0.10109507
-0.049861826
-0.042295378
-0.072667241
-0.019390732
-0.020795148
0.017115746
-0.10205491
0.054890949
0.11542873
-0.016382955
0.14026415
0.073756889
-0.057930686
-0.034579672
0.10557444
-0.1044149
0.037888538
-0.076301925
-0.060106646
-0.03836279
0.034623727
-0.01577081
0.043488096
-0.074490994
0.0088422578
-0.072254471
-0.055895571
-0.016553467
-0.077902175
-0.013504641
-0.09553057
0.036305293
-0.071842812
0.024425086
0.030938309
0.063160047
-0.021718584
0.076817326
-0.12102502
-0.058666565
-0.018772243
-0.015188192
-0.0049229935
0.056085937
0.046222419
-0.088270895
-0.063307822
0.10201372
0.050277364
0.01842213
-0.073791936
0.081658348
0.014390008
-0.022502106
-0.049121626
-0.048184376
0.017533738
0.13052209
-0.02707513
-0.043733276
0.05836276
0.03945021
0.10252211
-0.079638064
0.0017970518
-0.082813703
-0.019699989
-0.0070483461
0.027352693
0.13364911
0.01912163
0.0060523278
-0.043934461
0.024428746
0.10370517
-0.0086389724
0.03633637
0.03832354
-0.039763805
-0.042908497
0.034698129
0.04490611
-0.056160621
-0.10760172
0.068016686
-0.009764039
-0.041375294
-0.10460794
-0.0039363531
0.0075241406
-0.097248055
0.047898661
0.10459857
-0.11409247
-0.088962369
-0.05056626
-0.040879767
0.077548854
0.056398634
0.084215857
0.068738557
0.065612979
0.013629492
-0.0098923929
-0.038190205
-0.00018294576
0.10209642
0.019459294
-0.043450311
-0.0077973292
0.092074968
-0.035637472
0.045431055
0.086365558
0.00063524698
-0.027841616
-0.13837707
0.00636497
-0.15262485
0.015592831
0.029314836
-0.01033421
-0.014928457
-0.10428646
-0.05491763
-0.10246038
-0.089457303
0.091458835
-0.070491605
-0.0020718416
-0.039286036
-0.022343114
0.085842267
-0.024568845
0.12948039
0.0012627563
0.031169595
-0.066828959
0.039283521
-0.032131847
-0.056682721
-0.010451047
0.0052791401
-0.0078064334
0.099511109
0.052564304
-0.0354103
-0.11993762
-0.012262503
0.042768098
-0.1128382
0.10616613
0.02648445
0.097979277
-0.058320109
0.086094104
-0.027542027
0.10487196
-0.090908386
0.08430928
-0.086606249
0.062781408
0.040047292
0.067699976
0.030910896
0.0097130947
0.1002467
0.028485186
-0.062149316
0.045104191
-0.053792153
0.11796095
-0.023718433
-0.023111597
0.10590592
0.03767382
-0.033908229
0.053329527
-0.084699705
-0.0045900964
0.018549254
0.033342764
0.089323655
0.16490601
0.03789977
0.017507479
-0.06084989
-0.038456164
0.010609854
-0.047714084
0.039395083
0.018647932
0.1077899
-0.0026041784
0.040668786
-0.024654845
-0.040233389
0.15055387
0.053404909
-0.065028571
0.017098784
0.10873729
0.075788826
-0.010458413
-0.1196555
-0.073738776
-0.1559978
0.085129842
0.10148007
0.12121692
-0.025389034
-0.023790713
0.0918651
0.093978725
-0.068332404
-0.14353286
0.040820021
0.084561795
-0.017524201
0.06725017
-0.044330288
0.066661663
0.065888502
-0.066417344
0.089345373
-0.056634653
0.03987037
0.073188178
-0.014696756
0.16934629
0.047710385
-0.020410612
0.036871385
0.068398267
-0.0073116058
0.0035211132
-0.0032660463
0.030977864
0.080699302
-0.04762958
-0.024437761
0.0034975631
-0.0126659
0.038362432
-0.10404589
-0.043265551
-0.06101919
0.019223258
0.024053507
-0.072607495
-0.021610504
0.012941878
-0.063708678
-0.076842949
-0.10101667
0.045972798
-0.024806924
0.079643153
-0.031256147
-0.11783865
0.063252538
-0.0043457989
-0.052329581
-0.0067033069
-0.094036728
-0.14275417
-0.051039126
-0.064973399
-0.0015052294
0.05110275
0.098248571
0.05985301
-0.0062961145
0.060226217
-0.12591989
-0.0069975452
0.1289707
0.047832813
-0.12046879
0.049102481
0.0099084442
0.10510461
0.088579252
0.085440978
0.067435548
-0.013536038
-0.030506127
-0.0164975
0.029932542
0.16319802
-0.082826123
-0.025639566
0.1526999
0.15271375
0.030470822
0.035038717
0.059787262
-0.022680365
-0.080804177
0.10541487
-0.10067225
0.044177726
0.011589946
0.01929849
-0.075021006
0.06214397
0.035437293
-0.069232479
-0.092556089
0.13722838
0.10178404
0.065276183
0.054753236
0.022373922
-0.022296946
-0.066602543
-0.073346555
-0.051715173
0.070966005
-0.10573566
0.19949529
-0.047704764
0.16397482
0.024073485
0.037211534
-0.066580221
-0.094298758
-0.15276122
0.0091149779
0.094081439
0.10258695
-0.031180864
-0.12498864
0.011685899
-0.14483984
-0.10170226
0.080168791
-0.015845794
-0.016616127
-0.094902828
-0.10358829
0.12491169
0.10057167
0.075898796
0.061117109
-0.13453072
-0.038739234
0.0069773854
0.0050410461
0.024175046
0.0047396822
-0.087828293
-0.076091811
-0.067571439
0.034637924
-0.081494905
-0.11521165
-0.014752417
-0.023261979
0.06832502
-0.12735334
0.0032146163
0.11370946
0.048717227
0.11855932
0.037859805
0.084407605
-0.067312568
0.018039262
0.14586063
0.045900427
-0.06619513
-0.0064395582
0.088063069
-0.070469081
0.10619763
0.0098562306
0.020805167
-0.0034757082
0.11094704
0.11771661
-0.059848316
-0.0095303953
0.086492598
-0.0063283043
0.026449665
-0.021617034
-0.027276075
-0.029104004
0.0059258994
0.0093391556
0.13662083
0.1194094
-0.011259694
-0.10487567
-0.14462161
-0.058746904
0.015848191
0.073499285
-0.065126695
0.1165305
0.0053076688
0.046538781
-0.013859888
0.091616988
0.1198291
0.023091156
-0.0082664397
0.06646917
0.24041119
0.0092615383
0.065483183
0.033654764
-0.080990374
-0.066104479
-0.04655806
-0.015321874
-0.096060708
-0.016288042
-0.17133272
0.082337819
0.046799958
0.035824317
-0.10898146
0.026990769
-0.030595178
0.043457765
0.095843136
-0.095016375
-0.0071326625
-0.041277628
-0.037232131
-0.0079585621
0.052846786
0.052585192
-0.02068086
0.13166499
0.041956086
0.10749493
0.1753561
-0.035975631
-0.027507737
0.053247385
-0.037226792
-0.032399401
0.011743888
-0.0307076
0.051916681
-0.17937145
-0.006720324
-0.11828791
0.036773194
0.085367411
-0.092481069
0.030605003
-0.032473139
0.0018875558
-0.041497808
0.11077195
0.020614309
0.045041032
0.040201552
0.074823342
0.043502998
-0.060451001
-0.043600697
-0.018434227
0.087288857
-0.0075649717
-0.06685362
0.0030286834
0.032979533
0.039013445
0.070057057
-0.006371472
0.10306324
0.054702636
-0.06635306
0.037578709
0.10809331
-0.061092112
0.039201606
-0.030220931
0.0016657339
-0.019814858
-0.057041865
0.093602426
0.010111712
-0.0062779579
0.041399259
0.014834302
0.060788739
0.015727539
-0.016108723
0.048269838
0.082499713
-0.049966134
-0.064051367
-0.0023386376
-0.055916682
-0.044444375
0.015844047
-0.10410149
-0.040447369
-0.081812255
0.05401551
0.036903553
-0.066345714
-0.060951579
-0.018253669
0.063138716
-0.092715792
0.083104968
-0.02440281
-0.059796434
0.051096369
-0.094640203
-0.040281419
0.078130178
-0.076487944
-0.012984696
0.026063466
-0.031860895
0.056845911
-0.04399322
-0.10386616
-0.063307248
0.005332367
0.017570235
-0.12776962
0.037396807
-0.035757955
-0.11552121
-0.0047795395
0.025066029
0.060851831
-0.034411725
-0.10141433
-0.0093321158
0.087397456
-0.069842376
0.027835762
-0.12528592
0.048344608
-0.029973697
0.039034769
-0.035981789
0.01759276
-0.094752662
0.0013653453
0.085311353
0.029650031
-0.13562489
-0.044767078
-0.075587153
-0.035485886
-0.031978428
-0.0089249657
0.099248096
-0.0050983019
-0.11337674
-0.11845443
-0.011206182
0.017318796
-0.07568986
-0.098803446
0.0030444541
-0.10670853
0.0049639042
-0.039785158
0.093391396
-0.058291964
0.04921516
-0.12309585
0.048797429
-0.15575275
-0.0064692539
-0.045166835
-0.10009073
0.018898901
0.056190513
0.046122994
0.096135668
-0.019731352
-0.050832268
-0.040131822
0.045864262
-0.0056215697
-0.078668252
-0.029865941
0.057153545
0.074685998
-0.0060466737
-0.078691915
0.095199585
0.048501745
-0.088804364
0.07543391
0.043685265
-0.065678239
-0.089643456
-0.047719024
0.06044706
0.0166304
0.055777084
-0.050066192
-0.00090531161
0.0042680516
-0.09292803
0.034646865
0.09694469
-0.065631993
-0.018316928
-0.05975917
-0.019791273
0.03328637
0.025146579
-0.019215606
-0.036093526
0.073318817
-0.035670254
0.12470566
-0.020591527
0.075303905
-0.041697681
0.00022991862
0.049107529
0.0091732685
-0.082043536
0.0068010907
0.13841531
0.04344837
-0.041462794
0.019362381
-0.014351347
-0.049828112
0.010007805
-0.048129
0.02140476
0.057534344
-0.061188783
0.041227076
-0.02360514
0.0066659604
0.038755279
-0.098179244
0.017080996
0.013225229
-0.020425415
-0.03827386
0.12045755
0.011933039
-0.060578231
0.089202948
-0.13041273
0.042981189
0.025444174
0.0014430886
0.092165969
-0.10758452
-0.034973435
-0.0026994077
-0.09876173
-0.013480535
0.078834154
0.048062745
-0.036948446
0.081339493
0.0087528368
0.080405384
-0.033796523
0.052210096
-0.049331401
0.07664308
0.02265517
0.014879537
-0.084519252
0.086166747
0.025451163
0.033378717
-0.05867539
0.056129452
0.065487742
-0.027582495
0.1102145
-0.02949591
-0.053435486
-0.025504729
0.019795557
-0.076822661
0.016349647
0.10370053
0.014518432
0.084836476
0.063466445
-0.010163823
-0.0028190671
-0.015414813
0.064263724
-0.078856669
0.031227645
0.11064833
-8.9271067e-05
-0.23230936
0.093797296
-0.08228977
-0.079744391
0.071848951
-0.083808541
0.19766563
-0.011631732
-0.1781898
0.0037028762
-0.041519608
-0.074629471
0.1411373
0.059078552
-0.07279177
-0.085081972
-0.011531094
-0.063654542
0.054352399
-0.032114089
-0.06484931
0.10411963
0.025010321
0.020470897
-0.044207413
-0.060208466
-0.067523621
-0.026977528
0.053598527
-0.098244876
-0.064145587
-0.0047509107
-0.085576311
-0.048990935
-0.10495114
-0.014108853
0.029041942
-0.087127529
-0.027585063
-0.02103819
0.10198795
0.047962517
-0.064879984
-0.033208549
-0.060947966
0.026671104
0.087309353
0.11129881
-0.043277472
-0.12009397
-0.04575105
0.021405209
0.025372813
0.070133172
0.024048658
-0.067041077
0.010018263
0.028333638
0.037554778
0.072424367
0.072643206
-0.039747935
-0.04533916
-0.053632844
0.021301661
0.049217679
-0.081432022
-0.08933381
0.078381769
0.064579658
0.072012216
0.055524871
-0.022317261
0.026541926
0.048786912
0.010837802
0.01972813
0.0099262195
-0.049257666
0.047805242
-0.033349123
-0.10375144
0.074404128
-0.0031084395
-0.16951708
0.19112043
0.17725617
-0.010026121
-0.058406234
0.062242851
-0.0014049037
-0.050341394
-0.046290971
-0.036620375
0.042835616
-0.021831883
-0.014937856
0.040813942
0.071637392
-0.02761179
-0.090205289
-0.014420502
-0.042442061
-0.10542009
0.018811822
0.082416818
0.037771918
-0.047518693
0.014360214
0.022667667
0.013333216
0.047292449
-0.020277731
0.035019964
0.059736151
0.062545106
-0.10920609
0.075809464
-0.0076690144
-0.0015536739
0.03463459
0.085894302
-0.022639465
-0.035466678
0.049938619
-0.12497625
0.084402323
-0.029600084
0.14747788
-0.06610591
0.048924256
0.10148799
0.0063020806
-0.00083599327
-0.17241687
0.067955308
0.043919399
0.036228828
-0.10517552
0.051812243
-0.098885633
-0.035424892
0.00072880049
0.073952019
0.039352767
0.060080558
-0.0012975625
-0.014343783
0.12532954
-0.018400582
-0.070232704
0.074310951
0.041786313
-0.017511114
-0.032475803
-0.0830549
-0.070892893
0.035908859
0.0011073492
0.10487255
0.062964216
0.086919859
-0.0089666732
-0.10580422
0.10815941
-0.019264352
-0.1099415
-0.065733321
-0.044651505
0.03741971
-0.001911314
0.058947459
0.039011568
0.081152976
-0.060016248
-0.063007131
-0.0077597271
0.069629543
0.059487142
0.022415852
0.0012718631
0.09801165
-0.0028234643
-0.013730369
0.03563536
0.039930742
0.063941352
-0.076665744
-0.014690907
-0.02149931
-0.024822673
-0.0046717189
0.0036107677
0.042772464
0.011442822
0.06103722
-0.046584107
-0.12256225
-0.016488824
-0.060624253
-0.1687232
0.042967241
0.046259053
0.0023489567
0.051797803
0.075610407
0.027888117
-0.014265426
0.048876658
0.0036885524
-0.012140834
-0.0069475756
0.058376189
-0.075256333
-0.056749519
0.11212403
-0.057503358
-0.063989319
0.0027404977
0.012793879
-0.032656249
0.10426314
0.0021399951
-0.019847631
-0.024874333
0.035332851
-0.078604415
0.0019262348
-0.0074899555
0.0048966357
-0.042623255
-0.096034124
-0.11394077
-0.0022162225
-0.06695801
0.042934172
-0.080919698
-0.099089377
0.036710359
-0.040259432
0.018942539
0.080730632
0.052599773
-0.010554612
0.027059056
0.05395817
0.033220273
-0.0065971096
-0.061435875
-0.028279174
0.013397492
-0.0050355117
0.051925469
0.027347267
0.029242916
-0.14178012
0.050525978
-0.2439532
0.048120696
-0.10621431
-0.046214789
-0.065569893
-0.10906943
-0.0082456423
-0.072813876
-0.042097397
-0.00675679
0.078781731
-0.0050992104
0.056549106
-0.0072248746
-0.017253371
-0.12842646
0.081814095
-0.11013803
-0.083367892
0.025963714
-0.019016409
-0.15392287
-0.035617933
0.039523933
-0.033669166
0.035575401
-0.020869717
0.039417565
0.04070602
-0.089646354
0.063173987
0.072719149
0.014260372
0.11872187
-0.076349214
-0.028762102
0.020319378
-0.033657633
0.084847607
0.02191638
-0.027013108
0.01743529
0.045676339
-0.086734228
0.056258786
-0.029984348
0.025756441
0.013449645
0.0059955115
0.028455326
0.001118044
0.083988115
0.09598694
0.064978808
-0.086581059
-0.030163456
0.028580913
-0.0083134091
-0.038208541
-0.045210924
-0.037846711
0.056966666
0.024046622
-0.081323348
0.04505441
0.09441825
-0.06262923
-0.024305943
0.08598581
0.040272854
-0.050892033
-0.18892232
-0.074907668
0.069394648
-0.031558298
0.0027124034
-0.013302491
0.003313655
-0.068023443
0.030749464
-0.069638774
0.036441457
-0.1067322
0.030179292
-0.0092945741
0.046347365
0.10851887
-0.079746716
0.020744275
-0.045810275
-0.047707446
0.024088038
-0.056098927
0.096082032
0.016284605
0.045260187
0.017821042
0.045556698
0.057958934
0.052575879
-0.095655844
-0.035631448
0.027634976
-0.034225937
-0.038683839
-0.019579824
0.065322079
0.022303287
0.020093361
-0.0088295387
-0.052418347
0.061828524
0.057153426
-0.087678559
-0.058243316
-0.0055895895
0.023340538
-0.059457552
-0.031491987
-0.0088228267
0.048254129
-0.048873801
-0.086229093
0.086031444
-0.027340533
-0.0019312792
-0.014474452
-0.11441298
-0.029362774
0.05761433
0.087150745
0.093794286
0.050558869
0.038452424
0.056716368
0.016294191
-0.023497209
0.034062006
-0.023921685
-0.092876777
0.048458274
-0.016366506
0.074681528
0.029156968
-0.0021667718
0.052610625
0.0014550064
0.026355635
-0.016729943
-0.0078200083
-0.038921975
0.099817343
0.069449373
-0.005816556
0.042712264
-0.083446711
-0.0003718058
-0.0051414063
0.039041851
-0.068316631
-0.091736935
0.11492293
-0.041393034
0.016248092
0.10610463
-0.034976654
-0.16056171
-0.0084021054
0.021510709
-0.010871864
0.069286928
0.013866772
-0.0055263201
-0.047572158
-0.0536961
-0.065057904
0.11416867
-0.022080423
0.0055955038
-0.02209085
-0.048724692
0.055301264
-0.047559243
-0.050253205
0.099704161
-0.079866059
-0.076996826
0.034184031
0.087371863
-0.02200627
-0.062344234
0.049138799
-0.087895446
0.037924826
0.055605181
-0.019538941
0.02502059
-0.012377683
0.045573726
-0.054634161
-0.070414826
0.014106022
-0.026804274
-0.0053621856
0.04845956
0.049886018
-0.086017907
0.092452995
0.08872202
0.067524232
-0.032063507
0.058428127
0.067177542
-0.056548171
0.11624239
0.0019826367
-0.047373917
0.078525193
0.047966801
-0.04140288
0.064721838
-0.019653885
0.081328668
-0.038550947
0.01847844
-0.011030975
0.060172033
0.067314208
0.047277711
-0.012454865
-0.052615166
0.028417844
0.12205173
-0.062403735
-0.04976825
-0.095802121
-0.023058616
0.0076512937
-0.069740519
-0.041596662
0.068384804
0.061496716
0.01918965
-0.013260413
-0.053406797
0.0071828063
0.014581049
-0.052768722
0.018051393
0.049152352
0.035719048
-0.080197617
0.016089654
-0.019830748
0.094869398
-0.1060899
-0.035490319
-0.047939975
0.10741851
0.084248044
-0.022940122
-0.035720669
0.15006302
-0.072231993
0.095264152
-0.056402717
0.018562013
-0.02559348
-0.0052233608
0.075197525
0.1174647
-0.1330782
0.053820398
0.1037215
-0.045437705
0.0057129366
-0.03125117
0.078836821
0.0061532529
0.00088677788
0.084479094
-0.06874907
0.041985609
0.0025267173
0.0070286365
0.023291914
0.084888652
-0.044168409
-0.12460686
0.047371779
-0.039297134
-0.047673427
0.037717436
-0.24143106
-0.025725529
0.021527119
-0.016153064
-0.092141323
-0.020693533
0.028789703
-0.075006656
-0.0029386482
-0.079105273
-0.0268784
-0.0028578704
0.13844228
-0.041217718
0.017306358
0.060170546
-0.069340579
0.077244967
0.088159956
0.056861706
-0.047680955
0.1178908
-0.063791938
0.045835055
-0.12637182
-0.034162745
-0.027881181
-0.12593128
0.071980007
-0.046448655
-0.03233923
0.058854941
0.043659732
0.064258099
-0.080377325
-0.092040032
0.15922697
-0.0053545553
0.080656998
0.014603242
0.080600284
-0.083418533
0.036961719
0.0058232639
0.086746089
-0.1511264
0.088298373
-0.028141852
0.052585222
0.00051664998
0.037793178
-0.057550419
0.051654518
0.010768957
0.01161809
-0.083689101
0.06445504
-0.10862249
0.074838765
-0.032592654
-0.020437557
-0.087150358
-0.059191898
-0.15906236
-0.030953191
0.020677926
-0.080167115
0.032012481
-0.057200689
0.055721682
-0.027348956
-0.049332432
0.059124384
-0.053655174
-0.072229482
-0.027820127
0.08765167
0.054945692
-0.046583392
0.0044575133
0.087662756
0.078680851
0.12095053
0.015344487
0.0060964031
-0.055688422
-0.021594064
-0.07147976
-0.05622153
0.12225364
-0.14160123
0.13812615
-0.036665156
0.20981696
-0.14585128
0.016652759
-0.078821182
-0.052015379
-0.025649032
0.034454301
0.13331848
-0.021797184
-0.0097091943
0.072541133
-0.072032906
-0.01968563
0.082275435
0.011506445
0.0015564999
-0.097470127
-0.010608306
0.015758064
-0.0016489982
-0.025135562
-0.081658937
-0.1594248
0.083862111
-0.022598036
-0.11235741
-0.067410879
0.036662422
0.072470106
-0.055644307
-0.014842793
0.066402666
-0.0049278829
-0.046482142
-0.12283251
-0.0066618109
0.034906331
-0.082980774
-0.046089012
0.0189438
-0.13700019
-0.11471809
0.057813894
0.020694219
0.079630986
0.017976582
0.12867834
0.051465094
-0.042900823
-0.12108196
-0.0093764625
-0.10659073
0.007277241
0.075534791
-0.15296783
0.040242378
0.10384943
0.16621301
-0.02950635
-0.0076494846
-0.030863544
0.1740364
0.042694192
0.01363429
-0.023538722
-0.070130564
0.073265418
-0.05234703
-0.11356303
0.055947535
-0.035726897
-0.061840452
0.017937653
-0.021437056
-0.11814036
-0.15743046
-0.06114326
0.015306805
-0.17281315
0.086051695
-0.18549474
0.10006575
-0.011699548
-0.0075733052
-0.062175795
0.11365984
-0.063195318
0.070511185
-0.056756694
0.046219751
0.04518532
-0.16444652
0.13089097
-0.21449026
-0.1622168
-0.0014087196
-0.12178609
-0.023466695
0.10745724
0.10760454
-0.11405256
0.075344406
-0.10920179
-0.092585973
0.029068427
0.10588796
0.036514711
-0.1099748
-0.022712011
0.081644744
-0.0047653406
0.019338373
0.14132148
-0.076473117
-0.055647314
0.068461515
-0.018187469
0.14368752
-0.019240003
0.12555899
-0.026979214
-0.014597573
-0.11118507
0.044478506
-0.043826353
0.058691401
0.10611133
0.038400907
0.086941183
-0.048298787
-0.033177357
0.018772438
-0.035202514
0.021292845
-0.0051477011
0.0082920026
-0.019519487
-0.10245641
0.090336226
0.068718955
0.03885559
0.068364702
-0.050492883
-0.043919075
0.006783464
-0.089577124
-0.10787258
0.049759641
0.055020113
-0.012569401
-0.14284961
-0.11928933
-0.14948857
-0.054392938
-0.07176014
-0.069347307
-0.027866697
0.070614964
-0.095505215
0.043183997
-0.11105469
0.089760125
0.10181645
-0.042478435
-0.095251128
0.040463109
-0.10685602
0.10463323
0.069261432
0.066878833
0.10700174
-0.10066652
0.011657562
0.010147309
-0.015225424
0.14880283
0.047140002
-0.027701357
0.0016967894
0.080086268
-0.17205922
0.089504123
-0.050359804
-0.037559815
-0.012995138
-0.013401888
0.018508999
0.0072086197
-0.03282138
0.0071968148
-0.039217606
0.0083822049
0.031790607
0.010024264
-0.088365413
0.0040036608
0.073484488
0.11296168
0.094601899
0.036994908
0.043153092
0.00035871626
-0.0079290112
0.054186612
-0.06343206
0.014896775
0.072415009
0.041285798
0.004503753
-0.046986811
-0.026306747
0.031648263
-0.022503272
0.078499757
0.045166004
0.081998661
-0.021004723
0.052889299
0.083901495
0.09641441
0.10008901
0.054233074
-0.005150998
-0.0041236999
0.088700332
-0.023824146
0.086735465
0.028359592
-0.015106971
0.057575483
-0.037446842
0.017379291
-0.085993767
0.072440535
0.054818511
0.0232535
-0.03536541
0.09056624
0.025777448
0.078690723
-0.05386167
-0.15550862
0.0074124685
0.021959631
-0.014606147
0.12947029
-0.054067768
0.12697242
0.0091650197
0.070884883
0.039515324
0.066541605
0.049424112
-0.097035244
-0.042051923
-0.05490071
0.035196319
-0.12870015
0.0039419993
-0.049962327
-0.048090439
-0.018067824
-0.0088683004
0.001165904
-0.059850797
0.085591927
-0.030992012
0.021627292
0.093259901
0.041322909
-0.054968126
0.029680207
-0.05291957
-0.017376738
-0.092933685
-0.0094020097
-0.022610597
0.030856242
-0.082391374
0.011300838
-0.023118699
-0.031035151
-0.033477187
-0.042612672
0.058075663
-0.076867171
-0.13334881
-0.024593426
0.058478199
0.0031027112
-0.064511105
0.014847945
0.017681345
0.069688506
-0.053631037
-0.032149807
-0.030864524
0.078101218
0.067271702
0.044813354
-0.060710166
0.06114883
-0.0053033479
0.073201373
0.030445766
0.072413966
0.064204432
-0.025186062
0.018184407
-0.019713622
0.0018925481
-0.023140123
0.071354449
-0.0055709672
0.041722976
0.031292215
0.028102502
-0.022488408
-0.076436177
0.035674833
0.021602785
0.072701082
0.048953861
-0.061033409
-0.048355803
-0.0074498635
-0.043951526
0.013764741
-0.014851357
0.12693161
-0.11369944
-0.0068352101
-0.014690652
-0.0093716029
-0.11433175
0.03562323
0.066142514
0.043885715
-0.01542261
0.013443342
0.031221544
0.045698136
0.0084873037
-0.015279833
-0.07328967
-0.022605833
-0.038850036
0.03384614
0.030700486
0.0026444951
-0.11417703
-0.00845904
-0.034200557
0.041993104
0.040973406
-0.092095882
-0.061932642
0.0029730541
0.013092519
0.064685702
-0.0082359426
0.053404845
0.016555548
-0.061117828
-0.1420234
0.10616704
0.14132173
0.05417949
-0.047432236
0.048287421
0.038865708
0.03790886
-0.013049383
-0.01397907
-0.05264673
-0.068926111
0.028578008
0.01872131
0.0061434843
0.014905348
-0.0086586876
0.086267211
0.082918406
-0.036085993
0.16662835
-0.040578559
0.061494414
0.0054787211
-0.13776352
0.06894996
0.036953676
-0.045441721
0.063790753
-0.092525817
0.027003448
0.066990286
-0.08076869
0.0081296824
-0.020441055
-0.027682204
0.058342461
0.060906164
0.047160983
-0.075750828
0.053708039
0.044580568
0.0045434949
0.062053327
-0.02633911
0.025581604
-0.056249432
-0.080994412
-0.079119757
0.010898388
0.076974161
-0.0091741756
-0.014829103
0.039469626
0.021662384
0.018441392
-0.031094721
-0.083255738
-0.064149216
0.071533978
0.033275615
-0.095579818
0.021483889
-0.022817267
-0.054182347
0.01408132
0.067666963
0.046189606
0.077310413
-0.028243823
9.9394179e-05
0.090632744
-0.0059734508
-0.033548046
-0.018410845
0.056208462
-0.099975929
0.087841883
0.011771832
0.017179413
-0.081600569
-0.016879376
0.046644818
0.026560165
0.0076625757
-0.033384562
-0.18244331
0.037313595
0.037160851
-0.023831429
0.1300834
-0.033734664
0.035589833
-0.067961872
0.11139829
0.02305633
-0.057656381
-0.067993939
0.055731472
-0.026679199
-0.032872424
-0.11867978
-0.030707275
-0.0017007316
0.003094381
-0.018043352
-0.011665124
-0.024556596
0.14094818
0.073039837
0.1607832
-0.10311763
0.073946528
-0.061881859
0.090887949
-0.040366553
0.11107185
-0.061494816
0.041738894
0.090610966
0.01835645
0.0047108927
-0.057429541
0.010279762
-0.062365599
-0.042523213
-0.0085052112
-0.026378602
-0.066499047
-0.054463957
-0.0052694273
0.032192025
-0.021707639
0.040705897
-0.040511213
0.094656132
0.026331525
-0.087290503
-0.05902005
0.059149791
0.0069049881
0.048180494
-0.070345663
0.10963086
0.049175624
0.040053714
-0.048014078
0.063342817
0.077991828
0.12542136
-0.010953037
0.022975577
-0.02285108
0.079759933
-0.080133028
-0.023060903
0.055422518
0.042984899
-0.091252416
0.026530512
0.059436195
-0.097990446
0.083306924
-0.0099439099
-0.010290716
0.066842273
-0.034542851
-0.059881877
0.066002794
0.12317323
-0.058235805
-0.13035025
-0.058351301
-0.090933561
-0.056342803
0.049216069
0.059464183
0.041726723
-0.12407011
-0.011073067
-0.0096471896
0.13756016
0.064590558
-0.03831929
-0.052765805
-0.076746769
-0.080867469
-0.005791652
-0.0095237987
0.053059127
0.061413396
-0.038926862
-0.10196617
-0.014263278
-0.0052968278
0.18962835
0.034174383
-0.039791368
0.020185728
-0.039506476
0.039673511
0.13837717
0.018880509
-0.046024468
0.053072035
-0.099277869
-0.018553188
-0.029615643
-0.081678957
-0.033402398
-0.084877454
0.018830404
0.0092769293
0.106364
0.057101265
-0.0118928
0.028635995
-0.045906361
0.081464179
0.049363799
-0.083385713
0.056795791
-0.04665231
0.043529019
-0.087681316
0.0090253986
-0.042780541
0.035421897
0.016884029
0.00067157089
0.024754208
-0.016640794
0.0063056028
-0.063039154
-0.003708028
0.088077098
0.058455709
0.053261727
0.015483208
0.061727189
0.1019673
0.034323629
-0.030569045
-0.095432386
0.10874299
0.010271898
0.035944313
-0.079851754
-0.051982958
0.035238858
0.037815817
-0.077383541
-0.0068836631
-0.0064473948
-0.05733088
0.073756434
-0.062009767
0.018501846
0.0036953855
0.092434406
0.011210036
-0.13708699
0.10302751
0.042279005
0.036773745
0.11642624
0.11245212
0.16032441
-0.024250492
0.13386399
0.042567614
0.099988446
0.082904845
-0.025738187
-0.092141606
-0.080749497
0.046295788
-0.092541434
0.049032446
0.037321277
0.026904985
-0.096724689
0.16214332
0.038336668
0.11347101
0.16095518
0.14934866
0.054971583
-0.011499668
-0.081894077
-0.0021288181
-0.057553239
0.066371784
0.035966478
0.13291353
-0.13772967
-0.17362657
0.041962832
-0.024890095
0.15177795
0.029280001
-0.069408372
0.16325553
-0.012162426
-0.018562786
0.089370884
0.070867106
0.10474982
0.077564538
-0.063055135
-0.085871913
0.0011113221
0.11417494
0.032519367
-0.068936057
0.10947338
-0.079251312
-0.13446964
-0.059433527
-0.013322507
0.16289884
0.0099742208
0.050557613
-0.096259452
-0.031821292
-0.039776556
-0.081234306
-0.057812668
-0.03408958
0.0078275995
-0.044652261
0.19588304
0.036216203
0.019497802
0.12431192
0.17010714
0.067747481
-0.1098621
0.043570925
0.031288352
0.018748464
0.015193934
0.036326285
0.13500564
-0.10899854
0.12686005
-0.1034297
-0.047611516
-0.027023736
0.025803516
-0.0012710545
-0.0064627826
0.097440891
-0.080482401
-0.080785617
0.0028439884
-0.11269034
0.021965193
-0.0091234669
0.050194141
0.05133697
0.073468037
0.049040426
-0.028118225
-0.10377835
0.05535176
0.046458185
-0.088700108
0.059992388
-0.15262784
-0.10756218
-0.13195269
-0.001625835
0.15448616
0.038101599
0.043713242
-0.020399639
0.1869926
-0.12717648
0.034507725
0.094757907
-0.010122085
0.023298539
-0.13985248
-0.02183173
0.13361648
0.0010789983
0.009948547
0.075118862
0.0083242711
-0.084759049
0.0092509035
0.0202657
0.11169769
-0.061530333
0.10649807
-0.076125138
0.023191836
-0.049122766
0.015555997
0.14000395
0.094590083
0.076066107
0.065464251
0.048787955
-0.014707536
0.079705507
-0.038240194
-0.025228059
0.00039651268
-0.054769825
-0.10236142
-0.032080397
-0.050493184
-0.12631087
-0.074667752
0.099484183
0.095523231
0.001124825
-0.020795036
0.083034724
0.026303358
-0.072405323
0.071000159
-0.0088967877
0.10676844
-0.10079169
0.02011778
-0.077574559
0.02681859
-0.12699048
0.061282109
-0.05786122
0.039454069
0.093448319
-0.0068836985
-0.062654562
0.066402219
0.0022250267
0.043453787
0.022141259
0.066086181
-0.01751193
0.09518446
0.075276323
0.039275695
0.045181282
0.11417521
-0.016046803
0.032284483
0.052914049
0.06092231
0.068664104
0.036521249
-0.023560923
-0.057934228
0.045560237
0.016672283
0.044794522
0.073913313
0.022909477
-0.015962392
-0.0053593884
-0.099139363
-0.037887473
0.044301745
-0.030449199
0.0057296306
0.0036517908
0.064594977
-0.079757035
-0.080221489
0.077607773
0.041258395
0.068880238
-0.07769981
-0.05166452
0.068628088
-0.089151718
0.012754786
0.043036092
-0.065045096
0.032463923
-0.11531162
0.034951154
0.079774842
-0.056973733
-0.15929921
-0.10132523
0.0510461
0.058303226
-0.011384152
-0.019502152
0.048364792
0.071245968
-0.023863487
0.1263487
0.015005507
0.024186777
-0.05952093
-0.028427146
-0.03870286
0.053638346
0.014067062
0.048855055
0.038760055
-0.039979812
-0.018091815
-0.061913878
0.038224366
-0.080382884
0.046932887
0.055957697
0.090640761
0.035973921
-0.017964268
0.035604097
-0.014647059
0.11029991
0.085205697
-0.03935739
0.068759531
-0.034830876
0.083366163
-0.085811071
-0.051669594
0.0031445983
0.023974823
0.0084707476
0.068945371
0.056726042
-0.1226368
0.17482024
-0.060955942
0.10234427
-0.20509765
-0.024710698
0.062021684
0.1245284
0.02084519
-0.039059516
-0.1640444
8.0470163e-05
0.068955474
0.0077423868
-0.014034011
-0.019656248
-0.0061629009
0.036745522
-0.07656993
0.0075343885
0.029508214
-0.05403607
0.059372351
-0.097203657
-0.020882338
-0.058922593
-0.10352156
0.014024362
0.10654751
0.056339268
0.00059406768
0.080927394
0.073432319
-0.039042786
0.06620837
-0.021970147
-0.03369011
0.093110971
-0.00069416006
-0.052825373
0.056257829
0.072571762
-0.099353902
-0.061317258
-0.056880813
0.044346437
-0.047926024
-0.0099031487
0.04778878
-0.051365241
-0.0090529807
0.02572806
0.02103105
0.010781932
0.052506045
-0.095359296
0.04359144
-0.040114891
0.080464676
0.0025738368
-0.029448854
0.10005262
-0.00065710174
0.10581314
-0.10793398
0.046903592
-0.06817162
-0.09781903
-0.0017306004
0.012301804
0.000347586
0.065016635
0.032404698
0.001718152
-0.055650398
-0.058115192
-0.056078959
0.053414095
-0.13405554
0.029350605
-0.069105223
-0.047960117
-0.030378459
-0.16706239
-0.13859534
-0.063004382
-0.090275116
-0.030977899
-0.039571732
-0.0013258768
-0.044101674
0.070863836
-0.13303714
0.025754033
-0.021114377
-0.024297826
-0.18375002
-0.015077084
-0.044935402
0.033249944
0.016326685
0.057468928
0.01451658
-0.076079309
-0.010864297
0.018887836
-0.054586582
0.0072517055
0.026410833
0.070939898
0.11661971
0.0090164104
-0.063209541
0.023140457
0.098375104
0.066803999
-0.018291676
0.037826013
0.013825357
-0.020532334
0.048145682
-0.098249204
-0.013552741
0.082049608
0.049668994
0.059396695
0.045670219
-0.0078746853
0.0097899837
0.0047926689
0.10181224
-0.028278748
-0.045450233
-0.051327195
-0.037662335
0.071536668
-0.093212299
-0.10501849
0.009030371
-0.106368
0.099612534
0.052836444
-0.044696521
0.0076889214
-0.058862425
0.015160205
0.041428424
0.033367138
-0.0469243
-0.0055431766
0.04741909
0.10422154
-0.036786623
-0.030640613
-0.018346718
0.092140332
0.086958416
0.0059797079
-0.080880165
0.020751776
0.0063621909
0.0045635533
-0.10437155
-0.022016928
-0.07096298
0.072927214
-0.093012333
0.049534991
-0.028964767
-0.0051824716
-0.041691195
-0.067157902
-0.0067550298
0.0078176633
0.058523372
-0.0024784179
-0.017425608
-0.031602621
0.090565965
0.16746911
0.055649467
0.044296674
-0.032171603
0.060515754
-0.065653227
0.083654098
-0.023665341
0.11321701
0.071902305
0.088488519
-0.035675813
-0.10359876
0.032424428
-0.032025613
-0.030045101
0.092887968
0.016656738
-0.011293734
-0.1455248
0.058212902
-0.002417529
-0.040767107
0.012368307
0.00082280079
-0.061095536
0.037466258
0.013083573
-0.15015857
0.016095694
0.04429457
0.045218274
-0.051324781
-0.088214859
0.14382887
-0.1201729
0.0077854227
-0.046746783
-0.037928842
-0.15770917
-0.00086307258
-0.070235297
-0.11767963
0.059168123
0.019654948
-0.026728833
-0.052222848
0.11208889
0.074262768
-0.12739708
-0.0025357369
-0.13824764
-0.0030315786
0.035432301
0.045464862
0.086589202
-0.10798605
0.091896564
0.078397453
-0.10063608
0.082012884
-0.036336415
-0.043713894
-0.011344325
0.062851012
-0.022909023
0.070495114
-0.12220974
0.12085295
-0.069588505
0.0046660113
-0.070906907
0.064558901
0.013499285
0.012606014
0.12130506
0.016207643
0.0088445758
0.017439177
0.04368208
-0.032318175
-0.13824113
-0.056674507
0.055307433
0.11138475
-0.14802277
0.051512972
-0.087605327
-0.056474876
0.0099092703
0.095287174
0.0023766549
-0.022374928
-0.1020366
0.10190882
0.056735773
0.10972525
0.049835902
-0.022558464
0.06494078
0.020159712
0.0037020051
-0.028061548
0.044087749
0.027562026
0.12123135
-0.028981881
0.071439773
0.095604867
-0.0062588276
-0.023377512
-0.025050059
0.042165458
0.0022005094
0.035220698
0.019756479
-0.027401082
0.11030027
-0.056283586
0.049529094
-0.038987134
-0.044770844
-0.10241881
0.035110306
0.045078289
-0.043385964
-0.049786422
-0.039784573
0.071091913
-0.032998551
0.10720082
-0.061451979
0.02938848
-0.033443213
-0.029032158
-0.057447132
-0.011185857
0.0066128718
0.11232405
-0.076555066
-0.00029687589
-0.04867883
0.098494478
0.027269468
-0.19588488
-0.021972466
0.026475487
-0.058058407
0.02644768
-0.079544388
-0.083640635
0.047949668
-0.049554043
0.034759186
0.041641064
-0.090644665
0.019697022
-0.21215048
0.064656422
0.017330768
0.024828449
-0.24213022
-0.012082292
0.0013930039
-0.053238273
-0.041100159
0.0076539018
-0.04818308
0.049235221
-0.079107791
0.04956454
-0.065960638
0.075149707
-0.1048608
-0.07213755
0.068977572
-0.074800499
0.0016884174
0.0019321957
-0.015186608
-0.010694229
0.10502225
-0.059036296
-0.11209241
-0.034300197
0.089660972
0.076094307
0.057304975
0.022214742
-0.029987095
0.022196695
0.0039598509
-0.01542127
-0.018699011
0.052616861
-0.18784551
-0.013679365
-0.062803999
-0.10495486
-0.0056230724
-0.039270584
-0.062105853
0.073165081
0.012976144
0.0036649923
0.016705057
0.083705679
0.043035623
-0.0081190439
0.021650458
0.05099364
-0.043763377
0.020534405
0.095598668
-0.02676869
-0.10150924
-0.0059585012
0.081438534
0.018530916
-0.0012482952
0.11797388
0.0028379108
0.021223553
0.039977588
-0.095306158
-0.052276164
0.0672649
-0.00091310183
0.085300177
-0.021896319
0.031307563
-0.072743766
-0.072571471
0.031839259
0.044027891
-0.047044091
-0.027097464
-0.021750689
0.027204299
-0.042018622
0.074701428
-0.0024276082
0.006917099
-0.021041166
0.056410484
0.082766771
0.023131086
-0.034528449
-0.087982535
0.029530277
0.0024071492
-0.03027433
0.024877541
-0.04895018
-0.095872067
-0.065104812
-0.086195797
-0.031210164
0.035832275
-0.022419797
-0.0029589813
0.0041852859
0.033202991
0.085484155
0.063225314
-0.010026515
-0.086628512
-0.045563251
-0.012400431
0.053921379
-0.019529628
-0.091075383
-0.056679942
0.017102079
-0.049198482
-0.0072301892
-0.073381267
-0.077304669
-0.10627516
-0.071667314
0.086571231
0.058988884
-0.070710324
0.036531795
0.080948964
-0.012280894
-0.07948181
-0.012260368
-0.068004996
-0.010947705
-0.063106358
-0.0018044176
-0.025028408
0.055817518
0.0064456933
0.03942319
0.029636165
0.040901825
0.067694493
-0.056684833
-0.049082171
-0.044303026
0.068759009
0.063608482
0.092035465
-0.0036976465
-0.032279566
0.057303958
-0.01270758
0.019387074
0.072921537
-0.01971405
-0.044190235
0.0061966763
0.018124785
-0.014950168
-0.012729366
0.066200569
0.059497282
0.074618481
-0.041895267
0.0024773052
0.033485707
0.083434127
0.005406857
0.074968897
0.05533053
-0.015430196
-0.0094395122
0.082398877
0.035509028
0.046748862
0.073937289
-0.0064135371
0.068780564
-0.11721139
0.038111683
-0.073516555
-0.078887969
0.065326206
0.10967003
0.0032457924
-0.03177239
-0.054656744
0.08661671
-0.015406869
0.0077638174
-0.054876473
0.0036688379
0.070736311
-0.045466647
-0.069370866
-0.019237373
-0.067498684
-0.11519203
-0.030842749
-0.1275495
-0.061251756
-0.090820581
-0.031717535
0.049114659
-0.038164489
-0.022026511
-0.011134485
0.036553014
0.11429191
-0.029841917
0.10275882
-0.070123337
-0.019961722
0.063717522
0.13614723
0.029835111
-0.040658809
0.006410318
-0.057248276
-0.03329476
-0.024111606
0.092086069
0.11303812
0.038469508
0.074307017
0.024039758
-0.011865724
0.033203501
0.060431734
0.03336614
0.02605214
-0.0067311106
0.11016893
-0.01620885
0.002754136
-0.016490255
-5.6313718e-05
-0.045470107
3.9674767e-05
0.043892913
0.035978656
-0.056559317
-0.095255055
-0.026632702
0.042214949
-0.042156428
0.037170634
0.062649749
0.032182269
-0.01579226
0.04172295
-0.031890128
-0.06497702
0.08616776
0.020326726
0.01488191
-0.11701683
0.042719875
-0.046996828
-0.051164582
-0.033832561
-0.043641262
0.042530145
0.098252133
0.0050422447
0.0028462384
0.076273695
0.085554637
-0.076157697
0.11306911
-0.07213182
-0.035261642
-0.080735937
0.056830615
0.12612775
0.0039936882
0.081724241
-0.057793431
0.035122354
0.066410363
-0.023521986
0.048402999
0.09166535
0.020154838
-0.024856851
0.020056805
0.014153874
-0.050972957
-0.0097665805
-0.070109375
-0.047676846
0.01823139
-0.037561595
0.071765423
0.014187258
0.0032890206
0.051195417
0.00089505973
0.03269881
-0.0019976206
0.21571517
0.050291795
0.13303326
-0.12022406
0.057622507
-0.036726031
-0.063059986
-0.099939987
-0.047349952
0.0091682682
0.10602603
0.17255667
-0.0055143042
0.023982078
0.0001254626
0.02286417
-0.035554942
0.060539357
0.092881791
-0.14806589
0.016922439
-0.0041999193
0.0542337
0.10721929
0.061012816
-0.1143668
0.134694
0.1341604
0.054136749
-0.08015006
0.063550606
0.13860469
-0.14266641
-0.0031699745
0.027111398
0.023994695
-0.019052325
-0.038838197
0.025339998
-0.15591575
0.13551781
0.1372076
0.10253055
0.011585067
-0.13595946
-0.026674546
0.054471273
0.12056399
-0.097340137
0.026177613
-0.0081129801
-0.034229677
-0.11506648
-0.052622966
0.044596855
-0.013525928
0.037364319
-0.19678314
-0.069843464
-0.14000005
0.052082606
-0.029113436
-0.010875626
0.010407109
0.06031568
-0.023853991
0.074443273
0.061365176
-0.092718244
0.0057847491
0.12816189
0.007386358
0.13444503
0.058451079
-0.036076494
0.1033486
-0.048556477
-0.022946091
0.069391795
-0.019792359
-0.24888465
0.027645735
0.0012542651
0.0046185642
-0.024779977
-0.027920263
-0.0041139121
-0.010472653
0.0076922681
-0.014411269
0.047796182
0.0074666534
-0.081219994
0.065006875
0.086986095
0.054167237
0.13614134
0.04496517
-0.028020089
0.028053239
0.019177318
-0.033596292
0.033806
0.010959224
0.037600964
-0.038524766
0.072282732
-0.1639315
0.10987926
-0.0140748
-0.021911241
0.026365669
-0.12175792
0.032741211
0.042998672
-0.079112798
-0.049681105
-0.054030467
-0.055395186
-0.11983573
0.0062758448
-0.10736361
-0.023540413
-4.5178658e-05
-0.071970545
-0.092383347
0.064418204
0.013553142
-0.067871898
0.013284989
0.076349847
0.14919883
-0.037904136
0.15206416
0.02265159
-0.036618002
-0.090450138
-0.078007534
0.0095023364
0.011662059
0.045373321
-0.0043846807
-0.06245045
-0.059407178
-0.017518725
-0.055894464
0.014555898
-0.019796034
0.053496458
-0.025448754
0.016117983
0.1072012
-0.030149911
0.056477707
-0.044197623
-0.015986772
-0.015133955
0.14850405
0.078360908
-0.024994059
0.12970228
-0.0097610122
-0.050984811
0.031635582
-0.087253928
0.023429014
-0.017217699
-0.052287988
0.066223562
0.045720004
-0.1650255
-0.049401909
0.065107182
0.068677075
0.0317159
0.028792337
-0.083472095
-0.10096603
-0.010024815
0.033424828
0.016793543
0.022253605
-0.065189213
0.040774349
-0.074016757
0.092364289
-0.040931046
0.051731471
0.016407235
0.0040102322
0.004850016
0.063781485
0.017552989
0.010046452
0.045768138
0.01839288
-0.11510073
0.010517127
0.030594956
-0.035097003
0.028015064
-0.035788924
0.074334532
0.07170669
-0.026018566
-0.13521822
0.00158814
0.022801967
0.049151108
0.029009776
-0.0086939363
0.059906393
-0.064697839
0.0412944
0.029199397
-0.015274894
0.042780131
-0.027286641
-0.0094929105
-0.0033047807
-0.056077145
0.017162507
-0.04652505
0.081383452
-0.024499126
0.1377293
-0.032297552
0.10586399
-0.0096824504
-0.021925192
-0.098297328
0.083092198
-0.030138014
0.10601112
0.015875783
-0.063482188
0.048802003
0.061792891
-0.014462234
-0.032354869
-0.059908751
-0.061192911
-0.085287474
0.023412436
0.062654696
0.10563685
-0.0081660934
-0.051579393
-0.0052924468
0.094238408
0.032216743
-0.035568524
0.010027546
0.031753115
-0.13230114
0.068934843
-0.0033255045
0.053776287
-0.11054172
-0.051623601
-0.093989931
-0.13327976
-0.023625068
-0.11032588
0.06123158
-0.034400292
-0.088902369
0.032365419
0.00045285115
0.026466856
0.10717062
-0.062262002
-0.13114688
-0.10910478
-0.031135714
-0.0018992105
0.063666128
-0.062605366
-0.075888962
-0.0041755764
0.011905699
0.047722198
-0.046755955
0.069173917
0.030588016
0.050985374
-0.044598754
-0.048924319
-0.014834379
0.00037028472
0.013015799
0.050160997
-0.1612367
-0.0049504102
-0.10625654
-0.052641701
0.078811377
-0.010231418
-0.076458648
0.029584104
-0.036040407
-0.16075504
-0.030400205
0.0074256607
0.047933895
-0.010626822
0.075869806
-0.11563523
0.024030557
-0.013472185
-0.025731765
0.082043208
0.009151821
0.089887887
0.026732229
-0.054077059
-0.11444198
0.053103916
0.029129965
0.060457058
0.11741666
0.072608583
0.056259662
0.02210959
-0.12617327
-0.1007591
0.11030562
0.1005853
0.098793127
0.084901057
-0.06043189
0.035643492
0.094989434
0.023623651
-0.0064329742
-0.085747078
-0.05471405
-0.0072312267
-0.042905029
-0.04490811
0.1266003
-0.067101829
-0.0099626286
0.054303426
0.029730653
0.1034374
-0.053562701
-0.041145753
-0.057257667
0.022014266
-0.021214247
0.028948739
0.014219648
-0.13686597
-0.049329311
-0.057859041
0.10560822
-0.14203116
-0.097239636
0.051148303
-0.03693448
-0.016000811
-0.051244892
0.008697507
-0.038350172
0.044220626
0.096136764
0.10793331
0.01086069
0.013517668
-0.073666006
-0.030775312
-0.017546883
0.0097341705
0.096148491
-0.031153571
-0.0034315656
-0.040353481
-0.0054584965
0.0033784015
-0.060354158
0.029309757
-0.1040055
-0.0072033317
0.059355382
0.023855411
-0.015085991
0.0032713641
0.062511615
-0.044301338
0.017277792
0.058211207
0.033162374
-0.052802797
-0.027531296
0.042318206
-0.14587912
0.00047159489
-0.02667325
0.074037425
0.10986935
-0.065468833
-0.11490646
0.038063101
-0.036697205
0.090818219
0.068656959
-0.0043958593
-0.11571988
0.037727628
-0.016397066
-0.0013890946
-0.044068176
-0.013120319
0.027837172
0.0056275488
-0.058102686
-0.016900985
-0.04607138
0.11722968
0.026746897
-0.0056488481
0.029995106
-0.0052489215
-0.062949769
0.053342823
0.11736232
0.098559014
-0.074188739
0.063775875
-0.092556007
0.06145674
-0.027927767
0.15159118
0.033803172
-0.016782032
-0.10495079
0.026243169
-0.046551771
-0.01540272
0.068132915
-0.071342491
-0.0045090546
-0.043096412
0.026430355
-0.013921816
-0.01533708
-0.057906192
0.022995343
0.059695523
0.10421965
-0.066960424
-0.01623787
-0.055566531
-0.022250144
0.054748416
0.0074046012
0.089466572
0.045180049
0.081274718
0.0083834631
0.025482956
-0.11791118
0.044949979
0.04165433
0.027172945
-0.078946888
-0.028594462
-0.016701907
0.028371502
-0.059728846
-0.01354356
0.099268727
-0.02426623
0.0033998976
0.045680784
0.0042447648
-0.043476552
0.021217518
-0.08589527
0.058441214
-0.1461394
0.0062834923
0.050644428
0.0085758399
0.084780678
-0.021258408
-0.11179099
-0.0549803
-0.076717205
-0.029582225
-0.066911958
-0.045363642
-0.052814577
0.01496301
-0.11047525
0.052027229
0.059653968
0.068559833
-0.044928234
-0.11663635
-0.059818756
-0.017621923
0.090561807
0.065334044
-0.079103418
-0.066326387
0.022464126
0.062390018
0.019481555
0.02677848
-0.048970703
-0.0073629282
-0.073756121
0.090484545
-0.058965672
-0.065669671
-0.061684523
-0.01963906
-0.0045055277
-0.084368303
-0.008314197
0.067293905
0.045229129
-0.093880787
0.025562983
-0.044366669
0.018139895
0.021030864
-0.084221423
-0.069529429
-0.021790691
-0.011701929
0.0113964
-0.0071654934
-0.037293158
0.02458692
0.028814709
0.016258227
0.034073453
0.047082659
0.0062610735
0.083554208
0.011088236
0.016656591
-0.1335829
0.035176001
-0.034732118
-0.057547688
-0.035377581
0.014316512
0.045784608
-0.036869381
0.0042456738
-0.050768442
0.023012958
-0.10052375
0.10564514
0.13795717
-0.070002198
-0.10708192
-0.12942931
0.060007978
-0.15014867
0.1413134
0.039434198
-0.11007892
-0.016911412
0.084845588
0.013596614
-0.028019421
-0.063946605
-0.018104017
-0.02560428
-0.15073577
-0.0092885513
0.020752069
0.089900412
-0.054120377
0.064271584
0.063525826
0.081456602
0.10087509
-0.13403378
0.015960392
-0.0085805897
-0.12682049
0.071087264
0.1336322
-0.068067044
0.074096762
0.089089312
-0.0071699237
0.0027823865
-0.058198877
-0.040283877
-0.044294208
-0.027186748
-0.044641834
-0.066551864
-0.10075511
0.11839994
-0.048056312
0.08277411
-0.017083604
-0.071661286
0.0060350476
0.0057931338
-0.02567978
0.0088274861
-0.017148431
-0.035986699
-0.10479255
-0.026234958
-0.015312846
-0.14891328
-0.069131255
0.069253579
-0.10140825
0.020001888
0.086036302
0.10336658
-0.061843265
0.056428883
-0.020363741
-0.067010492
-0.042927045
0.0094952146
-0.025644988
-0.091497436
0.033931706
-0.039869126
-0.043050651
0.026210971
-0.055812735
-0.060910191
0.061070442
-0.055495866
0.041304193
0.049817048
0.063949138
0.10527442
0.019335011
-0.061419293
0.077302679
0.12565443
-0.0045060758
-0.09107893
-0.12821412
0.027580969
0.027576797
-0.067563228
-0.013471595
0.0049885605
-0.0086005377
-0.080478534
0.045055915
0.12177057
-0.010686787
0.13188173
0.04855644
0.008664228
-0.0064250305
-0.067068465
-0.012839306
0.055563495
0.15971547
-0.063585758
-0.10092937
-0.047088884
-0.020078631
-0.048145097
0.00072343519
-0.009589145
-0.036358166
-0.045601185
0.11041023
-0.12413436
0.07606402
0.025697621
-0.039397597
0.04355251
0.041605022
0.060495775
0.051641025
0.076270528
-0.026203036
0.053777814
0.09077958
-0.064090237
0.080849178
0.036337681
0.050968193
-0.077854156
0.093952365
0.088688254
-0.024571419
-0.010675364
0.10682336
0.011426861
0.0081842225
0.062590383
0.018411469
-0.017936142
0.011976212
0.052025087
0.033032104
-0.075341292
-0.090822399
0.098642319
-0.021295076
0.088507958
-0.021976763
-0.027747707
-0.043000806
-0.089649111
0.0033985672
-0.074225798
0.059022851
-0.10757852
0.019330859
-0.020306837
0.016854102
0.030532809
-0.03515067
-0.077783339
0.080722846
0.033395432
0.01293177
0.014136115
0.015079118
-0.048152115
0.01958756
0.020657761
-0.020012522
0.018038051
0.072951354
0.053929653
-0.028265608
0.11638088
-0.027941655
0.0010815577
0.042361394
0.078722909
-0.11751339
-0.0209949
-0.10578374
-0.086141482
-0.073408686
-0.030354654
0.037988018
-0.068602301
-0.0036055413
0.091652744
0.049059089
-0.0059978222
0.11774036
0.10678703
-0.008342783
0.053262804
0.023118649
0.10396803
0.024886129
0.051376477
0.011014548
0.038419183
-0.069699533
0.092003927
-0.072497502
0.058390532
-0.20186341
-0.043494321
-0.1219512
-0.14379214
0.089626558
0.015505546
0.13658923
-0.032779861
-0.035922773
0.00091455848
-0.028654855
-0.061555211
0.084163621
-0.12998997
0.093128756
-0.0068520843
0.029243222
0.0092703225
0.1137041
-0.061908182
-0.060525432
-0.078362629
-0.023556704
0.0053297905
-0.012234413
0.040341504
0.074793316
0.048622083
0.033190113
0.014933265
0.024785927
-0.099078014
-0.044436611
-0.044672895
0.0095850006
0.060595199
-0.067395985
0.07809183
-0.027639683
0.0054855086
-0.050259903
0.026050409
-0.0075869276
-0.053140134
-0.097488493
-0.087286361
0.031328864
0.089907102
0.037394673
-0.049461566
-0.030435052
0.02941476
-0.017603004
0.020579793
-0.026882436
0.067014441
0.031976301
-0.020650337
-0.072261237
-0.0059622857
-0.05153719
0.062472243
-0.0087571656
0.012456493
-0.052167956
-0.013219041
0.020985696
-0.1417264
0.0068829013
-0.032485012
-0.0010709256
0.04553818
0.0033962489
-0.12946753
0.071037561
0.078044668
-0.060309548
0.042058438
0.010196602
-0.049936399
0.10214523
0.042570025
0.038111839
-0.048466694
-0.021188963
0.01118318
0.00063809106
0.07823173
0.0038804149
0.082755029
0.069173798
0.018656667
-0.012922793
-0.0242327
0.048497703
-0.11841626
0.082917333
-0.077453151
0.12927099
-0.0090957647
0.018454039
-0.024316635
-0.033007029
-0.097677745
-0.026161231
-0.029518789
0.055831518
0.099050023
0.037346374
0.067973398
-0.018100224
0.066466503
-0.08162035
0.032331292
0.023891577
-0.12419648
0.025422538
-0.081959955
-0.019526528
0.10268309
-0.021676373
0.11897308
-0.082101122
-0.020906581
0.040731486
0.078802645
-0.13047712
0.059250403
-0.1574676
-0.20502636
-0.023986995
-0.083067201
-0.02720602
-0.0099098384
0.082545772
0.023620492
-0.083387755
0.074386112
0.027799346
-0.025822917
0.014708273
-0.057197932
0.063474454
-0.0046475208
-0.10383019
0.056504399
-0.008068122
0.065532781
0.066119902
0.057919588
-0.11979326
-0.046275146
-0.027691716
-0.015593751
0.07395041
0.10959812
0.076504268
0.0005682577
-0.072827995
0.038232621
-0.022987746
-0.02743892
-0.032810029
0.089038856
-0.059583362
0.01673525
-0.037586916
0.030233195
-0.11310492
-0.055305634
0.011143404
-0.070722044
-0.069151193
0.0081498986
0.047114264
0.1083881
-0.039360497
0.046642423
0.051898304
0.041993368
-0.010131292
-0.11216991
-0.070478596
-0.0020872871
-0.038663562
-0.0083784461
-0.0038456845
0.017826056
0.0026977714
0.0089416802
0.028618623
-0.11352623
-0.097145855
0.050948981
0.06324213
-0.13482854
-0.03731969
-0.026790945
-0.026065893
-0.01877675
0.020838117
-0.11945911
-0.066141382
-0.063281409
-0.059390154
-0.025443973
0.038828067
-0.06492094
0.098324284
-0.088707745
-0.01287915
-0.066797405
0.024766594
-0.061723426
0.038108516
-0.1313073
0.090931825
0.080157667
-0.073035538
-0.063435592
0.044260472
-0.027123911
0.093747646
-0.028964357
0.074543208
-0.056495097
0.014908709
0.065737769
0.0565321
-0.064196236
0.014017221
-0.035410102
-0.04151094
-0.12434575
-0.093804367
0.1407848
0.031706411
0.0060743997
0.015132275
0.01663295
0.029126173
-0.079021893
-0.05412966
0.066285573
0.028283507
-0.03219156
0.0077127977
0.061350554
0.044658761
0.063416533
0.017205473
-0.010094383
0.10089171
-0.20944096
0.039923314
-0.052270699
0.16173221
-0.12631467
0.037289046
-0.22437832
-0.020806121
-0.13558574
0.043503441
0.0096760653
0.17449623
-0.038070958
0.038197272
0.059233442
0.025803654
0.063437328
-0.012738637
-0.0039834781
0.10122035
-0.025241701
-0.06840305
-0.029804412
0.24300115
0.27790266
-0.13400397
-0.036595117
-0.1067773
-0.11506637
0.23033516
-0.0078980029
0.1009443
-0.10048285
-0.0060450202
0.090115577
0.10661584
0.21403988
-0.069737613
-0.028255351
-0.11091987
0.0095052468
0.030176653
0.061706677
-0.17776617
-0.10828215
0.13447981
-0.19057886
0.048946396
-0.018654769
-0.13290691
-0.17959698
0.056067951
0.0049360977
-0.2850849
0.075599976
0.11142614
0.0080875074
-0.1166495
0.011878734
-0.1021432
0.0013052617
-0.0039694561
0.0074212626
-0.070640527
0.048830625
0.16438225
0.069752768
-0.11401647
0.081855334
0.10745536
0.083083041
0.0274706
-0.16272204
-0.0085661998
-0.031448148
-0.15692376
-0.070561893
-0.0038328359
-0.088668048
0.16440399
0.065018483
-0.10165163
0.024123829
-0.19597462
-0.11531741
-0.096915431
-0.14232229
0.28139699
0.037446503
-0.10054271
-0.045363989
0.12028323
0.0095482403
-0.20403665
-0.050166287
0.119246
0.051866319
-0.16296223
0.11434815
-0.07997483
-0.1095944
0.019036209
0.056510635
-0.024485327
0.061838198
-0.062942505
0.080889992
-0.01203928
-0.24428904
0.054203209
0.039024919
-0.15702479
0.020238956
-0.11114734
-0.074543998
0.044648532
0.040673669
0.048455589
-0.075576425
-0.049251158
-0.083408207
-0.006372517
-0.11041926
-0.051639292
-0.099264741
-0.066088051
0.010394963
0.048486345
0.056837257
-0.14208567
0.087909773
0.049164347
-0.033742063
-0.025142336
-0.11614837
-0.037498292
-0.10547478
0.094552629
-0.018293941
-0.033136006
0.13714011
0.032935929
-0.12706009
0.038322367
0.10353422
-0.023335379
0.14443521
0.065158568
0.042306736
-0.02650262
-0.036487471
-0.097393073
-0.031085219
-0.025910553
-0.12722224
-0.11900688
0.099886693
0.003597457
-0.040530577
-0.099060476
-0.013663196
-0.072525084
0.0023038529
-0.00068371673
-0.1323874
0.050793
0.0045892503
0.037662484
0.040716968
9.3637536e-05
0.11509595
0.054263607
0.0652669
0.049588863
0.0086120479
-0.054184396
-0.1095819
0.00024995915
0.13190122
-0.10691939
0.047399953
-0.16631924
-0.020450534
-0.023436669
0.016530188
-0.13678904
-0.015890542
-0.080020122
-0.053761918
-0.011299317
0.0090075992
0.090280421
0.086605132
-0.08934892
-0.020806568
-0.18466975
-0.039067619
-0.013275341
0.048660737
0.031038923
-0.009527497
0.040302735
-0.062224764
-0.12868848
-0.12526579
0.071508683
0.029122606
-0.011242967
-0.014025956
-0.035849147
-0.088090636
0.022700083
-0.056344632
0.14693232
-0.042235814
0.1089899
0.070551373
0.0063321413
0.11071554
0.068607703
-0.056663368
-0.006404405
-0.017719314
0.00047236562
-0.046705004
0.0071835737
0.030381078
-0.050032254
0.070514366
0.034024622
-0.0038619209
0.14212026
0.065118007
-0.064733095
-0.0044586319
0.0906073
0.11056243
0.12974593
0.1346366
0.042962935
0.040757813
-0.14709157
-0.016265789
0.070741542
0.012268049
-0.099666759
-0.065935768
0.016165901
0.073665567
-0.18496917
0.021466
-0.037814505
-0.0054652556
-0.057919879
-0.023077741
0.067469336
0.02988459
-0.033004366
0.038698666
0.034770295
-0.040230196
-0.015889803
-0.074263632
-0.044525255
0.013074827
-0.033248931
0.074866988
0.016547548
-0.010423922
-0.078075863
0.058853496
0.10362288
-0.051519886
0.11537027
-0.032836094
-0.097511031
-0.034311011
-0.029292962
-0.0028881619
0.12135584
0.035090465
-0.073060736
-0.066786855
-0.015727438
0.052472562
0.099145591
0.015076235
0.093408674
0.032192059
0.039528977
-0.083319984
0.075577118
-0.013527809
-0.08169423
0.091949888
0.019510737
-0.0081801331
-0.094532222
0.030360052
-0.033329569
0.030773323
-0.12972645
0.075856037
0.051407289
-0.017358268
-0.03733268
-0.075298697
-0.15663816
-0.034595121
0.00055482122
-0.089811161
-0.0025327902
0.053805798
-0.084813654
-0.019866319
-0.019608581
0.074932523
-0.084042303
-0.047037128
-0.041638326
-0.081480399
0.11116456
-0.023073595
-0.070529647
-0.034077991
0.039438732
0.053605314
-0.0073807035
0.083236314
0.070791721
-0.015704386
-0.01983197
-0.049094558
0.023879534
0.00032234302
0.024122935
0.094645612
0.00033124033
0.038417451
0.037342671
0.007063265
-0.043041699
-0.01129688
0.086563595
-0.027040485
0.025861494
0.092927955
0.057976682
-0.10091895
0.01609654
-0.030204868
0.015698943
0.065180048
0.033267826
-0.020068467
0.094092689
0.036036719
0.0073455228
0.00046499461
0.041863497
-0.0059691374
-0.019137913
0.048668772
-0.05553297
-0.044234127
-0.028671978
0.088793524
-0.082589164
-0.1964817
-0.069466129
-0.0082777264
-0.056419358
-0.015332093
0.064497136
-0.035396263
0.054601889
-0.031254254
0.070549451
0.10018366
-0.025643473
-0.0476368
-0.10388694
0.09270484
-0.14527023
0.023126528
-0.016643932
0.0023341575
-0.092641428
0.065957502
-0.058905143
-0.08365833
-0.0063349651
-0.032518979
0.18459336
-0.0029807386
-0.043022506
0.034609187
0.12488464
-0.020978099
0.011238484
0.0090226308
-0.12469121
-0.13416821
0.13818151
-0.06660074
0.026432393
-0.088142306
-0.016738676
0.056435574
0.023118172
0.05966118
-0.30026418
0.017992046
0.12506674
0.027168771
0.1214445
-0.054898549
-0.00019924688
-0.0052169245
-0.045812938
0.09529987
-0.22290762
0.072109468
0.015059655
0.11825906
0.18453948
-0.093370356
0.070370659
0.057204116
-0.12710336
-0.085480683
-0.016757259
0.0014216308
0.071678102
0.056698892
-0.11800974
-0.12044638
-0.1739693
-0.047654599
0.085961781
-0.0059338673
0.016471241
0.047564253
-0.087272719
0.13075487
-0.1700601
0.052948259
0.0022688545
0.079178877
0.044832945
-0.037213925
0.087537646
-0.036143448
0.050624698
-0.02930804
-0.028275477
0.0037006319
0.13114567
0.020153478
0.06688495
-0.031756047
0.056028057
0.081659883
-0.1037721
0.10123332
0.074073598
0.11721413
0.0069488036
0.074832201
0.093994074
0.045863453
0.035199203
0.15088853
0.021319756
-0.0097483257
0.13228408
0.0077095525
0.11994483
0.015983185
0.10453524
0.016223716
0.055056594
-0.043863222
-0.012991971
0.047544785
0.10346333
-0.02105003
-0.096451119
0.11061262
0.056362294
-0.00099186599
0.0033235066
0.12696114
0.036190454
-0.12699126
0.013823081
0.017675273
0.020680025
-0.0064675575
-0.033118997
-0.053005759
0.11674394
-0.15676998
-0.10558104
-0.072454236
0.048479177
-0.011956341
-0.010459509
-0.049970467
-0.088859469
-0.068312451
0.010756039
-0.10800911
-0.13648959
0.00078255788
0.008917368
-0.065858305
-0.035791997
-0.15721586
-0.0098613221
-0.0043015569
-0.024930287
0.10549052
-0.10579617
0.0091461046
0.043496363
0.0083598811
0.032262623
0.059379205
0.0041381256
-0.018244822
0.071378551
-0.058790591
-0.0039418815
-0.0036422899
0.067773387
0.05900621
-0.034840737
0.087620564
-0.051630486
0.13885963
0.12956895
0.085711151
-0.088283539
-0.055933043
-0.071361348
0.14054677
-0.024283612
0.17456684
-0.005039637
-0.061230049
-0.060913667
-0.022916915
0.098045558
-0.028271779
-0.041509021
-0.06864129
0.071675114
-0.025853341
-0.022571234
0.051331971
-0.081909575
0.0013253711
-0.001640451
0.042457398
-0.035915434
0.05404089
-0.025546003
-0.053134158
-0.049619485
0.083477952
-0.07965184
-0.068439066
0.015625307
0.002581846
0.095622107
0.072793916
-0.015315345
0.079343922
-0.094300039
-0.036606465
0.0067036678
0.018993733
0.047306016
-0.066958182
0.018778754
0.13249357
-0.010888312
-0.08785791
-0.028779568
-0.14261883
-0.034261912
0.0098235393
0.065293714
0.025579643
-0.016146356
0.062272299
0.0503406
-0.094263203
0.0018111032
0.08692345
0.023912041
-0.091161884
0.043049794
-0.014573677
-0.10029667
0.088082828
0.024158141
-0.093726471
0.014157637
-0.018438853
-0.096142143
-0.04892448
0.012774766
-0.028238337
-0.057067458
-0.0050865933
0.034531809
0.088969707
-0.028907454
-0.11174147
-0.11735659
-0.08098229
-0.016829075
0.044655964
0.077806354
0.0072361194
-0.063812889
-0.13629559
0.05138924
0.021756379
-0.078209803
0.0012201611
0.11593927
-0.048894931
-0.12056735
0.062825337
-0.1036556
0.017695161
-0.013915785
-0.12669313
0.026510868
-0.04109095
-0.02065869
-0.028509192
0.014795827
-0.0065458738
0.011815631
0.091128685
-0.060072701
-0.037246794
0.060388282
0.06881021
-0.0513536
0.05390038
-0.012762715
-0.050178878
0.092523694
-0.0083634993
0.058695931
-0.02029621
-0.095537648
0.058247961
0.014369785
0.052067585
-0.045175038
0.028658343
0.10380126
0.075017259
0.047468409
-0.038968269
-0.059138995
0.024814757
-0.052773412
0.0028489777
0.12057611
0.08368253
0.094331793
0.0027077706
-0.028473152
0.097171418
-0.081368491
-0.08221142
0.013868324
-0.063085228
0.085265651
-0.037689555
-0.017859461
-0.042795274
-0.078870758
-0.020061189
0.092846163
-0.0054004882
-0.12537554
0.079145871
0.064016543
-0.1201608
0.092219904
-0.010118354
-0.015257909
0.073510021
-0.029026294
-0.073122665
-0.032889146
-0.063665636
0.01209149
-0.083997838
-0.03032591
0.064011157
0.065049
-0.076799452
-0.017130012
-0.10692056
-0.010259646
0.074538298
0.076266713
-0.0078900568
-0.077196933
-0.0068805972
-0.010826628
0.090504259
0.06653171
0.076114073
-0.05463241
0.13811691
-0.10215252
-0.010184519
-0.026752468
-0.045471087
-0.038167227
-0.10799649
-0.0142986
-0.027160406
-0.022633927
-0.0080806334
0.05157024
0.0088051194
0.043240398
0.0082297521
0.085449323
0.11065843
-0.069443345
0.11902548
-0.064586766
0.015938835
-0.0077744545
0.087175831
0.0093605136
-0.089256234
-0.064566299
-0.012754553
-0.076864935
-0.064454466
0.068370007
0.002665808
-0.055222664
-0.17657687
0.026039097
-0.033054695
-0.035236187
-0.039766394
0.041524589
-0.059164293
0.0074323122
-0.074072644
-0.0024777607
0.034412634
-0.046958577
0.070797235
-0.066119038
-0.043105651
-0.059642926
0.025441663
-0.043472853
0.0080928765
-0.0040915795
-0.024600873
0.029994009
-0.0042995778
-0.063152924
0.067221276
0.10294285
-0.091566302
0.03935321
0.046357565
-0.19697481
0.042757984
0.064830914
-0.10358458
-0.00048836094
-0.03383005
-0.051498074
0.03730575
0.09770295
0.031753998
-0.065304287
0.063751496
0.076139979
-0.053130142
0.073071584
-0.031108076
-0.036739826
-0.042936347
-0.020293549
-0.17016363
-0.089266956
0.015545834
0.012644193
-0.020690998
0.035595272
0.0084470492
0.026223676
0.002852174
-0.060396362
-0.087136626
0.054761566
0.023692854
-0.042685099
0.056320157
-0.066488117
-0.037791122
0.037585039
0.039447639
-0.010600111
-0.019137366
-0.0074596391
0.076068416
-0.00563396
0.00307902
-0.044924729
-0.029739922
0.023697803
0.071804598
-0.021420129
0.0925157
0.12050485
-0.044664893
-0.13265036
-8.0196638e-05
0.068447709
-0.0041280165
-0.095459573
-0.0041532214
0.070376396
0.066486411
-0.039480448
0.080994383
-0.0020893167
-0.13248962
-0.063355044
0.03633751
-0.094919242
0.034435704
0.12921113
0.069201447
-0.065937929
0.070440605
0.022972973
0.032556366
-0.06349577
-0.014345031
0.024854805
0.068016611
0.052673355
-0.033265546
0.073611408
0.023119891
-0.019656099
-0.028889436
0.060063176
-0.11464323
-0.14915879
0.068765342
0.089314669
0.063970461
-0.047046911
0.077455848
0.046802923
-0.042873204
0.06025837
0.019384626
0.042504959
-0.057034146
-0.096396394
0.055135943
-0.092561252
0.064008407
0.055668164
0.037496373
-0.079131998
-0.027450958
-0.087503508
-0.090074264
0.0037645376
0.0062758843
-0.00344965
0.065389909
0.058318559
-0.030518154
0.074817769
0.036754586
-0.10994701
0.064516537
0.00065082358
0.069677331
-0.026443936
0.045487121
0.069167256
0.084217578
0.050830591
0.070885487
-0.066557787
-0.0047156853
-0.098742463
-0.0076830983
-0.031268943
-0.11712667
0.010779607
-0.04317401
-0.12478747
0.088479489
0.065239064
-0.044990622
0.014049479
0.11891372
0.033256259
0.0096405707
-0.018062094
0.13274641
-0.05643826
-0.10323366
0.073887922
-0.040107846
-0.082186252
-0.0031320273
-0.03389236
-0.059352688
-0.052182335
0.020247266
-0.015999936
-0.017672095
0.018776827
0.053644821
0.079157852
-0.016652824
-0.092273153
-0.050016444
-0.013050651
-0.0050656344
-0.05034117
-0.01411425
-0.11771485
-0.02274676
0.11016543
0.029300388
0.044075802
-0.083202027
0.074723072
0.00419279
-0.029217167
0.01480873
0.047953498
0.1081681
-0.060809664
0.092185259
-0.10637757
0.040713184
0.1102339
-0.065708026
0.056543365
0.064216137
0.034026209
-0.0085608829
0.085340127
-0.011324636
0.086208507
-0.02002839
-0.031385258
2.5827183e-05
-0.0023075463
0.02726387
-0.023263739
0.095927417
-0.038997971
-0.16447878
-0.095896028
0.072029226
-0.048816878
-0.064218327
-0.018545002
0.046993773
0.032510418
-0.0034889965
0.020572515
-0.077466667
-0.047709789
0.04120639
-0.099049211
-0.084674433
-0.01563672
0.0019293242
-0.024407482
0.10535461
0.014322663
-0.039644837
0.024743235
0.032708
-0.051250938
0.082768276
0.021364892
0.06410186
-0.089373514
0.007641315
0.004568466
-0.091960892
0.12376142
-0.04577617
-0.13198651
0.023433845
-0.075353995
-0.1437925
-7.8893987e-05
0.045776058
0.043408204
-0.06980779
-0.016165897
-0.024126099
-0.0094289696
0.03774989
-0.0068803509
-0.057007894
-0.037608877
0.001493631
0.028820021
0.055538267
0.044751123
-0.092889898
0.035113156
-0.060896605
-0.074330047
0.027631925
0.083129339
-0.032485694
0.034910232
0.0075866734
-0.019169997
0.13521661
0.0021871789
-0.12281341
0.04070003
-0.1384154
-0.12191468
-0.15977108
-0.040418591
-0.084460288
0.064509466
-0.11403435
-0.032494944
-0.072481759
0.078584537
0.030065753
-0.038767476
0.036193416
0.098774441
0.057120524
-0.040805634
-0.016236037
0.12043767
0.013508243
-0.026239635
-0.013022116
-0.0091871135
0.076486409
0.079598613
-0.0096739428
-0.071466833
0.061467037
0.01452606
0.018984463
0.060790263
0.066045351
-0.028292403
-0.039266318
-0.02540886
0.10945573
0.093130879
-0.12907377
-0.074359916
-0.11129428
0.0120162
0.022098675
0.036573809
0.045348283
-0.00099475402
0.05700231
-0.081491038
0.015174967
-0.20948583
-0.03130357
0.026073018
-0.03736297
-0.057985071
0.02265672
0.035738055
0.009190781
0.14395654
0.007340306
-0.064595357
0.010493889
-0.082680792
0.098177731
-0.073880985
0.085450716
-0.057626441
-0.057229605
-0.023114981
0.046812557
0.067475624
0.022202389
-0.028870549
0.11148056
0.059291203
-0.0010040354
0.072080232
0.01216869
-0.00079384848
0.10153221
0.035556152
-0.021966446
0.1534293
-0.0054459209
-0.057999194
0.1142613
0.070074134
-0.008799863
-0.0095306663
-0.062374696
-0.064021036
-0.056967497
0.17338489
0.10156697
0.028242428
-0.048521131
-0.0059803585
0.021325789
0.13902317
0.038175404
-0.094131239
-0.084990881
-0.029787239
-0.024863619
-0.033801511
-0.095557638
0.078926459
0.080045819
-0.041411497
0.022736268
0.051117416
0.076451011
0.048649788
0.108961
-0.056268863
0.092620157
-0.0058729057
-0.049009543
0.062235594
0.097403429
-0.11815792
0.083286956
0.02776641
0.046617575
0.080215625
0.024794551
-0.033043463
-0.050078746
-0.062633939
-0.042590965
0.049133684
-0.090898789
0.026145129
-0.13263282
-0.083486624
-0.11943483
-0.012406226
0.036367804
-0.098012879
0.077316716
0.080352724
-0.020359153
0.14006206
-0.05050176
0.10258266
-0.038299102
0.0028801237
-0.055464387
0.039188303
-0.036199234
0.037257891
0.079395309
0.014575765
-0.0059534465
-0.042767595
0.01157714
0.056577414
0.087626308
0.038917791
0.01211093
-0.077782869
-0.014720021
0.0067271143
-0.15322714
0.018233489
-0.080284737
0.045524608
-0.057362385
0.066301212
-0.039916214
0.029534493
-0.060779776
0.028029166
-0.039246537
0.0042152912
0.0059039667
-0.040811665
-0.10267787
-0.062635489
0.083784334
0.036889575
0.0741724
-0.034990549
-0.037431639
0.035512213
-0.093401663
-0.090850711
0.0056404807
0.014244644
-0.0001112906
0.026372405
-0.046260659
-0.050362565
-0.051294826
-0.036930811
-0.082585268
0.067911319
0.048757743
-0.043374635
-0.026826072
0.074202433
0.02370551
0.059550643
0.013263134
0.020467227
0.029899616
-0.084256478
0.019841947
-0.027790848
-0.035395946
0.10279969
0.037219889
0.086899117
-0.07409551
0.020911107
-0.1075639
0.045607854
0.033353325
0.028563906
0.060632337
0.013244327
-0.058457922
-0.080872677
0.050358929
-0.044709109
-0.018973317
0.039277032
-0.017355407
0.06514056
-0.028988518
0.058467198
0.093606912
0.083917871
-0.046123676
0.10759682
-0.10443958
-0.069983281
-0.068270281
-0.077227578
-0.12000237
-0.0010334882
0.032269426
0.068487972
-0.095103972
-0.034167521
-0.06792251
0.037097264
0.072214544
0.010244889
0.1347381
-0.024661411
0.078687355
-0.0364221
-0.10132742
-0.056734212
-0.12539811
0.025068799
-0.08350081
-0.062575102
0.067462921
-0.055333767
-0.072844245
0.0089521082
-0.046914261
0.075499944
-0.0015322915
-0.13238797
-0.035421383
0.031379249
0.0349585
-0.0042213369
-0.076144382
0.078782164
0.0655578
0.020876972
-0.046060745
0.079645202
-0.093092471
-0.044497225
-0.038205683
-0.016420746
0.11899746
-0.02372314
-0.03321334
0.035917789
-0.11253333
-0.09525317
0.078608721
0.075559288
0.065817632
0.078063935
-0.086564086
-0.019668406
-0.0051833866
-0.083095476
-0.022152191
-0.030133311
0.049308714
0.024624487
0.071602851
0.00091539405
-0.020764837
0.012893368
0.079221554
0.068569176
-0.051763278
0.018237598
0.060351864
-0.014846612
-0.015082561
0.15515073
0.05237484
0.016508045
-0.066959299
-0.075317614
-0.084078573
-0.043345243
-0.065142587
0.10184503
-0.0094774077
0.023463849
0.015352435
0.07344041
0.11299849
-0.035914246
0.074388377
0.0093172593
-0.034918793
0.10508166
0.041226536
0.017061999
-0.077539623
0.029997347
-0.072221518
-0.032182369
0.067661196
0.043875672
-0.046668403
-0.13785641
-0.073551938
-0.074072927
0.015902469
0.034782596
0.014644389
-0.029287208
-0.027323
0.0037917148
-0.15430617
-0.0043451558
0.1470347
0.092598818
-0.16836405
-0.033447534
0.029986156
-0.11297853
-0.030123215
-0.058500033
-0.047249697
0.027085152
-0.015979793
-0.063292593
0.006926096
0.068940237
-0.060527105
-0.0060135904
0.002094113
-0.001713822
-0.12756453
0.099463888
0.08918339
-0.039851725
-0.034592647
-0.023001684
-0.060235959
0.022477798
0.18217254
0.038237635
0.073970869
0.0030802563
-0.13831578
-0.009771131
-0.11794433
0.067942798
-0.044280391
-0.018958058
0.12009269
-0.02995404
0.11565859
-0.089126706
-0.009180109
0.055545442
0.058565658
0.05135553
0.12008868
-0.026038337
0.0024596758
-0.037146334
0.13557515
0.013648032
-0.1042717
0.04057033
0.06267859
0.097904123
0.026531091
0.019724021
0.093970627
0.0021415679
-0.0031692695
-0.024775235
0.083635688
-0.0063321586
0.10483949
0.054550391
-0.032265868
-0.17729028
0.026866555
0.055843122
0.057423856
0.15541679
-0.087604538
-0.030821763
0.0010864327
-0.085065968
0.046490546
-0.02936236
0.047829125
0.083622985
-0.0071042054
0.12317618
0.012236686
0.083801404
0.049241137
-0.054087192
-0.050611906
-0.0371737
0.041294102
-0.003592046
0.06320399
0.0014473563
0.037558734
-0.095028363
-0.1236533
-0.061648417
-0.019894518
0.03158658
0.11268307
-0.050643038
-0.0091374237
-0.042561553
0.055619609
-0.04720632
-0.023024229
-0.075171322
-0.069130421
-0.015581818
0.07395687
0.0092426063
-0.068281934
-0.068800613
-0.073014647
0.083437048
-0.035270538
0.050119136
0.018009301
0.039321557
-0.086287454
0.0062402287
0.082908295
-0.11967047
0.10002977
-0.0059808064
0.023001803
0.033540104
-0.12389023
0.044800412
0.0010791536
-0.10790164
0.014542707
0.1020335
-0.094616666
0.0099268723
0.053701274
-0.049337015
-0.087791026
-0.17316106
-0.028902527
0.093783252
-0.054318856
0.095442586
0.073447622
-0.096373506
-0.028267419
0.091028281
-0.056327518
-0.10233743
0.018267611
0.016356779
0.090788431
0.011501566
0.058223087
-0.0062314426
0.0854702
-0.041214202
-0.014365204
-0.02632267
-0.066597559
-0.0074779713
-0.03650539
-0.097468153
0.081358038
0.091931269
-0.007180328
-0.061601557
-0.074382931
-0.031176079
0.019720843
0.051952384
0.0011321112
0.016949298
0.058865063
-0.038516115
0.12255036
0.050874896
-0.092749499
0.053474765
0.017564904
0.014224646
0.078176819
0.046130598
0.054758225
-0.03474414
0.11388422
-0.014033057
0.028641729
0.013995678
-0.0084639508
-0.017753689
-0.075466074
0.007711608
-0.063567661
-0.042040028
-0.050640237
0.083129674
-0.0093067931
-0.089788303
-0.10853824
0.021876091
-0.0099830646
-0.038164433
-0.022098804
-0.063221611
0.055466723
0.008648701
0.015218419
0.058442742
0.094671652
-0.05133399
-0.0069511416
0.069547132
0.0033906181
0.090465739
-0.0013928621
0.038958717
0.011133721
-0.095285907
-0.064020075
0.013209529
0.06247874
0.042503886
-0.0099711614
-0.0073945727
0.032422107
0.069200151
0.069196962
-0.068853468
-0.03728424
-0.036390562
-0.14358464
-0.082277402
0.043051496
-0.010396212
-0.05705861
-0.07393413
0.025344105
-0.057057064
0.079767257
0.040027991
-0.053243272
-0.018426675
0.0027921575
-0.086416095
0.03336145
0.012673994
0.015844645
-0.097729422
0.10513909
-0.0072471383
-0.054532602
0.089154616
0.077115402
0.027018299
0.027648531
-0.010988561
0.033473466
-0.15881406
-0.031883873
-0.041044809
0.022719724
0.10847802
-0.069773801
-0.11715033
-0.012013897
-0.046480536
-0.0051934603
0.16714315
0.045584757
-0.057499874
0.017559575
0.10353035
0.04487171
0.00055909937
0.070072524
-0.0048111221
-0.076505378
-0.12746507
0.032983571
-0.1115365
-0.065590851
0.036102436
0.12585008
-0.05397848
-0.10327812
-0.11941998
-0.020429967
0.069812529
0.080697767
0.051036097
-0.090354025
-0.0030602552
0.1066359
-0.055077046
0.050394744
0.063034572
-0.18283437
-0.054388605
-0.06297718
0.017232059
-0.03564145
0.014239135
0.011389227
-0.036236599
-0.12444609
-0.0087629007
-0.037428129
0.081523605
0.12806015
-0.028405253
0.024066728
0.080177553
0.05568403
0.11996632
0.0058696438
0.02591802
-0.050578073
0.071557522
0.015478687
0.025330199
-0.069430701
0.02370902
-0.033302665
-0.043226611
-0.073666669
-0.014847623
0.026440257
0.036799524
-0.053110253
-0.033330802
0.023580961
0.13768426
0.047465179
-0.12305289
-0.050057266
-0.0669818
-0.066638991
-0.022641756
0.09250804
0.013605534
0.085452631
-0.042267431
-0.079223163
-0.082663909
-0.067671508
-0.0073336214
0.070313022
-0.093134068
0.11320849
-0.031483825
-0.034281433
0.013020889
0.17089766
-0.024613542
0.09637104
-0.04586345
0.10871209
-0.067993708
-0.10998537
-0.10277224
-0.10929142
0.035669897
0.011068696
0.060692474
-0.1292351
-0.016607562
0.026947949
-0.034389485
-0.023597758
-0.013250774
0.026616391
-0.017893253
-0.13122122
0.073961966
0.075910807
0.11725944
-0.024604337
-0.02473563
0.060809538
0.16819894
-0.0024298499
0.043448884
0.018379083
-0.045292888
0.0045043086
0.07282076
-0.032376613
0.0074717696
-0.06993477
-0.019200131
-0.045530181
-0.048154652
-0.070632547
-0.030032394
-0.10650654
-0.069978364
-0.021352269
0.1106973
-0.11946205
0.037355583
-0.056000412
0.15077966
0.043426465
0.0079767192
0.17494701
-0.01880582
-0.057328116
-0.11947177
-0.0054612211
0.035502896
-0.099334605
0.026143303
0.037566584
0.068467982
-0.071509324
-0.085532509
-0.14627866
0.062139951
0.074108303
-0.04960373
-0.029840024
0.01962105
0.12722129
0.099878378
0.15599966
0.1761255
0.017328026
-0.066427194
-0.079482719
0.026962774
-0.2513909
0.04875496
0.11096658
0.09762384
0.13774753
-0.1197805
0.0098977424
0.074827582
-0.12959906
-0.0030729924
-0.020781871
-0.18115799
0.065359652
0.032320704
0.079015315
0.044869583
0.12945843
-0.048647054
0.047009494
0.0005648571
0.077741995
0.067264296
0.11797867
0.022692904
-0.035557374
0.031517759
0.031894207
-0.019932428
0.090619624
0.12938181
-0.09965051
0.1517013
-0.012076763
0.023172572
-0.0055037658
-0.040777836
0.10819437
0.015513319
0.10443264
0.002774443
0.083298266
-0.031826392
-0.019941593
0.12917237
0.1276983
-0.091463372
-0.148471
0.031489864
0.083582796
0.022141419
0.045434698
-0.040576208
-0.022857165
0.0091710351
-0.04722381
0.097669281
0.090820201
0.16212074
0.020303551
-0.022060528
-0.044094063
-0.16379523
0.13002923
0.011111644
0.16876204
0.033653155
0.10938861
-0.10034941
0.10604
0.060734604
0.029420484
-0.11558457
0.032734647
-0.076983228
-0.050653849
-0.068933226
-0.10901809
-0.11388434
-0.04520179
-0.0094244266
-0.033136837
0.050164767
0.0036486255
0.084359221
-0.082964264
-0.0015437513
-0.0073194592
-0.058054708
-0.0010063724
-0.0072709257
0.023188317
-0.06028549
0.12637189
0.010865124
-0.072701536
-0.10509908
-0.0071659456
0.018634811
0.079382993
-0.043067712
-0.070588566
-0.027846389
0.061951749
0.066076025
0.045968894
-0.0096409582
0.04808009
0.0075289495
-0.080641329
-0.0093114628
0.13596146
-0.057038434
-0.17144142
0.063505679
-0.0050713965
0.051988848
0.0013798004
-0.0095474776
0.079343051
0.065474004
0.052763831
-0.060622316
0.071126156
0.047966376
-0.063695088
-0.050916154
-0.0097514903
-0.055256698
-0.077736646
-0.02071709
-0.01536023
0.071920864
0.033309471
0.0041156523
0.068583243
0.045207515
-0.022247504
0.00079279038
-0.042092655
0.088131435
0.0083771702
-0.017446153
0.050619666
0.066516638
0.086817801
-0.02419257
-0.034236223
-0.01461854
0.14091486
0.11759664
0.10819067
0.049244162
-0.1156674
-0.053419512
0.01232954
0.07049337
0.058187418
-0.031621136
0.015867656
-0.094000272
-0.00093006244
0.020627838
0.01920539
0.093516447
0.095495373
-0.024635689
0.040260177
-0.011292713
-0.11710388
-0.021828974
0.037750017
-0.011430311
0.041548274
-0.066305324
-0.010721898
-0.10746785
-0.042741235
0.020552794
0.057625726
0.052491549
0.1384744
-0.086585656
0.051757134
-0.077867538
-0.019801026
-0.14646415
-0.13010263
0.05624431
0.040095828
0.04679634
0.096626602
0.027220368
-0.01357332
0.043070853
-0.068231426
0.10458899
0.037745845
0.043613449
0.0041992296
-0.038173206
-0.012983049
0.047569532
0.068403356
-0.031973332
-0.08498694
-0.020191049
-0.068408832
0.03772622
0.0099505018
0.044444911
-0.001807058
0.011134457
-0.11322167
0.0092138695
0.10986634
0.027682092
0.10414045
0.17408019
0.033389289
0.01015448
0.043774374
0.10924968
-0.096262135
0.12369968
0.024505654
-0.084622964
-0.011248069
-0.03059076
0.077363215
-0.034548555
0.13929935
-0.040691555
0.099862725
-0.11822989
0.065227829
0.065527208
-0.0060559413
0.040766407
0.02784536
-0.066718124
0.013512189
-0.029652853
0.045975149
0.046535563
0.073684685
-0.023390379
-0.04188884
-0.021080634
-0.0041418029
-0.027037879
-0.10088055
0.060802698
-0.090459079
0.028385581
-0.029763002
-0.063376665
-0.012344062
-0.034723386
0.037965
-0.10289273
-0.081729293
0.028004879
0.032771029
-0.028822502
-0.050903615
-0.016705401
0.098067649
0.0029568295
-0.04070114
0.028125986
-0.052368861
0.0098567968
-0.054742843
0.023852373
-0.055939771
-0.029847994
0.040054101
0.05434544
0.053316236
-0.088354662
-0.077050194
-0.064618506
-0.0096657071
0.031341359
-0.060970411
0.082490228
0.06223651
0.07315474
-0.022176282
-0.031869687
0.04554908
-0.049498152
0.013655996
0.025841663
-0.026068525
-0.029452937
-0.01160532
-0.038607981
-0.096203335
0.021445392
-0.0082404045
-0.040938597
0.044438977
0.048465852
0.034374356
-0.10399594
0.044644352
0.10306348
-0.00061556819
-0.031221703
-0.013698824
0.043985289
-0.12116175
0.0014098235
-0.055187441
0.066632114
0.044216353
0.069294259
-0.030754479
-0.027338564
-0.051611334
-0.042870231
0.13594535
-0.069459446
-0.061689787
-0.086921766
0.0090361284
0.090919048
0.13006493
0.028606435
0.066711709
0.1366794
0.011125367
0.045069527
0.058604062
0.066848338
0.018002851
-0.056140609
0.023933388
0.048445314
-0.033563148
0.040500741
0.056629941
0.073752396
-0.032907899
-0.051179774
-0.0031790158
0.070017301
-0.04457039