0.075065367
-0.0070828884
0.10595534
-0.02018898
0.12290742
0.019675929
-0.034393128
0.11840901
0.055774536
-0.041167215
-0.008972236
-0.041373491
-0.094294742
-0.049313735
-0.014155094
0.053886954
0.060388617
0.027785443
0.030486757
-0.13690405
0.018776206
-0.058482148
0.07421425
-0.044542599
-0.078695685
-0.027538532
0.097455777
0.11480303
-0.0085252309
0.022450399
-0.00048432345
0.020250173
-0.0051856032
-0.0094814673
-0.0074706511
0.090414457
-0.043216173
0.042357422
0.03560837
0.10874438
-0.04954233
0.0042329226
0.072698593
-0.10261672
-0.051225636
0.012976807
-0.047713302
0.041182436
-0.0036187163
-0.045006897
-0.001173778
0.01201713
-0.12399197
-0.049399059
0.048976447
0.018166685
-0.028116278
0.002126172
0.0016471605
-0.048464797
-0.030086813
0.025019957
0.067438774
0.030788045
0.055448905
-0.080226585
0.10601547
-0.17351897
0.020653531
0.004641572
0.079790458
0.085372247
-0.085941151
-0.063542381
0.013171802
-0.037517484
0.094899938
-0.0034763482
0.050723758
0.029088879
-0.041124403
-0.019682834
0.069906004
0.069680512
0.0079670381
0.019318411
0.048285905
-0.055071849
-0.10694147
0.11364271
0.0028069876
0.022205558
-0.10463086
0.011851169
0.0034320441
-0.035906393
-0.013220801
-0.061475325
0.084592879
0.036241677
-0.012697197
0.059341863
0.0075678555
-0.036734104
0.033635408
-0.058954936
0.048718221
0.027545722
-0.069792874
-0.053418797
0.056241486
0.027312431
-0.091615006
0.014402098
-0.19667158
0.057522926
-0.075107239
-0.091922432
0.028122846
-0.057669997
0.038476165
-0.020820165
-0.0050401851
-0.00700222
-0.02468572
-0.026584234
0.0066872039
-0.00099058182
-0.023897441
0.03133788
-0.024646418
-0.041500252
0.038808361
0.028702302
0.030292541
0.0062324381
0.030109216
0.047060739
-0.08169423
0.042208672
-0.099489301
-0.027792459
-0.017310154
-0.14732917
-0.028628582
-0.040762637
-0.025204265
0.051995952
-0.00067431852
0.04213021
0.1167897
0.042083193
-0.017658642
0.024613272
0.040540565
0.0042480319
0.066141956
0.03858925
0.0069783488
-0.061177243
-0.026359051
0.035775598
0.036899738
-0.018153809
-0.016646424
0.070431113
-0.035827991
-0.066328816
0.036971677
-0.018552205
-0.057114556
0.0019497355
0.075526528
0.0071367626
-0.046434011
0.040388372
0.0074867993
-0.0089542149
-0.065423891
0.058772981
-0.0061381776
-0.032959532
0.0047263601
0.081649356
0.0034478861
-0.07121551
-0.099059083
-0.072836392
-0.10689327
0.078490518
-0.060544625
0.01868262
-0.014449154
0.14669627
-0.020710865
-0.0099783102
0.040527292
-0.025843237
-0.045147713
-0.039825123
0.034990843
-0.056428049
-0.027871288
0.032266665
-0.13206926
-0.016107704
-0.034760714
0.0097572161
0.012925889
0.036639962
0.01417022
0.060650699
0.07656692
0.01106347
0.077196203
0.04248824
0.026036907
0.0097867865
-0.12759155
-0.1384415
0.087704688
0.029232502
-0.061523065
0.029390877
0.035300005
0.015555647
0.066779241
-0.076981522
0.02427122
-0.16534935
-0.0121013
-0.001028692
0.096540757
-0.011553322
0.049728405
-0.01532941
-0.020859614
0.080195479
0.095661074
0.048587769
-0.059437901
-0.11117879
0.023693232
-0.020592256
-0.075664677
-0.068266124
0.087263368
-0.18465522
0.079720482
0.13182801
0.020613844
-0.1153011
0.049268261
-0.0089968303
0.090729378
0.11009084
0.041646134
-0.072029673
-0.043926414
0.0844175
0.038008161
-0.028418668
-0.15112375
-0.12276085
0.044344399
0.13856077
-0.050415661
0.069483005
-0.06038525
0.022309817
-0.049982697
-0.16160505
0.015819583
0.02946152
0.012242948
-0.17040361
-0.0054633622
0.077834457
0.076077409
0.062712528
-0.092463188
-0.0065331329
0.10431451
-0.063685946
-0.022166135
0.032303508
-0.066867992
-0.063963369
-0.002765144
-0.039624125
0.02864651
0.043716166
-0.044098761
0.013071814
-0.1030227
0.019497067
0.022379819
-0.033939216
0.014317687
-0.049057465
0.073577791
0.058922328
-0.044598982
-0.0055250837
0.062254701
0.11076313
-0.059750896
-0.12704647
0.077997446
0.080867209
-0.13375388
0.19197673
-0.038362674
-0.14210443
0.0076893014
-0.053497139
-0.066623554
-0.016962929
0.0048518525
-0.047767267
0.044925425
0.12076518
-0.040481295
0.021049827
0.057022002
-0.14569314
-0.070780858
0.074876606
0.057364888
0.051466536
0.015182106
-0.0044642817
0.016180109
0.10506096
0.1285096
-0.097066276
0.059168607
-0.18651682
0.11045375
0.068448931
-0.0041158479
0.051465046
-0.0016774881
-0.082319111
0.10986108
0.075320847
0.055644084
-0.014202284
0.053789243
-0.010561273
-0.017623119
0.020801654
0.05134134
0.051406551
0.025214776
0.035270769
0.10886735
0.052762616
0.017429773
0.10863999
-0.077868573
0.026748426
-0.094813868
0.0040278328
-0.13970342
0.013753215
0.13295244
-0.01471067
0.050106097
-0.049586769
0.055125445
0.057994477
-0.012671122
0.047087207
-0.045885842
-0.046005819
0.054322466
0.12439927
0.015352244
-0.024347568
-0.15898849
-0.10107931
-0.17021579
-0.021115469
0.091607325
-0.042110581
-0.018742127
0.17589906
0.057023026
-0.054148655
0.019106744
0.036400359
-0.031804219
-0.1250132
0.066844575
0.037066363
0.0095228031
0.012590713
-0.027959865
-0.095459759
0.032582063
-0.0014091691
0.049992844
0.021774918
-0.062004913
0.078560919
0.020252123
0.030148394
0.014521199
-0.022680143
-0.0089011975
-0.034187462
0.080370724
0.00068057509
-0.12187122
0.023889266
0.0027000064
-0.0054963185
0.043253012
-0.017281206
0.0059830076
0.11982689
0.0027443755
-0.002534972
0.073308945
-0.084586859
0.16400222
0.16688655
0.039480396
0.054821189
-0.050816953
0.0384004
0.012734799
-0.003464242
-0.027857153
-0.098357387
0.037609771
0.0073256413
0.036431469
-0.2331277
-0.096422799
-0.020005699
-0.0073764827
0.031801734
-0.047017612
-0.0599733
-0.032433346
0.068815641
-0.16161771
-0.0553273
-0.024997357
0.012360837
-0.027826874
-0.025302658
0.056305245
0.013858895
0.090178899
0.030613476
0.053002503
0.012850913
0.09339834
0.049587067
0.060454998
0.097512439
0.007627842
0.021425921
-0.025277158
-0.045314748
-0.071497396
0.040446185
0.024791175
0.045480311
0.047304068
0.0018853911
0.0029379914
-0.028621055
-0.083972029
-0.022056818
0.06287954
-0.0066795135
0.012968089
-0.083647914
-0.049078558
-0.10754306
0.054380532
0.02156717
0.034447815
-0.016357202
0.035652637
-0.014438503
3.07148e-05
-0.046723377
-0.024151109
-0.06545721
-0.013897568
-0.045576677
0.031837929
-0.057854101
0.013850286
-0.038389184
0.062869713
0.062710501
-0.13693966
-0.015938729
-0.013491546
0.13354217
0.0076885894
0.091450132
-0.0047322824
0.093552232
-0.034818243
0.08471147
0.022046661
0.063627817
-0.012020178
-0.044610266
0.00035352199
0.00955965
-0.093716912
-0.047809098
0.08762987
0.071716085
-0.14342603
0.076449364
0.018577268
0.1313086
0.0024791518
0.0054741022
0.023294585
0.045303326
-0.065610595
0.074714191
-0.034651332
0.065855086
0.092394732
0.051694814
-0.02150983
0.058290042
-0.084304631
0.018888641
-0.083329819
0.0010061958
0.0090648308
0.034348886
-0.030238278
0.11957187
-0.070419781
0.058521833
0.012697523
0.014993959
-0.039661016
-0.016240139
0.046737656
0.025158009
-0.05470261
-0.054276943
0.046499964
-0.024654835
-0.023465682
-0.040731393
-0.010852164
-0.039140888
-0.021381075
0.069229417
0.089477487
0.049599051
-0.029137947
0.074970618
0.095995471
0.024709934
0.0077224541
-0.02936721
0.1720787
0.076138847
0.046935488
0.0293249
0.011739192
0.012384702
-0.091027714
-0.025215153
-0.010056725
-0.059319064
-0.024622459
0.054048695
0.14209716
-0.057556722
0.012719985
0.032473311
0.015526729
0.042589616
-0.085403122
-0.050889459
0.065352693
-0.093353502
-0.067898728
-0.16694714
0.078246124
0.050875485
0.057919919
-0.045930304
-0.091725074
-0.033927929
-0.095522985
-0.017313689
0.020310732
0.012057509
-0.036662545
-0.00098511786
-0.13177508
-0.0039820913
0.093366928
0.085755974
0.01868937
-0.0012945448
0.01166179
0.034222189
0.032048769
0.049699046
0.013359253
0.02330463
-0.083827689
0.075697005
0.037819158
0.02127553
-0.10237243
-0.023977
0.032375135
0.043577008
-0.081771538
0.067385599
0.06693583
-0.10494862
-0.075433284
0.097527631
0.019897548
-0.072563499
0.017237883
0.097673841
0.036114402
-0.00050547882
0.05107541
0.079949334
-0.15173976
-0.023941906
0.1408321
0.056141809
-0.021602444
-0.0022788735
0.028440183
-0.13840085
-0.08966022
-0.029171245
-0.050771981
0.042308796
0.032774832
-0.055691306
0.016167976
-0.0093100369
-0.035680998
-0.01358004
-0.0021961569
0.010900844
0.019513343
-0.15981802
-0.02796193
-0.024450995
0.058490537
-0.036222231
0.035005216
-0.013909454
0.03797641
0.0068599945
-0.036075804
0.1289364
-0.0058300351
0.0075608385
-0.016580291
0.040606633
0.012117083
0.04161742
0.019879919
-0.021096833
-0.056241024
0.0047296067
-0.016280374
-0.029953176
0.03612062
-0.053176429
-0.0086973095
-0.10251053
0.019971369
-0.0032055778
-0.044265829
0.0078646876
-0.036260929
0.045012631
-0.25181121
-0.10979779
0.060951784
0.08190538
-0.06374453
0.059989434
0.037118513
-0.014402337
-0.0014185348
-0.027557427
0.041039519
-0.11745029
0.039110079
0.076898172
-0.054523356
0.070158675
0.10965659
-0.037253398
0.01359235
-0.1188819
-0.036960557
-0.063374594
0.067631803
-0.01299422
0.047732513
0.030625062
-0.062671274
-0.0088392273
-0.0086906897
-0.061972607
-0.042842176
-0.043245468
-0.041404162
0.020886824
0.0494087
-0.022591183
0.08378271
-0.029455245
-0.051519435
0.049599711
0.062400166
0.041828372
-0.00070782943
0.0012309074
0.052576117
-0.078672081
-0.0085575748
0.056621205
-0.068462595
-0.067805998
-0.093652055
0.016670356
-0.001773808
0.070430659
0.14933017
-0.062293481
-0.022004936
0.036747914
0.037123132
0.060153779
0.056910019
-0.015597438
-0.1301751
-0.079854406
-0.023826746
0.048265297
0.061767597
-0.089580603
0.096617728
-0.081642106
0.048081469
0.058068063
0.078163497
-0.038007881
0.090399161
0.061037954
0.081520587
-0.0054527367
-0.041034851
-0.039219424
-0.013467399
0.055918917
-0.033828318
0.046343181
-0.029987302
0.0013824585
0.017435243
-0.035111647
-0.050978813
-0.042361069
0.017724438
-0.00035492345
0.045431517
-9.103839e-05
-0.086462766
-0.033055738
-0.010180353
0.030290633
0.015725128
0.014454338
-0.1792966
0.007182641
0.1581015
0.040071696
0.024319334
0.016176013
-0.060531281
0.050964065
0.0016749125
-0.031366777
0.032291234
-0.0094299661
0.073891535
-0.0051659713
-0.0094987126
0.019064099
0.033556584
0.019510284
-0.027251331
-0.058764309
-0.03408879
0.073652148
0.036192924
-0.017210159
-0.0024007799
0.01384565
0.014255567
-0.00017299627
0.091478884
0.10967214
-0.012247803
-0.054534998
0.078169718
0.048026077
-0.021190912
-0.037469104
0.041129265
0.0024140694
0.014551782
0.034514923
0.067383818
-0.003957679
0.011982464
-0.0074345567
0.025201159
-0.027516799
-0.012621196
0.021965841
0.070187896
-0.0378481
0.0074450765
-0.026340816
-0.064429559
0.075769976
-0.028099759
-0.044753827
-0.084405072
-0.043125696
0.010693827
0.035723321
0.0062215836
-0.022691913
0.026076332
0.0040777763
-0.021954501
-0.0064381598
-0.016973391
-0.11251725
-0.0087031461
-0.0027277123
0.0086397715
0.030094579
0.017837681
0.10313965
0.073574871
-0.090840258
-0.087258883
0.031234493
-0.0066112322
-0.0016925657
0.016364319
0.040755142
0.091692194
0.069504872
0.041015532
-0.031758927
-0.099790841
0.055359948
-0.051065404
0.041525234
-0.10634337
0.11420198
-0.16473566
-0.10576954
-0.13968964
-0.030350784
0.083808251
-0.23437643
0.047089174
-0.026426872
-0.078195617
0.0464972
-0.28172114
-0.20424837
-0.033492945
-0.055097863
0.00040482552
-0.15678637
0.14025089
-0.14748035
0.14038853
-0.17122956
-0.05566778
0.068594404
-0.17899194
0.059465364
-0.084512837
0.018351723
-0.12554622
-0.067157835
-0.0044495421
0.00050492171
0.028518001
-0.26855916
-0.036958627
0.045918334
-0.18162109
-0.069675073
0.14266761
-0.00078294403
-0.094810836
-0.15304182
-0.051018164
0.23732001
0.020020144
-0.13051191
-0.034098398
0.013444168
-0.020254064
0.24609655
-0.094680212
-0.057929106
0.036749229
0.076663636
-0.14127158
0.0418768
-0.21363224
0.038898181
0.13020776
0.016983362
0.017146256
-0.16530637
0.24117705
0.051625386
0.053397145
-0.12797028
-0.18359154
-0.18126465
-0.16862674
0.075273491
0.034761641
-0.091638565
0.025836751
-0.024038238
-0.06534373
0.032049157
0.003418844
-0.096353598
0.005368839
0.11496849
0.16200888
0.055106651
-0.065663531
0.16352576
-0.12152709
-0.044960812
-0.32202002
-0.018117983
-0.27741012
-0.02943988
0.063425116
-0.029492239
0.015421886
-0.18481196
0.028513474
-0.0085171163
0.017637167
0.019427447
0.033879761
-0.01961617
-0.1049007
-0.035892066
-0.12084912
0.031872265
0.0032188664
0.087488912
-0.066301994
-0.10945554
0.0064660329
0.040674377
0.091515273
-0.25591713
0.13018636
-0.023144137
-0.081618972
-0.018900983
-0.15502906
-0.11398843
-0.02400839
0.035514198
-0.16899231
0.018753938
-0.037538514
-0.15882322
0.066631198
-0.026999174
0.034995738
-0.019627746
0.25676435
-0.24926271
-0.058289949
0.1772954
0.031081328
-0.011631616
-0.20572136
0.14272112
-0.12773222
-0.030272873
-0.10262847
-0.12156498
-0.041748274
-0.0045748814
-0.099006698
0.049917027
-0.010863383
0.092194676
0.063673094
0.036860563
-0.053216886
-0.0081174923
-0.023585459
-0.038443714
0.023631522
-0.0089071114
-0.04766294
0.012577648
0.10120252
-0.0089876009
-0.0098164156
-0.028672898
-0.155784
0.0088349152
0.032334227
0.019901894
-0.018966114
0.054258272
-0.056349955
-0.029344885
0.01721623
0.024146438
-0.017415611
-0.094491392
0.023703426
-0.12277004
0.01236645
-0.099764228
-0.040518817
-0.1871372
0.060213402
-0.083371632
-0.10723869
0.032760274
0.012563976
-0.044378605
-0.078389324
-0.032404274
-0.16079356
-0.054572035
0.018719764
0.01401482
-0.13228714
-0.014493056
0.04225732
0.0067641595
-0.04684763
-0.062029257
-0.051225692
-0.032881588
-0.071384691
0.0088040903
0.03679134
0.0101034
0.11630413
-0.019462753
0.039868046
0.080627494
0.018590543
0.08728236
0.012448691
-0.066746026
-0.033455871
-0.027389124
-0.0050995899
-0.001723718
-0.050187796
-0.070573859
0.047122393
0.095034309
0.011010991
-0.090892233
-0.11615524
-0.022237347
-0.080644645
-0.0098986179
0.038313076
0.060828622
-0.069530658
0.033301286
0.049517985
0.017215339
-0.042719565
0.046684809
0.03989739
-0.0062425085
0.008266327
-0.066674128
0.017125677
0.022093339
-0.16639146
-0.11166902
-0.0614505
-0.090521254
-0.018437792
0.0016201867
-0.061194189
0.028209811
0.082095228
0.0052334378
-0.12792207
0.00021583882
0.007091796
-0.032113329
-0.03692485
0.058056898
-0.062302325
-0.086816348
-0.093662679
-0.034838397
0.0014719401
-0.14135061
-0.048360419
0.090556026
-0.033695657
-0.09015394
-0.0041720076
-0.18951695
-0.0022072988
-0.055022523
0.1096222
0.18056038
0.17328064
0.057600278
-0.086509354
0.040398777
-0.057692584
0.073143721
-0.20681936
0.14300552
0.043623969
0.016305713
-0.21564323
0.054976013
-0.027616428
0.083715588
-0.087253422
0.04779359
0.0071288771
-0.13062538
0.1401448
0.26516533
-0.092548676
0.082375906
0.11535206
-0.023705719
-0.022480085
-0.013823606
-0.16599286
-0.21113586
0.009279862
-0.30536857
-0.012058482
-0.11758671
-0.088758439
0.071551502
-0.019758761
-0.17145342
0.028651386
0.036313981
-0.096848555
-0.078170605
-0.028212233
-0.078467131
-0.12568019
0.090983465
-0.067075178
-0.019429332
-0.0060639405
0.04366482
-0.096945822
-0.037891377
0.00017372164
0.043366481
0.21889311
0.23289588
0.06667649
0.018314227
0.0047129979
0.039812624
0.027955279
-0.0096823033
0.080576368
-0.012049758
0.053441327
0.047199622
0.019547692
-0.072109886
-0.12511283
-0.086539842
0.040610142
-0.088067442
-0.055395611
-0.22169799
0.13683134
-0.023971258
0.17699963
0.036704905
-0.069794409
0.0045654033
-0.040363759
0.036275625
-0.0040979614
-0.00074923626
-0.026914289
0.017554414
-0.020091822
0.028296106
0.10367876
-0.10445558
-0.24785627
-0.13506077
-0.16035089
-0.12622197
-0.0082397591
-0.10312324
0.0092852255
-0.056156643
0.058935218
0.19105797
0.11661807
-0.027542563
0.048013311
-0.038781002
0.083175428
0.063429959
0.069258429
-0.044701811
0.15106462
-0.065745592
-0.058978833
-0.10253278
-0.05210232
-0.0215603
0.023047622
-0.039824206
-0.25483197
0.23676246
-0.035907988
-0.23217133
-0.17779438
0.032983523
0.10016079
-0.26352569
-0.028476501
0.049004778
0.21998094
0.16987182
-0.038873777
0.032431316
0.09895359
-0.074697033
0.13016641
0.067935362
-0.0021691851
-0.091170266
0.045730986
-0.0032874041
0.19761518
0.038895778
0.054636382
0.20118152
0.23459585
-0.13386367
-0.13165867
-0.18510464
0.25205091
0.026033163
0.069273174
-0.11994213
0.074899547
-0.14568946
-0.16771407
-0.13025109
0.03468002
0.07733395
-0.047283005
-0.033787679
-0.067573734
-0.04098339
-0.012090313
-0.13502334
-0.059872326
-0.17589624
0.039353609
0.054561742
0.083361432
0.076017983
-0.024866296
-0.11354575
-0.12248522
0.093640938
0.08973328
-0.065627418
0.046015784
-0.12832618
-0.14556296
0.17514025
0.062320199
0.004257699
-0.063740075
-0.16245176
-0.13569517
-0.1632518
0.091805115
-0.025093887
0.14727895
-0.12878381
-0.059493739
-0.044689719
0.14820629
-0.068594307
-0.022110913
-0.02866878
-0.085817389
0.072447263
0.010651045
0.1280247
0.019693175
-0.06748905
-0.2049443
-0.056868643
-0.093723081
-0.039145321
-0.050241914
0.0037590547
-0.088772655
0.13007028
0.22544126
-0.044586819
0.016738256
0.0014009434
-0.11097313
0.053624898
-0.074514747
0.021904783
0.18474998
-0.15405294
0.011235365
0.032418266
0.15289102
0.030508397
-0.034066223
-0.016826382
-0.011859396
-0.038845688
0.12362292
-0.070538618
0.13573255
-0.17355308
0.10003492
-0.10090317
-0.17378962
-0.037850294
0.072520494
-0.068744108
0.028366618
-0.061160415
-0.13724524
0.0046969978
-0.052729145
0.04383038
-0.021395765
0.11084614
-0.0783673
0.023490561
0.15913922
-0.10961722
-0.039676379
0.015732581
-0.00028594551
0.032492388
-0.15151909
-0.029300015
0.066261247
0.1212192
-0.031638619
0.040486787
-0.072247818
-0.0093930131
-0.035717826
-0.048163202
-0.055987827
-0.020512195
0.039207239
0.02687376
0.014192892
-0.036790855
0.04310713
0.14172906
0.14311787
-0.025803676
-0.059133012
-0.0011632502
0.12292328
0.049089268
0.049331497
0.042126819
-0.016695838
-0.072968051
-0.12153679
-0.12973331
-0.055339992
0.082859434
0.022195777
-0.079377338
-0.012153016
0.061152622
0.077574976
0.10660926
0.10472205
-0.0097383382
-0.031040395
0.038072079
0.0053354162
0.019460209
0.031036004
-0.0025595841
-0.14023802
0.065884836
0.12038795
0.029864144
0.0055013993
0.014206438
0.0055223815
-0.12922695
0.072987758
0.15711311
0.11915761
-0.0098194759
-0.010811159
-0.023368087
0.042547069
-0.067128904
-0.050197318
-0.070403725
-0.14614213
-0.031498298
-0.082356609
-0.21316856
0.071598157
0.045102749
0.025283305
0.041602373
0.035960399
0.080533169
-0.020891324
0.037620563
-0.12303983
0.062222529
-0.040310051
0.010007779
0.010593428
-0.13326375
-0.060213067
-0.044281092
-0.072270513
-0.044229105
-0.17621545
0.0016468792
-0.10384345
-0.15407594
-0.015432719
-0.04840279
0.068377197
0.17747176
0.061734851
-0.054470517
0.063863717
0.001559246
-0.03986796
0.12914866
0.01702453
0.048048325
-0.048581842
-0.023082996
-0.077801332
0.014179185
0.023586279
0.07749033
-0.012304306
0.01274353
-0.059899643
0.082062647
0.072599709
-0.12706478
-0.096292883
0.10154309
0.048884884
-0.07490091
0.015267306
0.093089253
0.044326015
-0.11772652
-0.083884142
-0.00071862235
0.11639203
0.13338751
0.018485023
0.053089466
0.092012241
-0.040214166
0.044620823
-0.15544052
-0.11118802
0.034948949
0.070580021
0.0074385391
0.086828925
-0.085193187
-0.014864901
0.016478395
0.00060381286
0.11743841
-0.0042167674
0.02377563
-0.039275367
0.036429908
-0.016480561
0.014593394
-0.13490088
0.058680158
0.10162267
-0.025828363
0.075092182
0.082986146
-0.09662877
0.078741103
0.0092489282
-0.11459317
0.05554492
-0.058658656
0.019808235
-0.099583231
-0.030072551
-0.0064290608
0.056471694
0.18068871
0.022299657
-0.044513274
0.064750597
-0.073596381
-0.025759781
0.07233797
-0.088466413
0.048103608
-0.051688999
-0.017954757
0.043880738
-0.05943349
-0.0025192902
0.038930006
0.027924456
0.0061930562
0.0092795156
0.13223493
0.016375147
-0.09952575
-0.037101395
-0.036266901
-0.011775351
0.086384632
0.012567902
-0.017894313
-0.14023396
-0.099186487
-0.0072187916
0.039686348
-0.07734511
0.069074906
-0.099227376
-0.00015053697
-0.074137539
0.068875916
-0.057496216
0.054979965
-0.10313442
0.032776844
0.04389229
0.12301973
0.082000472
0.026280893
0.00064117659
-0.036747258
-0.05906821
0.11449891
-0.13003455
-0.053459384
-0.04820887
0.01552291
0.032216422
-0.14426453
-0.018329404
-0.031300984
0.11077529
-0.079179965
0.0051522451
-0.041515045
-0.025160229
0.0041008503
0.063241355
0.0057676607
0.09007892
-0.028651182
0.037680916
0.063095443
0.028569287
0.069715314
-0.07606671
0.11144277
-0.014208785
-0.010032953
0.14877366
0.043897521
0.045173336
0.053158309
0.063702866
-0.076829217
-0.0017076158
0.059283756
0.038470499
0.029190589
-0.011979156
-0.036861788
-0.0086487252
0.16567102
-0.10421372
0.011478515
-0.10305331
-0.022282667
-0.013335742
0.01325229
-0.017623842
-0.036048833
-0.0017290511
0.0042747096
0.077491574
0.014562908
0.036080357
-0.057555392
-0.072946176
0.009339029
0.062322728
-0.066422962
0.020940958
-0.12301408
-0.0163114
-0.01874269
0.0074141012
0.1421636
0.012283659
-0.00095812074
0.061360117
-0.084766865
0.0053590774
0.016466646
-0.022695934
0.042689078
-0.071541585
0.044972267
0.042686194
0.035559565
0.10522794
-0.03332065
0.026901497
0.03736987
-0.044210531
-0.030753311
0.032359771
-0.016847624
0.042254359
0.089474991
-0.1634068
0.067464232
0.065357924
-0.030152868
0.01170212
-0.04206638
-0.056437831
0.0065259868
0.041100372
0.028597085
-0.07308352
0.093442902
-0.10941352
-0.021462748
0.087744743
-0.027727151
0.067994274
0.088003948
-0.10145819
0.042719848
-0.0094534792
-0.058171008
0.02162841
0.079504453
-0.28588977
0.049600031
-0.046615455
-0.13841869
-0.025046479
-0.020056557
-0.16851386
0.030741973
-0.014298389
0.053752705
-0.10646127
0.051599916
0.092997007
-0.025195025
-0.17573483
-0.17174649
-0.0081053684
-0.066886038
-0.079216816
0.0033749903
0.028595908
0.011226793
0.12336203
-0.18562996
-0.020828661
0.021378137
-0.0010863779
0.02080233
0.0096491249
0.011321325
-0.022802481
0.12341399
-0.033282112
-0.048876945
-0.0089953439
-0.096874118
0.0021998778
-0.11981074
0.087102145
-0.027669145
0.066040643
0.071415305
-0.0080803297
0.023432786
-0.042062383
0.067544945
0.16221942
0.0439253
0.079133414
-0.01998765
-0.061907448
-0.065676935
0.038268361
0.013394179
-0.040733103
-0.044663332
0.050615616
-0.1612564
-0.061711464
-0.17316619
0.079223461
-0.013088115
-0.030841142
-0.060252205
0.049749773
0.10350694
-0.092422396
-0.048445825
0.04209929
0.016381776
0.014323782
0.032962441
-0.024350725
-0.045077529
-0.069559284
0.060351443
0.040381279
-0.016097389
0.014356259
0.064825669
0.096375339
-0.0010464966
0.077009164
0.054258604
0.046051849
-0.010511752
0.020451549
-0.023666453
-0.0069983411
-0.05595224
-0.0019610375
0.016011696
-0.044640526
0.077171169
0.030325744
-0.089482352
0.046120532
-0.063181542
0.029753819
-0.0043427544
0.033945363
-0.078962021
-0.020698957
-0.042522859
-0.092550419
-0.14446972
-0.01012701
-0.017160181
-0.045399711
-0.023672065
-0.0070991595
0.055781305
0.023309354
0.066215709
-0.081787921
0.010778344
-0.087590069
-0.037609801
-0.014491174
0.064775907
0.063500769
-0.08987882
-0.018983603
-0.0060489979
0.059045497
0.095738992
-0.035610277
-0.041508652
0.0076436279
-0.016040675
-0.025975991
0.028434303
0.046338167
0.11777136
-0.053807639
-0.026002461
-0.00320723
0.028970132
0.078764424
-0.022291835
-0.045515418
0.067385174
-0.056063455
0.040442444
0.020448374
0.076124586
-0.044549827
-0.0075947731
0.0052576056
-0.022163728
-0.10086819
-0.052258845
0.011403039
-0.044522695
0.020412706
0.081545852
0.085507199
0.0073634023
-0.042434707
-0.037568532
-0.0079749161
0.0035761634
-0.10877926
0.0072981501
0.0062418813
0.020391202
-0.070724212
0.086406358
-0.13161349
0.062480696
-0.13548338
-0.059835825
-0.024004441
0.0342509
0.015414863
0.01559562
0.0042010392
-0.076234967
-0.044522401
0.064169966
-0.082790345
0.039487839
-0.051245727
-0.031415183
0.020978188
-0.10621
0.0079560177
0.07423117
0.047620866
-0.030231372
0.012534224
0.040420342
0.056870636
-0.0069311457
0.030099608
0.10280428
0.049218897
-0.04170727
0.075053595
-0.010037645
0.012837916
-0.10012785
-0.048852742
0.053138368
-0.022231646
-0.060873482
0.034544438
-0.0087134708
0.090680867
0.10551924
-0.071275532
-0.022031171
-0.0029331124
0.046147089
0.053398311
0.095700815
0.046509299
0.086949646
-0.12868427
-0.1691625
0.0070870314
0.189687
-0.0052376203
0.05536351
-0.026101125
-0.099354394
0.038946297
0.089286067
0.038575426
0.075274698
0.05184336
-0.031243932
0.037167028
0.040007066
0.0969522
0.017028736
-0.029040113
0.053404011
0.042234346
0.1144876
-0.0048731267
0.084009737
-0.029888541
0.021707391
0.0085473405
0.017856916
-0.011581068
0.0921681
0.0092995102
-0.058769818
0.02108063
-0.10461351
0.020243991
0.10287589
0.072598532
0.05802295
-0.077927634
-0.03743621
-9.3271316e-05
0.027549487
0.049688157
-0.062402748
0.041954383
-0.039772592
0.038413394
-0.16619314
0.059788439
0.077182584
-0.071110889
0.048656292
0.018969273
-0.016175697
-0.042567935
0.0058942665
0.10250445
0.02576654
-0.025373651
0.031667799
-0.10952865
0.10582408
0.058545109
0.0060848342
-0.039483223
0.076289468
0.11321229
0.0011443625
0.07619027
0.019388173
0.0029466175
0.075824283
-0.17766596
0.13087836
-0.0063171387
0.036796007
-0.10840124
-0.01789128
-0.038094401
-0.036320433
-0.11065039
-0.13001333
-0.14841515
0.067360818
-0.029316092
-0.044001486
0.015367962
-0.061805099
0.072017141
0.050257325
0.060249053
0.16060561
0.1219511
-0.015367895
-0.0069360421
-0.068973348
0.069000818
0.049996488
0.14118166
0.034577381
0.0022435156
-0.08600536
-0.027464965
0.0031933677
-0.01183758
-0.052131392
-0.048815392
0.055994552
-0.075485751
0.025274992
-0.0077001299
0.022925165
0.087854579
0.056605056
-0.026509732
0.059515946
0.010036764
-0.027727712
-0.018737793
-0.047134187
-0.017539792
-0.14250548
-0.028530773
0.12021438
-0.019818643
0.028859727
0.013922252
0.010382055
-0.066154301
0.023682317
-0.02885895
0.0032396831
-0.048014838
-0.05366325
-0.030183373
0.040321503
-0.048234347
0.02230891
-0.032230642
-0.039126989
0.057856616
0.16150782
-0.073794127
0.049276561
0.072067916
0.027007395
0.1010464
0.07214696
-0.12108595
-0.0082406187
-0.068408333
-0.015460491
-0.078703187
-0.062769815
-0.030528063
0.083055593
0.072280616
-0.026196636
-0.15813822
-0.098722219
-0.013717061
0.073963523
0.038979363
0.076406583
-0.038320128
0.083199255
0.036402505
-0.052752551
-0.11539027
-0.025515692
-0.095881708
-0.054003417
-0.023050677
-0.011998847
0.0060806149
-0.045278385
0.063117631
-0.14496854
0.051740348
-0.025784669
0.022939419
-0.0045147762
0.093676947
-0.0057532382
-0.0061569014
0.0095858835
-0.0034152539
-0.012451831
-0.052981265
-0.067390963
-0.0069853067
-0.064641126
0.019533567
-0.028246721
0.0016191513
-0.083896488
0.088697441
-0.0012340627
0.061577227
0.066904984
-0.076290943
0.058018602
-0.024574682
-0.0507867
0.010024044
0.03721248
0.0063493396
0.12429739
-0.11698083
0.029825116
-0.021975337
0.056012027
0.0080908621
-0.028371084
0.019603377
0.12483653
-0.035686221
0.023390673
-0.12087334
0.0082587423
-0.014534216
-0.11896675
0.0057217381
0.014334491
-0.083194733
-0.060430638
0.019607168
-0.040575251
-0.026071869
0.0085330987
-0.098112762
-0.020238008
-0.093610376
-0.0043694577
0.060419586
0.023119375
-0.080677994
-0.032815564
0.0055913818
0.10928031
-0.021664515
-0.029490789
-0.065162867
-0.051596299
0.021453507
0.0032771756
0.0021925529
-0.098099053
-0.09633594
0.063094929
-0.05054139
0.033092316
0.074258462
0.033742324
0.05388432
0.013902893
-0.079278179
-0.031880077
0.041974887
0.081912644
0.070890479
0.038892929
0.015509301
0.067903511
-0.045242183
-0.0057616537
-0.060641825
0.0040487675
0.033865027
-0.10192236
-0.021233166
-0.017069001
0.0051656449
0.060686741
0.09149459
0.045439124
-0.010996245
0.018304739
0.077165939
0.054644413
0.075769357
-0.074245617
-0.067017265
-0.013262847
0.033101007
0.076256379
0.052865122
0.047064699
0.021276867
-0.0083024614
0.041062176
0.051148616
0.091542616
0.019049034
0.066576667
0.001037386
0.066362284
0.01214848
0.0024189136
0.054528702
0.034927424
-0.10479751
-0.080956712
-0.049200222
0.079460099
0.072843052
-0.1712158
0.012175563
0.049852129
0.040856417
-0.017447673
-0.038021449
0.05061261
-0.033165775
0.08066535
-0.032084972
-0.13011441
-0.04745971
0.012360784
0.0040951846
0.03533864
0.066287309
-0.0031361924
-0.019858439
-0.023347965
0.031491619
0.066309676
-0.065388508
0.028477091
-0.026464218
-0.046475474
-0.081235304
-0.058681518
0.017117649
0.035455126
-0.01546114
-0.028250048
0.03477316
0.0036041748
0.066042013
-0.0074418285
0.063691594
-0.06336543
-0.049431205
0.027344134
0.0044691409
0.018325951
0.014977573
-0.080053851
0.06007475
0.08980424
0.0092254458
0.059813362
0.084755801
0.052857786
-0.0093480805
-0.00058026524
-0.023371965
-0.013336854
0.1060485
0.011087014
0.052614611
0.004381754
0.060512759
0.011409068
0.030602682
0.03399431
0.022942802
-0.1639467
0.05130554
0.048624504
-0.038556356
0.0098491628
0.067772932
-0.060597543
0.020400485
-0.12039804
0.064511031
-0.047146898
-0.065418869
-0.12186339
-0.044537988
0.079047188
0.1969721
0.084750034
-0.027927008
-0.039612968
-0.065506995
-0.030332338
-0.073682047
-0.033255249
0.0291525
-0.042009421
-0.034011472
0.10122257
0.028834049
0.1161854
-0.045771748
0.028594121
0.092891552
0.078451954
-0.11985128
-0.0022697677
-0.073925242
-0.048139453
0.051931567
0.0027503145
-0.047758769
-0.040030736
-0.00010822299
-0.14396691
-0.071702637
-0.067096263
0.1633011
-0.01211421
-0.046179488
0.09888351
-0.030297222
0.12400948
-0.04264101
-0.047617994
0.06876877
0.007587574
0.033940151
-0.0032965648
0.03249095
0.067655951
-0.11552715
0.076299198
0.013544466
-0.055699006
-0.063919686
0.058319401
0.026595559
-0.047641221
0.067771614
0.001554039
0.020636884
0.11534034
0.13863206
0.041836295
0.020477448
0.021934995
0.039896507
-0.004772054
0.086235791
0.074889697
-0.012946786
-0.039922174
-0.040081076
-0.1191549
-0.011583864
-0.01214019
-0.087635346
-0.096462429
-0.076828994
0.062742271
0.08774396
0.013111765
0.096358009
-0.11213864
0.10447726
0.056879096
-0.015952056
-0.003038188
-0.0010562777
0.045797806
0.034563724
0.13407423
-0.017765798
0.0029991753
0.085451804
-0.01523757
0.022826338
-0.051080108
-0.013259887
0.034265593
0.012797426
-0.14692742
-0.13500123
0.085862301
-0.035477333
-0.0078298813
0.066537865
0.053021818
0.021220909
-0.045688037
-0.16786623
0.038958896
-0.05774289
-0.097369142
0.03305044
-0.020578621
0.03579725
-0.059359994
0.013991762
-0.052354835
-0.062938653
-0.0047165263
0.05083118
0.041118816
0.0072430805
0.077196956
-0.01483376
-0.0090499232
-0.028984055
0.043583464
-0.006297762
-0.029967505
0.0093443748
-0.14916098
0.02084326
-0.10443905
-0.075995833
0.048435424
0.0013929913
-0.084841862
0.11476635
-0.027654087
0.052538611
-0.093412839
0.05611138
-0.033932824
-0.0061382293
0.044905409
-0.0069483626
0.02094155
-0.034366302
-0.023107361
-0.057654634
-0.033827651
0.031001724
0.0092877457
-0.017604755
0.0045428975
0.036202617
-0.11752342
0.033273019
-0.0073870951
0.10335129
0.034060702
0.038981441
0.036947906
0.019089252
0.070847876
0.053211715
-0.040351842
0.036847029
0.018879164
-0.036632132
-0.050399631
0.046845939
0.028007053
0.032202046
0.019219374
0.016466733
-0.0078984965
-0.03471465
-0.055500314
-0.055137485
0.015351571
-0.010701749
-0.19294421
-0.07560169
-0.024941793
0.0058741905
-0.033063427
-0.26570868
-0.090418674
-0.020992007
0.083339117
0.056617454
-0.011164656
-0.067797326
0.0042331661
0.008693953
0.041933674
0.024907893
-0.048078794
-0.041555207
-0.15847723
-0.0013488891
-0.13583301
-0.008647752
-0.011981139
-0.014612538
-0.0010492385
-0.079954557
0.03355293
-0.05532714
-0.087890528
-0.010328257
-0.019301724
-0.054417927
0.08620622
-0.013756023
-0.10047805
0.0085632466
0.040381402
0.043646332
0.092970014
-0.022586357
0.10080183
-0.014091509
0.012447675
0.051720057
0.052738417
0.029153811
0.029805612
-8.862395e-05
0.037530683
0.059197068
0.089382879
-0.040177267
0.12962253
0.1803738
0.15650816
-0.020727605
0.05713683
0.18823037
0.027369777
-0.029893717
-0.043163273
-0.01944828
0.10329539
-0.19290084
-0.062860787
-0.034224167
0.012805978
0.11585261
-0.031123232
-0.04078909
0.22609288
0.060539581
0.12883696
0.029839847
0.064114161
0.090121575
0.20851482
0.40322441
-0.016810033
0.027705798
-0.053494461
-0.072516531
0.06304276
-0.015270993
-0.13663065
-0.10659128
0.11725044
-0.0081225988
-0.059466779
-0.031994928
0.060900006
-0.082636893
0.12283678
0.0051639155
-0.13749909
-0.06322965
-0.076586291
-0.060048524
0.023413086
-0.1395552
0.030832628
0.0086040422
0.035333749
-0.077170663
0.078830875
-0.045986976
-0.004086596
0.08142367
-0.011550974
0.033734139
-0.012461614
-0.11809329
0.16492334
-0.10043862
0.049976263
-0.09894231
-0.10510498
-0.037892953
0.12829758
0.24620958
0.053347785
-0.04338371
0.045024548
0.0099486653
-0.01276745
-0.15114905
0.063212879
0.046504855
0.073677339
0.45318392
0.086632937
-0.069542035
-0.047840722
0.080211341
0.22771305
-0.04902434
0.23923068
0.12815583
0.034051336
0.034995422
-0.048837136
0.023934627
-0.10890511
0.043514527
-0.026456947
0.036818419
0.28612125
-0.074420899
-0.1342808
-0.012306783
0.145037
0.083245561
0.21710968
-0.011010762
0.030974548
-0.029156411
-0.011088905
-0.13517551
0.07300555
0.081699073
0.091964349
0.080548391
0.057509512
-0.085094988
-0.0098052956
0.00493456
0.19174738
-0.15119471
-0.03012991
-0.040997788
0.22224364
-0.029164117
-0.067300767
0.048259832
-0.070094258
0.058292836
-0.14751469
0.14692093
0.024822872
0.0049324124
0.068443075
-0.01327695
-0.030480396
0.014382248
-0.065987483
-0.051435795
-0.03498064
0.048407163
0.041683048
-0.096358486
0.014559621
-0.070499294
0.065874688
-0.058706112
-0.041423351
0.063453175
0.052293018
0.052824818
0.13674162
0.032905415
0.073733337
0.0034521788
-0.031795286
-0.0035631882
0.0071094185
-0.026210871
0.02200917
-0.082017116
-0.002269493
0.098134629
0.072157301
0.012786767
0.020914163
0.010619316
-0.045556448
0.014397712
0.06272433
0.080304481
-0.013685304
0.030154206
0.054944944
-0.24203181
-0.0097610233
-0.033377234
-0.12280601
0.11545753
0.0093700066
-0.012092247
-0.012695557
0.043327302
-0.18998607
-0.014993901
-0.022819377
-0.010438387
-0.0098991646
0.082083821
0.015312411
0.025520539
0.032016393
-0.019235279
-0.088534437
0.037090886
-0.094047919
0.007849955
-0.0090432428
0.051373594
-0.011781575
-0.024324978
-0.085217327
-0.010324768
-0.028681483
-0.001372266
0.10167674
-0.13153507
-0.0095016016
0.053797968
0.046584897
0.061073139
0.040538497
-0.10912788
-0.067694575
-0.064525962
-0.016076442
0.022826493
-0.014022782
0.030703384
0.090828195
0.059786651
-0.06654866
0.0026768125
-0.035930961
-0.025137395
-0.08744058
-0.036166385
0.036648218
-0.0085764341
-0.0049882038
0.00516799
-0.050942328
0.037420843
0.10405224
-0.018442897
-0.12520196
-0.033001039
-0.023553513
0.090839751
-0.070999458
-0.022575494
-0.017525787
-0.0075213164
-0.012167795
-0.0441701
0.054877121
0.027986724
0.042908143
-0.050065946
-0.0081322463
0.034981307
-0.0072145965
-0.067110918
-0.01250415
0.0714105
-0.0037332941
-0.043567836
0.11070154
0.0082101561
0.045543335
0.0088605834
-0.099194415
0.0746058
-0.078544974
0.0081751738
-0.060710363
0.049314044
0.052540854
-0.035075504
0.067518502
0.015419937
0.035757069
-0.044509675
0.017122092
-0.011774639
0.12597279
-0.040139776
-0.031651702
-0.058165096
0.040013365
-0.081583761
-0.11029679
-0.055998594
0.03215275
-0.0075190538
-0.038913652
0.009271591
0.066387944
0.04363675
0.069438286
0.046718925
0.0047708177
0.025421767
-0.096673235
-0.031883698
-0.050846405
0.0161348
-0.059203133
0.089534014
-0.011463257
0.062686123
0.10841446
-0.0066950205
-0.018891146
0.098204292
0.077665433
-0.00954693
0.013884438
0.013259
0.0086857043
0.0255039
0.086131267
-0.036061522
-0.090713024
-0.085730374
-0.24762727
-0.096650168
-0.071345441
0.020884996
-0.034673296
-0.037563048
0.040404961
-0.011008396
-0.061496038
-0.0096834209
-0.08010371
-0.069701247
0.038103603
-0.017899798
0.036480352
0.0011689656
0.041117821
0.039484285
0.040546611
0.06694515
-0.062769644
-0.10922764
-0.015883999
-0.037040286
0.021785947
0.041008238
-0.0043325122
-0.082082868
-0.022161935
-0.085239522
-0.012223014
-0.0034142474
-0.024141315
-0.016682152
0.08722052
0.040889893
0.1238401
0.0087201912
-0.067985557
0.041903026
-0.018344289
0.049441632
0.020768428
-0.0011408689
-0.050232131
-0.17716369
-0.04784314
0.022618374
0.10372701
0.048588064
0.054516234
-0.037614781
-0.0011878691
-0.028957894
-0.11585
-0.042220417
0.024321191
0.13824861
-0.079879761
-0.017262742
0.019113708
-0.021362547
0.065168254
-0.10771811
0.04953758
-0.024462052
0.026355911
-0.020045273
0.0003501669
-0.021251418
-0.069964349
-0.019257758
-0.22402261
-0.011101728
-0.019297481
0.0095281573
-0.32285872
-0.028135547
-0.02694004
0.062359259
-0.029848721
-0.049108978
-0.029531382
0.039062124
0.03756075
-0.043749839
0.073019668
0.045649566
0.036091607
0.00669504
-0.021914311
-0.016615063
-0.052152775
-0.022458907
-0.218187
-0.0012721535
0.018364755
-0.01688366
0.016075032
-0.08497531
0.0026581814
-0.014444846
0.040903684
0.0087782303
-0.060538448
0.083254725
0.072244816
-0.023062408
0.063926719
0.019360844
0.033205293
0.017647034
0.076006033
0.0024157851
-0.037763618
0.052092135
0.068513617
-0.086381376
-0.017460974
-0.030908119
-0.032592569
-0.04999911
-0.0027465394
0.0027144081
-0.012371747
0.07984703
0.012222115
-0.054392911
-0.050444692
-0.16235787
0.01030824
-0.030016448
0.010098111
0.032827724
0.065918073
0.034468375
0.033375122
-0.043827165
-0.06118755
-0.040928125
0.0016888449
-0.07005699
0.02195316
-0.018848039
0.025417704
0.044335108
-0.11045197
0.095453568
-0.029076423
-0.0562362
0.047513403
-0.056376129
-0.01182027
-0.016234759
-0.02241008
0.00081823079
-0.045248296
-0.016177787
-0.019297151
0.061396655
-0.025528047
0.022691043
-0.04018693
-0.0039327438
0.0075848717
0.059025884
-0.013943217
0.0052730255
-0.024484457
-0.0098467767
-0.038124923
0.0065394728
-0.15970838
0.046435148
-0.10236522
-0.15204284
-0.033569895
0.12624742
-0.056429997
-0.031433962
0.0025243829
0.13266861
-0.13216537
0.058524717
-0.03407415
0.053844199
0.0082428539
-0.018272396
-0.0085518938
-0.028933924
0.033545069
0.016207078
-0.032780066
0.054788783
0.075493172
-0.026021743
-0.015608551
-0.11573169
0.062288962
-0.011914055
0.03527192
0.0048378767
-0.025542064
0.023064405
0.046917647
-0.06667497
-0.034589641
-0.14355753
-0.17968147
0.050054859
-0.0022982655
0.045463987
-0.18163322
-0.026348559
0.016627148
-0.14636512
-0.019526444
-0.05720963
0.029570926
0.046635259
0.038449191
-0.096436091
0.067334726
0.036225598
0.11914682
-0.1199733
-0.069664471
0.012741261
0.022748083
0.009528283
0.031894851
0.017885195
0.041612368
0.034702908
0.14458098
0.023403542
-0.017307201
-0.027130028
0.0059300102
-0.10312226
-0.01053703
-0.070787139
-0.017807458
-0.00022316613
0.031015517
-0.1004357
-0.0083685769
0.053362265
0.153633
0.015168317
0.10465364
-0.032682896
0.052851785
-0.020876033
-0.050728086
-0.039364688
-0.035810374
-0.038242705
0.018248649
0.078917861
-0.050436672
0.01744934
-0.057662882
0.014830182
0.034519877
0.057672463
-0.0069515915
-0.065181985
0.096715845
-0.087250344
0.027687769
0.0029724
-0.14184439
0.099488929
-0.021201866
-0.0033692888
-0.022623822
-0.11190739
0.010943791
-0.082336232
0.0066557387
-0.042549323
0.031605281
0.035409715
-0.018731656
-0.037447922
0.028606767
0.046163786
0.073176302
0.020756723
0.015116688
0.00092719664
0.00022807738
0.0061367736
-0.021064457
-0.035994977
0.02665917
0.018968893
-0.093679897
-0.0089026894
-0.049668968
-0.058943819
-0.01908458
0.0090294443
0.0043313792
-0.0043191388
-0.020999154
-0.0028579438
-0.15424711
0.032824349
-0.029619265
-0.010786801
-0.0029720794
-0.031521931
-0.071841612
0.0686066
-0.016781759
-0.034705341
0.019804273
-0.079744726
0.0036274779
0.069617793
-0.027135281
0.019732544
0.040587753
0.045229983
-0.015981389
-0.15076712
0.030126985
0.05434221
-0.016661668
-0.13565668
0.014288968
-0.01751739
-0.050288975
0.12122032
0.041967697
-0.14143504
0.10188533
-0.079996169
0.075037502
-0.067527041
-0.057786476
0.041402716
0.026432421
-0.046443302
0.013225604
-0.079275116
-0.15269452
-0.10380512
0.012653146
-0.12672278
0.023083689
0.0077073728
-0.067542985
-0.031860258
-0.014143207
0.02308551
-0.0010673024
-0.034727212
0.066448212
0.098887719
-0.060697157
-0.029793169
-0.043672215
0.074838445
-0.020016402
0.029897705
0.046789326
0.019136807
0.0066824546
-0.11593615
-0.052649137
-0.017874388
0.093680352
0.068467386
0.083942957
0.010534341
-0.081271499
-0.037316084
-0.087777063
-0.022080222
0.010031838
-0.058592174
-0.013253326
0.0044554179
-0.025454286
-0.090774611
-0.11840522
0.02051929
-0.049025193
-0.025911292
-0.052394338
-0.019110052
0.08867348
-0.16067445
0.042727344
-0.06182722
0.071236491
0.017761538
-0.0087044965
0.022162486
-0.053171527
0.00097218662
-0.057614822
0.038038108
-0.096462674
-0.047527071
-0.024598613
0.0090951482
-0.073627874
-0.049131997
0.066601686
-0.046402104
-0.038569372
-0.083589524
-0.0012829696
0.10606289
0.048516084
0.069962762
0.043155506
-0.018161338
-0.041536402
0.012838141
-0.070074394
0.010961308
0.067281716
-0.16634189
0.081408858
0.036823899
-0.084287398
0.09564811
-0.045521222
-0.027042152
-0.082912385
0.00014954689
-0.09977264
-0.00011805822
0.031223936
0.049165715
-0.1264658
0.022124911
0.0046602623
-0.057132091
-0.050079089
-0.022228893
0.091106266
0.0037473782
0.0077790362
0.068318903
0.016232293
0.0075280657
0.0040505924
-0.039448589
-0.023357332
-0.029634746
-0.030690918
-0.01891391
-0.09665864
0.044670317
-0.030279558
-0.0043368693
0.090406276
0.029922055
0.050844472
-0.15310575
-0.098664522
-0.14364895
0.0097043542
0.17183477
0.094470136
0.13086061
-0.035558838
-0.061172709
0.048162639
-0.020857241
0.21134576
-0.1081489
-0.056184571
-0.092241101
0.085665442
-0.067918822
-0.0090434095
0.031855125
-0.16425982
0.049612604
0.094368003
0.074198559
0.0167758
-0.1598209
0.11004253
-0.094626546
-0.0021102922
0.0040174043
-0.0097667351
-0.074142382
-0.17426777
0.019696411
-0.12704776
0.15713543
0.050096404
0.10220125
0.002438151
-0.093223616
-0.018680958
0.026053764
-0.073177688
-0.032242883
-0.02389534
0.016463611
0.10303855
-0.075083509
-0.015924646
-0.012936774
0.043386362
0.016132709
0.13609171
-0.14048837
-0.044554915
0.017563397
0.098126143
-0.014961589
-3.2574968e-05
0.045058366
-0.031962082
0.005329018
-0.024285402
0.11676097
-0.0015620007
-0.093367338
-0.030056993
-0.039772231
-0.19974539
0.082332931
0.08554697
0.037979901
0.065778039
0.060696188
-0.14830418
0.0027590324
0.049150113
0.085336111
0.025774945
-0.054730911
0.057656001
-0.039833605
0.015752949
0.10268806
0.11659382
-0.036085986
0.10502717
-0.045836657
-0.017812731
0.048354365
-0.032090865
0.022634855
-0.19517528
-0.10051057
-0.0097311949
0.069530241
-0.06642054
0.062157869
0.0061938521
0.028144961
-0.047344189
-0.10336837
-0.20938043
0.033720504
0.094745256
-0.064723514
0.0049373917
-0.058827735
-0.026342325
0.073180355
-0.12083904
-0.15605433
0.010666885
-0.10931512
-0.066355817
0.024898697
-0.037392568
-0.14379479
0.053657673
-0.029590484
0.055170532
0.010620912
-0.017779812
0.083149247
0.065542862
0.023634097
0.10404623
0.0049993405
0.0055615609
-0.083748795
0.099314436
0.015674505
-0.033451583
0.013686378
-0.027461832
0.0092425458
-0.03120305
0.077533647
-0.033716757
0.040227741
-0.052013103
-0.065085143
0.09685
-0.058065481
0.064700969
-0.013460273
0.013878657
-0.14097808
0.091290817
0.057333149
-0.039863985
-0.0036914081
0.072067738
0.033005144
0.0065500955
0.023531793
0.039204508
0.044528794
0.0092381816
0.01717074
-0.047304835
0.056114595
0.040589575
-0.053334158
-0.06160387
0.036618628
0.012158551
-0.027059531
0.032943524
-0.0066507114
0.0018900073
-0.07563626
-0.025948402
-0.025846273
0.030578053
-0.18022166
-0.2586458
0.023099141
0.0600738
0.061034691
0.026683904
0.015024558
0.014304128
-0.064200953
-0.0015005346
0.023567017
0.019792402
0.020179611
-0.010313479
0.059470024
0.04654159
-0.038722932
0.039690822
0.037582155
0.0071693314
0.035935085
0.084974051
0.0054064626
-0.069354579
-0.03565409
0.045883235
0.093433626
-0.096127823
0.042195532
-0.081887946
-0.056971479
0.00091004581
0.043486826
-0.047684915
-0.060398299
-0.011128592
0.036218293
0.0293095
0.10054734
-0.06117576
-0.016431997
0.014019756
0.018343499
0.033756934
-0.014256742
0.071374841
0.0085631432
0.0049591553
-0.079445064
-0.020079371
0.057165626
-0.06154849
0.00013192018
-0.028093286
0.023509789
0.10961941
0.011500004
0.026049741
0.031698145
0.054246683
-0.058215093
-0.051890962
-0.052315027
-0.045709368
-0.0099336784
-0.037809037
0.053141274
0.032005765
0.023427509
-0.020276826
0.099301033
0.025765827
-0.0073134643
0.059644636
0.16113415
-0.033998426
-0.035071846
-0.041730814
0.36373466
0.16804196
-0.057427004
0.036531545
-0.1473693
-0.090125851
-0.13188972
0.043034669
-0.02170646
0.067650758
0.092489943
-0.015919799
-0.019770093
-0.03915653
0.16165595
0.19965793
0.062282395
-0.003957646
-0.024560511
-0.11272599
-0.087998517
-0.002781308
0.053095356
-0.071628712
0.020397373
-0.016523901
-0.031305812
0.07831914
-0.051448435
0.037792146
0.008629011
0.13441333
-0.26037779
0.041056119
-0.13761283
-0.011428297
0.028228486
-0.16444819
0.16078225
0.043554779
0.079205774
0.071397252
-0.034199767
-0.047274761
-0.054532159
-0.021278571
0.060662486
0.068831772
-0.20456055
-0.077326097
-0.11212669
0.10726508
0.063500926
-0.016884917
-0.004267931
0.17387149
0.035684984
-0.036677722
0.048865564
0.054276306
0.10226111
0.22908616
0.054505017
0.01900118
-0.20554239
0.001066276
-0.0044197319
0.08857733
-0.034306303
-0.12161139
-0.00444214
-0.096542813
-0.049596295
0.11350976
-0.19364189
0.054848313
-0.33621129
-0.07667926
0.055651546
-0.020757793
-0.20052673
-0.077537216
0.082698151
0.10862476
0.21261099
0.023124596
-0.1038963
-0.0014926335
0.00058327802
-0.075094976
-0.030157499
-0.027388301
-0.040520564
0.096333921
0.074163385
-0.0048356066
-0.18207189
0.098305002
-0.092241645
-0.022189163
-0.010512748
0.078336455
0.032271158
-0.085681908
-0.060828764
0.065331757
0.079701491
-0.046860419
0.022624284
-0.05706466
-0.0061184908
-0.0069797412
-0.13239264
-0.016776612
0.044635788
-0.0069530429
-0.01377141
-0.024248624
-0.072604641
0.018932832
-0.14281334
0.028435234
0.10221689
0.046339672
0.01047986
-0.099106438
0.043696847
-0.044221487
-0.052532289
0.069040731
-0.10546306
-0.059454214
-0.052365419
0.056640774
0.087803863
-0.025036026
0.10498881
0.022246595
-0.058589906
0.050767165
-0.0058363006
0.016267646
0.021780774
0.14530376
-0.063772552
0.085611627
-0.040397685
0.060620088
-0.10301794
-0.065114252
0.0028680104
0.065992996
-0.078157656
-0.044404294
0.045351289
-0.023053261
-0.022024905
-0.0026226803
0.0078948298
-0.020900326
0.018778728
0.083474383
-0.02888646
-0.038243577
0.0876479
0.15272911
-0.16969566
0.025327576
-0.077221327
-0.099647105
-0.048164271
0.046494186
0.067840017
-0.062122934
-0.020928035
0.040973824
0.012787337
-0.10311622
0.028800484
0.023847213
0.031503852
-0.032170538
0.041049916
-0.0025659944
-0.048786715
-0.13140529
0.027096346
0.0044940664
0.11059579
0.0067822929
0.0040306556
0.0047210916
-0.068907931
0.019910825
0.080914378
-0.13661388
-0.011567775
0.0011994718
-0.038100004
0.044140205
0.043339577
-0.046129849
-0.0044455552
-0.1485838
-0.018107731
0.019204741
-0.045371711
-0.0066912048
-0.050604265
-0.028317481
-0.0026416234
0.16632977
-0.087652631
-0.032461602
-0.020497853
-0.063434124
-0.048670031
-0.052056603
-0.068201363
0.012759656
0.034455359
-0.078975402
-0.009517394
0.022851555
-0.014977016
0.034478098
-0.059182387
-0.10658626
0.012483737
0.031626072
-0.012017793
-0.04664224
-0.02904301
0.013389419
-0.16501971
0.031111935
-0.012634811
-0.044059854
0.017803377
0.045769356
0.054804206
0.026175274
0.040931687
-0.021329645
-0.012410264
-0.0044622985
0.20271567
0.022475502
0.079304069
0.065209024
0.0078675738
-0.10737982
-0.019931037
-0.033674948
-0.0082447575
-0.064329706
-0.031595297
-0.079670005
-0.11074448
-0.045198854
-0.080356203
0.045051251
-0.019968079
-0.11966312
0.0042484892
0.03680335
-0.10720295
0.024045058
-0.0089967567
-0.092624955
0.088420294
-0.013482416
-0.067697801
-0.059243098
0.059309099
0.02623013
0.11093844
0.047294401
-0.16258997
0.058291554
-0.050898429
0.0097246394
0.039982691
-0.077383101
-0.16304384
0.031180045
0.076033615
0.049328465
0.043663014
-0.050042372
0.04457847
0.046875022
0.1011076
-0.097364038
-0.005381248
-0.0074184453
-0.038797408
0.016397504
-0.073588528
0.041989062
0.022209259
-0.050982781
-0.06976331
0.040870324
-0.036797833
-0.12173482
-0.23079023
-0.030475691
-0.014425967
0.031246813
0.091267847
0.055649899
-0.11004114
0.057285186
0.038451176
-0.00016965438
0.04054907
-0.088300958
-0.15431267
0.00087793556
-0.11863654
-0.021596698
0.10223967
0.12171576
-0.081573069
-0.015286109
0.027397785
0.0348267
-0.052603114
-0.012696537
0.046224039
-0.011898161
0.02806103
-0.027349535
0.0090678595
0.020102384
-0.035156462
-0.05240459
-0.0034419789
0.025789786
-0.051939391
-0.050725598
0.016258067
0.034213122
-0.028605403
-0.042084862
0.010450762
0.033972401
0.047440995
-0.053829536
0.062167421
-0.09372846
0.034041163
-0.080809057
0.023056239
-0.018172881
-0.029571604
0.014093678
-0.021520844
-0.050032523
-0.046712078
0.014064167
0.10350234
0.096916273
0.00090757472
0.10951076
-0.046638802
0.038212873
0.048786275
-0.078730151
-0.053371899
-0.088216037
-0.00468675
-0.022955939
0.024357427
-0.0001161476
0.079351
-0.0050525498
0.12247138
0.084571913
0.069495805
0.086057164
-0.098368905
0.034613799
0.053799503
0.034819428
0.055426564
0.0079827206
-0.12413004
-0.012505934
0.0051508201
0.0011911371
0.030733116
-0.014986828
0.012406745
-0.03899011
0.025042061
0.021523818
0.024050938
0.038973775
-0.062684767
-0.0037805664
-0.080901481
-0.087438911
0.014089134
-0.15193699
-0.054863751
-0.076512367
0.068013392
-0.011798155
-0.007841425
0.030029258
0.055870131
-0.05037979
-0.017878553
-0.0092330836
0.030918751
0.029935777
-0.020556344
-0.0025601801
-0.048241608
-0.0172932
0.065097108
-0.028037261
0.084348373
0.020818459
-0.011490845
0.031178854
-0.024069518
0.024721883
0.089909293
-0.076307662
-0.039289769
-0.15432298
0.071804807
0.021940699
-0.054286771
-0.027285177
-0.056345236
0.082896039
0.041386269
0.044777945
0.056858037
0.044186234
-0.06464722
0.024741793
-0.081887819
0.04222222
-0.010170135
-0.0068457057
0.037012894
0.053740818
0.0086161625
-0.013502518
0.031109056
0.069874264
0.011095685
-0.084981069
0.087152548
0.012828685
0.048801959
0.06030117
-0.13425076
0.014611845
0.082500778
-0.040124219
-0.041815158
-0.067325257
-0.090237312
0.088226222
0.030898063
0.092958838
0.014270666
-0.086606614
0.038406197
0.026562722
0.018993845
0.068246268
-0.072976254
0.056808412
-4.1445943e-05
0.017007953
-0.092846021
-0.023209389
0.034925446
-0.023677558
0.05710515
-0.014267072
0.041020155
0.073985562
0.014081783
0.043099638
0.011884435
0.079735041
-0.058091145
0.034484472
-0.06635195
0.021051755
0.0367544
0.04629897
-0.098979518
0.053495206
-0.074114121
-0.043374699
-0.015014809
-0.084688902
0.051050048
0.049385566
-0.0043863929
0.047153696
-0.005666513
0.013392882
-0.036303043
0.017086932
-0.037552606
0.05342412
-0.045986418
-0.049417976
0.038363088
-0.090159208
-0.12072081
0.019516816
-0.031612884
0.0801102
0.0028207938
-0.017595731
-0.012039829
-0.16219805
0.0759027
-3.799974e-05
-0.060632039
-0.038277127
0.17640023
-0.012516104
-0.13443632
-0.079174705
-0.03875256
0.061690569
0.0060362918
-0.031407274
0.0019216212
-0.06347128
-0.087279953
-0.091389157
-0.014211993
0.11026771
0.032761708
-0.12618265
-0.044070143
0.025982242
-0.070999183
-0.053130966
0.01492445
0.065679193
-0.19228828
0.062453255
-0.03252434
-0.094593532
-0.08550024
0.01626689
-0.026103977
0.015129659
0.0023376453
0.007367176
-0.075117268
0.062428631
-0.053887051
0.030445401
0.0020859533
-0.051260523
0.10747793
0.12204679
-0.2035483
-0.0017980054
0.027196717
-0.068945624
-0.064829536
0.060429066
0.017236659
0.08625453
-0.063025281
-0.019932039
0.11085942
0.020663427
0.074901111
-0.029646439
-0.059472393
-0.05066352
0.077445455
-0.32521823
0.029199762
0.040039938
0.016978303
0.016832672
-0.15325448
-0.067667037
0.023995293
-0.052842185
0.093708515
-0.10602643
0.053970534
0.033071753
0.025841501
0.012347999
-0.051077995
0.10644821
-0.066228785
0.010150636
0.034206659
-0.032828204
0.030272506
0.025106382
-0.093273968
-0.0329004
-0.028810488
0.15527819
-0.053988189
0.0071168412
-0.056528606
-0.052721951
-0.0047391127
-0.08554294
0.014630699
-0.020647209
0.010730707
0.0016867087
-0.00017861754
0.011726061
-0.01879847
-0.077700414
0.065279894
0.076865405
-0.017875334
0.069074102
-0.014612792
0.010412212
-0.011785074
-0.18086399
0.029467793
0.12974761
-0.079561964
0.04714122
-0.061259665
-0.022604771
-0.034163997
-0.0041941707
0.13341711
-0.093318321
0.091590308
0.029415803
-0.027166624
-0.22111535
0.053014491
0.065356664
-0.050162263
0.032261271
-0.024916304
0.067493454
0.036102295
0.012158478
0.023115454
0.027885333
0.024313686
0.11588717
-0.044519499
-0.02658217
0.049926054
0.080254123
0.027251387
-0.013323366
-0.012702345
-0.061962143
0.029933944
0.0013206975
-0.07293994
-0.061203782
-0.04599604
-0.23399608
-0.042609051
0.10524055
-0.033547122
0.027411032
0.011119572
-0.11996729
0.02944215
-0.0011775104
0.046106853
0.080794275
-0.0015206496
-0.088895269
-0.031197
0.073850803
0.0082444977
0.080519304
0.0098608183
0.040790867
-0.051744334
0.022197047
-0.032470506
0.058126047
0.063619629
0.081184506
0.028863447
-0.0023410493
0.10084937
-0.16799347
-0.049088273
0.058202215
0.025688749
0.021982539
-0.045148257
-0.044725008
0.022686072
-0.027432574
-0.026294179
-0.013088124
-0.070879072
-0.065688394
-0.048997942
0.0022511845
0.042924583
0.014527493
-0.073236383
0.044093356
-0.012731074
-0.13258025
-0.051194005
-0.086150423
-0.012363301
0.065480471
-0.018979285
-0.0387487
-0.042129423
-0.03875275
0.001030868
-0.083184503
-0.082995884
0.003869886
-0.073489875
-0.0016475508
-0.16499338
0.045768723
-0.0030400383
-0.1266215
0.03160261
0.020450236
0.086361878
0.05399939
0.018347703
-0.03507676
-0.028693024
-0.050001666
0.039143853
0.042982586
-0.040999997
0.0088198679
0.051969104
0.01392666
0.034106731
0.0033393253
-0.003863985
0.0886406
0.032203235
0.051879648
0.061135553
-0.0084354682
0.00508693
0.013833443
0.55082524
-0.086303569
-0.14896093
0.064552195
0.094575413
-0.17714451
0.08423315
0.021883177
0.20156147
0.081943728
-0.14495748
-0.0015432955
0.071179941
-0.080684774
0.45404866
0.030771909
0.056348592
0.041350085
0.2112574
0.12802589
0.019692224
-0.20407173
0.0057192808
-0.04351997
-0.013229251
-0.016295632
0.023481237
0.079120755
-0.11893927
-0.11237206
-0.037081882
0.11369908
-0.13891453
0.069824271
-0.2968668
0.10405621
-0.083042197
-0.035828806
-0.10473072
0.0035264501
-0.012612884
0.051842369
0.066922329
-0.040484253
-0.05087005
-0.12683968
0.056986749
0.0068078069
0.02222994
-0.30097377
0.085473657
0.2158519
0.061439246
-0.036814094
0.088649213
0.052884541
0.054855645
0.090914972
0.10732828
0.1452338
0.121425
0.35516432
-0.013202022
-0.034003876
-0.29825097
-0.010966944
-0.20508619
0.12782285
-0.014582747
0.012835312
0.064216055
0.063147865
0.069388524
0.21925822
-0.25725782
0.11483305
-0.03609455
0.038975026
0.11745629
-0.11557007
-0.10143216
-0.064939916
0.11168318
0.12529382
0.036137078
0.16838492
0.046726279
0.027791033
0.030709103
0.011183626
0.081560224
-0.075454965
-0.072645269
0.037254386
-0.18347768
0.01817482
-0.13414086
0.14487809
-0.088170141
-0.064302981
0.035332274
0.056134291
-0.1338162
0.022901271
0.06107809
0.060185354
0.14152573
0.18669006
-0.10704288
-0.19632378
0.11992352
-0.079491809
-0.077039726
-0.021849427
0.26874465
-0.025446486
0.099752955
-0.0089005874
-0.087206408
-0.024973447
-0.078891911
-0.024335532
0.21813495
0.097763985
-0.070301779
0.059610207
0.014401956
-0.037165318
0.029599253
-0.053964119
0.0022012223
-0.11078659
-0.11982226
-0.069962077
-0.099243782
-0.10602383
0.032205526
0.065450385
-0.086814523
-0.0061959745
-0.066416472
0.014895597
0.065595031
-0.016290285
-0.031533796
-0.017017042
-0.045818884
0.024760092
-0.04189793
0.046470705
0.061580714
0.008169231
0.070806906
0.020373134
0.068997145
-0.014216973
0.063915551
0.11939792
-0.067376979
0.041029342
0.057056159
-0.0045913458
0.021916687
-0.0074451976
0.048993502
-0.006852115
-0.054571573
-0.00062217115
0.061615366
-0.01832564
-0.048900172
-0.066007189
-0.083874978
-0.024420461
-0.017741397
0.013691758
0.012267902
-0.11430773
0.1107555
-0.14317514
-0.090532288
-0.08413212
-0.053582013
-0.063761882
-0.060233764
0.0067411321
0.039483879
0.079537317
-0.022679141
0.018403769
-0.04810635
-0.058215279
-0.084115595
-0.079888977
-0.089594007
-0.023206366
0.14208077
0.14246726
0.042350963
0.0072536906
0.10042135
-0.046773147
0.054914329
0.023087071
-0.02848283
-0.0098884478
0.024407854
-0.056512143
-0.017084153
-0.0044292477
0.0020592532
-0.038882364
0.077804856
-0.010675233
-0.031015415
-0.021914758
0.034128737
-0.016482525
-0.0098794466
0.046469551
-0.095808864
-0.0626643
-0.045771293
-0.054246668
-0.0016968189
-0.027649382
-0.057784781
0.015933141
0.024494512
0.078076802
-0.039092951
0.024710381
0.03770538
0.026620232
-0.087439775
0.02084809
-0.0016877321
0.03844646
0.027557142
0.030316638
0.021792961
-0.12822855
0.031016635
0.0084013762
0.045465354
0.083910458
0.032242976
-0.033913992
0.053635273
-0.013368341
0.073128261
-0.075387321
0.013581994
0.033168972
0.080711141
-0.003567718
0.046925373
0.0633149
-0.011134435
-0.025268076
0.015090197
0.058212943
-0.0077410289
-0.054821514
0.0019701179
0.14193988
-0.038445149
0.023365116
0.044332366
-0.056790084
-0.068864517
-0.18651237
-0.054095116
-0.058156371
0.082770243
0.10057674
-0.072466783
0.047407787
0.06008916
0.039739974
0.06005637
0.060430121
-0.036498696
-0.018490139
-0.18271416
-0.020748455
0.0091602523
-0.075857483
-0.013500414
-0.012835542
-0.096111104
-0.011535999
-0.056401353
-0.099527255
-0.030530186
-0.034132581
-0.034657463
0.050822888
-0.010195254
-0.082403146
-0.063444547
0.021146001
-0.033598259
-0.023928164
-0.10973287
-0.042953897
-0.057339482
-0.059426043
0.0035441911
-0.036667805
-0.050494261
0.019451138
-0.043075919
-0.080620974
-0.078990787
-0.053771567
0.043317463
0.079171948
-0.036620367
0.040491063
-0.026844686
-0.051855676
-0.034543898
-0.00086452049
0.029937563
0.087716863
0.056147147
0.051212009
-0.005359591
0.10857622
0.035264801
0.082449846
0.06840694
0.027274184
0.01198673
-0.050667018
-0.092902534
-0.0089822579
-0.052179754
-0.010857029
0.025657605
0.060331605
-0.005783522
-0.024058858
-0.07618311
0.0070863394
0.025167333
0.021756543
-0.042669289
0.10000245
-0.0087961312
-0.054277919
0.020455016
-0.15215848
-0.018210212
-0.059285276
0.011720457
0.026117178
-0.025366919
-0.11454649
-0.054719124
-0.059064671
-0.0069235731
-0.031557873
0.11281763
-0.084377266
0.0035914963
0.042492546
0.054413799
-0.10384164
0.068121828
0.0072656334
-0.10009602
-0.014298222
-0.025980286
0.010446159
-0.024397027
0.02889806
-0.0059450609
-0.055490449
-0.010070524
-0.033898771
0.070730194
-0.014382627
-0.0011877738
0.053416282
-0.048116792
0.040056389
-0.16618183
0.050716337
-0.0041492241
-0.037895497
0.06435062
-0.05770709
-0.042443946
-0.0088989865
-0.034327187
-0.013366917
-0.022079347
-0.063848056
0.0366234
0.0076093017
-0.012952548
0.12249061
-0.030557686
0.057420522
-0.072520643
0.14843924
0.056874592
0.010006439
0.065708451
0.052573163
0.086352788
0.063205019
0.056004636
0.063668564
0.072083272
-0.072420068
0.077815883
-0.091767699
0.061479881
0.032583863
0.023930283
0.060960475
-0.028864501
0.055681419
0.034701686
0.034484919
-0.050899703
0.063100643
-0.049541511
0.068199016
0.022420939
0.01197183
-0.08519493
0.0034965978
0.023116281
0.032767225
-0.051866088
-0.035314191
-0.027609661
-0.072851367
-0.024572108
-0.050419681
-0.075121015
0.010256236
-0.038021389
-0.045417268
-0.04179566
-0.017973486
-0.053945512
-0.021895317
0.023590943
0.048251364
-0.012744935
0.054052066
-0.00079362345
0.0029907771
0.035000708
0.037828602
0.0067606336
-0.0378615
-0.02185219
0.017307412
-0.012240055
0.0026301073
-0.068923935
0.058968768
0.0032089048
-0.039468803
0.038216583
-0.088084608
0.021438546
-0.019956296
0.057013016
0.10180788
0.054197676
0.034912992
0.023042422
0.0050791511
0.017924696
-0.010418204
0.016609658
-0.0091678454
0.070658781
0.056134377
0.017864177
-0.032739211
-0.062127605
-0.14200297
-0.014741376
0.025741633
-0.11345787
-0.056562018
-0.058683693
-0.079905696
-0.044227473
-0.077251412
0.012330403
0.013479719
-0.014797306
-0.016134875
-0.059217781
0.042760052
0.025805313
-0.044539627
-0.018137194
0.0040545692
-0.0095198406
0.027806491
0.0044439379
0.013829819
-0.1001711
-0.041661352
0.044681735
0.083480433
-0.081798851
-0.10041941
-0.035521466
-0.08642783
-0.1659691
-0.041200779
-0.10789621
0.0049202386
0.040113416
-0.0077095637
0.20896231
0.064571917
-0.060996871
-0.017887307
0.16316922
0.076432854
-0.022246778
0.059623588
0.046452474
-0.076680779
0.040984396
-0.058427695
-0.089809202
0.0080764676
-0.18151735
-0.10758661
-0.10631929
-0.12213627
-0.041513551
0.01312722
-0.33026284
-0.01593478
0.14274989
-0.039053533
-0.20802698
0.085138887
-0.07776171
0.033198766
-0.10760269
-0.1239123
-0.03098199
-0.025432562
0.035162386
0.00023544562
0.039917193
-0.056483284
-0.048850384
0.049857561
0.089277625
0.010857042
-0.0028905412
-0.14247969
0.035041451
0.09032359
-0.076303139
0.12000501
0.1032543
-0.21686457
-0.11542775
-0.13623008
-0.12420376
-0.055036798
0.11177813
-0.053910553
-0.099628523
-0.06905248
0.035867333
-0.1337297
0.084802508
0.1518745
0.18485087
-0.21345779
-0.065088741
0.17804728
0.13639626
0.0077905622
0.051115029
0.041050207
0.015509492
0.152052
-0.081606664
-0.10315123
-0.22346725
-0.046422336
-0.077863276
0.089465789
0.017216478
-0.016956925
0.21254252
-0.17953958
0.059394326
0.065466106
0.068270929
-0.010757028
0.066176526
0.12349501
0.069604091
-0.071420923
0.0047089607
-0.039846927
-0.04736685
-0.022418791
-0.10329984
-0.1316496
-0.061993863
0.13831641
0.10410592
-0.074914828
-0.13019907
-0.027626764
-0.033633269
0.07750155
0.067164198
-0.15227085
-0.0086629996
0.033022903
-0.068965711
0.021307057
0.13982214
0.086178213
0.013564485
0.097757183
0.048763316
-0.027432567
-0.0011041936
0.064225264
-0.14580427
-0.20297444
-0.00049919623
-0.098831765
0.052608054
-0.044373225
0.08419203
0.023143886
-0.022466918
0.017818494
0.04850278
-0.066554397
-0.03720428
-0.014201959
0.034164533
-0.014005956
0.025598589
-0.018157657
0.047070324
0.042648371
-0.013675232
-0.10432971
-0.0020296937
0.01026671
-0.027086174
-0.066589125
-0.070532478
-0.0083396649
-0.097057991
0.028626876
-0.079548836
0.060827814
-0.10685536
-0.032382179
-0.17911547
-0.058428835
-0.018362377
-0.099368818
0.078818701
-0.0066723926
0.029118916
-0.013932629
0.056686014
-0.0069525926
0.066932306
-0.080853052
0.026724713
0.067801997
0.045888182
-0.0074798386
-0.049585834
0.12751777
0.099583298
0.049741186
-0.047609456
0.057872254
-0.072929941
0.093682408
-0.19123693
-0.040883243
0.097278133
0.08045429
0.022681911
0.0060243509
0.020500852
0.049197234
-0.045504555
-0.012342878
0.07580512
0.049050618
0.054264549
0.069736399
0.033659223
-0.19449461
-0.06088851
-0.036847133
0.0021829326
-0.001865531
0.03738777
-0.031797059
-0.00072222541
0.035612464
-0.021927861
-0.066384971
0.072514579
-0.070449986
0.11676849
0.015749156
0.026469322
-0.075633056
0.035342619
0.035345405
-0.12451859
-0.025698613
0.039328743
0.010651453
-0.1290848
0.083240151
-0.093752615
-0.020458207
-0.15082008
0.099378265
-0.071301587
-0.043992337
0.065522343
-0.04463039
-0.075961642
-0.042529333
-0.065856375
-0.1452163
-0.094223633
-0.096609429
0.060870055
0.015516002
-0.11366663
-0.11320515
0.021190444
0.047459003
-0.089314051
0.041577257
-0.029056432
0.042087782
0.026599724
-0.050703034
-0.067465939
-0.066152565
0.010197795
-0.020952329
0.079581223
-0.067530014
-0.050585419
-0.021048827
0.063555606
-0.0024457294
-0.080777235
0.0058410619
-0.04789653
0.055704214
0.022740241
0.088101976
0.032671578
-0.033780228
-0.0068137823
0.055645231
-0.10446882
0.054330572
-0.052729223
0.015697431
0.0085116597
0.13448013
-0.013597308
-0.05969806
-0.013833018
0.026599383
0.19669022
0.0057910401
0.0387525
0.021244796
-0.012000395
0.015697381
0.14651282
-0.022048697
-0.014646793
0.08452592
0.051840045
0.054047506
0.041557908
-0.035901863
-0.028794309
0.036825404
0.013874001
-0.051219642
-0.089939594
-0.099233776
-0.1015328
0.065755285
-0.011721259
-0.1820794
-0.083266549
0.019842086
0.0096352417
0.12775493
-0.016775642
0.053838495
-0.014899403
0.046864461
-0.057437465
-0.045086306
0.0082359407
0.014908508
0.038117573
0.010362026
-0.044414651
0.0016413032
0.08644025
0.069619924
0.037580363
0.00577683
-0.029447112
-0.07312981
-0.054653082
0.056447636
0.044188168
0.005742705
-0.11317582
-0.094960369
-0.078143261
-0.0065722363
0.0019785163
0.095918342
-0.086283602
-0.035170272
-0.058118746
-0.037346862
0.068992153
-0.029012414
0.082197137
0.030122506
-0.0083580241
0.055920821
-0.042430844
0.085332789
-0.076868206
0.040715534
-0.15962787
-0.065999016
-0.028969232
-0.034644466
0.044254716
-0.022153718
0.018775957
0.029995505
-0.0031856985
0.065170325
-0.005696523
-0.030838395
-0.026131295
-0.0002225096
-0.083361544
-0.05132677
-0.0022636456
-0.016882675
0.15614347
0.018666836
0.10823534
0.058951333
0.022511363
0.023741208
0.037902843
0.066095635
-0.065043092
-0.043741487
-0.057216316
0.02996237
-0.025180964
-0.03397277
0.020868231
-0.13615672
0.017146314
-0.046553217
0.015415815
0.01578968
0.063745528
0.066383347
-0.12861097
-0.14224878
0.050008539
-0.044551596
-0.033945791
-0.029494729
-0.011942024
0.042268544
-0.013613503
-0.086797222
0.011581859
-0.089326859
-0.045817852
0.030570332
-0.046273865
-0.0027671666
0.0055135963
0.012375467
0.05444929
0.030763263
0.061034888
0.052396651
0.024566138
0.071346402
-0.073740713
-0.11743275
0.012725227
-0.038995177
0.03827709
-0.02051967
0.029613554
-0.012973513
-0.12837137
0.0072946856
-0.0025521023
0.07610333
-0.043486316
0.022696359
-0.069087043
-0.073334128
-0.030702723
-0.0029073386
-0.011023141
0.003313374
-0.023134967
0.030745376
0.061304074
-0.025544398
0.079081506
0.01852042
0.045324963
0.0074227331
-0.045085877
0.04649375
-0.054284424
-0.0042661666
-0.019693768
0.080340438
-0.10954331
0.019246163
0.030294057
-0.013043779
-0.059615284
-0.021647442
-0.1008148
0.048034783
0.010936434
0.03458963
-0.13259961
0.016874664
-0.077089988
0.060666203
-0.12838933
-0.10771359
-0.027143193
0.032818794
-0.082759172
-0.01172847
0.00077337137
-0.028462464
-0.03538008
-0.01553852
0.082102299
0.13762121
0.0095436769
-0.025316127
-0.053770844
-0.016619068
0.11754574
0.013788186
0.014895378
0.0013158033
-0.031979207
-0.074800402
0.0040147114
0.051096592
0.0059711295
-0.050771303
0.079397365
0.040659156
0.089191578
0.11167011
0.1256025
0.06358856
-0.041776467
-0.049441136
0.02299789
0.028356431
-0.08763992
0.033773761
-0.04597915
0.032621399
0.054336809
-0.051431436
-0.051024012
0.0080571873
0.026935617
-0.015175763
0.056570925
-0.10769026
0.013019231
0.053552859
-0.046183288
-0.074992485
-0.03954168
-0.076564603
-0.05223592
-0.022826193
0.13844424
0.0045609954
-0.024477273
0.059851225
-0.058816787
-0.027276879
-0.0063540521
0.026334263
0.053412549
0.13083877
0.050536826
0.02719436
0.055456609
0.038529407
0.019109249
-0.014868098
-0.050444048
0.045730796
0.0031936169
0.0078481128
0.040740836
-0.099811599
0.068284616
-0.047719691
0.049076185
-0.074540704
-0.06474147
-0.086405888
-0.13189322
-0.011340251
-0.23905171
-0.064748615
-0.037266854
-0.23495468
-0.038926527
0.090723425
0.15300246
0.11843616
0.014629417
0.085803032
-0.020815343
0.011840858
0.057550937
0.029139809
-0.027082486
0.061723396
0.059282701
-0.0099849496
-0.069135785
0.044390004
0.056297269
0.087894037
-0.16021279
-0.042708065
0.17168283
-0.09468136
0.17380813
-0.05423766
0.069006585
-0.021755995
0.062865518
-0.013609543
0.062327262
-0.037285846
0.061187517
0.0074171782
-0.073609568
-0.031914975
-0.006278045
0.090070017
0.022293914
-0.0020781308
-0.023709109
-0.046517108
0.030373309
-0.014486481
-0.09921138
0.032482058
0.022498736
0.10488629
0.020567678
-0.0044061728
0.010972782
-0.011245478
0.1626738
0.069268294
-0.019579649
0.032481056
0.0071781133
0.019770915
-0.05323495
0.0029947718
0.059595864
0.022423735
0.070326477
-0.021149587
-0.060932964
-0.11643962
-0.040499214
-0.00043120745
-0.018814158
0.021368932
0.096348703
0.028053086
-0.043182712
0.073997162
-0.019392515
0.039509773
0.064976305
-0.05613865
0.032250348
-0.077503748
0.022757744
0.065355197
-0.045331895
0.023764664
0.0030368723
0.039764486
0.10047548
-0.052624598
0.079496741
-0.13443089
0.022499863
-0.0021256078
-0.014368237
0.068628296
-0.021543793
-0.045178186
0.059926253
0.029209711
-0.052358724
-0.10520565
0.097266391
-0.078003332
-0.022759654
-0.035543714
-0.096840203
-0.10676742
0.014255683
0.048770104
0.084943488
0.063676782
0.062485609
0.074033976
-0.096253924
-0.013345587
0.0037109966
0.035471492
0.019408807
-0.14476691
-0.027149353
0.01058794
0.08523608
-0.039647728
0.10859845
-0.073729962
0.15059221
0.043837525
-0.10576214
-0.0633616
0.069041438
-0.04321637
-0.098611847
0.078925513
-0.026106002
-0.15160739
0.034011014
0.17119016
-0.0047537512
-0.053849678
0.083148114
0.030087939
-0.085541382
-0.11569735
-0.0012010088
-0.059068948
-0.1230908
0.00089873892
0.076864399
0.034758467
0.081733376
0.037489042
-0.0059996233
0.011490418
-0.0090526482
-0.12130763
0.021243555
-0.1185563
0.084277257
-0.16878094
0.03398747
0.0014050038
-0.044735689
0.0069289841
-0.078358911
0.0617598
-0.0012580479
-0.10368001
0.015903804
0.073303059
0.010348033
0.057224859
0.054054018
0.018628122
0.00073926907
0.047323518
-0.017310932
0.043376159
0.014866438
-0.041158408
0.03147018
0.0073186215
0.025639804
0.087314695
-0.11757889
0.027057964
0.064902864
-0.051563449
0.099036321
0.15785205
-0.03779038
0.061572909
0.035790615
0.024541454
0.011150858
-0.039742213
0.03271186
-0.01945628
-0.06445758
0.079791248
0.030598102
-0.11408677
0.042067241
-0.098298728
-0.12576503
-0.0044849096
0.14659607
-0.045019716
-0.073778704
-0.065592811
0.15498887
-0.00060437259
-0.095201738
-0.028801939
0.034552742
-0.023778722
-0.084400162
0.09873718
0.040698569
-0.031093193
-0.082917444
-0.051592659
-0.01848677
0.015124
-0.064088985
0.10833406
0.025032936
-0.01189577
-0.033680446
-0.097683921
-0.16780974
-0.071020417
0.017157512
-0.02146126
0.016851624
-0.022017473
0.12394489
0.024943572
-0.0092461323
-0.004475907
-0.10384707
0.098369882
-0.059421245
0.0036763749
-0.086818561
-0.026578231
-0.0053843497
-0.10894494
0.039465636
-0.024765283
-0.029704649
0.0097905993
0.0084097544
-0.023119804
-0.1133175
-0.088972151
0.046986792
-0.10129561
-0.11206453
-0.093733162
-0.032908995
-0.12822947
0.012378599
0.057952899
0.044553142
-0.051585842
0.08208704
-0.056578528
0.09790884
-0.11507006
0.14962916
0.12192027
-0.098295823
-0.03963162
-0.0019933453
0.01453115
-0.15623243
0.05706232
-0.0053544142
-0.1514397
0.02852135
0.044820067
-0.10483702
0.011503427
-0.040743176
-0.038373649
-0.012304722
0.058680978
0.10343047
0.055164769
-0.037746947
-0.0077044517
0.017614275
-0.028389381
0.032888811
0.047714811
-0.036416117
0.05476049
0.056553219
0.14469844
-0.0067814202
-0.06040151
0.079424791
-0.057542503
-0.053455416
0.14928797
-0.038719669
-0.099561661
-0.07569778
0.12943926
-0.0144512
-0.17801537
0.0090202913
0.0034516142
-0.042159211
-0.015472961
-0.12423822
0.015279218
-0.0081938049
-0.098680556
-0.056155179
0.006821549
-0.064684846
0.0023708234
0.024201723
-0.082339644
-0.081339777
-0.12136332
0.010150993
-0.047985781
0.0019778803
-0.05269656
-0.11413758
-0.058776461
0.050136145
-0.052823588
0.0037869902
0.00047800745
0.065934964
-0.051836018
-0.025611022
-0.033603273
0.019250836
0.023615997
0.050408907
-0.0084768739
-0.016416805
-0.016071627
-0.047456056
-0.074761763
-0.079133905
0.027640563
0.048704706
-0.096032545
0.065231651
-0.036877528
0.052316997
-0.25407284
0.069968171
0.20491959
0.089499757
-0.085248493
0.042276245
0.043503482
-0.0090034287
0.094879404
-0.096180588
-0.31066307
0.01250113
-0.24813253
-0.2436882
-0.049495235
0.27031189
0.10055187
-0.060005005
0.13971105
0.040924516
0.10800499
-0.054971471
-0.059439678
0.0094277989
0.1089249
-0.10054932
-0.16190661
-0.014857077
-0.24218102
0.061993659
0.027310643
-0.072939932
0.022017606
-0.093312331
-0.050455704
0.1246751
0.01397311
-0.070599057
0.10304744
-0.033304758
-0.024027312
0.086765029
0.023870274
-0.084965214
-0.10470769
0.044611789
-0.014849523
0.0076998905
-0.071030125
-0.016857456
-0.10303928
-0.08526133
-0.021662623
-0.020117933
-0.039858513
-0.051938314
-0.031770457
-0.059103835
0.034200534
-0.022924237
0.01182025
0.027787825
0.070387647
0.03778927
-0.024068154
0.13288386
-0.061215613
-0.030670993
0.02250272
-0.028573411
0.13586611
-0.033439655
0.021238223
-0.11331709
-0.31003699
-0.041240554
-0.02425172
-0.15085402
0.039633051
-0.1002229
-0.074348629
-0.031447671
0.25186652
0.11230381
0.25892815
0.028323088
-0.055906188
0.016786763
-0.1387964
-0.016348168
-0.072283909
0.027272154
-0.036545612
-0.11596964
0.054298818
-0.11710761
0.0082321623
-0.11447747
-0.036621153
-0.041582953
0.13171619
0.027734522
0.023264192
0.11902528
-0.020907171
0.017497472
0.10466678
0.14380325
-0.1005349
0.093709692
-0.054712776
-0.047997877
-0.27545279
-0.066762641
0.0099862041
-0.058798589
-0.016958395
-0.036734965
0.06973666
-0.058318086
0.061486069
0.07334394
-0.033731207
-0.012997987
-0.074147515
-0.032602731
-0.034226123
-0.062452093
-0.050160076
-0.12766202
-0.053903766
0.16828704
0.0034840491
-0.11863928
0.0099498993
0.053083625
0.080590248
-0.010122217
0.096848525
0.045343671
0.037976038
-0.090418361
0.038422514
0.038567916
-0.0022388822
0.065955609
-0.081456065
-0.025594408
0.033593051
0.055924378
-0.16306509
-0.094291888
0.12621498
-0.046078768
-0.0095427791
-0.0087786121
0.029936392
0.0028416186
-0.087411404
0.072520331
0.0040932111
-0.023213485
0.032351114
0.13797766
-0.016003478
-0.039322577
-0.073351845
-0.14562134
-0.074649952
0.083106123
-0.16363494
-0.04304428
0.0017761872
-0.06995108
-0.085604705
-0.039142713
0.10336658
-0.097875476
-0.011594354
0.029132489
0.0774661
-0.11669035
-0.046259884
0.030026514
-0.010127781
0.080883674
-0.054347795
-0.010941627
-0.033782896
0.050098479
0.039182942
0.029498354
-0.07749936
-0.03227808
-0.020949299
-0.091312416
-0.050919648
0.025749378
0.027593996
0.061086632
0.021030612
-0.0829283
0.06735608
0.026606901
-0.030599216
0.084742732
0.043135341
-0.015550094
0.03580758
-0.092938654
0.11157956
-0.17114408
0.020424049
0.012040411
0.14653857
0.018298857
0.066633821
-0.013984927
0.034931995
0.11823294
0.068400539
0.065433696
-0.10919869
-0.037706785
-0.040665548
-0.029571135
0.058216181
-0.00924748
0.16464196
0.023357274
0.0049797245
0.082374141
-0.047885053
0.082955211
0.014687856
0.11356765
0.025145242
0.0035378803
0.024809124
0.013618304
-0.023333136
-0.17600486
-0.012608909
0.028008388
-0.1319866
-0.099826083
0.12338658
0.074193776
0.10241089
-0.093669444
-0.074181356
-0.066534102
-0.018417114
-0.11420886
-0.069783881
-0.021517651
0.040918391
-0.10640337
0.0074449088
-0.067733511
0.035321534
-0.032354221
-0.049289789
0.067218408
-0.049090613
-0.058394831
-0.080794498
-0.018800151
-0.026826657
0.00017601655
-0.022900976
0.059748895
-0.024358004
0.02044097
0.01789023
0.016056802
0.05035888
0.080783375
0.070498362
0.0092765614
0.011093245
-0.15455784
0.0096587623
-0.13929051
-0.018414116
0.096958838
0.032369241
0.0065134121
0.06003676
-0.07859385
-0.076912016
0.013332301
-0.11496542
0.067064211
-0.041069105
0.025886098
-0.067889266
0.0029407847
-0.18219356
-0.001587998
0.10024489
0.031449918
-0.11192571
0.056775369
-0.029071938
-0.044172626
0.044690035
-0.11051561
0.017167915
0.0040865736
0.015378143
0.0052272854
0.038786594
0.041335844
0.022489779
-0.031031383
-0.04857384
-0.044725586
0.025163352
-0.033399384
0.043381009
0.047087867
0.048923232
0.0041202805
0.014547101
-0.1227536
0.05014354
0.062768422
0.032804821
0.01417187
-0.038489167
0.052438639
-0.18994159
-0.097343519
-0.0086447177
-0.12004777
0.02022348
-0.055138532
0.010748464
0.028912095
-0.080621079
0.09473791
-0.12394248
-0.018152187
-0.080945611
-0.076560549
-0.042440478
0.041898441
-0.089203425
-0.069305331
-0.047529787
0.026514878
0.076809496
-0.0248944
0.05580204
-0.077188537
0.020559406
-0.057380993
0.014824566
0.060394593
-0.019078529
-0.061764605
-0.10586258
-0.1022694
-0.058158308
-0.0012832701
-0.014778993
0.019866491
0.00010526676
-0.23457937
0.049612649
0.013228142
0.023838151
0.018395215
0.080003262
0.015977385
-0.018644132
0.0063176006
0.0067765019
-0.10327243
0.037761472
-0.058633752
0.044085372
-0.071708381
-0.11322645
0.035986319
0.06010484
-0.051122438
-0.0044029169
0.072956659
-0.04581267
0.032217748
0.017622801
0.0029324926
-0.0084554059
0.019575225
0.032738525
0.1168988
0.074969918
-0.00024988339
0.046474654
-0.054331731
-0.0076236348
-0.020485682
0.0084108515
-0.1825166
0.020881969
0.064671941
-0.064958394
0.15821838
0.038953874
0.046701007
0.020442422
-0.0082075298
0.032083225
-0.099954121
-0.0447914
0.039908845
-0.028422454
0.041678995
0.060782295
0.098575279
0.0028473304
-0.073132738
0.013171985
0.1893778
-0.13287722
0.024338102
-0.029040363
-0.003224493
-0.066014186
-0.031312201
-0.0015426402
-0.0069515286
-0.063387342
-0.13609903
-0.0022489561
-0.021932393
0.023023987
-0.0068619284
-0.042842705
-0.026123619
-0.03932051
0.081452183
0.099447086
0.036762718
0.0095839454
0.085715197
0.0064078216
0.014962588
0.0037572158
0.07367029
-0.060239315
0.068179823
0.00019290009
-0.2913262
-0.087886505
-0.012307921
0.01266948
0.033346321
0.10047663
0.10990315
-0.068919346
0.0097440276
-0.15463664
-0.13779841
-0.014679831
-0.029191462
0.080093428
-0.1552871
0.010477692
0.0015307957
-0.016329445
0.010937805
-0.19493535
0.08308053
0.034842756
0.060002688
0.10081265
-0.07557977
0.027179733
0.040999185
0.088538095
-0.021543436
-0.055529945
-0.0085728774
-0.018793466
0.031290364
-0.11204795
0.11367282
0.039692208
0.024920925
0.065484948
0.071739867
-0.019274238
-0.035194412
0.045809742
0.011798277
0.094850868
-0.022245478
-0.10698157
-0.11141765
-0.0081254216
-0.019438572
-0.095229141
0.070944399
0.025949439
0.11481308
-0.0075144949
-0.1329893
0.040240888
-0.0093041612
0.038006153
0.081631713
-0.0068302411
0.027689585
-0.027916089
0.033321183
0.10601451
-0.12897024
-0.030441789
-0.014193268
-0.080304109
0.011637665
0.038233772
0.031956147
0.09806858
-0.092157066
-0.04500901
-0.01510066
0.029473199
0.013367265
-0.0050451313
0.055083338
-0.0041623502
0.0074936259
-0.0029744944
-0.00029082529
0.044736225
0.023049867
-0.06626793
-0.031172179
-0.027954353
0.021727711
0.089990743
0.015438922
-0.021382341
-0.007181149
0.098607257
0.079320118
-0.011655687
0.030451756
0.035740688
0.13173677
0.045375712
0.18645425
0.020628823
0.052471757
0.055931404
-0.035276327
0.039231271
-0.067505315
0.22480199
-0.073858418
0.035007305
-0.0066976766
-0.026726464
0.049466953
-0.0020185621
0.017915994
0.011976424
0.059235774
0.10282893
0.027765077
-0.028528471
-0.063407592
-0.012796104
0.045842711
0.017810641
0.035984956
-0.0047390601
-0.015822703
-0.076623231
-0.0045711175
0.013482601
0.079130806
0.019882487
-0.0053458097
-0.058996126
-0.10227213
0.062811278
0.038132932
-0.085368633
0.050445255
0.012614275
0.035364747
0.042218335
0.10735842
0.038293317
0.045765746
-0.00918312
-0.046660885
-0.085002534
0.0065860641
-0.0096699419
-0.072131626
0.030443825
-0.05735549
0.088345811
-0.14913903
-0.062889777
-0.040365983
-0.090443425
0.030974094
0.038109027
0.032581318
-0.13546345
-0.02348089
-0.048042901
0.018633734
-0.056925103
0.040655553
-0.052174348
-0.02676877
-0.14244488
0.0064031375
-0.037816949
0.042112414
0.028703313
0.014586546
-0.025980102
-0.032561418
0.14978285
0.047152285
0.11631908
-0.081670776
-0.053703524
-0.056791168
0.015650475
-0.015022619
-0.053999595
0.062433347
-0.10525919
-0.0039417692
-0.054364875
0.039145686
0.090158291
0.085841194
0.066578008
0.018925788
0.11223604
-0.0018420747
0.064476706
0.030028615
0.018256824
-0.085979164
-0.012108652
0.026146799
-0.089858077
0.01445945
-0.038186729
0.04044541
0.00018648626
0.023744736
0.036017641
0.11211751
-0.092862882
0.015232958
0.088827051
0.13859504
0.039747484
-0.056590926
-0.046171721
0.02254032
-0.0050943601
-0.01180932
0.038702585
0.088779315
-0.070104025
-0.065236866
0.037207231
0.05137936
0.048566114
0.01334604
-0.11576685
0.015867637
0.10961023
-0.080994286
0.068896458
0.16426536
-0.094806142
-0.0080394037
0.042350534
-0.019041626
-0.015550104
-0.039884776
0.0074693915
0.0038122078
-0.07638032
0.038235635
-0.11702085
0.019586956
-0.032759603
0.022775412
-0.032812748
-0.0048420983
-0.083732724
-0.083377391
0.029731469
0.011291472
0.019881157
-0.11313986
0.094323047
-0.0022744224
-0.0010139177
-0.011431637
-0.12548064
0.041062485
-0.061290774
0.11262681
-0.062503338
0.00039521765
0.033693388
-0.098398156
0.074371248
0.0032971944
0.055346031
0.030351402
0.029986231
0.069747746
-0.068753459
-0.044806603
0.031334363
-0.0061661787
-0.067211233
-0.033012323
-0.0077296239
-0.067988142
0.028436024
0.030520912
0.10857733
-0.045255892
-0.13797501
-0.0060446062
0.047305107
-0.054399293
-0.032302938
0.088739388
0.12327543
0.11294234
-0.10926338
-0.028885864
0.084768802
0.06485834
-0.032821383
0.036488872
0.026359415
0.010367218
-0.061711319
-0.027135899
-0.1301605
-0.09021046
0.0086141434
-0.05589506
-0.041137673
-0.049369905
-0.029052604
0.053969573
-0.052775171
-0.094045006
0.036146589
-0.00029165356
-0.053466387
0.069013201
-0.018948704
-0.017219184
0.022745967
0.09224046
-0.24216343
0.032384042
-0.0013205251
0.080150291
0.043678392
-0.082394116
0.075764433
-0.020378307
-0.02499309
0.018484799
-0.06564267
-0.19082181
0.019366972
-0.043325961
0.04827217
0.040824383
-0.03435272
0.019115116
-0.048525561
0.0051373988
-0.069014974
0.015457273
0.018220238
0.064941928
-0.086336561
0.053105913
0.029081196
0.067151576
0.070278257
0.013868379
-6.0439012e-05
-0.096754111
-0.090755261
-0.048486546
0.020094285
-0.047258072
0.046564419
0.0002174539
0.023156201
0.017401755
0.025971223
-0.071788549
-0.065363526
-0.038491189
-0.036923885
-0.057015892
-0.047287788
0.038272973
0.062361948
0.040588718
0.046310585
-0.098129213
-0.073994309
0.089355789
0.026756557
0.040787674
-0.061382696
0.074821793
-0.034223083
-0.059160847
-0.050745063
-0.032324746
0.056116585
0.057112522
0.00078558322
-0.043064132
-0.045488924
-0.046613254
0.015432526
0.038108401
0.042286951
-0.08289548
-0.14043418
-0.09779314
0.0029317967
-0.044241719
-0.041404232
-0.016895995
0.047314283
0.0044982689
-0.074775115
-0.0064763254
-0.10998392
0.011378077
0.0089675654
-0.04889496
-0.080164865
0.041129284
0.054380499
0.097265042
-0.042247709
-0.036787085
-0.04955839
-0.045630313
-0.025136719
-0.0076831817
-0.0030167631
-0.14453253
-0.0018900549
-0.016018391
0.042820651
-0.059776768
-0.043389693
0.027568445
0.097752444
-0.15451224
-0.010245051
-0.016500119
-0.0048735738
-0.044316404
-0.10307822
0.0085870288
-0.12393017
-0.051853169
-0.047351722
0.071824208
-0.10705809
-0.076650061
-0.10086797
-0.070913441
0.0017412764
0.029853635
0.024190329
0.035752073
-0.088333935
0.091707043
-0.022568502
-0.049351931
0.015756086
-0.0020250063
0.061196659
0.022428671
-0.020629918
0.071613558
0.011787617
0.069420859
0.035721704
0.067920789
-0.0094677564
0.12970315
-0.048810892
-0.08854489
-0.20847273
0.0036154527
0.041237351
-0.14797942
0.023747385
0.0989618
0.0200487
0.0071392599
-0.017632313
-0.01057244
0.055025164
0.026486831
-0.014742427
-0.038848974
-0.031576313
0.039007753
-0.059704114
0.049024541
0.03911623
0.044360749
0.016009422
0.064189412
-0.082213581
-0.013287702
-0.099220403
-0.0080162017
0.028736493
0.054446608
-0.035639677
0.097569264
0.053082414
-0.070238084
-0.013807158
-2.5596217e-05
-0.069914639
0.071807243
0.061636925
-0.10654704
-0.096940108
-0.076334625
0.0050514815
-0.0057735592
0.014104351
-0.049837068
0.053947981
-0.10527907
0.013285607
-0.085490689
-0.053988807
-0.043901321
0.031472299
-0.037934572
-0.091610961
0.013639642
-0.053558655
0.10623468
-0.016272563
0.14023682
0.023674296
-0.072758257
-0.014251799
0.0091783172
-0.040879287
-0.0089675067
0.014967656
-0.038388561
-0.1547956
0.07453306
0.079500757
-0.045522705
-0.0090824673
0.072213426
0.10731086
-0.071180351
-0.025685124
0.0035307151
0.073471762
-0.15637949
-0.091967858
0.10075504
-0.015369137
-0.047090527
-0.068860464
0.024443841
-0.1091885
0.17105637
0.017232597
0.093701228
0.011452742
-0.055306129
-0.067761131
0.068656631
-0.20385742
0.0093435571
0.051498786
-0.045756042
0.02624361
-0.087227888
-0.082193084
0.016835287
-0.052998506
-0.077701509
0.12621398
0.036223665
-0.10113464
0.20791386
-0.14908355
-0.057080943
-0.068551019
-0.12920515
0.028938407
-0.031317048
0.031957243
0.016901353
0.0098651312
0.044373866
0.054083709
0.033671517
-0.055760108
0.039410625
0.03006351
0.050044779
0.036320508
0.015552239
0.031200847
0.091063134
0.077528596
0.11172596
0.060937695
-0.16096367
-0.024875907
-0.029153369
-0.011856034
0.097292535
0.024604915
-0.084851705
0.044268493
-0.068587035
-0.065073989
0.052705485
-0.015536073
-0.098815367
-0.1221159
0.082385942
-0.034317963
-0.025413005
0.026909165
0.11378365
0.047168024
-0.031777095
0.015085945
0.02644035
-0.069078207
-0.084627628
0.042474724
-0.035973288
0.02194651
0.092779681
0.077231675
0.094605431
-0.015714707
0.040881258
0.027724633
-0.016270261
0.032665029
0.075406067
-0.068727255
-0.10050784
0.015017741
-0.00064101286
0.034984488
0.093731716
-0.02557946
0.021473868
0.0070715016
-0.052024085
0.068593621
0.097875148
0.12133808
-0.031188821
-0.10995391
0.033238143
-0.063192613
0.096823335
0.058478821
0.135509
-0.0013847278
0.0098700617
-0.086115435
-0.018451583
-0.052615203
-0.029776109
-0.22372591
-0.04304729
-0.06350971
-0.0044441028
0.024809465
-0.087245807
-0.11653899
0.041941725
0.072624974
-0.022720106
0.042077199
-0.13332573
-0.052994728
-0.015260363
-0.032545317
-0.037932143
0.14574885
0.052981079
-0.065464914
-0.022350632
-0.0078202002
0.16400638
-0.043176219
0.080471478
-0.083886877
0.033527479
-0.056590475
0.017015988
-0.092870235
0.078069948
0.036034212
0.036818996
0.079580739
-0.043579463
0.031469315
-0.051325005
-0.0083681839
-0.024578167
0.042598132
0.12482775
-0.012209611
-0.17462444
-0.028098697
0.02766769
-0.07726761
-0.002878031
-0.018434959
0.046326336
-0.043716367
-0.11654227
0.026429646
0.0092249308
0.05668978
0.034010779
-0.11994061
0.00018714134
-0.042345539
0.076001666
-0.053904962
-0.0049541006
0.038875658
0.013992003
0.030507773
-6.113571e-05
0.026202403
-0.095053576
-0.018715773
-0.0050668418
0.055329438
0.089773849
0.073780529
0.052426957
-0.068683721
-0.11316425
0.01495017
-0.1122346
-0.059479903
-0.10994432
-0.14054266
-0.041481957
-0.032681864
-0.029674353
-0.015142584
-0.025041571
0.07791277
-0.0035173036
-0.11269772
-0.063435502
-0.080443077
0.018022366
0.0057973908
-0.05223025
0.073712029
-0.050363313
0.10308181
0.10250362
-0.078928195
-0.013795937
0.044991326
-0.02925569
-0.13737158
-0.024882462
0.014610704
0.031604834
-0.061924357
0.037982851
0.0539652
-0.054919757
0.0056318217
0.016702302
0.089399457
0.11445668
0.074066311
0.11422407
0.1273102
-0.10720506
-0.019369813
-0.014571126
-0.021911511
0.041172076
0.071318366
0.06745629
0.032675158
-0.063062392
-0.043800529
0.058704328
-0.072941601
-0.070598155
0.034337167
-0.0083314059
0.01444945
0.13188176
-0.052476548
0.0050761909
0.031627595
0.044064593
0.041456435
-0.02909006
0.040032521
0.039430071
0.032100555
0.010838166
-0.11626556
-0.050648749
0.041627456
-0.082047723
-0.039336603
0.13239031
-0.0054952456
0.084101856
0.097111166
-0.028788581
-0.050721116
-0.04911368
0.089509226
-0.0068607703
0.033953179
0.041926611
-0.07444568
-0.04278468
0.0090796538
-0.010169798
-0.051403016
0.032929607
0.0002180505
-0.085316047
-0.070196547
0.017321229
-0.036840647
-0.065427274
0.034326896
0.00040021076
-0.022298012
-0.058522575
-0.047708191
-0.10092072
-0.01100864
0.07086172
0.0062315268
-0.18426955
0.0057303035
-0.0092152869
0.042824369
0.064585753
0.068727367
-0.13211653
-0.060593203
0.031394336
-0.024873471
0.01737855
-0.11354975
-0.1520835
0.065281004
0.013325138
-0.0040964512
-0.046555184
-0.087478399
-0.037516564
-0.044810846
0.0098241037
0.09213683
0.074509025
0.015733296
-0.11383492
-0.11398862
-0.072642051
0.034716122
-0.037263609
-0.055785619
-0.098248012
-0.044192936
-0.14513397
0.08385139
0.031497087
0.001010325
0.12954326
-0.0066255117
-0.027343083
-0.021115759
0.13786353
0.048884932
-0.046283189
-0.11844932
-0.069965482
0.0024293698
-0.089869365
0.033184357
-0.026188998
-0.061716195
0.08460968
0.054481633
-0.056618102
-0.03046987
-0.041366309
-0.021841198
0.066705033
-0.021724571
0.06785094
-0.0092834597
0.037692212
-0.010401372
-0.040497094
-0.073488683
-0.097194351
0.065956637
0.011794457
0.081476256
-0.065071538
-0.031968251
0.12756933
0.014267445
-0.038186174
0.027734956
-0.12416194
-0.017100375
-0.058493532
-0.026465459
-0.16155028
-0.039905395
-0.092390031
-0.018997079
0.0028494245
-0.0085440027
0.10388673
-0.022273783
0.13727319
0.041125853
0.039741416
0.15151376
0.026900163
0.041218676
0.048135642
-0.022370202
-0.16838771
-0.091002092
0.078894392
-0.020069316
0.008187891
-0.038895924
0.081833415
0.052603308
-0.067253336
0.038774971
-0.017169043
-0.028728664
-0.029894983
-0.07933975
0.043969251
-0.00017181944
0.010178625
-0.043070018
-0.079069525
0.083993807
-0.085034534
-0.043550786
-0.027086705
0.05482528
-0.0031784079
-0.13846621
-0.10063906
-0.050538782
0.014742722
-0.062509447
0.086945191
-0.0089359237
-0.11791863
-0.0029613143
0.006859418
0.024469256
-0.035170328
-0.0056060255
0.004835607
-0.026791049
-0.074033111
-0.0059285294
0.01895144
0.031095324
-0.091505229
0.030319681
-0.014573365
0.016088603
-0.095655285
0.046222847
-0.005204624
-0.024900967
0.031259861
0.032278266
-0.0367091
0.055199191
-0.015445953
-0.038428962
-0.054406412
0.049693447
0.038315196
0.038802441
0.06625367
0.047897328
0.00034685803
-0.049695883
0.043011814
0.073790804
-0.016326603
-0.021508338
-0.050756253
0.039560568
0.015384194
0.014062702
-0.0084628277
0.071465671
-0.045224436
0.016449187
-0.12415006
0.06432689
0.018654007
0.0040066517
0.035225317
0.041438524
0.034419369
0.035514284
0.0040728906
0.030438781
0.0027649216
0.023922374
0.088363826
0.033948507
0.039469425
0.066747643
0.0087118847
-0.054103848
-0.077620402
-0.021535218
0.052818783
-0.030641938
-0.0071777743
-0.092027962
-0.14667049
-0.086606473
-0.039427612
-0.21877007
0.047128536
-0.061918054
0.047167946
0.090073273
0.050825574
0.076922759
-0.15764566
-0.013489086
0.06861268
-0.027680742
-0.093737341
-0.11774688
0.070868239
-0.0916664
0.0055297189
0.046311416
0.054457065
-0.024145044
-0.0041089179
0.015361105
0.069405809
-0.026532657
-0.006631406
-0.004460407
0.020057427
0.079802521
0.01703839
0.0091749998
0.051328544
0.08702974
-0.043741263
-0.12939273
0.0038698534
0.071950689
-0.026182694
0.092746802
0.0066888034
-0.045210656
0.090663098
0.091456056
0.013383259
-0.079911247
-0.061147142
0.01422936
-0.049610417
0.0043380917
0.031870518
0.037181865
0.065715745
0.03218719
0.036622271
0.058044463
-0.10530104
0.014263856
0.040770441
-0.044643573
-0.069540478
-0.024108985
0.048491076
-0.086062908
0.089592583
0.04639012
0.0059057549
0.067133248
-0.016531818
0.006239614
-0.019929966
-0.03083075
-0.0043324465
0.033878818
-0.039316885
0.027380437
0.019754015
-0.031495534
0.03969337
0.062942371
0.015387218
0.055421956
-0.054242898
-0.068413347
0.024199197
-0.079730898
0.070577338
0.10076864
-0.085223123
0.081456237
-0.045180146
-0.0079746936
0.051339574
0.0046779467
0.04417599
-0.056841172
0.0081541818
-0.045273349
-0.054486129
0.064678028
0.054535225
0.028140288
-0.087292559
-0.041827951
0.015454931
0.11149664
0.016420566
-0.01810037
0.071692169
0.064170286
-0.15554401
0.037069015
0.010508632
0.055666015
-0.058530211
0.067786798
0.021667756
-0.031698368
-0.03299132
-0.0037050685
-0.038481273
0.035144437
-0.062118582
-0.042356793
-0.0031958136
-0.13884243
-0.035838131
0.061469309
-0.036658727
-0.011491225
-0.059643056
-0.042583361
-0.0065463353
0.029811082
-0.032941706
0.040954698
0.088698342
-0.027723143
-0.075563051
-0.02866956
-0.0026784756
-0.21203956
-0.01834262
0.092601418
-0.18033758
0.023439072
-0.017280668
0.018152092
0.0083724596
-0.036385357
-0.043201063
0.053612158
0.0057292087
0.03338645
0.034073725
-0.077264048
-0.1486029
0.00086731149
0.041045714
-0.10497677
0.039544314
-0.089685962
-0.028900437
-0.032958291
-0.068793319
-0.014816989
-0.068056911
-0.0053996621
-0.055558491
0.013137377
-0.047425725
-0.024862006
-0.0024830929
0.067693397
-0.074354008
-0.065586828
0.048687469
-0.010483936
0.11073032
0.042480145
0.015123329
-0.0077003771
0.0043044318
0.037024286
0.016269373
0.010480383
-0.03327008
-0.037409537
-0.059981562
-0.031638749
-0.019981531
-0.050103437
-0.00011933134
0.056815863
0.059024654
-0.03122524
0.023357514
0.027306467
-0.049413927
-0.037853889
-0.025099603
0.11649377
-0.098725453
0.042805623
-0.099640988
-0.16555853
0.036745768
-0.032862641
-0.034878936
-0.019487644
0.0071870559
0.086057238
0.054160111
-0.13810362
-0.12388926
0.081699908
0.13659452
-0.010691707
-0.039889731
0.011390601
0.098541796
0.090644814
0.030314911
-0.068291537
-0.14716923
0.038352828
0.037435569
-0.033686474
0.031961866
0.0076495432
-0.081763424
0.067041039
0.030219896
0.095770717
0.066009633
-0.09404052
-0.0064411149
0.002964254
-0.025711276
-0.01550822
0.063748606
0.01885587
0.069654927
0.0042651999
0.061122324
0.084464915
-0.04183308
0.13192494
0.077705652
-0.17219836
-0.054808524
-0.035201494
-0.021687374
-0.028915187
-0.023470847
0.041367356
-0.010780391
0.02909378
-0.094840631
-0.13089186
-0.10175941
0.037457079
0.089986548
0.090915762
0.0096075134
0.016950643
0.013088465
0.03067996
-0.017982164
0.0097679924
0.0056218789
0.079345822
-0.044319086
0.043915629
0.091170125
-0.012763113
0.035388965
0.080700397
-0.13696809
0.016082013
0.10118979
-0.0076274769
-0.039177001
-0.014311825
0.043760918
0.03833488
0.042769268
0.031411417
-0.016157823
0.11179888
-0.062424734
0.0061628516
0.078689694
0.064650007
-0.15118177
-0.14187261
-0.074053302
0.096912064
-0.042696606
-0.27041984
0.018277768
-0.0023398995
-0.074356571
0.053437963
-0.0052752378
0.018574374
0.048068494
0.034121826
-0.088059217
0.012748757
-0.14490865
0.050505944
-0.095365971
-0.034720168
0.03346901
-0.083882719
0.061636496
-0.0068652956
-0.065823279
-0.034781605
0.025213517
-0.036331967
0.042537969
0.0091094859
-0.03702518
-0.00097296608
-0.032591667
0.069349647
0.10504121
0.031575281
-0.015844977
-0.11769922
-0.043590736
0.098973736
0.040674251
-0.079129927
0.075797491
0.081985116
-0.0056452313
-0.070218951
-0.046013251
-0.074976869
0.040160216
-0.084084876
-0.089320928
0.0070864232
0.017928366
-0.055179641
0.05152734
0.043253977
0.0084640225
-0.0105816
0.042983923
0.049184687
0.047258578
0.059700195
-0.091104746
0.069849595
-0.074002959
0.0037065863
-0.07392744
0.068330169
-0.0027162239
0.063810624
-0.016765419
-0.011829359
-0.042641308
0.044006824
-0.032324262
0.045572776
-0.05484644
0.029860616
-0.044279486
0.015716767
-0.030210886
-0.096123338
0.058957592
0.054384854
0.084205374
0.059896149
0.065251559
0.038687207
-0.0074480679
0.046152063
0.088067271
-0.018884107
0.11309119
0.08355958
0.024309162
-0.020271879
0.034978554
0.0057063559
0.004744939
0.0050410768
-0.21710826
-0.103654
-0.01866528
0.080462016
0.0064095124
0.028399078
0.060098749
0.082978666
0.022597851
0.026849067
0.0093629984
-0.022001741
-0.060020961
0.0038233066
-0.015844854
0.10677075
-0.0009976353
-0.010020066
-0.025694324
0.022939993
0.053271752
-0.0086824074
-0.1501094
-0.017799845
0.10756295
-0.035902262
0.043835502
0.079770051
-0.062246706
0.064880446
-0.067537755
-0.10688221
-0.057153519
0.11957953
0.030900219
-0.057715319
0.17247321
0.085960142
0.013752938
-0.040812515
0.041880563
0.0014756598
-0.080297418
-0.0029386373
0.043749038
-0.041460238
-0.00055991253
0.090547487
7.0259819e-05
-0.12742035
-0.023294177
0.02985533
-0.014845005
0.089517981
-0.25097921
0.010193668
-0.038154472
-0.04388744
-0.14634408
-0.060347173
-0.17186798
-0.025104398
0.083175525
0.041483995
-0.063933156
0.078516096
-0.024658628
0.005681843
0.0040562344
-0.11460786
0.016959263
-0.012778074
0.00020255879
-0.20860676
-0.054395936
0.13796723
-0.033520594
0.0042406335
-0.030059788
0.086691096
0.041880347
-0.1868246
-0.011777519
-0.017790513
-0.012695032
-0.019365123
0.041820493
-0.10058048
-0.011738013
0.067260541
0.00088445953
-0.023987154
-0.076343194
-0.062310606
-0.058975909
-0.029465536
-0.060143583
0.064062193
-0.024082704
-0.0037482756
4.2191001e-05
-0.0077101118
-0.15376095
-0.081474766
0.055706587
0.079286262
-0.094093733
-0.10161615
0.12348169
-0.030087059
-0.00041714794
-0.073460251
0.068135284
-0.041832756
0.039864831
0.10038726
-0.030641455
0.019731745
0.038834471
-0.03894889
-0.0056835045
-0.11219966
-0.042305961
-0.052677434
-0.082885519
-0.13264163
0.040071465
-0.19789436
-0.014243566
-0.080431581
-0.13293761
-0.094182767
0.054469686
-0.15146923
-0.038022935
0.10299532
-0.038181014
0.053267423
-0.13603047
-0.064446211
-0.01225953
-0.028863981
-0.0070952359
0.030936539
-0.013630789
0.012634511
-0.071346253
-0.0048789321
-0.024167167
0.010036021
-0.041156828
0.052511122
0.0042540883
-0.092604242
-0.0053756596
-0.04165183
-0.048630256
-0.049682368
-0.029907696
-0.023540271
-0.084160641
0.021722753
0.0037482483
-0.10754696
-0.027907139
-0.0050488664
0.022267111
0.047315385
-0.032033201
-0.11245282
0.034055024
0.0074306624
-0.057619438
0.033682887
-0.041830193
-0.045167889
-0.053677909
-0.080210805
-0.0028539444
0.03038781
0.041079119
-0.098419406
0.041898407
-0.0062787612
0.033285294
-0.022917209
-0.052114565
-0.024522217
0.017281558
0.050220173
-0.046766426
-0.072347112
-0.018894764
-0.070848778
-0.089338578
0.027551655
0.013427421
-0.049036216
0.026675921
0.018039646
0.064969815
-0.024226405
-0.066423506
0.01031681
0.058432501
0.058218256
-0.085153863
0.024665279
-0.052249406
-0.035758674
0.006572539
0.018083885
0.076311007
0.013376743
0.086185023
0.031466678
-0.033538319
0.0074653048
0.0007422918
-0.074551523
-0.079505078
-0.027481496
-0.055958305
0.081740819
-0.026520083
-0.013355043
-0.076176137
0.0089967856
-0.039533421
0.015663125
-0.063832082
-0.03557412
-0.10871741
0.026991397
0.063297421
0.1077739
0.0085547231
-0.18544771
-0.0084401937
0.018943671
0.020501439
0.0040038233
-0.10046556
-0.024112107
0.04060537
-0.060098704
0.040934186
0.042060051
-0.049208455
-0.082560211
0.015176394
-0.059426699
0.056119189
-0.053040486
0.0033006596
0.036715198
0.025749065
0.054264382
0.029503314
-0.040258188
-0.0094040409
-0.03834857
-0.1320406
0.018990571
-0.077596404
-0.04489392
-0.038236823
-0.02717291
-0.070279218
0.025370024
0.059618566
0.083298691
-0.053920582
-0.0035791793
-0.045904528
0.089478485
0.032955427
0.037430923
0.041510206
0.024984907
0.11255866
0.039050654
0.027816154
-0.030070836
0.017951988
0.069237009
-0.04736476
-0.099202983
-0.054566082
0.078043826
0.032347471
0.079523012
0.067293771
-0.0012007562
0.1478482
0.0096099619
-0.048925359
0.12626879
-0.023270905
0.10355478
0.055581193
0.072826959
-0.029415054
0.020940751
0.0081548914
-0.08386258
0.058795094
0.029352244
-0.015459634
0.0047959946
-0.092431501
0.097639725
0.061239876
0.050751612
-0.021306401
0.1357564
-0.097090103
0.082880087
0.044656571
0.070327528
0.073617481
-0.040822558
-0.072028704
-0.060505249
-0.0094186133
0.075789474
-0.059627321
0.063002445
-0.090089358
-0.031689916
0.069929801
-0.067812555
-0.071932755
0.080854118
0.19621482
0.0084086461
-0.097593129
-0.19362211
0.12277285
-0.042362835
0.046526354
-0.0066791605
0.047659755
0.10600793
0.021109911
-0.040013917
0.093827985
-0.034145262
-0.076885514
0.049786042
0.18460155
0.021258302
0.0062872265
-0.018896094
0.0586727
-0.00070643635
-0.045701489
-0.047162432
-0.046529744
-0.010538439
-0.004095145
-0.079144962
0.05496281
-0.008814997
-0.080798507
0.26910987
-0.089869432
-0.051550873
-0.031153878
-0.067956589
-0.043349843
0.077705637
-0.05414347
-0.13111615
-0.012690703
0.021481171
-0.015541742
0.088684402
-0.037671816
0.084942855
0.047857694
-0.019914037
0.049465444
-0.0023705021
0.077947579
-0.015171779
-0.015749266
0.040684067
-0.066134006
0.0044250637
0.0051293061
0.085438423
-0.07244873
-0.10847915
-0.009734869
-0.12542024
0.026970323
-0.11212499
-0.044239324
-0.070502177
0.13392147
0.065208271
-0.1442139
0.11375246
0.00803106
0.038436543
-0.10381383
-0.071542345
-0.074469544
0.0045144618
0.074724421
0.043903623
0.0089841047
-0.078641564
-0.051952112
-0.016216494
0.049014743
0.03040296
0.063199244
0.083151773
0.025912479
-0.11486882
0.0084066493
0.025713179
-0.13232328
0.0096838158
0.11639437
0.039940424
-0.039987855
-0.01877526
0.0568478
-0.06544552
0.073024444
0.020272315
-0.12013112
0.0050066905
0.11742312
0.04701129
0.014205907
0.010188404
-0.15873815
-0.040073197
-0.01305264
0.065805413
0.024717523
-0.0049435454
-0.011872274
-0.13458186
-0.044064909
0.087990619
-0.18444254
-0.087324984
-0.074870184
-0.11161995
0.035493545
-0.10044406
0.093648694
-0.0029123656
0.076972388
-0.058099203
0.038486529
0.041435294
-0.042129066
0.0017926611
-0.088528402
-0.012936989
-0.032168984
0.0012161687
0.029966967
0.0056017889
0.072643012
0.040714912
0.023512065
-0.073985033
0.061483309
-0.03755286
-0.16466422
-0.045246791
0.089834824
-0.0497781
-0.14016783
-0.034068692
-0.097955026
0.051467225
0.064308979
0.053081539
0.025854846
0.016941223
0.044652216
0.037355635
0.0084280213
-0.054651443
0.055742029
-0.058907386
0.12701792
-0.11785558
-0.19808917
0.032909017
0.10692538
0.098245732
0.041616112
0.028567094
-0.066736624
-0.0091773402
-0.042714294
-0.066846609
-0.1578062
0.050659541
-0.08786089
0.08257819
0.06201598
0.0069923317
0.018900588
0.076362163
0.035603929
-0.045618907
0.073388636
-0.09996105
-0.036198962
0.064046398
-0.01738449
-0.056691281
-0.022529289
0.072358117
-0.0088227959
0.15709947
0.10339393
-0.066088937
0.023168407
0.071262784
0.064170763
-0.004844218
-0.097760163