-0.035322934
0.0069641946
0.038441218
-0.14673728
-0.040239837
0.0098568304
0.044404361
-0.039409786
-0.12604216
-0.031881656
0.0086374544
0.060567096
0.044299562
-0.04289414
-0.046489455
0.035885435
0.14125602
0.026466981
0.004339789
0.060490754
0.044272523
-0.050467812
0.010422843
-0.030893758
0.035567828
0.0171874
0.011887029
0.011441334
-0.057740126
-0.01162011
0.069589138
-0.01562977
0.031683374
-0.010453138
-0.053456899
0.0044340892
0.024396161
0.02248162
0.088603429
0.027912067
0.046085514
-0.018763766
0.032275204
-0.049591865
-0.055880543
-0.014399726
-0.081145056
0.0086018015
0.02419043
0.069732487
-0.015725495
-0.05571878
0.0074492297
-0.042379946
-0.10819454
-0.031081129
0.032433901
0.032501932
-0.0048914831
0.044026639
-0.050978161
-0.078288242
-0.037021488
0.018551113
-0.010401691
-0.12439046
0.032957833
-0.013294074
0.020033048
0.030208601
-0.075077727
0.080216408
0.021892024
0.070100442
-0.054473247
-0.053208996
0.018682566
0.026922807
-0.027880413
-0.054327697
0.034306087
0.01514741
0.0052809566
0.052803155
-0.0069020959
-0.056102615
-0.072850026
0.032264471
0.059562165
0.10049296
-0.0072763227
-0.001263562
-0.086070694
0.075529113
-0.041620124
0.020320406
-0.072420336
0.04791075
-0.045298204
0.055098977
0.056429356
-0.039224338
-0.03449681
0.00043788154
0.030467266
0.0215986
0.013666806
0.022303229
0.032557618
-0.091412492
0.010440798
0.015690677
-0.040363956
0.063575648
0.094655119
-0.092113025
0.018755587
-0.11802968
0.005414451
-0.044010937
-0.047271479
-0.0073664221
0.010043052
-0.080772132
0.083396904
-0.01432623
-0.016001701
-0.038650069
0.085672311
-0.031204525
-0.02242583
-0.026112445
0.088430315
0.061849087
0.033534449
0.032712437
0.040378559
-0.13721286
-0.0075370953
0.029213035
0.029481264
-0.05910147
0.034055233
0.085280918
0.051770695
-0.02323712
-0.05850805
-0.045417912
-0.036208384
0.093253814
0.029679874
-0.0026059237
0.09610498
-0.02749043
0.049756572
0.010262777
-0.037209198
-0.078416549
-0.036701079
0.0022864507
0.0068714451
0.0049371901
0.056720294
-0.054349925
-0.071264684
-0.0050622392
0.078697398
-0.11759651
0.023177896
0.069077827
0.057817906
0.062677704
-0.024802275
-0.08266297
0.032026935
0.061452817
-0.062532023
-0.074143946
-0.0096699297
0.051072754
0.021451021
0.13129525
0.059706569
-0.091474332
-0.026425995
-0.025274137
-0.011123842
-0.036394373
-0.061259996
0.023395343
0.040214263
0.012601171
-0.008005498
0.027410766
0.0080545107
-0.036373992
0.04701345
0.0060472656
-0.053211242
-0.027452098
0.057215825
0.045290451
-0.0063809934
0.064229004
0.0041777147
0.13472812
-0.04665985
0.035823174
0.063063331
-0.040896662
0.011520319
-0.042513419
0.0080274045
0.045911919
-0.10726351
0.053135075
-0.03125466
0.057212926
-0.040459804
-0.003703515
0.0075059365
0.0086780693
-0.00033598719
0.01495008
-0.032485455
-0.00085174234
0.037628856
-0.055373982
-0.0015554226
-0.035277039
-0.029481569
-0.051874205
-0.0059288032
0.014369066
0.016289094
-0.025282932
0.022837372
-0.016039984
0.0039022716
0.085881703
-0.021044917
-0.046793267
-0.02592469
-0.076567188
-0.041211754
-0.039241273
0.032896291
-0.062436577
0.032828029
-0.0058475551
0.040957268
0.033578981
-0.024197757
0.097373411
0.035456777
-0.029832607
-0.064424507
-0.061240632
0.049434062
-0.048744362
-0.0069122072
0.012959914
0.075373344
0.073320307
-0.0013926617
0.037082769
0.02722491
0.045962933
-0.068985485
0.050804254
-0.089520641
-0.038166456
-0.066861838
0.03946206
0.013648994
0.10063593
0.039384421
-0.047131035
0.07363499
-0.022579946
-0.04128395
0.028671028
-0.065352246
0.059086729
0.076771982
-0.053784311
0.015797839
0.087265216
-0.041658733
0.0068014357
0.028493602
0.017033143
0.062173836
-0.019378023
0.020436026
0.0023492957
-0.021820329
0.052374277
-0.0013716979
-0.030654218
-0.023243181
0.010454157
0.00064757332
-0.054852914
0.10960124
-0.042485058
0.018956486
-0.066786475
0.0029543182
-0.050723743
0.012064873
0.043394487
-0.041889571
0.04120924
0.04190873
0.035530116
-0.017471535
0.016422855
-0.017452782
-0.044053778
0.044714518
0.0098457457
-0.015286804
-0.028995814
-0.019749638
0.019628648
0.0038087771
0.0081478637
-0.04731046
0.025432022
0.00105175
-0.015575747
0.084818415
-0.012986302
0.013432299
-0.063147493
-0.015551147
-0.089082599
-0.075979471
-0.030240865
0.066072971
-0.051310599
-0.0011634884
-0.058926955
0.015866039
0.020393968
0.046871021
0.0077628777
0.033650208
0.042925574
-0.041337691
0.055421524
-0.019597815
0.038268212
0.016651168
-0.0033217247
0.013816229
-0.057237297
-0.027885491
0.015521966
0.048917621
0.014104105
-0.003382653
0.011590559
-0.026403315
-0.029454345
-0.060114246
-0.070193693
0.0023789315
0.05873961
-0.055324338
0.049797792
-0.052248299
-0.027075006
0.012128699
-0.015089148
0.021027289
0.020109665
-0.035541806
0.00045680217
-0.0088288775
-0.072843097
-0.045951482
0.039247457
0.032317359
-0.041621447
0.028855305
-0.012279339
0.059755497
0.016474457
-0.027101995
0.085600831
-0.071979806
0.042914253
0.010899346
0.0016025554
0.0037290684
0.0036989585
-0.081296794
0.0091876099
0.055684477
-0.03010612
0.052871935
0.020252781
-0.044905026
-0.039559755
0.083660096
-0.037316147
0.0063429079
0.017940296
-0.049200147
0.016181204
0.026083454
0.031842757
-0.10980037
0.033160131
-0.021646444
0.051912732
-0.0042802459
-0.023462323
0.006888547
-0.037628718
-0.017772373
-0.011838209
-0.051422823
0.054336499
0.076189317
0.007303868
-0.11342826
-0.14782588
-0.11531762
-0.028210774
0.015077068
-0.090034544
-0.068938404
0.10233717
0.0083750365
-0.00028613568
-0.079597764
0.0416307
0.028839203
-0.053971667
0.052463472
0.028760305
-0.049356084
0.0407064
-0.087172925
-0.059167992
0.068180032
-0.065923877
0.032972682
0.016340492
-0.026224175
0.020146258
0.025074074
-0.0041262475
0.0070218886
0.0043513407
0.0501136
-0.019076036
0.024016865
-0.038860567
-0.011251107
-0.023243153
0.021908095
0.0057777283
-0.01196585
-0.016858149
0.08294113
0.0086968737
-0.089362375
0.03843059
0.062185965
0.0015924579
-0.033242267
-0.030054376
0.004805746
0.002307937
-0.038546484
0.053780269
0.020832147
0.073508695
0.043978073
-0.037388764
0.017740216
0.0046839742
-0.031312887
0.032854535
0.015927497
-0.023850169
0.081459187
-0.045209542
-0.00083452172
0.041207042
0.046019666
-0.032351814
-0.024170486
0.002523236
-0.007524197
-0.052249502
0.059459489
-0.069952004
0.096946552
0.017382158
-0.014826119
0.028107908
-0.028264886
0.011181566
0.061071783
-0.011441076
0.0049980418
0.032397132
0.024630418
-0.061668314
0.05521689
-0.0096544819
0.0082104048
0.054551553
0.057826459
0.017491246
-0.076849923
-0.0024031561
-0.010356165
0.0328408
-0.029541524
-0.0015234853
-0.073730364
0.041880533
0.037632067
-0.014672522
0.084300071
0.025766473
-0.026636479
-0.066578835
0.1087074
-0.033549357
0.015114604
0.051910639
-0.078865349
0.041226845
0.017412877
0.021178978
-0.059549317
-0.020018635
-0.0007262252
-0.017922193
0.021376776
0.014952993
-0.040106326
-0.024561564
0.055506174
0.0018687873
0.019798169
0.0035464994
-0.025848471
-0.0062714093
-0.035981178
0.051384117
-0.017851293
-0.086328834
-0.0045250612
0.023437046
-0.097735569
-0.011934982
0.056981523
0.058499131
-0.066699058
0.01389423
-0.0059354063
-0.0090638259
0.025240807
0.02922429
-0.058287289
0.014683591
-0.078783676
0.0082488433
-0.031312697
-0.034796417
0.033516005
0.00019065698
0.062227827
-0.024008356
-0.037780646
-0.018735688
-0.021230722
0.010211971
0.027825003
-0.048565879
0.061317969
-0.050377946
-0.042111997
-0.079055823
0.00070209318
-0.049277414
-0.06811323
0.023274455
-0.00018753784
0.0027080111
-0.013108404
-0.0038786083
-0.020185292
0.030585418
-0.044696487
-0.038725264
-0.012130451
0.043635964
0.030851377
0.093060397
0.0072062556
0.019980598
-0.026616141
-0.017061891
-0.027244115
-0.095464349
-0.10856406
-0.029222712
0.063444585
0.001059154
0.058439374
-0.054732844
-0.014253448
-0.073077008
0.062030289
-0.054677416
-0.070759937
0.052697945
0.0057471199
-0.04339461
0.066016234
-0.041995466
0.052817002
-0.063616566
0.02588629
-0.0085390219
-0.043159157
0.047642283
0.011214006
-0.025973894
-0.02012787
-0.011282343
-0.040676486
0.013986682
0.021252492
-0.092129685
0.0027718511
-0.0063931909
0.014053158
0.038121399
0.010498933
-0.0087550031
-0.031965546
-0.037949536
0.023181641
0.030687487
-0.068134844
-0.039062485
-0.032253321
-0.022922318
0.073154755
0.0039383853
-0.021582184
-0.019996446
-0.082476839
0.036470521
-0.0051261089
0.069524072
-0.053320155
0.020846864
0.046354875
0.041938573
-0.0015328594
0.042599302
-0.023504464
-0.0212184
0.021861956
-0.069288641
0.00077676866
0.025656817
0.0019876503
-0.0020624863
-0.010592067
0.033013888
-0.046783227
0.0057006278
0.038985811
-0.0048078378
0.056721404
0.0030674306
0.04528914
-0.0094989995
0.021705789
0.013898097
-0.038540941
-0.052066784
0.060051877
-0.046999555
-0.015667159
0.0035609652
-0.018462732
0.024218915
0.051515613
-0.0013208558
-0.039294533
-0.016062381
0.016626403
0.048494779
-0.045014538
0.067520082
-0.052233528
-0.035551634
0.050767582
0.047397476
-0.0033891103
0.023132218
0.020350924
-0.024617655
-0.08838436
0.053197164
0.0017099254
0.063685387
0.022357224
-0.11691849
-0.05011091
-0.071870267
-0.13365643
0.041596867
0.014278988
-0.025244506
-0.02604129
-0.0062381369
0.025481366
-0.03778588
-0.079152368
0.017218539
0.056553796
-0.011456303
0.04902561
-0.040961865
-0.0056495029
0.075728737
0.037437093
0.017827308
0.020234184
0.056433473
0.025286244
-0.021349024
-0.063353434
0.058763031
0.03338835
-0.034563433
-0.031643368
-0.0094886757
-0.0010081547
0.02161775
0.049567807
0.043239266
0.035017673
0.031877749
0.004135672
-0.014878997
0.039823525
-0.03548938
0.041843001
-0.041484714
-0.092631854
-0.046602525
-0.035978843
0.067169316
0.065862492
-0.074246332
0.010749889
0.010704209
0.052640796
0.025884287
-0.0039506718
0.0033867562
-0.011864576
0.008907361
-0.087874837
0.018246938
-0.044201858
0.037823044
-0.00602734
0.018205557
0.061242722
0.074468061
-0.020571392
0.056757797
-0.0032205624
-0.070105799
0.023537884
-0.026884636
-0.016717711
0.078649931
-0.058344696
0.010402068
0.063531719
0.035218883
0.054246429
-0.021722089
0.0017684872
-0.0050798687
0.040968936
-0.060941573
-0.063123472
0.035117283
-0.046462767
0.065383598
0.014954685
0.011837384
0.026026949
-0.019913722
0.0534226
-0.017551582
-0.020148929
-0.0022561725
0.013366746
0.039202206
-0.015246014
0.008424405
0.038237959
-0.033006839
-0.02261333
-0.022219578
-0.045008324
-0.010772836
0.014856005
0.0046119625
0.028280962
-0.01496112
0.0072345673
-0.01885359
0.0032544371
-0.017679976
0.040796705
0.024536345
0.098928563
-0.078658149
0.0019314121
0.043504983
-0.0047860085
-0.034240112
-0.020970421
0.0058065732
0.082133248
0.05927404
0.013795995
0.017951297
0.042486738
-0.049400639
-0.051631942
-0.0076020313
-0.0097234175
0.039345682
0.0096782343
-0.025709316
0.06291917
0.05407571
-0.016925769
-0.036518198
-0.0095153544
0.00012520446
-0.044363342
-0.0018091674
0.023152925
0.014344724
0.0031022008
0.013114508
-0.068261027
-0.020714056
-0.045607593
-0.027603637
-0.0021991148
-0.035053562
0.022850456
-0.060027562
-0.033318192
-0.059940115
0.0070476593
0.00026257423
-0.025840698
0.042225637
-0.022820488
0.050032079
0.029008761
0.024973573
0.089804798
-0.04753546
-0.0090386933
-0.016913529
-0.0092273718
0.072219774
0.016329128
0.031515483
-0.1115985
0.0077973185
-0.054257277
0.10419864
-0.014250651
-0.025354473
0.065261729
-0.068254136
-0.053763323
-0.043754831
-0.0028565046
-0.0034808214
-0.014740161
-0.065952539
0.010649231
-0.041465148
0.038581915
-0.081042811
-0.024438081
-0.042722911
0.0030561355
-0.054852251
-0.0085890777
0.046578061
-0.039851457
0.14519115
-0.0097808987
-0.032168623
0.043585222
-0.098846041
0.047306087
-0.042838391
-0.0372997
0.013064338
-0.072843224
0.05326429
-0.044838868
0.017894249
0.043835696
-0.088551603
-0.042862281
-0.079683572
0.051618446
0.015052531
-0.060523398
-0.040901225
-0.017956857
-0.054799214
0.079860777
-0.043536749
-0.031500753
-0.14679968
0.079250179
0.063684516
-0.030939551
-0.012789189
0.046868816
0.0028613438
0.034697291
0.019687736
-0.054916646
0.080751725
0.0055356864
0.006476894
0.045675606
-0.11799791
0.14885494
0.038764883
-0.10699297
-0.01996715
-0.079929546
0.021126073
0.029908225
-0.093698144
0.073968448
-0.14430158
0.068348326
0.033207361
-0.031403784
-0.06247554
-0.047490858
-0.033760976
0.13150586
0.098686017
0.044198155
-0.041756954
0.062403161
0.045385119
-0.095746264
-0.041779526
-0.099555127
0.058117934
-0.052244093
0.086123526
0.0084359478
0.0010610431
-0.059195545
0.019695722
0.13433272
0.033111442
0.080994256
-0.014818453
0.036519609
0.047813796
0.12004349
-0.013404504
0.039381299
-0.08371412
-0.052012026
0.031656176
0.13605802
0.063118145
0.023719355
0.03069362
-0.068592049
0.015737556
-0.020620294
-0.019911394
-0.067278646
-0.065905221
-5.4857032e-05
0.13571656
-0.019181281
0.032192599
0.067942277
-0.035108358
0.0025887485
-0.087062098
0.074315794
-0.065151401
0.049053155
0.048969701
-0.029615417
0.041026745
0.031502545
-0.027993632
-0.0402814
0.058764283
-0.019635921
0.0084111392
-0.037573457
-0.0064427638
0.01031585
0.0086934203
-0.0080215232
0.052741379
0.038709119
-0.084527321
0.06308271
-0.041428823
-0.056951582
-0.022979315
0.02809412
0.062117137
0.040192906
-0.016004549
-0.044181366
0.0094966413
-0.058610145
0.039567571
-0.059646845
0.0090144332
0.051246189
-0.033679005
-0.055480298
-0.030952167
0.0013074904
0.036931414
0.04857906
0.042605981
-0.0083649522
0.045565404
0.014356336
0.056541033
-0.035833687
-0.11592844
0.0079264361
0.080048218
-0.056473564
-0.0076106596
-0.058619611
0.0086258613
0.031966247
0.065098934
-0.062742025
-0.038530137
0.021021428
-0.019229865
-0.0049817585
-0.014942208
0.0075420565
0.0035923666
0.015123997
-0.027777605
0.026449192
0.018872207
-0.0075553227
0.054194484
0.022329982
0.046296231
0.028743867
0.06427002
0.043155484
-0.016907014
0.025250616
0.018901099
-0.007384229
-0.013414539
0.01219648
0.048197195
-0.021698503
-0.029938277
0.0082701892
0.011146308
-0.048622068
0.06876573
0.018064214
0.03163369
0.016821535
0.05665116
-0.094964176
-0.036498286
-0.040822476
0.010983315
0.016223755
-0.0072708181
0.014278498
-0.026615929
0.061013013
-0.037520736
0.077297427
0.016938617
-0.058632001
0.044861566
0.0034989417
0.062502749
0.083393991
0.019883599
0.00081653736
-0.035792556
0.042456329
0.0066995476
0.0018795433
-0.044787575
0.025745019
0.020321721
-0.031561118
-0.027711
-0.096787587
-0.028497472
0.029982686
0.034807127
-0.013369744
-0.0079866815
-0.022844108
0.050499439
0.080419153
-0.0079643978
-0.021729738
0.0094278762
-0.0046355198
-0.056193482
0.014519051
0.034742337
-0.0094714863
0.024798788
-0.04281107
-0.0040189386
-0.10817883
0.0071488749
0.032602675
0.020958258
0.026912006
0.041743681
-0.03349147
0.10523354
-0.13533038
-0.00084821606
-0.0049180975
-0.04889353
0.044131346
-0.025790658
0.0034069677
0.069428056
0.055159662
-0.091274604
0.064042218
-0.071407109
0.078371987
-0.038610682
-0.015562295
-0.033395205
0.060444295
-0.0065712058
-0.07398016
0.040485103
-0.046294037
0.080317162
-0.076704934
0.026754962
-0.048645545
-0.010806443
0.034229796
0.02861472
0.029161436
0.054315872
0.031055124
-0.022113465
0.00014104706
0.0084084785
0.014799728
-0.010302495
0.047075368
0.038654123
-0.0018241012
0.0012406745
0.04983709
-0.019275036
0.086972684
0.024926456
0.035087623
0.05040342
-0.014033129
0.040867835
0.017803757
0.05537077
0.04769282
-0.052776247
0.020895137
0.037437163
0.036310598
-0.049712095
-0.032898117
-0.0057573831
-0.099626653
0.01584949
0.031812392
0.028296132
0.027137151
0.059641637
0.057163786
0.03561167
0.013527304
-0.018192723
0.036981273
-0.008083229
-0.047814619
0.014750541
-0.012116219
-0.058112979
0.0099975569
-0.040807318
-0.073330171
0.016773142
0.018857663
-0.0052076452
-0.055577368
-0.0051403921
-0.12638099
-0.022058375
0.061372306
-0.093725681
-0.0044404459
0.016948227
-0.040533602
-0.0099235903
0.019520599
0.05456255
-0.039075933
0.059662506
0.042352524
-0.018653214
0.024520259
0.058193438
0.022217298
-0.012074731
0.068801917
-0.0450827
-0.012609597
0.0051287324
-0.022605237
-0.012697307
-0.037607029
0.057538737
-0.091287382
-0.028236585
0.061486471
0.047014099
0.024896361
0.022617217
0.033227459
-0.044806253
0.065666959
-0.023850771
0.061419297
-0.054976013
0.027626468
-0.03983691
-0.0022895371
-0.039267942
0.022378415
0.11547045
0.058185507
-0.01337802
-0.032210164
-0.046454541
0.063060343
0.058237404
-0.062810242
-0.031527404
0.059028767
-0.041083653
0.010881374
0.012768547
0.022051178
-0.069759324
0.097340859
0.011857159
0.024651228
-0.010939131
0.050061014
0.010876185
-0.015910255
0.055114418
0.076552212
-0.07597737
0.01648025
-0.012309223
-0.024554897
0.039291732
-0.030875318
-0.099896558
-0.0040028822
0.090527564
-0.045470402
-0.030126639
0.032540008
0.01177671
0.075019218
0.032742143
0.05489216
-0.13876167
-0.044527106
0.034735922
0.024003072
-0.072021499
-0.067325726
-0.010344495
0.077962771
0.040603764
-0.03422118
-0.030100964
-0.022015385
-0.050037622
0.056876618
0.027496476
0.012279211
0.058003634
0.054509152
0.024398847
0.013439343
0.069227338
-0.048556305
0.04329684
0.0509433
0.065511659
-0.0051288796
0.0028971445
-0.01057682
-0.010465757
-0.013977008
-0.069339469
-0.032706682
-0.055440441
0.044193827
-0.029340426
-0.027843226
0.048588753
-0.011394103
-0.0094929049
-0.021232657
-0.050050627
-0.041504685
-0.026588155
0.012590683
-0.01379433
0.00091122475
-0.03088735
0.022160504
-0.058294643
-0.046797831
0.07124503
-0.021967132
0.07868886
-0.0076681403
-0.09383028
0.0023762963
0.088794962
-0.016654994
-0.02190467
0.069388896
0.019121535
-0.062925875
-0.034601443
-0.030740555
0.040888682
-0.011116508
-0.0052106762
0.095185362
-0.0038598359
0.068921618
0.049838901
0.04730567
-0.049473122
-0.010556702
-0.022413723
0.028494721
-0.00055427355
-0.031919342
-0.0068266769
0.018092507
0.0011327008
0.045225542
0.082799956
0.018469522
-0.040845506
-0.070490219
0.036918946
0.0045278743
-0.04005703
0.010761782
0.013383702
0.036329653
-0.008712261
0.00068559533
-0.021334758
-0.038189761
0.053099886
0.033944208
0.078503549
-0.0013786193
-0.0024494031
0.0078183422
0.018599056
-0.038767833
-0.028512254
-0.060853481
0.092756152
-0.03968481
-0.043253306
-0.085270077
-0.073376991
-0.02568531
-0.037775077
-0.053272411
0.035285499
0.069177695
0.027185474
0.033855356
-0.061077535
0.081219926
-0.02240511
0.042691574
-0.067742988
-0.02884293
0.059058692
-0.03310651
0.024118135
0.027122954
0.030970121
-0.068169005
0.015112695
0.065495573
0.045720041
0.053929605
0.094154909
0.026376713
-0.017052613
0.032542683
0.016404878
-0.059915103
-0.044171441
-0.022039792
0.087070316
0.072783403
-0.039267283
0.00016939628
-0.065380931
-0.011698052
0.05972223
-0.017940843
-0.078254856
-0.011707844
0.01477462
0.014990867
-0.058722254
0.012287851
-0.0029895287
0.037821833
0.0037374517
0.006095659
0.0096429642
-0.03966485
0.034425966
0.028189309
-0.011337903
0.042301536
-0.062232368
-0.021275401
-0.032894336
0.054778226
-0.027616765
0.039313301
-0.017636059
0.019601539
0.066779882
0.067921788
0.028882623
-0.071972936
0.015092056
-0.041206945
0.08048822
0.027176403
0.087504916
-0.0083582895
0.01491194
0.011762127
0.019552525
0.040563822
-0.025954101
-0.015757127
-0.0078973332
-0.050198659
0.035395261
0.04543766
0.017936014
0.026734345
-0.0062939683
0.047501493
0.013992633
0.052779514
0.0034353761
0.020750755
-0.017388701
-0.059239112
0.033500556
-0.037917964
-0.062003542
-0.014402498
-0.043312941
0.0054722927
0.0021450957
-0.018283414
-0.072379865
0.062569611
0.064939328
0.067580543
-0.01665129
-0.0091978451
-0.081308521
-0.025575193
-0.047195636
-0.025683353
0.080596484
0.036792856
-0.024574781
-0.017504344
-0.016288824
0.062903419
-0.0021138662
0.032639068
-0.034431554
0.026504785
-0.046670575
0.055046007
0.0034815939
0.013306383
0.024123237
0.032904014
0.020482773
-0.0062623955
0.03513512
0.0813803
-0.008451785
-0.050113257
0.014172131
-0.12491447
-0.0088857645
0.058420535
-0.010910176
-0.0066547627
0.00018976265
0.023835624
-0.041367367
-0.024465866
0.059111189
0.027482715
-0.069230735
-0.027324816
-0.030555641
-0.055543143
-0.038451098
-0.059422132
-0.016789123
0.052491289
0.017728817
-0.04663182
0.0013687304
0.016237471
-0.035767846
-0.050729875
0.022585388
-0.038648225
0.0069617964
0.0071174153
-0.0068105208
0.097254954
0.045303412
0.049680784
0.0028271929
0.044130944
0.004906978
-0.058697648
0.042900007
0.051833842
0.024251441
0.010429992
-0.049354043
0.0748524
0.011166252
0.033548348
-0.017262887
-0.04284722
-0.026142614
-0.0089681083
0.063019007
0.05802894
0.011369822
-0.057027671
-0.0056657242
0.022809744
-0.082343452
0.083312511
0.032668818
-0.13714403
0.020442775
0.027634621
0.0085082864
0.01437341
-0.038786978
-0.13451937
-0.00013333904
-0.0016143762
0.022749038
-0.13249919
0.0090784002
-0.20050199
0.0300224
-0.035989575
-0.03750734
0.025651138
0.0053617372
0.064003371
0.05809718
0.04943762
0.060411531
-0.03480741
-0.0051635145
-0.0071875104
-0.0035883328
-0.052697744
0.095129289
-0.064028494
-0.0022793573
0.048046395
-0.083453007
0.028286794
0.038660895
0.027192472
-0.038054951
0.024478592
-0.029364908
-0.021958077
-0.075472027
-0.036116105
-0.057955913
-0.092401855
-0.053864598
0.061458994
-0.020823509
0.021222962
0.049714386
-0.016861878
0.025493229
-0.057294574
0.012853699
-0.077505291
0.074943528
0.037951954
-0.054863121
0.049645565
0.032119568
0.056990206
-0.023065124
-0.037476782
0.056249194
-0.013914199
0.035766434
0.0012899586
0.016143583
-0.01154601
-0.024335673
-0.12052727
-0.035618436
0.028925346
0.040670656
0.013136432
0.075443432
0.0069889249
0.019439511
0.038397852
0.027096553
-0.082002439
-0.07352978
0.054533184
-0.051182218
-0.13459121
0.0066514513
-0.033392962
0.0057114442
0.075483322
-0.033019092
0.085727058
-0.056264002
0.064178467
0.057743769
0.014243547
0.025259523
-0.05258438
-0.13127658
-0.029590368
0.038480412
0.036151245
0.038835749
0.0010871888
-0.002132698
-0.10815458
0.087144203
0.018976938
0.071801528
0.0097240619
0.044501778
-0.0085042743
0.033517979
-0.074798517
-0.03994146
-0.0036159272
0.013272434
0.028076587
0.06951765
-0.022724174
-0.0055361409
-0.045427114
-0.010875802
0.0082315896
-0.024129167
0.068897493
-0.00036849739
0.0026166213
0.026436346
-0.029155964
0.070408322
0.07511498
0.048429713
-0.0097179869
-0.021275179
-0.068920933
0.040215749
0.022713475
-0.038948238
-0.05848521
0.054422356
-0.014845897
0.045568567
0.069284342
0.054165456
-0.097875096
0.034565158
-0.018766822
0.023536323
-0.019316547
-0.032100815
0.013492889
-0.071211591
-0.080290727
-0.041702386
0.055528384
-0.024535527
0.018172793
0.0059586959
-0.037062049
0.025148246
-0.039656118
0.0083041964
0.050321523
0.024208168
0.017385056
-0.043565594
0.035067249
-0.069991618
-0.024378501
-0.037810002
-0.023447745
-0.025809247
-0.06286443
-0.015965797
-0.04185304
-0.037483022
0.021236943
0.072963201
-0.019826654
-0.11448694
-0.0064225281
-0.077660076
-0.018994296
0.055778995
0.01404741
-0.10916294
0.076280735
0.031533498
-0.0047144629
-0.067139931
0.017414555
0.024289658
-0.043822005
-0.0013332329
0.016811557
-0.0011545075
0.014777889
0.031198546
0.0012960595
0.049920484
0.020014875
-0.011153422
-0.005722391
0.021346677
-0.028407443
-0.037173394
0.049434215
-0.075398251
-0.052129094
-0.036225416
0.068973504
0.0071405405
-0.0090758
0.0065983525
0.029585091
-0.056517351
0.024867542
0.0091326768
0.07257048
-0.019446209
0.01349303
-0.034874164
-0.036336426
-0.07270129
-0.0703151
-0.0070243096
0.010210181
-0.03348637
-0.026213201
0.012721082
0.063544631
0.022964377
0.018676043
0.076373637
0.054833364
-0.05102599
-0.018316913
-0.0066507873
-0.0049293572
-0.017547648
0.0025580814
-0.077555612
0.011450906
-0.024438838
0.078774631
0.053334933
-0.035203382
0.06471213
0.033073898
-0.0012093913
-0.027096404
-0.024662942
-0.015483054
0.010478491
0.020522201
-0.01093589
-0.014264267
-0.017981853
-0.053427916
0.0088482779
0.031416051
-0.02173057
-0.075291798
-0.046425708
-0.0018894476
0.011830957
-0.042235389
0.061195713
-0.077739872
0.019571403
-0.093703024
0.060101315
-0.12384779
0.012367951
0.042874277
0.044282384
0.016376918
-0.013743515
0.0045849471
-0.011055516
0.00011169833
-0.064658269
-0.026729444
-0.050235685
0.020628422
0.00013100887
-0.040198434
0.017104931
-0.04484158
0.011732494
-0.037725404
-0.0035874271
-0.010006203
0.070412874
-0.087552778
-0.041181345
0.070031121
0.062894315
-0.033621285
-0.01468775
0.07414788
-0.050396271
0.050377417
0.0086933058
-0.044962835
0.01227653
0.054415796
0.067890987
-0.078429215
0.069560759
-0.042417705
0.036151476
0.003509697
-0.03248629
-0.032890249
-0.0091249635
-0.086162828
0.047628161
-0.022264542
-0.071111307
0.027375661
0.0046664956
-0.067696713
-0.079008423
0.049772281
0.047048751
0.0081791198
0.011616044
-0.026470494
-0.0074360739
0.079803541
-0.0083171735
0.0012741268
-0.050170697
-0.012043438
-0.04080876
-0.0098960996
-0.00056825555
-0.019254532
0.045323111
0.015461034
-0.001779285
-0.05979963
-0.0053912578
0.070815071
-0.0095712515
0.013321409
-0.029008783
0.0094702654
0.015169376
-0.017926371
0.0057818773
0.034087095
0.029505467
0.047944348
-0.076320276
0.0041262633
-0.026457913
0.055108912
-0.038966242
-0.06406191
-0.051895972
5.3336491e-05
0.030324532
0.012468525
0.02723396
0.023345158
-0.058312811
-0.040666591
0.039130308
0.022839531
0.06420362
-0.060045462
-0.0038955978
0.018816527
-0.047810752
0.038910758
0.014118028
0.017430317
0.06154263
0.022722047
0.025591686
0.061331153
0.011213744
0.066925474
0.015901208
6.7763242e-05
0.020424286
0.049252134
-0.058636956
-0.00048487051
-0.068946227
0.053608947
0.024308924
-0.0053173332
0.0052261762
0.0045444532
-0.0051298267
0.015840055
0.014055601
0.010448322
-0.037295155
-0.036423802
0.054097243
0.048369713
0.020584166
-0.031330697
0.027552772
-0.084268868
-0.035057619
0.055854496
0.037425682
0.031599361
0.0078912163
-0.058006208
-0.0039079729
0.013025651
-0.025880292
0.0061871582
0.026595358
-0.013000093
-0.035187848
0.0083486717
-0.029834788
-0.012490211
0.0044703959
0.0077275657
-0.012861634
0.015459514
-0.041946106
-0.030633131
-0.019379176
-0.018369749
0.0080637159
-0.042794675
0.055677403
-0.013429526
-0.049868055
-0.01201491
-0.013503782
-0.011824088
0.030909503
0.026685841
-0.0073233559
0.017697414
-0.019899718
-0.027934158
-0.028243532
-0.028989047
0.025997248
0.019392813
-0.0051599024
0.05654249
-0.012336821
-0.029718636
0.049579449
0.023034584
-0.033098269
0.081247903
-0.0051018675
-0.034504715
-0.009523618
0.021539271
0.014726646
-0.0024126177
0.026905799
0.021039683
-0.023233173
0.048914276
0.042958472
-0.0035932222
-0.041618224
0.060705084
0.06820441
-0.024254428
-0.012161273
-0.026451748
0.080143631
-0.00041262608
0.0030015616
-0.026382787
0.070412166
-0.023106148
0.026443884
0.026062017
0.022062734
-0.0022271224
0.06281063
0.027182793
0.0092334719
0.058200318
0.025564691
0.014587482
0.025189439
-0.043196887
0.0086525613
-0.024847139
0.013050425
-0.039084863
0.0017625252
0.036448494
-0.020598872
-0.016495859
0.034596968
-0.026458418
0.022599805
0.016394269
-0.042919975
0.030253381
-0.00826398
0.012716847
-0.022761839
0.008792487
0.034862664
-0.023671623
-0.0052586212
-0.024583802
-0.028103683
-0.03349987
0.039998028
-0.023205826
-0.026140574
-0.020107016
0.061776776
-0.031587102
0.0085043097
-0.0069979457
0.0075510335
-0.054494217
0.019670315
-0.061023071
0.04045938
0.003448681
0.049568757
0.066298738
-0.048543036
-0.036742687
0.038255822
0.033673931
0.029973887
0.015609269
0.0062122177
-0.075900219
0.083004683
0.051240291
-0.018905247
-0.020943984
0.0081430683
0.0047931643
-0.035433367
0.0039689522
-0.028768288
0.041611031
-0.0073935669
0.04462653
-0.053289756
-0.039664108
0.019660328
-0.080357142
-0.11823127
-0.093819045
0.012624198
-0.016292414
0.024147395
0.0022885122
0.033481397
-0.0091043068
-0.016524483
0.033668548
-0.014121189
-0.0016954502
0.025804618
-0.026557142
0.0744927
0.0019300204
-0.02740033
-0.044099204
-0.031476714
-0.062806077
-0.036478985
0.03197439
0.022048762
-0.025453661
0.067407586
-0.062616609
0.020478096
0.092271611
0.03536161
-0.015717996
-0.11175656
0.0059891189
-0.033584148
-0.011471606
0.069737047
0.011931402
0.0021092442
0.0077069746
-0.0024922942
-0.027809855
-0.042982701
-0.003610655
0.023627998
-0.035540599
-0.027628291
0.027081449
-0.019800935
-0.01657946
0.021710435
-0.0053379475
-0.037279036
0.062780119
-0.094595455
0.0036259852
-0.041067228
0.10081072
0.037977271
-0.063228518
0.03564674
0.025656987
-0.0093268249
0.10114785
0.013622806
0.060118441
-0.01337495
0.0098297875
0.00049156602
-0.024003247
0.086403303
-0.033647195
0.007242091
-0.02927806
0.038764905
0.030910242
-0.073129125
0.017871024
0.065966532
-0.031404302
-0.026306082
0.018254489
-0.053846475
0.0036500781
0.0358213
0.0011476798
0.045273159
-0.037787464
-0.10231011
-0.0097144283
-0.068886876
-0.022288088
0.077233955
-0.039854974
0.00050635228
-0.10120253
-0.010906762
-0.05523961
-0.026592933
0.0055186609
0.016835723
-0.023627132
0.028529413
-0.014768125
0.054538328
-0.033654086
0.037349667
-0.033518471
0.036147136
0.025763033
0.020526318
-0.019820478
0.030307367
-0.037663907
0.015983772
-1.1130175e-05
-0.032175954
-0.018774554
0.018288279
-0.027126668
0.085270055
-0.019997589
-0.013174408
0.020004084
0.064724013
0.0077329595
-0.062948406
-0.023656135
-0.068054877
0.068327874
-0.015793264
0.02760312
0.01242657
0.019330442
0.00022523251
-0.040767994
0.026992649
0.030681621
-0.020800192
0.007655906
-0.047603287
-0.0089920703
0.067609534
-0.021057403
0.043253798
-0.010709746
0.073633656
0.072595417
-0.061149877
-0.011474982
0.0046752156
-0.031616837
0.019885547
-0.01116555
0.015202076
0.01498143
0.013123509
-0.0055639641
0.00053820974
0.037470102
0.0051647206
0.022864636
-0.0094525544
0.00097717182
-0.033411123
0.094696827
0.042842716
0.022065936
0.013086745
-0.1304753
0.075505644
0.036730815
-0.044883419
0.042019192
-0.054656386
0.041286267
0.011297448
-0.040795837
-0.052854721
-0.042500544
0.03034558
-0.039721116
-0.0058543473
-0.046859436
0.011990721
-0.0065952609
-0.11947544
-0.011940519
-0.034818519
0.038477138
-0.009802931
0.042042233
0.017026223
0.01725016
-0.031181751
-0.050444182
0.011087503
-0.014874678
0.015061204
0.027576907
-0.035765409
-0.024577241
0.061602328
0.025649907
-0.0027542419
-0.016186507
-0.018957715
0.13398962
-0.053080726
0.019674456
0.019824777
-0.020554552
0.050887737
0.059924766
0.043803848
0.013912825
-0.0076901857
-0.028358011
0.066546924
0.1132637
0.024765065
0.046644997
0.022662027
-0.028864946
-0.0013860451
-0.055765823
0.035846714
-0.026974723
-0.042872041
-0.042448357
0.021515794
0.061397281
-0.00461028
0.092067249
-0.081449158
-0.024168536
-0.0026877702
0.026563384
-0.00617642
-0.059446149
0.028683357
-0.041985948
-0.023706421
-0.048989046
0.10028898
0.025956003
-0.025832269
-0.021910483
0.1437563
0.016237274
-0.030027227
0.012929637
0.020380417
0.044035662
0.0038865975
0.0049892007
0.056016248
0.0003231226
0.041732859
-0.0063800728
-0.053486153
-0.0098510804
0.018055927
-0.014032354
0.033529665
0.055061184
0.0070336042
0.054631233
0.0055363271
-0.029662527
-0.0080619743
-0.041902818
-0.011939801
-0.049450215
-0.10035067
-0.071625605
0.0050088735
-0.031656269
0.012609967
-0.028032411
0.021565579
0.011555749
0.070078135
0.015773112
0.055580866
0.059148993
-0.007209043
0.0029990203
-0.013198
-0.048295658
-0.023454936
0.012426619
0.0045371945
-0.047409799
0.014467004
-0.070625082
0.050304532
-0.00019903443
0.066602983
0.066601656
0.053207628
0.0082476251
-0.025611278
-0.05417924
0.051996261
-0.0037782281
-0.020053061
-0.032533776
-0.019401269
0.018726323
-0.031251211
0.0071493816
0.035021599
-0.055152979
-0.048985366
-0.099819101
-0.14256458
-0.057129748
0.021959845
0.03416685
-0.002844359
0.026037307
0.06622269
-0.08914379
-0.038327172
0.032337833
-0.0291833
-0.00012913812
0.052914061
0.057859913
-0.065271735
0.011531764
0.024503939
-0.05732809
0.054062124
-0.016401302
-0.011486207
-0.0035510317
0.063888133
-0.12955467
0.0016584545
-0.023516038
0.050970186
-0.0072866688
0.033559855
-0.015663812
0.0094130626
-0.028722215
-0.030140372
-0.031094853
-0.04929119
0.011866288
0.015483313
0.072498627
-0.065840684
-0.0076528196
-0.028133662
0.047357138
0.012822188
0.029149011
0.030951122
-0.0047155833
0.040163476
-0.03666703
0.041802738
-0.023887325
0.028068714
0.094261259
0.030826675
-0.029648919
0.036442671
-0.0044094119
0.033887103
0.010481193
0.065815553
-0.13247244
0.023775712
-0.021037733
0.036564816
0.019956853
0.0051877317
-0.017173253
0.042146776
0.069947787
-0.065263219
0.11211953
-0.013387439
-0.080409192
-0.017314978
0.037457965
0.015919024
-0.0474618
0.022060638
0.0019679687
-0.028113715
-0.039973736
0.03485563
-0.11631759
0.042210039
0.067643024
0.018441314
-0.030144339
-0.006698315
0.077197269
-0.04666372
-0.0037804821
0.056172717
-0.0092164483
0.029198343
0.015943227
0.060408734
-0.079305358
-0.0045766504
-0.026412159
0.0093349041
-0.028890509
0.045990508
-0.09667217
0.075637832
0.011996805
0.0032911447
-0.12515511
-0.0019889446
0.063212276
0.0079546003
-0.071826242
0.05899414
-0.043927982
-0.042220216
-0.05312169
-0.071328029
0.04390404
0.019959457
0.013882797
0.037630077
-0.022742998
0.0094661098
0.021805927
-0.020614881
-0.012243141
-0.0026587287
0.10900775
-0.012611129
0.044136796
-0.095538981
0.032159884
-0.054493193
-0.001650259
-0.068413921
-0.10961223
-0.077353016
0.03818782
0.045855056
0.088742204
0.01747133
0.0011166043
0.018026948
-0.072673135
-0.063488774
0.0056935865
0.074287683
0.020285066
-0.025804032
0.071039654
0.052954178
0.012369304
0.02508346
0.030344244
-0.046331611
-0.037869573
-0.033395387
0.076977059
-0.029625896
0.085455708
-0.06111943
-0.031269029
0.016644247
0.079512313
-0.059113268
-0.10137212
-0.016608946
0.031488184
0.001842608
0.095548585
-0.090932913
-0.027400756
-0.029506799
0.0089350799
0.029128563
-0.035832934
-0.031203723
-0.040618487
-0.049428102
0.055826817
0.01618395
-0.0060700858
0.052003305
0.051423952
-0.066043876
0.041985221
-0.011160509
-0.016163103
0.0012358173
-0.043066908
0.11344417
-0.051710226
-0.032077271
0.04131319
-0.020249374
0.10969988
-0.066294551
0.049570836
-0.002906377
0.028865835
0.054168187
0.001520619
-0.10786774
0.10925877
0.033857618
-0.046041176
0.01278062
0.030612646
0.012685865
0.09385886
-0.036267865
-0.0081605455
0.094872482
0.014241548
0.071808085
0.041809097
0.0041662301
0.0070927031
-0.052101746
0.0096358713
0.074958615
-0.06203296
0.0075075263
-0.095864981
0.017487405
-0.032626584
0.018796027
-0.071980044
0.047923017
0.0050806385
0.03178256
-0.088922329
0.036172304
-0.014312145
0.017045841
-0.10576002
0.082775533
0.15042026
-0.023371713
0.041168116
0.097957484
0.10765376
0.014178979
-0.17390192
-0.038118236
0.061481241
-0.11756388
0.067595765
-0.028196618
-0.008584776
0.10578281
0.029974014
-0.00038619438
-0.023656955
0.027501805
-0.033608362
-0.065897912
-0.025052382
-0.050351277
-0.075483084
-0.015648654
0.02018379
0.10106504
-0.019867875
0.056601197
0.037628412
0.0060918373
-0.027564796
-0.041950926
0.025542343
0.091010816
-0.016849991
-0.023349456
0.0025589084
0.008592301
0.027571924
0.024341222
0.093377531
0.041464813
0.055614866
0.00098518888
0.02306097
-0.035381101
0.079572059
0.06938003
-0.070575297
-0.02802966
0.01899606
-0.076115981
0.22449428
0.18047836
-0.025307519
-0.036223467
-0.049824275
0.083294936
0.0086012771
0.0033886351
0.036141086
0.020036889
0.026102966
0.014310988
0.0006089065
0.0140398
-0.013455765
-0.016879003
0.10880771
-0.026719915
0.0079781692
0.13679065
0.07240054
-0.0091137718
-0.011064505
0.061534576
-0.0016515052
-0.0079703014
-0.025819315
-0.019689996
0.016172031
0.0060339826
0.017213624
0.0024311992
0.019654481
0.0074675935
0.053993464
-0.01219702
-0.021506425
-0.020130591
0.085680179
-0.011344251
0.01738476
0.045298841
-0.049434341
-0.031365346
-0.039170302
0.0081252279
-0.0081208777
0.094914593
-0.04429283
-0.010263817
0.03509625
0.023166088
0.043800384
-0.027549917
-0.027065048
0.010430749
0.10828049
0.0085592465
0.080007054
0.042169504
0.037671957
0.029805567
-0.0042715506
0.034458909
-0.010642528
-0.039097633
-0.054009125
-0.0041760253
-0.045286115
0.0059438515
0.044219695
-0.0012857275
-0.03294364
0.019766714
-0.023233591
-0.00611099
-0.070565514
0.022474516
-0.035816513
-0.054721314
-0.035507642
-0.089807853
0.019034684
-0.022715833
0.046162222
-0.021026308
0.045814633
0.10539248
-0.046841256
0.0020219646
-0.0016682
0.037760623
0.0011380485
0.018471973
0.034399837
-0.0062985807
-0.045094769
-0.0078797564
-0.0040879082
0.042830769
-0.0047294018
0.075897574
-0.0017725469
0.03868445
-0.044436309
0.023017399
0.0018266658
0.0055663497
0.037631594
0.01941346
-0.075693786
-0.039238743
-0.052204195
0.028835718
0.041401427
0.021788064
-0.048496239
-0.050582208
0.037880085
-0.017392978
0.026691658
0.063790612
-0.013285276
0.053938419
-0.002267194
0.071912222
0.002011586
-0.032528639
-0.063505858
-0.0013641956
-0.014684148
0.00021277151
-0.033016566
-0.023044555
-0.027061017
-0.019642396
0.021702416
0.045934141
-0.030653017
0.074886106
-0.016428059
0.051408604
0.063339241
-0.017319404
-0.0099559827
-0.018988198
0.045433592
0.0070206425
0.047489084
0.019892683
0.0086789895
0.01331424
-0.026824625
0.012614755
-0.035032723
0.10011823
-0.085079685
0.044477146
-0.023389408
0.045046091
0.051010277
0.0076156845
-0.053699337
0.019207299
0.087105058
-0.018352702
0.0026728981
0.012153843
-0.018143829
-0.0084579829
0.0459208
0.02631323
0.048061568
0.086645573
0.00056901173
-0.021444999
0.02471162
0.026776303
-0.11105242
0.026233995
-0.046651062
0.052807044
0.022440346
0.03803302
0.061256297
-0.056958281
-0.021392597
0.017458536
0.020645553
-0.02109829
-0.037571225
-0.027772911
0.01303036
0.021257034
0.0086849025
-0.037728116
0.07144168
-0.019886019
-0.030288503
0.066408552
0.051976528
-0.024528388
0.012098012
0.052463803
0.095156081
-0.035800781
-0.045678105
0.012793063
-0.023130706
0.042136993
-0.11011936
0.00011362249
3.6033587e-05
0.020587262
-0.0021597992
0.015642861
-0.0099924402
-0.053582281
0.096732788
-0.029464088
-0.027888913
0.0099280868
0.053529114
-0.0049624541
0.064297199
-0.055371191
-0.0056300787
-0.073241994
0.005749621
-0.032567807
-0.028795056
0.014590181
0.08237572
0.01297425
-0.027796842
0.013348605
-0.035403736
-0.032299798
-0.031319842
-0.029470682
0.037292343
0.030280065
0.01364871
0.022247834
0.0022373691
0.084452778
0.044226281
-0.026858989
-0.0014381638
0.00062702823
0.039686065
-0.044616349
0.051406059
-0.046846423
0.077572457
-0.038972665
0.014480141
-0.045390498
0.018196236
-0.074499428
-0.014700457
0.044216674
-0.0084788986
-0.026823698
0.020364691
-0.092136614
-0.012352716
-0.037313532
0.03165273
0.0097698588
-0.00117682
0.032036085
-0.00080912787
-0.022991231
-0.034492653
0.027914522
0.02030341
-0.0016373827
-0.019993637
0.049352527
-0.083651431
-0.043607496
-0.072807603
-5.9220391e-05
-0.017562237
0.10347118
0.084606983
-0.0074640759
-0.016426707
0.12886946
0.058837432
-0.10786311
-0.011356719
0.0045678085
-0.046902947
-0.00071460631
0.043352578
-0.0032067157
-0.011105197
-0.0056648487
-0.061986472
-0.038757324
0.017316446
0.055520378
0.013170312
-0.047083762
-0.02902502
-0.013465344
-0.11891399
0.076470084
-0.0086907204
-0.060227562
-0.01975367
-0.12538594
-0.033949342
0.0042052669
0.024886081
0.059576429
-0.047132652
0.047864266
0.0062205181
0.00063356932
0.022045126
0.0057971445
0.028172651
-0.030818658
-0.034534793
0.053726017
0.0013020562
-0.022695657
-0.02401492
-0.0093253069
0.052849535
-0.027336115
-0.085102923
0.048228312
0.047857244
0.047160879
0.01034155
-0.019609906
-0.10107493
0.018693758
-0.065115988
-0.019096602
-0.019065524
0.075248361
0.13372415
-0.025673337
0.038441829
-0.0068264268
-0.0013066235
-0.047664911
0.01509541
-0.14110917
0.020371445
0.033345141
-0.052449945
0.056230869
0.06227668
0.041471649
0.023255676
0.033827014
0.058476038
0.042172924
-0.043104153
-0.041722536
0.006003798
0.040838566
0.0035845311
-0.0043411069
-0.039071813
0.019161522
-0.082458988
0.038546208
0.12113773
-0.047303747
-0.049725719
0.0078736367
0.049150888
0.028927417
0.033654314
-0.016824825
0.035717182
0.040511653
-0.011292669
0.092547409
-0.037482142
-0.05792575
0.056953181
0.071701564
0.018697167
0.0087145362
0.046217903
-0.069627136
0.0061041792
0.019859007
0.0099588847
-0.012352243
-0.055179704
0.0037649656
-0.0040137097
0.004835871
0.061826747
-0.00437005
0.016810792
-0.076010339
-0.025177488
0.038067441
-0.020456249
-0.011382117
-0.01745227
0.042515472
0.022661185
0.024589879
-0.064193621
-0.0099364156
-0.0011662118
0.026483698
-0.034976441
-0.021348218
0.025827682
0.001941657
0.012898419
-0.017175399
-0.05671633
0.018126359
0.0095617082
-0.0048091668
0.010101516
0.079704225
0.016212329
-0.018028814
0.076337092
-0.054289997
0.012247712
-0.022437744
-0.026198687
0.037019838
0.004065244
-0.056357205
-0.13367967
-0.028321456
-0.03332179
-0.089746401
0.043548275
0.05435444
0.00076167
0.05989233
0.014330007
-0.026507659
0.040058229
-0.019464668
-0.027274214
-0.029865135
-0.0052387347
-0.00028930022
-0.0069861342
0.053180434
0.0085221976
0.013549556
-0.038402088
0.048375368
0.030437525
0.056052115
-0.0070692827
0.10410646
-0.044087492
0.0083903056
-0.010324267
0.055691227
-0.039281063
0.05839118
0.041221708
-0.044411257
0.024208294
-0.061385516
-0.044809017
-0.042912163
-0.0073582665
0.09608084
-0.018078767
-0.049085222
-0.077249855
0.024759658
-5.2662737e-05
-0.0020135064
0.0010019321
-0.025177225
-0.044649109
-0.0077602342
-0.02136202
-0.0064587616
-0.027432578
-0.070192792
0.042361602
0.017890288
0.041798692
-0.062919945
0.04407873
0.03133747
-0.067016147
-0.025793901
0.025942879
-0.023464374
-0.0698364
-0.053646673
-0.015313266
0.069593504
-0.033432867
-0.036981091
0.012504486
0.028119542
0.030684672
0.071286798
-0.031177506
-0.020470804
-0.036341302
0.028655121
0.00034266603
-0.052077103
0.063088365
-0.06197165
0.0626029
0.036667548
0.021458788
0.0034513376
-0.041638888
0.058226556
-0.024049073
-0.017285477
-0.10625014
0.037313741
0.04920562
-0.055504292
0.0044405013
-0.036880627
0.055244427
0.0089467196
0.071921147
0.02801282
-0.068657123
-0.028455418
0.050205141
0.10372884
-0.085037634
-0.056868516
-0.088532001
0.088858753
0.0022344566
0.031632058
0.022022475
-0.013278053
0.0068306411
-0.018561862
0.035056416
-0.12834828
0.07617411
0.088076815
-0.089103788
0.073927276
0.019851848
0.04068464
-0.011228075
0.021746203
0.008196651
0.034999222
0.058569863
0.006067872
-0.076497674
0.0060845618
-0.013694398
-0.054952197
-0.0098935533
0.051529706
0.09497612
-0.0086206878
-0.037138782
-0.10572497
-0.028228536
-0.0486557
-0.0018860504
-0.036700513
0.0075314846
0.036827624
0.066428393
0.040239893
-0.0047390494
0.011577746
-0.006741066
0.0058557265
0.044123046
-0.025266325
-0.054240394
0.0084175095
-0.018970978
-0.018364472
0.04345208
-0.013038188
-0.047728024
-0.07749182
0.015279294
-0.082671925
0.025323421
-0.06101663
-0.03941315
0.010196934
0.051129527
0.10142409
0.020888455
-0.00013578308
-0.0081851231
-0.040187147
0.0771273
-0.074212
-0.08488553
-0.042215694
0.035563957
-0.02306439
-0.11128626
-0.0084890313
-0.019302927
0.022429762
0.0061835852
0.024675041
0.04160206
-0.02444928
0.016713435
0.040901873
0.038011581
-0.018259315
0.033113394
-0.10006924
-0.017821025
-0.025893008
-0.10256399
0.012071589
-0.041257672
-0.061032586
-0.015184861
-0.066716224
-0.014641429
-0.051775645
-0.0062702941
0.033108357
-0.11710929
0.014496724
-0.022959858
0.032209311
0.0074237515
-0.068646155
0.049052034
0.0033338913
-0.022905858
-0.048585109
0.024966754
-0.0017200196
0.027346082
-0.025344374
-0.025359415
0.022518378
-0.036428031
-0.010068879
0.063357949
-0.044183053
0.02935162
0.019824257
-0.057751291
-0.0031508305
0.0011563991
-0.031989157
-0.064803384
0.13164392
0.064704485
-0.022429204
0.012836656
-0.011198349
0.087189473
0.04448805
0.026360571
0.0077346563
-0.070042953
-0.086889677
0.10273459
-0.017179655
0.04367185
0.073169105
0.010288698
-0.02373812
-0.009958148
0.11535983
-0.071527362
-0.11317948
-0.0011699309
0.029420011
-0.0028270548
-0.04070719
-0.093266353
-0.01565947
-0.038749442
-0.025303433
0.051529001
-0.023923755
0.011034655
-0.031299539
0.0094440216
0.046473607
-0.024106532
-0.01135367
-0.022933861
0.032623515
-0.1354188
0.031522781
0.1036736
-0.002795605
-0.041979913
-0.016069043
-0.0043255691
-0.027030608
-0.0049628871
0.0084527386
-0.059795357
-0.024065869
-0.057105001
-0.02995529
0.019072814
-0.039037596
-0.0056436714
-0.0059640948
0.064140417
-0.049372349
-0.026815012
-0.021439539
0.021388337
-0.0068369694
0.028584303
-0.016341338
0.028498864
0.0056475047
-0.036742114
-0.089472711
0.0028546406
-0.0032374025
-0.014211915
-0.00016464484
0.053298827
0.05752714
0.012523741
0.031981822
0.028397495
-0.070898697
-0.072507188
-0.067393996
0.026834937
0.041197665
0.03993335
0.040741846
-0.060223758
0.055561971
0.032292876
0.014399125
0.037967853
-0.075817712
-0.052364014
-0.0022668794
0.0065634842
-0.065602861
0.046220981
-0.065143965
-0.038903426
-0.014885414
0.026882313
-0.0056363237
-0.050109442
0.0092059467
0.041271489
0.034317937
0.074823648
-0.011264907
0.046068996
-0.091971718
0.0043668654
0.033858214
-0.04924763
0.06997896
-0.077639706
0.030970901
-0.016978445
0.064386897
-0.042877257
0.037535232
0.034034483
-0.12569045
-0.013770949
0.09019012
0.055695619
-0.025112111
-0.10622453
-0.050327007
0.043606516
-0.055240523
-0.025705745
0.013101291
-0.059362598
0.024229676
-0.045103833
0.086114503
-0.066862531
0.029487386
-0.005884171
-0.084698968
-0.02710689
0.011839353
0.069782034
0.023770941
-0.020693779
-0.0036384747
0.026570143
-0.010783213
0.040023714
0.017220054
-0.005034674
-0.00099425414
-0.050231993
-0.008941751
0.051538564
0.054735214
0.017725252
0.056680709
0.016856659
-0.020197341
-0.014328071
0.0066343853
0.054357026
0.026622765
0.066421397
-0.0078859329
0.10020094
0.003702146
0.080105513
0.03981699
-0.023384834
-0.10662068
0.062830098
0.010571931
-0.041820783
0.0099763637
0.079466134
0.0095433304
0.076692283
-0.019821936
0.071644023
-0.0013766979
-0.018761246
0.048150122
0.0029245005
-0.038613044
-0.00011888524
0.076052971
0.036473572
0.030208226
-0.073888622
0.003384534
-0.075051174
0.035681866
0.01951832
0.0364949
0.017581562
0.02910102
0.059843551
-0.014141756
0.11396134
0.02400394
0.038965881
0.026849322
0.027348286
-0.06151193
0.031874143
-0.027797375
0.049821448
0.038690966
-0.055660956
-0.067190669
0.0067435447
-0.041947987
0.075232789
-0.098952748
-0.10588678
0.099204801
-0.038773682
-0.028187267
0.070784904
0.022676663
-0.066669449
0.037911747
-0.10117795
0.082993522
0.11568217
-0.074176915
-0.017149493
0.044107903
0.045290601
0.053972248
0.045700263
0.058519267
-0.081119023
-0.015377189
0.039647821
-0.017305298
-0.024783645
-0.053245738
0.0058414298
-0.1081379
-0.064985305
0.0015756792
-0.06266129
0.07583496
-0.020088444
-0.0085694231
-0.036114007
-0.011855291
0.049740177
0.017100548
0.046398107
-0.011950279
0.018192818
-0.059447866
0.057110623
-0.081755057
0.03172956
0.0036994151
0.0039929477
0.045110535
-0.052576736
-0.0077559017
0.014983096
-0.11251124
0.016474657
0.072829545
-0.021319889
0.055867225
0.0040141568
-0.030997129
0.00043246086
0.033778645
-0.016086776
-0.052482732
0.065321133
0.0089890081
0.04094895
-0.049577195
-0.024935735
-0.025085546
-0.034135364
0.097076938
0.037448701
0.022906097
0.051197521
0.03038555
-0.039537068
0.042759169
0.038935494
0.00054301642
-0.00018794124
0.07843288
-0.0031702763
0.016155554
0.056143127
-0.023241825
-0.0073795849
-0.038102321
0.039391208
-0.073497415
-0.07514032
0.0054837666
0.050316118
-0.05629991
0.020430451
-0.045330636
0.035065711
0.031344589
-0.016458929
0.024831435
-0.025383746
0.0229466
0.0061240178
-0.057541993
-0.073262446
0.021650711
-0.015621297
0.0082166763
0.015978763
-0.019946571
0.00010534969
0.070833407
0.024612084
0.052857604
0.0054264111
-0.046458349
0.0064892354
-0.028976986
0.013129363
-0.0061942115
0.030316668
-0.056083329
0.030265041
0.051158752
-0.042494953
0.012452592
-0.0088353651
-0.015261277
0.064571463
-0.015958071
0.026897032
0.014527513
-0.0055176141
0.051615465
-0.0046908851
-0.015883114
0.050599098
-0.04749712
0.0031044856
-0.032820031
-0.094545528
0.0060072751
-0.039085966
-0.051527217
0.0049099578
0.057787824
-0.0065291398
0.011048268
8.5315114e-05
0.026996445
-0.031443957
0.051008433
-0.029567275
-0.055384196
-0.029841295
0.034455076
0.076684996
-0.037209902
0.041234761
0.03121553
0.012644357
0.0072886301
-0.10115466
0.085179448
-0.049911115
-0.049901724
0.034696594
-0.03041951
-0.006033795
0.055106755
-0.019930681
-0.010055851
0.028224109
0.019286342
0.11067533
-0.045060895
-0.0359542
0.02361498
-0.014381142
0.04340202
0.029780699
-0.013750846
-0.048682448
0.037437316
-0.030286197
0.078203499
0.06558118
0.044388309
-0.035869926
0.032251552
-0.035774387
0.078610763
-0.023391567
0.061654519
-0.0057838168
-0.018612448
0.028078357
-0.083148673
-0.015882198
0.027230401
-0.012618749
-0.0072985552
0.013754576
0.034201942
-0.03985139
-0.014135308
-0.017159831
0.062313754
0.027786184
0.061990388
-0.0076539619
0.013545799
0.028151853
0.040933825
0.014368964
-0.041550048
0.037758633
0.027247842
-0.038512278
-0.035585359
-0.073474474
-0.054637399
0.022214044
-0.0040517286
-0.061046541
0.020903945
-0.027931498
0.078404516
-0.037190158
0.043862589
0.049116082
-0.065623909
-0.0014985539
0.010650654
-0.0418915
-0.014852054
0.007425928
-0.0693729
-0.094952635
0.039199095
-0.011057853
0.056749422
0.028422484
-0.049683634
-0.039465141
-0.010920515
-0.076318666
0.035723083
0.033416223
0.013934758
0.01166197
-0.016612425
0.00088022993
-0.050297972
-0.0092812181
0.028365463
0.058024995
-0.0078725424
-0.0062432671
-0.051077873
0.0023805262
0.025296137
-0.0098135313
-0.028962916
0.047980383
0.043656129
-0.049820676
-0.11598154
-0.037646387
0.027621131
0.015325856
-0.13577692
0.03264555
0.043450054
-0.0039924048
-0.00059858768
0.0013106968
0.057480555
-0.0056254482
0.0044556074
-0.025501888
-0.013821783
-0.021496756
-0.0057961028
0.022956118
-0.017554199
-0.088126287
0.029806767
-0.025272908
0.0076710256
-0.0063413791
-0.073655099
-0.044882167
0.036621861
0.053604379
0.050673556
-0.022190874
-0.026115388
-0.054976981
-0.025656627
-0.089963391
-0.096679941
-0.0039668721
0.0052570174
0.057860069
0.053806655
-0.013529812
0.079608001
-0.063771881
-0.0033054336
-0.072358198
-0.034446485
0.028943161
0.0098593123
0.049802132
0.013837142
-0.024730237
-0.0085831825
0.045209348
-0.042763591
0.072872654
-0.0042654513
-0.05733921
-0.017054567
0.025165195
-0.060093842
-0.091816366
0.021617813
-0.062288154
-0.01471363
-0.037053715
-0.048452895
-0.056129631
0.0052093631
0.041919913
0.021404052
0.089644909
-0.0031624918
0.0059419172
0.0048101177
-0.025720723
-0.0062567214
-0.065886229
-0.048765562
-0.027016949
0.029590495
-0.044768639
0.01381868
0.030458931
-0.048178345
0.020781202
0.047030572
0.034270734
-0.020669818
-0.08116331
0.076522954
0.012845113
-0.0075001623
0.050273191
-0.094862662
-0.015232246
-0.018544715
-0.018951481
0.043329127
-0.013779619
-0.058749489
-0.012833542
0.052931532
0.035089307
0.02321301
-0.047607768
0.0020146454
-0.061831128
0.032206342
0.007910599
-0.013399691
0.050000008
-0.01824131
-0.04754037
-0.051159922
0.056173954
-0.052027497
0.010747204
-0.072266497
-0.01811165
0.063995332
-0.012359308
-0.01490919
0.018805565
0.0061781132
-0.086626612
-0.058717918
-0.017438825
0.023565752
0.002824147
-0.034476236
-0.014747961
0.010043604
-0.032344729
-0.03252304
-0.0043713674
-0.039359532
0.0042241742
0.033597544
-0.023521706
-0.016022328
0.031236153
-0.0065767234
0.024925256
-0.0016054343
0.037556171
0.04095947
-0.077740401
0.01768901
-0.018785236
0.068163186
-0.054167423
0.0048814779
-0.04415765
0.059921429
-0.055598777
0.046168197
-0.016870242
-0.047191557
0.049432624
0.048810206
-0.015466331
-0.033334218
-0.0021506243
-0.035498101
0.028535699
-0.04535231
-0.027925324
-0.0089181345
-0.014958976
-0.0021709886
0.068023972
-0.021541789
-0.035761602
0.055999625
-0.070190981
0.11201349
0.00017256725
-0.018580738
0.0073608956
0.036949322
-0.0090471106
-0.011102479
0.015131435
0.049049128
0.035949666
-0.036404677
-0.014966488
0.052081332
-0.015049002
0.079439193
-0.044599961
0.010226008
-0.0083393045
0.014859127
-0.0022917469
0.0035032744
0.02501622
0.015578065
0.05545073
0.13199097
0.045002781
0.055093952
0.015854785
-0.00052198116
-0.054672975
0.0027291991
0.05608109
-0.067363836
-0.069644421
0.0011971158
-0.028682087
-0.062527366
0.052874479
0.0025682966
0.0064240894
-0.014495656
0.040472429
0.05769283
0.022869248
0.07189849
-0.04404312
-0.030802552
-0.051729806
0.062130451
0.066702478
-0.0030038483
0.022927448
-0.097164646
-0.13314475
0.0084514329
0.07247597
0.031117249
0.0010655593
-0.067852393
-0.033042263
-0.086114876
-0.087553322
-0.012099302
0.05007961
0.070894793
0.0091369748
0.019476792
0.0029866549
0.0577638
-0.065097831
-0.021589512
0.053217676
-0.070241064
-0.014719421
-0.081205927
0.048594698
0.029745316
0.0074542398
0.067757867
-0.00064959103
-0.0061086584
-0.0034406276
-0.0071691298
-0.012985232
0.0041303155
-0.005910459
-0.010930154
0.049524836
0.015701804
0.023972234
-0.055297926
0.02942921
0.0059772595
0.022222329
0.030365702
-0.081239872
0.0010712708
-0.032456804
0.0078092045
0.049397565
-0.016571742
-0.049721196
0.026545636
0.023773851
-0.00084966299
-0.013209765
0.032673139
-0.039945424
0.034002189
-0.045828737
0.01175377
-0.033521842
0.017763793
-0.00099825615
0.022506798
0.026147621
-0.037759475
0.029733215
0.046357378
0.042898085
-0.0007280701
-0.032391325
-0.033876054
0.0083519891
0.017702105
-0.027683361
0.038169764
-0.028911075
-0.006620931
-0.075583182
0.022863328
-0.052239083
0.044389606
0.035598442
0.0053773546
0.021625321
-0.0095750755
-0.026153278
0.022334557
-0.048391148
-0.039704222
0.046062838
-0.029034404
-0.056683671
-0.013969501
0.016180813
0.009743684
0.048791002
0.027950982
-0.010046849
0.0014323478
0.013531936
-0.020785181
0.038125481
0.017990576
-0.0031016925
-0.021898773
-0.022775268
-0.035882652
-0.018616671
-0.024521012
-0.040528126
-0.017530873
-0.042370055
0.033184711
-0.032430731
0.012288773
0.054586228
0.0098980973
0.0073993085
0.034209732
-0.0020725378
0.031287197
-0.034663074
0.07880757
0.06038449
-0.04647686
-0.025732195
-0.012024809
0.00082990929
-0.039322224
-0.040934168
-0.039918058
-0.02570056
-0.00054622313
-0.026127947
-0.023760306
0.048411895
0.021577399
-0.094177224
-0.021139005
0.0013530159
0.006961944
0.0073419251
-0.0093041603
0.056085832
-0.023528045
-0.015932577
-0.026945019
-0.017453119
0.047000866
-0.017104866
-0.056832209
0.0041976823
0.044086345
-0.012775965
0.076436326
0.0027028143
-0.0036555096
0.069850996
0.018394202
0.022920534
0.062121686
0.074550398
0.068428338
0.0047992193
-0.046214122
-0.017280666
0.030723659
0.036542527
-0.068680532
-0.0019246087
0.02206308
-0.031808395
0.03570107
0.02829452
0.01568087
0.0074750055
-0.03789999
0.0042167185
-0.029390134
0.015745835
0.01323073
0.044443477
0.0051842062
-0.13845611
0.09955287
0.027686147
-0.012756962
-0.01933953
0.0031283891
0.050031908
-0.086651415
-0.067592405
-0.027933871
0.018173262
-0.023050584
0.07804209
-0.0065699993
0.070269927
-0.0067337356
0.025626594
-0.13928738
-0.086679794
0.015661096
-0.025779786
0.013664078
0.022456037
-0.015541478
-0.0094574969
0.0065688784
-0.055277858
-0.022171721
0.046546284
-0.056093194
0.017267264
-0.013102093
-0.0099665392
-0.047204625
0.058540519
-0.0012925117
0.023609735
-0.00473662
0.08772593
0.0028895596
-0.068898372
0.058568977
-0.059990566
0.019606693
0.058432683
-0.015101586
-0.005479591
0.027233914
0.0013378242
-0.062720358
-0.057845797
0.060256969
0.0032657124
-0.069298655
0.033246838
0.0040580141
-0.037879139
-0.038855448
0.018031023
-0.023665352
0.043397635
0.024236746
-0.016194051
0.057414629
0.032151494
0.061523557
-0.01627947
-0.089009292
-0.047287822
0.0026974846
0.028467055
0.0096509997
0.091445439
-0.021872243
-0.010209526
0.046172738
0.012999522
0.041423436
0.0081109665
-0.0047271545
-0.028058749
0.01380937
0.015299801
0.061853629
0.0062970924
0.037496854
-0.0050677606
-0.040867444
-0.054329403
-0.069523938
-0.054766037
0.040466066
0.059077039
-0.005017776
-0.031585783
-0.049702097
0.023770267
-0.06243195
0.0096750297
0.070136189
-0.080809705
0.027020024
0.0024711653
0.0030285367
-0.0032249198
-0.08753664
-0.10288134
-0.028497091
0.052789621
0.0046300315
-0.14517544
-0.019727651
-0.099719167
0.010187998
0.021986982
0.013690775
-0.019086916
0.078508869
0.0066613848
0.049936928
0.018946491
0.072933801
-0.057716813
0.060859807
0.047222421
0.029656377
-0.019666726
-0.056512892
-0.052254818
0.037425544
-0.036614157
0.010309381
-0.0086821346
0.010624353
0.026941594
0.020644173
-0.041074164
0.022406973
0.066234641
0.053319365
-0.012284001
-0.04198892
-0.030743297
0.004178266
-0.023303876
-0.0030816211
-0.070831947
0.023834154
0.015470337
-0.015514248
0.0030878424
0.088033184
-0.0069101322
0.056091655
0.037775468
-0.062316645
-0.0013806389
0.056289747
-0.085998774
-0.010240612
0.036907636
0.0038288191
-0.095308453
-0.02283741
-0.10420524
-0.037022792
-0.016832709
0.045441203
-0.059422404
0.018134341
-0.020266419
0.061585527
0.069974914
-0.022465855
0.021413695
-0.046940479
-0.020264138
-0.02810991
-0.067401513
-0.060803942
0.0071346569
0.031092223
0.012820428
0.0073842322
0.022792798
0.025128147
0.089708388
0.072068095
0.022620747
0.018621569
-0.001090939
0.0078526819
-0.066243798
-0.010140656
-0.037267841
-0.071118712
0.061879274
-0.074996568
0.0032348966
0.0030467878
0.081968777
0.0079075173
-0.010674079
-0.018333923
0.011284875
-0.0036575485
0.0066162958
0.0025059951
-0.15028311
-0.0031001826
0.0045074467
0.029836513
-0.044191442
-0.029887153
0.043920726
-0.046890538
0.019374402
-0.0077159372
0.017925262
-0.036408376
-0.0047848271
0.046898142
-0.038868334
0.012245354
0.03876048
0.056193411
-0.067440577
0.038077243
-0.026854105
0.071829297
0.018966211
-0.07728868
-0.00083400245
0.017039092
0.024312751
0.048213165
-0.047399193
-0.038109191
-0.058396291
-0.017181469
-0.033529546
-0.011445163
0.024371224
0.022291582
0.050538771
0.092494726
-0.0046523656
-0.032607347
-0.017856361
0.054788463
-0.067510016
-0.047890596
-0.017139923
0.038338657
-0.02091755
-0.049896855
-0.046736598
0.0053579784
-0.060521573
0.039742753
0.0042518154
-0.020273183
-0.063132279
-0.030975932
0.057269257
-0.076896235
-0.094063334
0.066993631
-0.075907551
-0.0080780117
-0.013479299
0.026183177
-0.020462174
-0.0092553794
0.027401142
-0.045373175
0.097118951
-0.16974251
-0.0022671937
0.051263768
-0.055505287
0.022610275
-0.026795655
0.030650519
-0.020158464
0.050534293
0.040320277
-0.08004237
0.061654497
0.029699966
0.023872269
-0.009122394
0.0036671364
0.026180586
0.038852006
0.027192203
-0.02287139
0.035088819
-0.077285334
0.047972482
-0.0053265844
-0.11031307
0.03137378
-0.020418104
-0.045242809
-0.077389486
-0.0085515287
-0.089285836
-0.023509206
0.1062835
0.010833416
-0.04104137
0.049642708
0.04874615
0.0080001634
-0.054797053
0.024167117
-0.030475711
0.016704213
-0.016916921
-0.062832922
-0.067213632
-0.13222905
-0.0017843443
-0.014261799
-0.064872481
-0.0563468
-0.0049653337
0.04222222
-0.022816289
0.12451439
-0.024013376
-0.038153
-0.074300572
-0.038674019
-0.021334363
-0.063334659
-0.0033569597
0.086301565
-0.039080255
0.041738421
-0.058077265
0.082160689
0.039293151
0.0631909
0.014041089
0.03826664
-0.015111677
-0.029930815
0.078595653
-0.020443106
0.012832154
-0.0061246292
-0.012846597
-0.021909496
-0.052334476
-0.061829194
0.03487774
0.023401672
0.018633617
0.01779639
-0.078518711
-0.045899026
-0.026339451
-0.0096049681
-0.048459914
-0.014414989
0.025364365
-0.10460418
0.041512217
-0.041321862
0.082060218
0.098327994
0.0025568113
-0.031103343
0.011936317
0.021478338
0.0017526869
-0.0041704634
-0.024086216
-0.026238212
0.061237983
-0.034246132
-0.040039655
0.047332548
0.0053152628
-0.07674554
0.016956512
-0.0072927107
-0.048335668
0.020001888
0.064392567
0.066434696
0.024298796
-0.11759581
0.043773595
-0.0052357554
-0.03072897
-0.00083877449
-0.019424608
0.027257629
0.050876267
0.040488202
0.0013253156
0.064658426
-0.071177721
-0.086820871
-0.062289018
0.013950005
0.05517998
-0.0051857191
0.00045242044
-0.020915236
-0.055726301
-0.023983194
-0.0020537416
-0.017003676
0.0018964316
-0.018985508
-0.062650546
0.034502205
0.018893097
-0.05364722
-0.019918658
0.052051965
0.0068032951
0.061461028
-0.059324265
-0.034123823
-0.025823705
-0.01032406
-0.024461171
-0.011180839
0.038985953
-0.047577891
-0.042314205
-0.036702711
-0.00049913849
-0.044035703
0.045406818
0.012982835
0.011000729
0.052538298
-0.021718524
0.078729175
0.034051701
-0.098691531
-0.11038237
-0.031139664
0.03696949
0.013897357
0.055996764
0.018460317
0.012192341
0.033811525
0.034296338
-0.078182004
-0.073535152
0.080334663
-0.073281989
0.0088954968
0.027805332
-0.015397301
0.096295103
0.013322022
0.076654717
0.041513938
-0.090778507
-0.059192289
0.024441576
0.023592021
0.0055382769
0.019816875
0.084708348
0.040345378
-0.0084497733
0.010839994
-0.012056325
0.010130904
0.0022063393
0.0189282
-0.019185359
0.00084493408
0.016609533
-0.0044394806
0.014472579
-0.010319005
0.042155612
0.010650443
-0.017692445
-0.0085272985
0.089974195
-0.011581605
-0.018476205
-0.04173642
0.036875553
0.030318622
0.0043524383
0.0024961766
-0.020948751
0.053993821
0.075933397
0.06430354
0.0096584726
-0.012585901
-0.03973344
0.030150799
0.013314342
-0.032317355
-0.058718324
-0.021404361
0.020022146
0.081983715
0.020673105
0.055875465
-0.010976065
0.018933134
0.059298649
0.0034561683
-0.045395602
0.023219371
-0.036187086
-0.0076173786
0.075871639
-0.0091318795
-0.052211843
-0.041796409
0.023096787
0.067278437
0.049929846
0.0048409747
0.0069678039
0.0067724669
0.059578538
-0.083057925
0.027925527
0.0033612505
0.080938891
0.0095750345
-0.074564666
0.097810529
0.032211766
0.059054323
-0.062116988
0.020287685
0.073447526
0.059993066
0.042119373
-0.040001962
0.0456619
-0.035723977
-0.016521482
-0.12017429
-0.0034170374
-0.038497284
0.057736531
0.035411291
0.0064806333
0.060140755
0.092217512
0.16921608
-0.019899156
-0.080233574
-0.077895522
0.0087352293
-0.0071410644
-0.020509643
0.017292133
-0.014350635
0.010304035
0.041498028
-0.057310704
0.084348455
-0.020855943
0.084805459
0.003569646
-0.034137383
0.027890181
-0.019532273
-0.16060042
-0.057805743
0.029276116
-0.032916531
0.040428456
0.10994185
-0.095331877
-0.055485509
0.070740931
0.032203592
0.033373863
0.005453404
0.0033771533
-0.054799814
0.020028904
-0.033196006
-0.063934326
0.017969463
-0.0022788101
0.052598413
0.033560332
0.0082390271
-0.024116129
-0.060260024
-0.055663191
0.042017978
-0.033192653
0.058618668
-0.043641556
0.007072099
0.11685713
0.02392737
-0.012078395
0.028639162
0.0041221622
-0.032802336
-0.057519246
-0.13201919
0.00088051608
-0.021220822
-0.017462226
-0.072294138
0.010386746
-0.050890211
0.086970553
0.0029644566
0.077928439
-0.026818879
0.053936128
-0.019665448
0.088206857
-0.003287561
-0.00094687747
-0.015130945
0.017166119
-0.077214077
-0.038092595
-0.023638273
0.11344049
0.004447049
-0.018253993
0.059067257
0.029456917
-0.051807676
0.045766931
0.055143114
0.029325999
0.020533029
-0.049219273
0.042322036
0.032078151
-0.059206296
0.040095262
-0.012614362
0.051047359
0.039729733
-0.037419971
0.051541436
0.027756315
-0.0060749445
-0.023659477
-0.062002648
-0.013045265
-0.02188783
-0.13198775
0.0056198719
-0.0054006577
0.025504125
-0.025329672
-0.040190689
0.014694232
0.047328714
-0.045787629
-0.036873616
0.084042668
0.086251795
0.071429253
0.097128704
-0.0040937015
-0.021466527
-0.044081714
0.00761323
0.047775287
-0.019461226
-0.050683524
-0.026296875
0.023474732
-0.039131489
0.040176488
-0.024226051
-0.035119273
-0.00082841428
0.011017091
-0.053399492
-0.012125239
-0.046608645
0.029590396
0.051729873
-0.085619956
-0.060422245
-0.073921502
0.025399532
0.0018361445
-0.051611964
-0.074497081
0.015445914
0.039166097
-0.003441846
0.027261598
-0.0082510784
0.016640972
0.05093104
-0.030648883
0.024540942
0.058798213
0.026824476
0.078945331
-0.0099890325
-0.011442466
0.016563805
0.016276008
0.035813641
0.034656979
-0.0091366917
-0.02141951
0.014433689
0.047953594
0.047002465
0.048780397
-0.03529847
-0.010152723
-0.044220798
0.044145953
-0.00029925824
-0.014705188
-0.048168227
-0.015755652
-0.023431266
-0.023921628
0.054299336
0.00088078348
-0.092770442
-0.11830537
0.022076046
0.046029564
0.076779015
0.0025356517
0.020899309
-0.035937056
0.00020751142
0.045195095
-0.055412125
0.039094623
0.0038668769
0.014507101
-0.018285029
-0.096753627
-0.091974497
-0.092487156
-0.0093340753
-0.019719375
0.077842772
0.023047373
-0.025727859
0.031974941
-0.0041895905
-0.047072489
0.066689231
0.022083433
0.002662925
-0.037487883
-0.071106292
-0.001517638
-0.020289939
0.022349061
-0.077738889
0.10433341
0.033123907
-0.015035087
0.0072667575
-0.0017956352
0.0030125468
-0.028254531
0.034176014
-0.0085913837
0.028301897
0.0034268911
0.058410428
-0.095707513
0.019423034
-0.047466468
-0.070900843
0.035937343
-0.028035894
0.014662766
0.051929038
0.047127936
-0.047738262
0.014995448
-0.0057864948
0.074337982
-0.062029544
0.02148087
-0.01068445
-0.0050403555
-0.052325163
0.025854945
0.0095363082
0.043197278
-0.014528013
0.049464129
-0.027621845
-0.0062986412
-0.12587287
-0.064235263
0.050740913
-0.013516259
-0.068307929
0.031868234
0.033924393
-0.035132207
0.031096336
0.03273854
0.040825758
0.063779876
-0.051310766
0.019426707
0.027863974
-0.021750778
-0.043301556
0.0012947436
0.0019735175
-0.087365225
-0.01848772
-0.021444943
0.06552659
0.065370277
-0.022218512
0.021867858
-0.026105298
-0.0015308632
0.02648795
-0.040548593
0.010748864
-0.098734125
-0.050453767
-0.055126246
-0.0021501228
0.018527923
0.0039754398
0.037258785
0.0088482816
0.010825785
0.035470709
-0.0013743415
0.064983629
0.0044207303
0.0035384577
0.0047516096
0.039267283
-0.01760759
0.0021149428
0.035718944
0.016810771
0.037766635
0.058722153
-0.031505819
-0.016989043
0.013961761
-0.040214948
0.0016723797
9.8166733e-05
-0.019895405
0.010334206
-0.051795892
0.094639979
0.049903583
-0.01623838
-0.047110211
-0.0020827129
0.048061665
0.015685998
-0.0057261484
0.024730889
-0.044214025
0.034115046
0.055725954
0.028526679
0.0064482056
0.00095783768
-0.027816718
0.10347173
-0.0043733558
0.018072678
0.053303394
0.011897105
-0.033773247
0.00026112233
0.045511272
0.027750773
-0.024208544
0.017329516
-0.031233303
-0.015939077
-0.044779446
-0.04269585
0.11406925
0.062476628
-0.054242391
0.020766662
0.0040556248
-0.015161022
-0.026619481
0.044031799
0.010869489
-0.07787326
-0.03793345
0.0039776745
-0.051644091
0.024657806
0.030581232
0.025774358
-0.044585921
-0.061534435
0.065738983
-0.015358078
-0.057345431
0.073975608
-0.024861533
-0.028688207
0.051339168
0.028059421
0.067837559
-0.0089417184
0.05839951
0.020490136
0.023638867
0.0010309182
-0.024023566
-0.094358824
0.091121115
0.035251368
0.010464701
-0.02903113
0.058908667
0.0031018376
-0.00044206652
0.036693301
0.011766639
-0.043210804
0.0028704626
0.034707971
-0.066309229
0.04082438
-0.057592433
-0.090291411
-0.041031893
-0.095968574
0.044666424
0.01172586
-0.059167795
0.079199299
-0.026688002
0.014379007
-0.072727352
-0.036513723
-0.007087728
0.0032818585
0.012474177
0.033163987
-0.0045221839
0.018667402
0.065902837
-0.016652513
-0.034395158
-0.0037221592
0.037016749
-0.081253812
0.043988667
0.041244078
-0.01130906
0.022575276
0.015647523
0.0066028759
0.031357646
-0.019600257
-0.1054446
-0.006949909
0.01467055
0.085629806
0.057238638
-0.042828832
0.031099541
-0.025607344
-0.0015760115
-0.025292538
-0.044630419
-0.10308668
0.017366219
0.070673771
-0.043208499
0.07406003
-0.13041298
-0.085891172
0.0027721866
0.053258829
-0.048847396
-0.087534562
0.018092357
-0.0060327603
0.009340968
0.066197671
0.0032746661
-0.011592033
-0.035313841
0.00033980442
0.074765734
-0.081343956
0.022803832
-0.070594713
0.042887487
0.031535864
0.0082096644
-0.0010749773
0.0061490489
-0.062749721
-0.069789
0.016471637
0.011836944
0.008665042
0.040633388
-0.066511951
0.03188495
-0.007083891
0.022008659
0.013540893
0.03651214
0.0051670475
0.027045976
0.040987313
-0.0017808779
0.063111536
-0.051945299
-0.0360175
-0.0041747186
-0.033916812
0.081638508
0.029898942
-0.0034025377
0.015142592
-0.034151644
-0.010618932
0.061189324
-0.09015061
0.015915137
-0.026669847
0.023583867
-0.025734732
-0.076146238
-0.032202855
-0.0084543834
-0.054583274
-0.0099496134
-0.0043895007
0.042177312
0.0089514637
0.031199895
-0.0068148384
-0.058156412
0.0053069587
0.058602847
0.013628956
-0.0084552718
-0.051706802
0.04671064
-0.0077451579
-0.014852942
-0.0096507901
2.5639853e-05
-0.0084302044
-0.017736843
-0.062455419
-0.028489903
-0.049976211
0.019332437
-0.078730494
-0.017577913
0.068919741
0.078805864
-0.029777039
0.041483071
0.0007774125
-0.0089136837
0.040682789
0.022337781
0.0025567443
0.043698478
-0.035738509
-0.015912566
0.019225322
-0.068247437
-0.04206026
-0.027075671
-0.029438784
-0.0062224725
0.0035789483
0.0018412293
-0.061309349
0.078256927
-0.027231373
0.006287891
-0.079522327
0.002097083
-0.014103449
0.046044096
0.039693318
0.048161846
0.0071950648
-0.024126589
0.051029515
0.011837007
0.015357176
-0.070056789
0.035956766
-0.028232377
0.046589851
-0.031919204
0.056682374
0.001632593
0.056527834
0.056078035
0.029209854
-0.018105313
0.060899254
-0.025868332
-0.028639723
-0.036861792
0.017496573
-0.01247119
0.052165106
-0.043912284
-0.040781911
-0.030325556
-0.011183804
-0.024149153
-0.018340154
-0.018946016
-0.020753423
-0.0036645732
0.073318854
0.032779306
-0.031541001
-0.068883121
0.074675135
0.040592145
0.015582058
0.061982933
-0.011850506
0.018993268
-0.0020120626
-0.033922065
-0.013974786
-0.058051236
-0.06643828
-0.054837834
-0.099323831
0.050456651
-0.083512053
0.055751391
-0.08384639
0.0092327753
0.037411917
-0.066931196
0.032443501
-0.10168795
0.083538488
-0.043609425
0.0080562998
0.026752334
0.075991787
-0.10308905
0.069449335
0.02899177
0.071720816
-0.013735412
0.074042648
0.068691134
-0.11804514
0.069233112
-0.0019721512
-0.0028357455
0.024377575
0.023843016
0.0031614287
-0.033944976
0.063258119
0.034770899
-0.011308412
0.0026772865
0.0375623
-0.037982609
0.041784588
-0.046840843
-0.038238809
-0.096853457
0.05997758
0.063098021
-0.1056126
-0.04144232
0.11640837
-0.077729501
-0.027242428
0.04516428
0.025218371
-0.032406606
-0.0082889721
0.030498249
-0.041001014
-0.050011761
-0.0079940017
-0.064657494
-0.059572488
-0.0052226637
-0.073266961
0.070846274
-0.0050813849
0.038511384
0.083897732
0.10763146
-0.0095013659
-0.036510471
0.028021822
-0.070754059
0.018920159
-0.050232325
0.11198312
-0.019848628
-0.023473866
-0.060138602
0.010061339
0.041541081
0.062560923
-0.010612704
0.036915366
-0.14952643
-0.064961322
-0.017043408
0.075158589
-0.02804652
-0.015002646
-0.050626568
-0.058092993
-0.051187225
0.063800111
-0.025353706
-0.025439218
-0.05334587
-0.017583137
0.038183466
-0.062186968
-0.059952423
-0.060663186
-0.010879664
0.041741312
-0.028977018
-0.023022722
0.038318139
-0.09379752
0.097695984
-0.017171288
-0.010419104
-0.0098397164
0.010615853
-0.021713082
0.036945436
-0.03670413
0.055098984
-0.15437134
-0.07114251
0.01638053
0.034707457
0.013591947
0.0112741
0.068444148
-0.013349884
0.022253651
0.027180109
0.023273714
-0.048010953
-0.055054631
0.029027261
0.046752911
-0.021105569
-0.051601034
0.035450734
-0.024062512
-0.020102907
0.058905721
0.00016798871
-0.025111629
-0.045889594
0.023700351
0.013891212
0.0092967059
-0.0041146167
-0.033074867
-0.02340157
-0.016559448
0.023821345
0.053301275
0.031380747
0.041873787
-0.028762856
-0.070619971
0.03411527
0.046910472
0.070272028
0.046239994
0.021446759
-0.02623977
-0.03476911
0.0018762094
-0.020207802
-0.041806169
0.02164023
-0.04191966
0.050593935
0.0028878052
0.087247208
-0.0097341416
-0.017169222
-0.0053458265
-0.015197305
-0.073529139
0.047799617
0.019741636
0.028214738
-0.014941754
-0.030140519
-0.0099098496
-0.068097591
-0.059289899
-0.070516631
0.057953052
-0.043562721
0.052048795
0.025769314
-0.025360882
0.0062325667
0.013385754
0.040609267
-0.030755756
0.0087835584
0.022352556
-0.040622383
-0.021269154
-0.00084370351
-0.072128572
0.033585053
0.037012164
-0.042978369
-0.056866027
0.0045313202
-0.10858089
0.037179731
0.050058711
-0.0025139558
0.031760577
0.00063272129
0.00013771045
-0.072265491
-0.022569884
0.072008401
0.087832972
-0.0077412692
0.028602615
0.017695591
-0.017696651
0.024844058
0.064260326
-0.0037413766
0.010576837
0.015823754
-0.047531102
-0.02443069
0.039366141
0.0018427612
0.027044561
-0.077765681
-0.011549844
0.028936176
-0.021965573
0.026889373
0.020562125
-0.013404278
0.02743217
-0.025875632
-0.028055726
0.034032099
0.010199764
-0.0078543378
0.0053207381
0.0017207199
-0.081060484
-0.030111065
-0.013557103
0.007709661
0.046010077
-0.0024439555
0.036883421
-0.04870192
-0.056669693
0.051991388
0.023266984
0.0077336445
-0.13502753
0.028741769
-0.010752079
-0.015750427
0.013523892
0.020208161
-0.04202098
0.0012949308
0.07107614
-0.028422168
0.053946488
0.048089482
0.015028764
-0.14277545
-0.003038584
-0.01045262
-0.047793992
0.088935524
-0.098889209
-0.013236218
0.069813751
0.0048339972
-0.090944991
0.019076947
-0.016966522
0.066184931
0.042536687
-0.047359258
-0.016883811
-0.030212052
-0.050432347
-0.038421594
-0.038434092
-0.018715018
0.033763129
0.016138587
-0.0010545638
-0.050978679
-0.076560713
-0.075594246
0.03324616
0.031746887
-0.050523229
0.064249314
0.036643904
-0.021672826
-0.0852696
0.021918897
0.059729572
0.024404515
-0.0063361442
0.062170122
0.043670963
0.041222461
-0.039645649
0.037723579
0.011916648
-0.02557132
0.0090696849
-0.024596544
0.053005707
0.030836735
0.023279443
-0.014434083
-0.021373134
-0.0074840821
-0.068483502
-0.084454767
-0.026517605
-0.11467768
-0.015616257
-0.025602233
-0.010801621
0.020890089
-0.064925767
0.014844194
-0.013464057
0.0091384603
-0.041164137
0.020032145
-0.017727096
-0.016843822
0.056256603
0.012474817
0.012450995
-0.0040955041
-0.0069982256
-0.027516441
0.039522238
0.012134054
0.0042636683
-0.028934851
0.039858788
-0.040673438
-0.038270216
-0.066826358
-0.0015276794
0.0081946161
0.040588744
0.038134709
0.02168408
-0.024128698
0.079120882
-0.0090060029
-0.066798449
0.033899985
0.031365793
-0.042225607
0.025575584
-0.079744034
-0.032790944
-0.015584235
0.011726934
-0.020777032
0.016881352
-0.057404779
0.054047976
-0.042018361
-0.027395297
0.0018449747
-0.025158644
0.016420126
-0.0652887
0.019226301
-0.00039942173
-0.0059461114
0.013077615
-0.0083097024
-0.047133014
-0.0048649912
-0.031738646
-0.0079952702
0.010994944
0.093501166
0.014145546
-0.027204234
-0.064998969
-0.00090780249
0.015276515
-0.0093438085
-0.02682036
0.017224316
-0.0097598732
-0.0072626737
-0.039474465
0.067224674
-0.058880996
-0.045696057
0.027106546
-0.11411814
0.11774022
0.075012326
0.0050344453
-0.038868796
-0.025755905
0.11664964
0.1722641
0.022422524
-0.033122778
0.038201407
-0.045644239
0.02560219
-0.12623474
-0.080401145
-0.062940091
0.068648152
-0.080001503
-0.01091036
0.036329802
-0.010038057
0.015649671
-0.022821715
0.0068948846
-0.072722107
-0.032250699
0.049860399
-0.066228501
-0.023117423
-0.006094574
0.017270755
-0.026409391
-0.085455395
0.058513477
-0.032001831
0.1133642
0.0056143873
0.034985177
0.094399959
-0.098435409
0.097207859
-0.034411937
0.042109258
-0.040209416
0.027329065
0.039711136
-0.053908587
-0.11194099
0.021312214
0.048153076
-0.00020329552
0.040866867
0.0041450271
-0.0082608005
0.023465775
0.084506661
-0.0015412668
0.096205257
0.030552387
0.013639658
0.031304065
-0.075375281
-0.0025092391
0.002381423
0.067112654
-0.047573198
0.0028534562
-0.00073265226
-0.010920992
0.061343178
0.068862632
-0.0060327328
0.079171211
-0.010796179
0.068852127
0.023049697
-0.00098447304
-0.009704872
-0.055541057
0.047643721
-0.038273264
-0.023434969
-0.02063386
0.022412201
0.072487891
-0.029162893
0.050445594
0.0049756048
0.039393868
0.037328418
0.060392581
-0.0079086963
-0.023138495
-0.012758597
0.024214445
-0.046682827
-0.036611807
0.024125205
0.042906862
0.018662129
0.071170315
-0.0145589
0.0078167925
0.06708581
-0.017446656
0.004812723
0.010221256
0.031545803
-0.056011058
0.013654982
0.092443779
0.052553326
-0.035168022
0.055500068
0.019633945
0.0011582217
0.037894975
-0.014130791
0.024606319
0.021370037
-0.021303242
0.033474788
0.003338004
0.030143779
-0.025269248
0.084224552
-0.055090565
-0.0098749325
0.033368077
0.071114197
0.027010283
0.11696482
-0.038811103
0.0082176039
0.051576898
0.089769252
0.092369296
0.12083522
0.063381828
0.011289818
-0.098649293
-0.0524275
-0.019516524
-0.047574233
0.1273831
-0.055460438
-0.016850611
0.028772261
0.075554207
0.12291269
-0.019341905
-0.012476003
0.0083889924
-0.10406255
0.059063878
0.064415224
0.018344
-0.0073873182
0.0090702921
-0.097567298
-0.06108189
0.0078277225
-0.015903259
0.0012811077
-0.10491852
0.034740206
-0.074736506
-0.043753866
-0.0088926312
-0.022799311
0.02218789
0.091001242
0.019246418
-0.024120972
0.023175972
-0.050738283
0.075256899
0.026301054
-0.055186085
0.001288572
0.02898545
0.046508789
-0.023680165
0.029880892
-0.0012600025
0.063424148
-0.024564501
0.10026531
0.055566233
-0.011993989
-0.028618332
-0.017547132
0.010463984
0.010106005
-0.022770153
0.0028120053
-0.0023985347
-0.073952354
0.098955162
0.03729368
0.017129585
-0.013597767
-0.0024158759
0.027002664
0.02815797
0.0050519952
-0.003293776
0.097039171
-0.044268522
0.055342477
0.086181901
0.0035233463
0.07577429
0.066524088
0.093617156
0.024053467
-0.051694598
-0.0222567
0.057533156
0.00039192615
0.033922989
0.030150104
-0.016463157
0.0070679495
0.025109623
-0.033062823
0.051403504
-0.030605242
-0.0055195466
0.0030056469
0.047019638
0.0087133087
-0.019650456
-0.014043865
-0.0062497389
-0.010291783
0.015865808
-0.016010329
-0.030914184
-0.015430465
-0.016944434
0.059936259
0.052247472
0.042144269
0.023468366
0.0093738521
-0.03452377
0.0017289016
-0.014305702
-0.050681114
0.046149511
0.069101676
-0.099670991
0.053429913
0.032114092
-0.042200573
-0.029265482
-0.01057289
0.0030161203
0.039994076
-0.02792684
-0.052666921
-0.09472011
-0.05375674
0.045937914
0.093672156
-0.011359156
0.027737459
-0.017954733
0.010838422
-0.022654379
0.061729398
-0.029750878
0.010687802
0.03779906
-0.029488495
0.015402166
0.048413791
0.070118099
-0.013561778
0.051427569
0.0075531648
-0.0012360803
0.0033770252
0.02057232
-0.0044284561
-0.024727149
0.012494539
0.033124313
0.043151006
0.027060336
-0.044633679
0.024447724
-0.015701009
-0.0064896615
-0.015881687
-0.014361082
-0.033111438
0.045320224
0.031064397
-0.014016223
-0.07643196
0.046462566
0.043372989
-0.0064191711
0.078072689
0.077758566
-0.066004418
0.04725587
0.039890755
0.014603715
-0.0095841652
-0.01378704
0.018739691
-0.034794386
0.033238336
-0.016144698
-0.014888581
0.044252805
-0.051591542
-0.019549437
0.0077304193
-0.084293373
-0.043805607
-0.049208652
0.011504617
0.01775673
-0.01773197
0.019986287
-0.060384855
-0.013364714
0.0067913728
0.068567373
0.00038281089
0.02076575
-0.074694537
0.0091436254
0.011752303
0.12639971
0.083598264
-0.00010402717
0.0057183122
0.030356444
-0.045382865
0.066759437
-0.089347057
-0.012144709
0.023480328
0.054110944
0.026343198
-0.098843113
-0.0007943784
0.044198599
-0.0062207575
-0.012732939
-0.078151196
0.05015428
0.028910896
-0.055432145
-0.052722313
0.011366148
0.077793606
-0.018912278
-0.08270824
0.01131751
0.061779663
-0.025972562
-0.052793566
0.034331769
-0.0074849138
0.072984345
-0.039203018
0.03661719
0.03231962
0.074726999
0.064133294
-0.029227788
-0.031928357
-0.0071410183
0.032278582
-0.022277715
-0.025785366
-0.015766568
-0.014952806
0.02991903
0.00047459925
-0.027454821
-0.0017368592
0.02247637
0.051722772
0.023091821
-0.063560486
-0.0048386836
0.017863061
-0.022921637
-0.067793213
-0.0015365166
0.056338545
-0.027860316
0.068257704
-0.01679736
-0.033506133
-0.031911906
0.059792135
-0.035420228
0.026723873
-0.064865604
-0.0056878142
-0.044969123
0.080853231
-0.015422766
-0.086041301
-0.0053537716
0.012549084
-0.024334446
-0.035118151
-0.0093187978
-0.0096793575
0.015328233
-0.024570812
0.037045982
0.0033413451
-0.021154318
0.049343776
0.074716106
0.01748484
0.055745747
-0.0037975556
0.025497561
-0.1126597
0.00067546504
0.047597941
-0.061425261
0.013475188
0.01722903
0.0083778314
0.018666796
0.060919832
0.015111715
0.041950431
-0.073086165
-0.019150957
-0.0054744347
0.027638318
0.005609775
0.067897037
-0.012559003
-0.0049966415
-0.004919034
-0.028453192
-0.063322417
-0.02554835
0.01448976
0.0069535458
0.047239788
-0.022118356
-0.079827979
0.034164198
-0.031460896
0.0068119676
0.040453814
-0.04308974
0.092643909
-0.046501353
-0.065530263
0.021734167
0.045963671
0.019305792
0.041044608
0.04143282
-0.02610228
0.0012537339
0.0080795214
-0.003255347
-0.066300362
-0.02402015
-0.013733821
-0.030839846
-0.07406152
0.047831152
-0.0011946035
0.021748893
0.0083544962
-0.010905819
-0.0010826276
0.0018634832
-0.0067830482
-0.012527678
-0.061904632
0.029166501
-0.064736895
-0.018412739
0.043000422
-0.0060822358
-0.042868465
-0.021941416
-0.0074504656
0.049876165
-0.0076939603
0.012552435
-0.038726542
-0.0038744074
-0.047020048
0.069208205
0.012929953
-0.064605832
-0.0092100697
0.0021783523
-0.11884541
0.036400419
0.0095890779
-0.048726056
0.016152598
-0.034823816
-0.042628869
0.01591637
0.040236399
0.034299873
-0.021063754
-0.020273943
-0.004968287
0.06763079
-0.0038393606
-0.050125293
-0.037261043
-0.023923079
-0.011977138
-0.051464099
-0.093195319
-0.0010992938
0.034718145
-0.028579606
-0.036037769
-0.031402413
-0.010178495
0.016061081
0.011741654
-0.056222934
0.0080208294
-0.0037519378
0.051602505
0.019706188
-0.025035756
-0.043958474
-0.066697478
0.0027363338
0.0026178684
-0.029255684
-0.073450774
-0.044509817
-0.016788619
0.0022101407
0.035003245
-0.010050009
-0.029633267
0.088047914
-0.065423474
0.04577361
0.071708538
0.019916091
-3.7704009e-05
-0.022718167
0.0034421904
0.028738147
-0.034896251
0.031453576
0.03733832
0.071731821
-0.062227938
-0.050103899
0.0062610605
-0.062137224
-0.05352832
0.013019789
0.018865455
0.081119962
0.036229871
-0.044413555
-0.07256908
-0.049506169
0.0092275646
0.040021222
-0.062436167
0.056831319
0.022504739
-0.015781149
-0.035489757
0.018571995
-0.0033181394
-0.0055898083
0.040465925
-0.019598106
0.06889388
0.056263946
0.084372677
-0.019278584
-0.063723698
-0.031465132
0.00066808308
-0.044751722
0.0010615245
-0.082331568
-0.015427979
0.046048872
-0.0019549015
0.018159674
-0.037148252
0.025912186
-0.037588745
0.025124025
-0.066214696
-0.048845731
0.048177592
0.087461509
-0.038522877
-0.004230353
0.062441241
0.065519817
-0.02448133
-0.012840432
-0.049947839
0.036217906
-0.11112236
-0.057000697
-0.088183522
-0.049851477
0.0096096154
-0.078973539
0.067324974
-0.042672537
-0.083518855
0.061783135
0.076823503
-0.049804479
0.019530907
0.050546389
-0.11504959
0.052882552
-0.0059201405
0.012526923
-0.087479331
0.016176539
0.050337285
0.021649284
-0.026199933
0.031140637
0.024501255
-0.10690082
0.028288344
-0.015429928
-0.022957638
0.051093746
-0.02381066
0.038989589
0.052052505
0.037693422
-0.07915815
-0.011940517
0.098060749
0.032202236
-0.013702681
0.029930647
0.0088488553
0.038285226
0.061589234
0.077449627
-0.06722983
-0.098964646
0.070586346
0.030489793
0.0031535006
0.013345175
0.057475735
0.082168341
-0.10216217
-0.012854306
0.048031904
0.012789172
0.1046107
-0.029311532
-0.097776227
0.043611318
-0.010688168
0.044873588
0.021247538
-0.033278216
0.085111514
-0.07765127
0.030323973
0.039119285
0.082949802
0.025863238
0.037350297
0.081873626
-0.0081163924
0.021775257
-0.0069760759
-0.045921121
-0.016702624
-0.082148597
0.0038207138
-0.001868175
0.03177454
0.01445761
-0.11133777
0.033443622
-0.059918925
0.06496264
-0.071113743
0.052150443
0.0019838815
-0.0491268
0.047341231
0.038990073
0.021929208
-0.091261812
-0.031616148
-0.028755195
0.029865012
-0.0056136502
0.025519496
0.050338194
0.0062564448
0.043146197
-0.022474362
-0.0077044186
-0.029862575
-0.043924332
0.034345064
-0.0043619759
0.00055355224
-0.028558077
0.034346044
-0.014537205
0.052731283
-0.0043189907
0.0052619861
0.038310293
-0.090233669
-0.023211574
0.0087008225
-0.053836931
-0.0081785796
-0.039456379
-0.019554427
-0.055941362
-0.045396313
0.041042302
0.0041879467
-0.029333899
-0.031650033
-0.037764434
0.013228696
-0.0049429173
-0.012966387
-0.0074795028
-0.05608223
-0.056622017
-0.085151546
-0.03544924
0.015336647
-0.0017333176
-0.084641218
0.019592779
-0.088271566
0.064577952
0.034815263
-0.0022442946
-0.053609621
0.017156601
-0.062206175
0.014269385
0.025420381
0.044967718
0.059157725
-0.011507815
-0.0073238085
0.01423777
0.038173445
0.01835463
-0.0085703637
-0.043170616
-0.013876993
-0.058214262
0.053232409
0.015103217
-0.0078501534
0.0019170829
-0.069977835
-0.018472429
-0.070426151
-0.030402407
0.051634464
0.016744321
-0.11980602
-0.023209088
-0.006314619
-0.013493906
0.043939151
-0.04357449
-0.016565543
0.039827507
-0.070995197
0.012962207
0.010652739
-0.015763719
-0.11011848
-0.082676612
0.012981002
-0.019602519
-0.010395039
-0.043312691
0.0067387982
0.058376666
0.05516322
0.048690293
0.010347649
0.020525835
-0.039216008
0.044582367
-0.00050694187
0.056151662
0.0058869952
0.06571985
-0.060783304
0.055911846
0.044733364
0.059528485
0.010411841
-0.034353793
0.036236629
-0.031777363
-0.030713251
-0.02705433
0.025818229
0.0245324
0.017118191
0.014417089
-0.070627578
0.02212503
-0.046533357
-0.058109369
0.030943329
0.053841218
-0.033588424
-0.0030125172
-0.13393977
-0.095772244
0.043569356
0.0097219246
-0.0023497124
-0.100426
-0.0047267787
-0.066229142
-0.045317668
-0.027711535
-0.047380731
-0.012002556
-0.093295231
0.018948119
0.027513655
-0.008717509
0.013955768
-0.053474717
0.044630814
0.025940122
-0.0061477134
0.027819119
-0.05387149
0.039904378
-0.030937083
0.013215411
-0.013888245
-0.030500343
-0.021132419
-0.01675394
-0.065814801
0.011030235
0.041426424
-0.00079541694
-0.060411084
0.026548211
-0.0068891267
0.058126274
0.04637396
0.0083169825
0.0081644049
-0.042648293
-0.014949877
0.067557469
-0.032490376
0.016128697
-0.034482658
0.07235337
-0.064959414
0.0075696413
0.038018558
0.01514887
-0.063604891
0.064092405
0.059267089
0.10906564
-0.047058903
-0.11789592
0.060499139
0.034378186
0.055268917
0.019536745
0.00096266536
0.035823569
-0.065888807
0.01136508
-0.047337454
-0.050153889
0.069904469
-0.043434355
0.039752446
0.018583653
0.1146088
0.025788065
0.02862105
-0.050137777
0.03411366
0.0080679553
-0.057696652
0.023617778
-0.023398219
-0.045135103
0.076792061
-0.013702375
-0.017877137
-0.051648092
-0.037404936
0.093586385
-0.0082999859
0.053679124
-0.084600002
0.02841795
0.02765584
0.037443861
0.059205189
0.03349451
0.016657181
-0.11932945
-0.0032671932
-0.017937638
-0.011140507
-0.036545962
0.058308169
-0.022141375
0.15530547
0.084118888
0.034767855
0.0077359062
-0.030511098
-0.074967206
0.034779444
-0.020954158
0.0064147078
0.02841546
0.014557195
-0.024568202
0.041613944
-0.040877867
0.065922856
-0.019588787
-0.028281169
-0.012831002
-0.074189931
-0.028946068
-0.086150765
-0.0056602461
-0.035468463
-0.057100866
-0.047966387
-0.1055662
0.006380388
0.056101929
0.049937133
0.04111176
-0.034178168
0.037881233
0.0029703691
0.050203726
0.0061779558
0.058391873
-0.035467215
0.018294863
0.057379231
-0.090493456
0.01412775
0.037734464
0.080634333
-0.013984738
-0.049466506
-0.0048128641
-0.064774655
-0.018081764
-0.0046851421
0.042343549
0.062578402
0.008347732
0.011035196
-0.082821138
-0.0047184327
-0.016968638
-0.03540656
-0.0086133694
0.0042701229
-0.0882155
0.050362222
-0.0093122302
0.019774526
0.013390671
0.011529166
-0.053064365
-0.046135634
0.025994997
-0.047192793
-0.0085700219
0.044541109
-0.093303405
0.060490511
0.0060049724
-0.011379139
0.05004444
0.068779953
0.057643827
-0.0044217282
-0.0059761894
-0.014357232
0.037594557
-0.0061515081
-0.047457345
0.0082974099
0.0031635039
0.01383733
0.039799541
-0.028582277
-0.07905221
-0.00052503753
0.0052718846
0.075115792
0.074319713
-0.070543908
0.015561337
-0.013603597
-0.021064686
0.034592114
-0.03500668
0.033060241
-0.059941079
0.021274323
0.036722418
0.031232342
0.0531868
0.0086868508
0.044210687
-0.0025965814
-0.036178824
0.019622149
0.03962018
-0.011056348
0.009875196
0.017677762
-0.0054416228
0.064042382
0.002823832
-0.0050263545
0.022474417
0.053992327
0.045763232
-0.036799245
0.016811201
-0.031181112
0.081860326
0.032790694
-0.035945896
-0.058761191
0.087372363
0.033703435
-0.05687185
0.037757516
0.091579624
0.018641988
-0.030878276
-0.082340859
0.027368981
-0.036850981
0.012583836
0.076039203
0.0058128061
0.0087851612
-0.021973725
0.025842818
0.037857827
-0.021108042
-0.044040412
0.025676137
-0.021558529
-0.039261527
0.047712054
-0.083379649
-0.011673989
-0.020108486
-0.056897108
-0.077376448
0.027777592
0.075543649
-0.011633989
-0.050139606
-0.0023750053
-0.014830446
-0.0073035206
0.031819202
-0.029446948
-0.044029694
0.0082228202
0.00062344712
0.039724927
0.039483875
-0.0089519741
0.041584056
0.021171108
0.014722289
0.072185926
-0.098537691
0.0013857831
0.056136783
0.033948969
0.017838415
-0.039710537
-0.016081823
-0.045221671
0.065840319
0.0069998195
0.027190881
0.0049609062
0.017824788
-0.013843335
-0.016323168
-0.017955692
0.019519567
-0.021692012
-0.074788727
0.021962557
0.059180118
-0.056553818
0.050119855
0.013218294
0.054158531
0.011244004
0.019165589
0.034381665
0.046212994
-0.028238723
-0.018191453
-0.0082411924
0.002076267
0.060004056
-0.045948897
0.02486534
0.055954389
-0.081797592
-0.044666145
-0.056676485
-0.017300865
0.026872231
0.075531907
-0.094027229
-0.054160751
0.08253058
0.061366361
0.020336958
-0.084206626
0.036383823
-0.026044991
-0.062061951
-0.014272224
-0.033725426
-0.0043281787
-0.060178373
0.043451123
-0.03255311
-0.10238429
-0.075595029
0.027315058
-0.0017875592
-0.011474106
0.050930634
0.032672763
0.024913643
-0.042164821
-0.052396148
0.049033836
-0.067463599
0.04206736
-0.026430089
-0.13266829
0.0063545178
-0.053934671
-0.075644672
-0.028946493
0.0024173574
-0.057982951
0.0038833027
0.0018662219
-0.076282531
-0.026610415
0.080215111
0.054696381
-0.0097183203
-0.064238049
0.035319105
-0.057727322
-0.10029157
0.11444613
0.037552133
0.030766141
0.001933931
-0.042753909
-0.031382032
0.11310113
-0.029921193
0.034443662
-0.0051137852
0.043506112
0.00094832823
0.024852253
0.00044029159
0.0064616781
0.099626243
-0.054864779
-0.018563218
0.028817251
0.0091761053
0.057304911
0.024966048
-0.035144679
0.038840245
0.019522794
-0.070070244
-0.0008007444
0.0031403897
-0.036807135
-0.033285197
-0.054920156
0.052998222
0.025914378
-0.051864278
0.040010337
-0.039754726
0.040619478
0.052879002
0.017678741
0.11891592
0.0017148434
0.037209362
0.017759604
0.013558397
-0.063563392
-0.0057192761
0.0083557069
0.0021147036
-0.022533257
-0.032586142
0.016171051
0.046117418
-0.039982311
0.016127227
-0.0021656086
-0.036613248
0.054155611
-0.017649235
0.10556637
0.03059906
0.0057675941
0.014501987
-0.02292791
-0.0021489314
0.011651447
0.0039413692
0.041292407
0.0062467526
0.012032357
-0.005980622
0.017656907
-0.01958704
0.083899006
0.008664771
0.026840108
-0.0046577957
-0.017317813
-0.027657429
-0.032889929
-0.012148244
0.016474323
-0.018150985
0.032886252
-0.00019529935
-0.0061522536
0.022398099
0.0065696635
0.042546418
0.030073438
0.039531026
0.01493674
-0.023470394
0.040863171
0.037978265
0.012081823
0.022809427
-0.025475847
-0.014599388
0.024091545
0.048192218
0.0089418748
0.028687473
-0.012177638
-0.024666142
-0.050352719
-0.018356413
0.066339374
0.030901862
0.060875174
0.043091621
0.099211819
-0.039142236
0.042576585
0.0069121681
0.035249885
0.01013763
-0.071650222
0.044185746
0.00092665531
-0.019862462
0.025522811
0.027350798
0.0057838252
0.003655432
0.078436136
-0.015475497
-0.0079218401
0.023318086
0.021448392
0.023789862
-0.047324151
0.063222542
0.045805775
-0.023839053
-0.00032509194
0.02847871
-0.013496077
0.0060059251
-0.0066275033
-0.010366694
-0.12426355
-0.056057531
0.060720559
0.040908221
-0.02558705
0.048728105
-0.0016156442
-0.026939617
-0.0044318484
-0.035558049
-0.015632942
-0.01817069
0.024580525
-0.0022868253
-0.0078592198
0.018233731
0.00047878808
0.023811955
0.025932372
-0.022492217
0.031865716
0.025346896
-0.017374236
0.014894501
0.0056431033
-0.092989087
-0.0010939095
-0.060776178
-0.030177031
-0.065808691
0.0023531662
0.011663668
0.049543392
-0.0279033
-0.018090468
0.050083291
0.083483182
0.049079951
-0.017141284
0.0073542888
-0.015800554
0.012747174
-0.052657485
-0.026284358
-0.021073787
-0.040459771
0.044927493
-0.02906188
0.044920549
-0.046030503
0.032461215
0.036112756
-0.041478291
-0.032122821
0.025559008
-0.0016902079
-0.0018707399
-0.055615894
-0.040144328
0.072938137
-0.024805799
-0.085740879
-0.0099667292
0.037291836
0.063526757
0.058409844
0.031708926
-0.028340556
0.025588932
0.014906999
-0.0341851
0.068938762
-0.059178248
-0.089818753
0.016231935
0.0065908204
0.027744276
0.0010157084
0.0032524078
0.0070936666
0.0017980851
0.013890952
0.019357985
0.068863541
-0.0012515638
-0.038588859
0.025350317
0.0063051246
0.018231453
-0.050036076
0.080715336
-0.021859584
-0.0057767974
0.061006889
-0.014926122
0.017203225
-0.066984892
0.031930916
0.031688675
0.04403764
-0.079937533
-0.035724152
0.017402787
0.026561603
-0.037896454
-0.057757095
-0.0079198023
-0.01593877
0.025356853
0.058032826
0.052955449
0.01868603
-0.022781854
0.017084176
-0.017479461
-0.014491222
-0.03219609
0.044938579
0.0077807908
0.0040581045
-0.00041214257
0.0096346214
-0.043217331
0.005912425
0.05168087
-0.04494955
-0.013186213
0.094815023
0.030741533
0.083876804
-0.034206953
-0.023142396
0.058582995
0.027513126
-0.065902643
-0.060082085
-0.014740079
-0.058703542
-0.02197629
0.03020804
-0.047266152
0.018664995
0.022256942
0.051715385
0.020600636
0.013697865
0.064296283
-0.058167838
-0.018427251
0.035897147
0.030700734
0.036675673
-0.021063302
-0.00040781571
0.027234158
0.12873602
-0.0045279362
-0.013554673
0.034947388
-0.022474419
-0.016711136
-0.051926959
0.0409928
0.094930381
-0.032802071
-0.037547804
0.011348805
0.05927927
-0.058149505
0.070378199
0.012304446
-0.07079415
0.014380663
0.0073774811
0.091144674
-0.0039175833
0.003137524
0.0047233831
0.020269021
-0.019022137
-0.0053176833
-0.063632615
0.029738229
0.038368654
0.091053367
-0.026266081
-0.071820378
0.033761859
-0.043918543
-0.058623582
-0.012815632
0.022826599
0.041662846
-0.043365657
0.0051160036
0.0020303191
0.0051981225
0.023416599
-0.01468953
-0.0029195533
0.028787142
-0.036489431
0.063474469
0.0017433017
0.0085685533
-0.005604649
-0.0070771798
0.033255119
-0.0014721405
-0.017472468
0.035878539
-0.0077197412
0.0060191704
-0.13454956
-0.049567018
0.06455256
0.063944437
0.021630913
-0.0017019488
-0.016028397
-0.095749408
0.027318969
0.0034759615
0.036358617
-0.013970873
0.0032101935
-0.092443049
-0.095053047
0.047431793
-0.036639426
-0.039217491
0.039037939
-0.031392861
-0.09129186
-0.047772855
-0.13678667
0.095279187
-0.043491807
-0.00021092025
-0.050530009
0.0097570829
-0.017361488
-0.041768178
0.0025899599
0.030355377
0.00020721415
0.04669901
0.0075973766
-0.042976573
0.025660541
-0.066189423
0.088993676
-0.0057022013
-0.027656861
0.050686218
-0.020005673
-0.045986727
0.035208751
-5.1867522e-05
0.022820715
-0.045507796
0.062540717
-0.0082367323
-0.076365985
-0.041563116
-0.014810353
0.0043525249
0.041990142
0.0018071203
0.0088523524
0.0010501411
0.037655588
-0.030656198
0.054596398
0.085915044
-0.03660043
0.036115672
-0.014586635
0.019106975
-0.058592711
0.0011437382
0.034029711
0.034098025
0.042477712
0.041370951
-0.040443894
0.044205606
0.0055108313
0.020274138
-0.026850991
0.084002167
0.1030727
-0.08301165
0.1001488
-0.036755156
-0.041741326
0.030127972
-0.036947381
0.001616855
-0.036880452
-0.039823242
0.023834018
0.022168593
0.043590292
0.056777645
0.082388088
0.021012196
0.064921394
0.085112371
-0.059611965
-0.010845589
-0.010827322
0.028799787
0.037242524
-0.019866014
-0.059796829
-0.023479836
-0.011736064
-0.008971313
0.021259706
-0.02788531
-0.090700708
0.02548063
-0.010244682
0.016014319
-0.022326777
0.023662424
-0.050612949
0.030069917
-0.040862408
0.048122961
-0.024840608
0.05174882
-0.024403414
-0.013936822
-0.019571144
-0.0014672269
-0.041062333
0.079991773
0.025054878
0.064579114
-0.085360758
0.0010091168
0.052317761
0.0099695679
0.01588645
-0.024051983
0.042016264
-0.054731838
0.013528747
-0.07757052
-0.065223031
-0.03505053
0.039423939
-0.037862435
-0.13249694
-0.061128791
-0.066725731
-0.017461671
0.035162751
0.0048838882
0.010285339
0.043832056
-0.025086626
0.026910955
-0.066655718
-0.021659466
0.01075763
0.00077751151
-0.016394887
-0.049610745
0.042853918
0.024358515
0.053547371
0.01617497
-0.03729929
-0.057855971
0.034541652
-0.0022070606
-0.036812939
0.018413039
0.0035929191
0.12353954
-0.06523075
-0.036291506
0.027016342
0.0003883467
0.013212887
0.070516437
0.042012703
-0.0034080904
-0.012090657
-0.015991634
0.032157704
-0.03009741
0.079628207
0.026821282
0.039368507
0.063371703
0.0059324414
0.019429794
-0.022152159
0.073436327
-0.037589561
-0.0096020792
1.3214744e-06
0.094380312
-0.013792163
-0.053086203
-0.084763102
-0.011903215
0.030134976
-0.021097668
0.028439008
0.041020624
0.02351746
-0.049786389
-0.034619205
-0.0088565722
0.056654528
0.014426104
0.020424318
0.026126863
0.01179367
0.0020238112
-0.014289183
-0.073716916
-0.078287438
-0.035134424
0.019123791
-0.0059152828
0.076968148
0.015678756
0.0060006375
0.079585351
-0.0063100457
-0.035153419
0.057932083
-0.017105127
0.044641614
-0.020407075
0.0047497679
-0.063867576
-0.10069085
0.09003292
-0.027611397
-0.014819591
0.047641918
-0.0055963369
0.0087738419
0.029096264
-0.024958767
0.019792512
0.027163496
0.073743254
-0.035839681
0.041092221
-0.031328239
0.030526407
-0.098946013
0.023864472
0.064562209
0.034021143
-0.061398245
-0.011140707
0.005088402
-0.090433672
0.0044239843
0.015719499
0.040231414
0.054894295
-0.066614747
0.072224438
-0.026485154
0.040546894
0.036758799
-0.07306952
0.0091366768
-0.021973219
-0.021545107
0.035158809
0.046064235
0.036631111
-0.085368201
0.062393963
0.012504921
0.051317941
-0.084858097
-0.027581951
-0.12392886
-0.052045189
-0.055284798
-0.021229364
0.024343103
0.046415512
-0.040523686
-0.044421207
0.045727309
-0.063445888
-0.016810756
-0.058972437
-0.0042474666
0.015161733
-0.066533193
-0.011535091
0.010963857
-0.047037765
-0.047388889
0.006016002
-0.020270379
0.020913845
-0.030580513
-0.052293587
-0.012605375
0.032558512
-0.090716161
-0.042854466
-0.0034335726
0.037416186
-0.033272695
0.021245306
-0.041620646
0.014592135
0.035687283
0.08316087
0.040125642
-0.020595685
-0.015548795
0.0077148448
-0.025550488
0.017077615
-0.016033931
0.029166037
-0.06350217
-0.031300463
0.064096078
0.080603093
-0.020734847
0.091724038
-0.025071213
-0.050726224
-0.045256209
-0.05313205
0.045600455
-0.056210835
-0.022603707
0.0019407735
-0.018616667
0.020884668
0.028880222
0.012191843
-0.0095072994
-0.078219108
0.045594972
-0.086599596
0.030081291
0.049497437
-0.087597579
0.056091115
-0.020846611
-0.088321149
0.058348179
0.034224007
-0.013969291
-0.026805498
0.035211813
-0.031025028
0.022400422
-0.044296965
-0.038739011
-0.020897549
0.082960904
-0.055178482
0.0036696175
0.026975719
0.026388831
-0.0016836935
-0.0019851213
0.014473253
-0.061913867
-0.024936527
0.055037528
0.078999415
-0.089937665
-0.036051299
0.046665587
-0.03901279
-0.042001802
0.10226974
-0.011001631
-0.083804771
0.052557919
0.060668882
-0.012657375
-0.05780622
-0.057496939
0.027213309
0.052993592
0.04989107
-0.049556814
0.030251404
0.0085495617
0.092697963
-0.016423032
0.039815009
0.056561142
-0.012135662
0.013121934
0.014167485
0.040865816
0.034454666
-0.046035782
0.047199536
0.064012833
0.035850238
-0.054038297
0.015439247
-0.010379207
-0.056695361
-0.022736441
-0.052439593
0.065612234
0.029783148
0.014654357
-0.012659485
-0.030162796
-0.014527583
-0.024626948
-0.01107082
0.051578999
-0.039303947
-0.090554342
-0.032962535
0.018879035
0.0368127
0.080697678
0.14562884
-0.048374627
-0.012087164
0.013269843
0.068875052
0.0066535315
0.018413715
-0.043373607
-0.02210691
0.015123375
0.031940058
0.062004071
0.01305272
-0.048308302
0.044261374
-0.00031118124
0.00013040101
-0.078175567
0.032580074
-0.043112341
0.088297784
0.090273775
-0.055588871
0.0065505081
0.049367778
0.056239277
-0.0077886493
0.063734524
0.0019481526
-0.00038706887
0.041887537
0.10716598
-0.036703624
-0.052768957
0.022795822
-0.036677957
-0.055474404
0.02659451
0.065520667
0.10752358
-0.063902393
-0.030035781
-0.025310807
0.019237159
-0.083467841
0.030194463
-0.059425995
-0.06660746
0.010090451
0.032892819
0.039070614
0.067984879
-0.034809198
-0.014447772
-0.053768296
-0.041069143
-0.01778229
0.038058944
0.013379672
0.062557526
-0.014062453
-0.037828308
-0.068330057
0.0078468584
0.06614276
0.04674235
0.079515025
0.073616289
0.037037607
-0.036308821
-0.082017444
-0.095317625
0.018208411
-0.056376308
0.030717874
-0.070493326
-0.0031022849
0.060442917
0.096366428
-0.018522203
0.049050651
-0.12636751
-0.040466156
0.069711849
-0.035867948
-0.01421352
-0.012956757
-0.037146654
-0.032785889
-0.064172857
-0.081650078
0.11813715
-0.0035990358
0.088040717
-0.067529552
0.015701873
-0.02745802
-0.010475027
-0.024246845
0.022569042
0.0047395271
0.15815176
0.00052513299
-0.0030814433
0.021715263
-0.029179113
-0.035975404
0.033518381
0.031472072
-0.027605029
0.018437881
0.062498003
0.025664194
0.072644018
0.004337722
-0.048352148
0.086962149
-0.049699865
-0.038104609
0.053122617
0.0111348
0.059373703
0.079306401
-0.03817274
0.032817774
-0.01730063
0.0032734254
0.016502636
0.02826976
0.060771346
-0.021570792
0.038738903
-0.025514483
0.055360831
-0.043946385
0.016737469
-0.0040755952
0.024717808
0.0078406855
-0.070974879
0.0016467043
0.0064289561
-0.030595558
0.046427984
0.0024927089
0.00099189742
0.014359756
0.024301792
0.00021003475
0.0071457964
0.069474421
0.030392019
0.03813123
0.011381279
0.029374538
-0.027758339
-0.073234186
0.049760837
-0.059238363
-0.02620301
0.0065890257
0.021503484
0.042585306
-0.011939338
-0.0045078159
0.024998076
0.034122292
-0.021598548
0.0091764554
0.0016371115
0.037273325
-0.0011533852
0.015316003
-0.048074357
0.049097512
0.046420094
-0.0099818707
0.054183066
-0.0046878546
0.031322893
0.030877728
-0.013096137
-0.01095322
-0.0055989642
0.040822044
0.061381955
0.036634371
0.02081552
-0.0085644526
0.031646207
0.038002003
0.063956372
0.034311634
0.013961523
-0.011881756
-0.044028658
-0.056069214
-0.026901128
-0.04787527
0.033658829
0.060085483
-0.029020753
-0.015411867
0.092238352
-0.011364964
0.0078307819
-0.070455924
-0.069877021
-0.074538812
-0.0076449318
0.066011004
-0.010861578
-0.0086169364
0.048306257
0.0020260597
-0.013587303
-0.010441897
-0.0004053936
0.027248576
-0.030478982
-0.02424727
0.01120239
0.00021330915
0.051979195
-0.022250623
-0.03232443
0.023095621
-0.051186431
-0.031433191
-0.018518865
-0.088177726
0.091831557
-0.0061877286
0.01937497
-0.053234089
-0.082116365
0.02010235
-0.013802757
0.0072056092
0.019015646
-0.004504534
0.042327855
-0.0048586326
0.069425352
-0.046531778
-0.014245203
-0.066789411
0.040995959
-0.032799877
0.029614743
0.06705045
-0.048270632
0.011718194
0.01120657
0.0096918372
0.022906784
-0.035841979
-0.10431223
-0.02717565
0.035950121
-0.018369561
-0.014629391
-0.031103043
-0.067971975
-0.068726584
-0.069961324
-0.059952036
-0.01482205
0.036864817
0.0031890657
0.062930219
0.0079218782
0.03216175
0.057568334
-0.0573286
0.0013385215
0.012178767
0.0051294025
0.042228889
-0.0084319813
0.020161798
-0.05382229
-0.0073854546