-0.003892225
-0.018012583
-0.053334445
-0.0068623568
0.0010571607
0.029371684
-0.10306174
-0.0558181
0.013692811
-0.04930358
0.083043925
0.023844106
0.048205264
0.079187691
-0.12958084
-0.021207469
-0.053330999
0.12572238
0.035248466
-0.033055626
0.016062288
-0.015323862
-0.14005691
-0.006736733
0.019260352
-0.078914836
-0.01452637
-0.037812926
-0.080965601
0.064826034
0.025582857
-0.046389312
-0.022875534
0.059119079
-0.045000777
-0.017550329
0.047992345
0.087015264
0.041944358
0.11347422
0.054188628
0.039987348
-0.064569652
-0.13723515
-0.019140067
0.038745247
0.076040208
-0.051488679
0.0041636801
-0.082367852
-0.11362354
0.060844611
0.035536319
0.12170053
0.018251494
-0.027294006
0.055730581
0.11939362
0.11465024
-0.023140913
0.053553298
-0.04388937
-0.029100113
-0.053580817
-0.082476921
0.071077786
0.0065553114
0.014911226
0.035220914
0.030424103
-0.029637188
-0.0014758545
-0.021344349
-0.056120887
-0.037682652
0.1278162
0.091479763
0.11824598
0.066052578
-0.078984864
-0.049824208
-0.1335094
0.034983806
-0.013174956
-0.026364261
0.030186543
-0.058103923
-0.0053793103
0.079452455
-0.0353981
0.074382335
0.048618995
0.14694898
-0.00041283036
-0.047394253
0.081098959
-0.071934529
-0.0037831222
-0.040361121
-0.13236308
0.04613683
-0.060876146
-0.08418344
-0.075429589
-0.027333051
0.023463679
-0.093864426
0.016631097
-0.052312464
-0.025855504
-0.020125547
-0.18842107
-0.17582825
0.054563213
0.11979595
-0.01221861
0.087807089
0.10193051
0.005141045
-0.013332564
-0.040921532
0.12351269
-0.016060803
0.11100939
0.056785244
0.013686905
0.046460524
0.082277149
-0.057916958
-0.0063610203
-0.076851636
0.078216553
-0.053270169
-0.052366175
0.058975376
-0.063301377
-0.030685799
-0.093483828
0.021067686
-0.061112963
-0.069052972
-0.017506849
-0.021008689
-0.044480354
-0.045123182
-0.062522881
-0.058159102
-0.08433862
0.083681986
0.0005033146
-0.0077016987
0.081677444
-0.10517681
0.079600133
0.12020913
-0.10392994
-0.088049494
0.081376918
0.061631367
-0.061391257
0.016309017
0.046143983
-0.021797447
-0.0963028
0.034655623
0.045906
0.048886716
0.02838794
-0.093595222
0.0017138035
-0.072294377
0.0038564205
-0.059890442
0.0025173831
-0.015081003
0.024063399
0.041060522
-0.01320259
-0.039919857
0.031440441
0.090270147
-0.042773828
0.08703912
-0.056441713
0.016342817
0.024020622
0.12044831
0.1366154
-0.0082608294
0.099532939
0.028713962
0.068037339
-0.044548664
-0.041797116
-0.019473981
0.00487014
0.047834236
-0.0010279395
-0.0007911037
-0.035076343
0.065635495
-0.0010905933
-0.054650061
-0.042175062
-0.13737716
0.059484866
-0.15396796
0.073315121
0.073822998
-0.075303823
-0.04604613
0.043527246
0.069787249
-0.0033222055
0.05072058
0.020377584
-0.019692782
0.1016416
0.018715909
0.0049501602
0.024925278
0.090060398
-0.11101803
-0.0070689004
-0.043086931
0.067500405
-0.093178928
0.040381055
-0.060129534
0.013524262
0.05952153
-0.037232295
0.062079467
-0.016975371
0.016846908
0.036696237
-0.037603304
-0.073981211
-0.091260806
0.075020231
0.0075190617
-0.0365243
-0.070114113
0.021785414
0.022015158
0.05960381
0.060877722
0.078174792
0.029092837
-0.0035575074
0.057469275
0.05320856
0.048080038
-0.010655126
-0.028381053
0.030751267
0.027301801
0.059499882
-0.055610999
0.07626234
-0.022320105
0.027799271
0.074527517
0.040501826
0.02628069
-0.043762859
0.048728533
-0.087733187
0.057420827
-0.046782114
-0.0050462158
-0.081307538
-0.056084778
-0.089420997
0.077649891
-0.18002065
-0.031311296
0.026842766
-0.002633814
0.046469271
0.036768794
0.1095012
-0.038508918
0.052738979
0.052416045
0.064518154
-0.033106573
0.0094646821
0.033570834
0.03962614
-0.042506818
-0.10755953
0.1629194
-0.11808077
-0.015465911
0.063459523
-0.22559616
0.076649278
0.0028074745
0.011909005
0.037402019
-0.068402395
-0.035866164
0.087550774
-0.014203761
-0.034451704
0.018806497
0.018066626
0.077330537
0.056753088
0.024682872
-0.093911469
-0.033660162
0.045227312
0.017731961
0.067437544
-0.028240291
0.036342245
-0.019540811
0.039261643
-0.057478327
0.090309225
0.039521061
0.10462181
0.057404917
0.022312786
0.039364625
0.0061675669
0.021452388
-0.031774584
0.085349277
0.10370398
0.099615768
0.014043231
0.0082995286
0.010714476
-0.016278125
-0.042482588
-0.051207084
0.084661305
0.027279872
0.015960028
-0.01378562
-0.038520917
0.066138215
0.046149433
0.031178607
0.14086822
0.027077645
-0.053672586
-0.077278681
-0.08469034
-0.058904361
0.096030332
-0.11799145
0.008563987
-0.035671599
0.022654053
0.013196933
0.1140722
0.08372578
-0.022061432
-0.023760729
-0.042704251
-0.02436782
-0.035889879
0.0040956195
0.089775354
0.03632478
-0.014266502
-0.032857075
0.00095909426
0.078377083
0.011450631
-0.102287
-0.027922349
0.090236127
0.041294593
-0.056280591
0.072754309
0.027863106
0.071469903
0.075984977
0.068094328
-0.08751969
-0.048301823
0.049888
-0.072021104
-0.04993571
-0.050737444
0.034330223
0.091269523
-0.029529754
0.050607551
0.12627368
-0.018985573
-0.095634714
-0.085137658
-0.12858579
-0.090451695
0.053819705
-0.0050011375
0.0061858771
-0.019685868
-0.070352137
-0.0022388764
0.063603394
0.094889536
-0.033986755
0.07203804
0.026372591
0.017354511
0.016250858
0.13564606
0.1161342
0.084217682
0.046748023
0.034742262
-0.069238998
-0.13915554
0.090788811
0.093568645
-0.006777762
-0.036386598
-0.1092987
-0.056332275
-0.016848059
-0.083279058
0.0237399
-0.0085654184
-0.079336524
-0.058660973
-0.00054722192
-0.046398632
-0.010444621
0.10866097
-0.027896363
0.0082061561
-0.0033019979
0.010422621
0.037775066
0.022217315
0.031834673
0.038274188
-0.046400812
0.09604574
-0.016822217
-0.010786171
0.10014847
-0.069410987
0.073149905
0.054432612
-0.033353716
0.053989638
0.09252996
0.01033524
-0.03091329
0.055954412
0.0044124471
0.037541624
0.0052178213
-0.061872471
0.099479064
-0.01259119
-0.069679156
-0.055802822
-0.014452082
-0.089424178
0.10602494
0.069286712
-0.048280776
-0.041143872
0.018757977
0.036934782
0.021366401
0.081881918
0.015962146
-0.006988368
-0.048320465
-0.050028928
-0.041978884
-0.035795107
0.013596497
0.038897105
0.035548884
-0.009978923
-0.031168435
0.086828746
-0.0023182449
-0.044839505
-0.015962202
-0.018442787
-0.067400791
0.064430006
-0.031288072
-0.057165023
0.034898557
0.058556128
-0.05287151
-0.013088315
0.096477136
-0.046935424
0.059365604
0.06188212
0.054114942
0.10767362
-0.035898477
0.030240824
0.080734447
0.022882387
-0.045213833
0.11684212
0.090053581
-0.035253536
0.05382416
-0.12920891
0.02169936
0.095026486
-0.03450717
0.034941949
0.030063409
0.028231082
-0.04698877
-0.018380871
0.005241584
0.0147369
0.061167158
-0.045426138
0.064794049
-0.057519287
0.0018734558
0.058248453
-0.080995001
0.11200203
0.0068663829
-0.011631089
-0.036599718
0.021342341
-0.068578653
-0.17993535
-0.0087031955
0.032599814
0.091160335
-0.017312471
-0.11072526
-0.094060913
-0.1047437
-0.0725656
0.042835992
-0.020087847
0.070319496
-0.078029677
0.071089424
-0.083336346
0.0038583386
-0.034306206
-0.025046302
-0.092366003
0.050217256
-0.13977188
0.0065754661
0.026797807
-0.036665361
0.11154131
0.099181913
-0.099991724
0.081111051
0.055658486
0.0075598983
0.052843735
0.010699147
-0.095581412
-0.039364714
0.064271696
0.12126736
0.064126924
-0.0048206481
0.05052733
0.061708074
0.052340813
-0.16658805
-0.090465412
-0.038831264
-0.076107696
0.013333968
0.11074487
0.080212519
0.017236669
-0.13287207
-0.014033565
-0.036694765
-0.015218073
-0.059897851
0.029810285
0.0070665516
-0.096297726
-0.010370166
-0.028460292
-0.012110693
0.002636459
-0.042642448
-0.029459648
-0.032208443
0.0081850644
0.0079546552
0.046052258
-0.010205703
-0.025817214
0.0062812841
-0.052537303
0.018224278
0.034180533
0.091363251
0.10918956
0.01608807
-0.055111092
-0.078942969
-0.0013646688
0.03960751
-0.020759899
-0.0038292501
0.034438256
0.041194607
-0.025630048
-0.1287055
0.0078283725
-0.012255251
0.13391453
0.0072960206
-0.082288183
0.094220266
0.077586666
-0.018208209
0.065791763
-0.058838882
0.047070492
-0.024173325
0.014604024
0.081282601
-0.055908855
-0.062962741
0.040372413
0.083456844
-0.07215555
0.070349954
0.02913966
0.17801709
0.027899642
-0.046113405
0.081249617
0.042748883
-0.0040943599
-0.014752496
0.11410026
0.10904289
0.071618512
0.016971298
-0.058789819
-0.15041886
0.089750245
-0.1090147
0.084489107
0.1102338
-0.020001328
-0.080656767
0.077817447
0.094442822
0.034490149
0.090738885
0.038753655
0.012052049
-0.0061391657
0.054945808
-0.03207263
-0.022013823
-0.094987564
-0.0045600021
0.0045684357
0.1166715
0.063668102
-0.051170029
0.040172875
0.013390756
0.071558163
-0.024867505
0.0023521683
-0.039532837
0.042575318
0.032859892
-0.065048903
-0.018419435
0.010342949
0.029084224
-0.12527446
0.035046667
-0.044140011
-0.054990597
0.10996309
0.010580835
0.012602584
-0.052783098
-0.015089625
-0.077474579
-0.057822652
-0.013930167
0.10245305
0.021402529
-0.038062721
-0.00028857106
0.050740752
-0.0026035297
0.1047307
-0.069197863
0.11304934
0.10259828
-0.13010417
0.032346692
0.0912567
-0.043551046
0.068782978
0.043764804
-0.075990789
0.058421746
0.094303094
-0.060315937
-0.077853851
-0.089385346
0.0049600992
0.058077242
0.010507199
-0.067338251
0.024052907
0.0072967061
-0.032633573
0.011720547
-0.013765214
-0.077611953
0.14355008
0.093988456
0.097353414
-0.091754146
0.023937555
-0.035924215
0.1333029
0.015115457
0.010722644
-0.016206466
0.063015662
0.068470582
0.032886561
0.048845015
0.037822522
0.075642549
-0.0062186425
-0.047316685
0.054376617
0.0011040592
0.013324982
-0.025940169
-0.070988812
-0.077498898
-0.019858286
-0.053927675
-0.07096453
-0.033367295
-0.07439737
-0.15525626
-0.15602022
0.060677756
-0.060949784
0.0055523822
-0.074611932
-0.1124245
0.059322841
-0.03137175
0.039872773
0.037881471
0.014056807
-0.0033504786
-0.10787898
0.013857351
0.088158496
-0.019218408
-0.038157739
-0.030426174
-0.051531896
0.13119844
-0.0089729019
-0.0077024442
-0.042838376
-0.061740197
0.060698006
0.064754583
0.035020743
0.059094246
-0.045774531
0.08889275
0.050464161
0.09417437
-0.052910078
0.047051538
0.1130889
-0.064826682
-0.13041307
0.085087389
-0.014137293
-0.12142191
-0.066681825
-0.0015837073
0.084835254
0.00087763695
-0.039131682
-0.072617024
-0.030817723
-0.13887618
-0.037128955
0.011513014
-0.074186027
0.023555247
-0.04205364
0.07948149
-0.10943255
-0.059466273
0.039055955
-0.028464984
-0.06110378
0.09170638
0.057568002
-0.052098807
0.099075802
0.065987274
0.075613074
-0.049590293
0.024166301
0.056462765
0.043654699
0.026419314
-0.05341411
-0.0123456
-0.010498311
-0.032235608
0.069483884
-0.073453762
0.16355893
0.026682511
-0.002089998
0.09605962
-0.099322669
-0.058899697
-0.11880492
-0.020459013
-0.059158918
0.095622927
0.012262967
0.10726746
-0.085662059
0.12501006
-0.052355055
0.15534095
0.050095562
0.045522451
0.016757032
0.080663696
-0.10329472
0.067022145
0.073199779
-0.1096056
-0.055467747
-0.028481865
-0.0089919651
-0.076379336
0.043887001
-0.068395212
-0.06929256
-0.0057684076
0.043606803
-0.10634672
0.024699703
0.092507526
-0.077012889
0.008161867
0.082400575
-0.034154177
-0.0063260929
0.049680047
0.016771041
0.010807316
0.025665237
0.054611009
0.13891761
-0.078240283
0.035746515
0.11505564
0.084497206
0.079777196
0.10856836
0.063426867
0.02373942
-0.014689393
-0.045587927
-0.014099651
0.080281019
0.044703282
0.073759332
0.042628486
0.023283154
-0.044932939
-0.00895664
-0.0028148158
-0.0029043099
0.070622802
-0.043877937
-0.033803094
-0.024339899
-0.021989975
-0.08318802
0.013728716
-0.044894125
0.070954561
0.026469741
-0.044365093
0.014230381
-0.043036304
-0.102187
0.078655265
-0.033038273
-0.04622243
-0.057077121
0.0015135834
-0.022060702
-0.10591982
-0.071528234
0.097835205
-0.037506305
0.0081097437
-0.039707918
0.053403493
0.072802171
0.020887284
-0.029752005
-0.019019172
-0.051551294
0.021524966
0.0067330888
0.034048889
0.039738372
-0.041447543
-0.035887588
0.10589719
-0.11255915
0.077836089
-0.075407922
0.11324452
0.034463115
0.0718887
0.073557161
-0.02625378
0.039823927
0.053867619
-0.067911014
0.051693004
0.027950397
0.031611137
-0.030548824
-0.13871385
0.017834052
0.064078756
-0.016586255
-0.056940004
0.0072221067
0.062132869
0.047521278
-0.11244185
0.10328302
-0.042211246
0.026913095
0.043431882
0.009127507
0.04378137
-0.019532522
-0.016750807
-0.1069207
-0.066245645
-0.051888496
0.049213044
0.073649608
-0.099986754
-0.00077526458
-0.027276771
-0.012031635
0.060102716
-0.044092387
0.10453464
-0.0088846581
-0.063607089
0.077861823
0.023196053
0.11728133
-0.019153701
0.011134706
-0.020640282
-0.049996894
-0.015576986
0.020245833
-0.0577133
-0.031525601
0.059470475
0.050907824
-0.060780142
0.041386764
-0.032353386
0.09269876
0.069173299
-0.1141987
0.095564492
-0.0069758259
0.10413864
-0.014642952
0.030792609
0.05097656
0.0086616836
0.095861904
0.038839813
-0.050415013
0.068019129
-0.078742407
-0.0065138913
0.078965418
0.080341987
0.019575354
-0.13638961
-0.046665318
-0.071097404
-0.044116188
0.067907482
0.059066486
-0.036629677
0.086550429
-0.11135694
0.039352059
-0.044735841
0.12122275
0.016065432
0.084470488
-0.077163108
0.021547753
0.041142151
0.04470434
-0.0089082727
-0.06334082
-0.10536987
-0.022295006
-0.035018217
0.047950704
0.094785213
0.01413932
-0.023654111
0.015502599
0.0088769477
0.18857633
-0.026833119
0.07340762
-0.073385365
-0.053384878
0.067567743
-0.043078031
-0.037001375
-0.024354119
0.023257969
0.052938558
0.059101783
0.037361164
-0.036419388
0.014369609
0.043318588
0.08168707
-0.10170285
0.035980202
0.078840934
-0.029151278
-0.0042836606
0.050481971
-0.027108138
-0.029306572
0.088321678
-0.021546151
-0.046943352
-0.11292851
-0.012880484
0.10135885
-0.0013610143
0.10800909
-0.0098494198
0.032368589
0.041730776
0.017381184
-0.085038766
-0.096455581
0.094949052
0.069347054
0.072295457
0.11015211
-0.044787012
0.014728409
0.07647723
0.019456971
0.076498657
-0.04345141
-0.11816919
-0.037847959
0.020194065
-0.067822546
-0.081200823
0.00047200444
0.014632748
-0.10735902
0.021278996
-0.038923603
-0.0077682305
0.023175795
-0.041959826
0.051840946
-0.03337764
-0.083705202
0.12653588
-0.037430998
0.090997934
-0.017084008
-0.038603574
-0.0061451853
-0.011784513
-0.04356942
-0.11157108
0.035169303
-0.048438802
0.0090251463
0.030117152
-0.013085593
0.097562045
0.08442729
0.042169463
0.13232841
-0.084745131
-0.058866508
-0.050793402
0.049883142
-0.064601667
0.01191333
-0.062342212
0.034214992
-0.010926626
-0.041710064
0.024526522
-0.050790012
-0.0090803141
0.037892986
-0.097880401
0.045188222
-0.045741562
0.17075014
0.0014652461
0.015056705
-0.068506509
-0.11925173
0.047982361
-0.0045303404
-0.036989555
-0.06674853
0.018300654
-0.12811457
0.018770924
0.024800947
-0.019738568
-0.029811872
0.026016664
-0.04424835
0.099123597
0.024471851
-0.041038942
-0.14012551
-0.00086586119
-0.077679008
-0.056461763
0.012428633
-0.14747754
0.0098444801
-0.048703942
0.042456754
-0.065479405
0.079785578
-0.044246189
-0.069930129
0.010640102
0.037858047
-0.038134057
0.013460722
-0.061582547
-0.071465962
0.028639989
-0.060449068
0.029485159
0.029838325
0.0074528796
-0.036841691
0.030947061
0.02980349
0.086445801
-0.049762532
-0.011360656
-0.0094996374
-0.013197082
0.064769424
0.013615153
-0.061431617
0.10582123
0.016786711
-0.014410368
0.031280395
-0.0055243075
-0.011780458
-0.024336698
-0.097851992
0.10000313
-0.011007741
-0.036188267
-0.016263545
-0.027137572
-0.001680864
0.04301367
0.0076001473
0.095882781
-0.012498287
0.058481734
0.064479344
0.023053065
0.0022775761
0.050522752
-0.054193761
0.052265201
0.027430858
0.11978426
-0.013078006
0.0035773204
-0.016308391
-0.0058234814
-0.0040042684
0.062115192
-0.059992287
0.062917396
-0.075554289
-0.10385621
-0.037955061
0.060897261
0.0055477256
-0.0059956564
-0.1093047
0.014020876
-0.0084927799
0.013394026
0.10942195
0.060191862
-0.089772217
0.12722825
0.098541923
0.032739319
0.011625083
-0.003301173
0.073935501
-0.078139193
-0.079396881
0.044195324
0.02921655
-0.026391564
0.046182968
-0.045165733
-0.0090783769
-0.016473649
0.05173048
0.064726733
-0.0033973809
0.069391087
-0.080554701
0.0057683624
-0.19641405
0.04445089
-0.0084791891
-0.015715847
-0.023530116
0.044989023
-0.0099765733
-0.052758705
0.065147042
0.091374926
0.038124219
-0.030826492
-0.011917172
0.064614214
0.085250996
-0.070042558
-0.0099021252
-0.10030952
0.059171818
0.0039150096
0.053505499
-0.07319051
-0.10980649
-0.0092567969
0.0088265156
0.10438167
0.093330257
0.066674218
0.038859364
0.0046451027
-0.020809356
-0.055854384
0.066714972
-0.016708177
0.053068306
0.10028843
-0.12397017
0.014762939
0.015675461
-0.034915764
0.058339179
0.016167153
-0.063598797
-0.026697455
-0.15311354
0.029766621
0.021699259
0.049763139
0.10036218
0.011473367
-0.068299264
0.04031368
0.0099374307
0.039168388
0.070526175
-0.023280688
-0.076375067
0.022285534
0.065116949
0.070580795
-0.11811874
0.061158974
0.010370402
-0.031131098
-0.02808355
-0.058734857
-0.061782021
0.017458552
0.028048426
-0.020531753
0.07229308
0.063259907
0.035381854
0.047475971
0.065220162
0.056424879
-0.015337811
-0.029341539
-0.022829663
0.0916567
-0.084636301
0.030658912
-0.019407224
0.0014904264
-0.044554006
0.0057463842
0.050249975
0.025400111
0.011826433
-0.040988147
0.025099758
0.055590067
-0.00029701955
-0.01684558
-0.0027968145
0.064145878
0.009063812
0.083829686
0.034496784
0.026576044
-0.025980076
-0.0043957434
0.028985232
0.026709514
0.0019344697
-0.0087054316
0.019924503
0.11263702
-0.047637951
-0.060370158
-0.036390051
0.072469011
0.14349376
-0.041090738
0.044124801
-0.070318237
-0.021995761
0.071633138
0.048216224
-0.077767596
-0.056541804
0.031355962
-0.033883527
0.091130011
-0.055066224
0.044014242
-0.064951189
0.027389899
-0.003065615
0.01744228
0.031173315
-0.11002846
-0.032915551
-0.011373287
0.13899752
-0.030595211
-0.0026007618
0.058336586
-0.0018865394
-0.032788899
0.092445433
0.084870145
-0.094432332
0.046014361
0.094989404
0.044777002
-0.12881869
-0.14133117
0.1334462
0.10911907
-0.13467376
-0.0628656
0.044956207
-0.059018727
0.044262905
-0.029124595
0.049863465
0.045359395
0.038498506
-0.0056447503
0.08077766
0.015554744
0.087003902
-0.028484773
-0.04070862
0.008400376
0.036470018
0.049158588
0.045661248
-0.09330143
-0.026357349
0.020142468
-0.039182149
-0.020973779
-0.057452623
-0.097663462
-0.048105985
-0.00602601
0.054817826
0.085829861
0.010650945
-0.0098105613
0.013626365
-0.010835461
-0.016248159
0.074110173
0.030919915
0.12515065
-0.0014556118
0.0052865222
0.055705376
0.054248564
0.097370051
-0.0071288617
-0.050657339
0.059593003
-0.072392546
0.10509466
-0.074898705
-0.0031910148
0.010324799
0.12580803
0.037956141
0.11619163
-0.042766847
-0.0077483156
-0.045657307
-0.047245301
0.096010141
-0.059876956
-0.013926064
0.016006924
0.024715152
0.031782068
-0.11242796
-0.049182195
-0.016391642
0.016902274
0.081979424
-0.037574824
-0.004874357
0.020395583
-0.038721271
-0.10276785
-0.037375953
0.022597363
0.0058215423
0.015253135
-0.10863347
0.039193325
0.014027871
0.055386145
0.065763973
-0.077993095
-0.012662558
0.035954893
0.0054723048
-0.042823538
0.087604478
0.079004705
-0.038869429
-0.083438493
0.039181489
-0.063670807
0.0026665919
0.01545254
0.060470343
-0.0040489468
-0.05255783
-0.049277473
0.07204324
0.12058506
0.10218679
0.065777846
0.061165068
0.035587009
0.032425549
0.054360997
-0.017920619
-0.10529973
-0.039502539
0.041937906
-0.14290576
-0.015631199
0.033899892
-0.022747202
0.046432771
0.00060452911
0.028330687
-0.011368281
-0.039484058
0.078291707
0.074867338
0.072956726
-0.075056285
0.028222969
0.074799642
0.037227347
0.044228811
0.025280802
0.072192885
-0.065380596
-0.1536655
-0.12067212
-0.098757714
0.093353093
-0.048637174
-0.023073856
0.038324181
-0.005818286
0.075764827
0.042227753
0.046992175
0.057592802
0.0069522387
-0.0099587571
-0.054618273
0.12206484
0.043401942
0.045733579
0.045381743
-0.029805705
0.00068038661
-0.071850523
-0.020445066
0.068024397
0.14187142
0.11442967
0.0032437611
-0.14943273
-0.049772948
0.10501032
0.12882473
-0.038692959
0.056041662
0.010138019
0.021137806
0.015254031
-0.0078478549
0.038938213
-0.098515511
0.07253436
-0.10831635
0.014911178
0.03909485
0.11393356
-0.093744367
-0.053386457
0.096136101
0.0080771921
-0.037735
-0.0061823116
-0.03737789
0.063426465
-0.034298133
-0.038643196
0.055388976
-0.120258
0.10830544
0.053486619
-0.054878458
0.08334861
-0.11533428
0.048725601
0.11197633
0.12781933
-0.041612554
0.075563982
0.068458699
0.05103929
-0.08395604
-0.06315247
0.042910978
-0.11213777
-0.010285586
-0.0045478861
0.00026208945
0.066246428
0.056489814
0.10471322
0.091115393
-0.061427753
-0.064626016
-0.023076
0.020811619
-0.086370736
0.062999703
-0.022232722
-0.074160121
-0.026237391
-0.045283739
0.1024161
-0.023366125
-0.052584019
-0.041848589
0.039826058
0.018848004
-0.031692479
-0.071556158
-0.035776388
-0.019013984
0.10227399
0.024562204
0.06828282
0.076130606
-0.10587736
0.056210972
0.090384454
-0.10054378
0.0037937036
0.035585463
-0.040406082
-0.00065472501
-0.13971561
0.1118793
-0.0069548492
0.057063829
-0.043301586
0.047246329
-0.038281254
-0.078799643
0.05799637
0.064018726
0.035368107
-0.028176522
-0.029163983
0.047202263
0.041108076
-0.055366561
-0.01039084
-0.061866954
0.016712783
-0.04408722
0.051927917
0.073228635
-0.0036111649
-0.050163958
-0.04617998
0.023460388
0.015599588
-0.0069550392
0.051769558
0.086874045
-0.040453315
-0.13631368
-0.042163502
0.13226515
0.027071338
0.054395709
-0.009042264
-0.01148035
0.027157798
-0.11562648
0.10486934
0.024010012
0.04460362
0.075335197
0.078629017
-0.011842658
0.10164887
-0.062391281
-0.061820883
0.075959876
-0.076216251
-0.040062409
0.072194867
0.05171841
0.0402942
-0.014696582
-0.057626739
0.010579977
-0.089940697
0.1194397
-0.011407571
0.061287407
0.0020856117
0.01496707
-0.041361645
-0.024329858
-0.033569515
0.01546686
-0.088433981
0.017324103
0.041910008
-0.026826266
-0.032266814
0.060704432
0.054454207
-0.060786754
-0.081905007
0.053591628
0.032354672
-0.021290671
-0.072804451
-0.10067119
0.072202712
0.048274219
-0.00071810861
-0.062704325
-0.042204365
0.010553805
-0.083779573
0.016974946
0.011142928
0.056590367
-0.059327029
-0.017232291
0.037874497
-0.024862932
0.015788009
-0.0077318833
0.059842616
-0.057775777
0.0098260567
0.065139718
-0.045689672
-0.04475287
0.07067696
-0.022329777
0.042819597
0.011295876
-0.11085045
0.01366731
0.1047016
0.012975995
0.096963584
0.078040749
-0.072303161
-0.039805323
0.06148072
-0.068970919
0.097432032
-0.043382861
-0.023637464
0.0030026927
-0.046035357
0.026290717
0.06938979
0.11325637
0.048566159
0.029743899
-0.079116412
0.055212885
0.032601636
-0.0426898
-0.022616686
0.069991238
-0.033288423
-0.026873788
-0.030780798
0.023916736
-0.014949453
0.056294851
0.05167168
-0.0098030167
0.015000563
0.044763274
-0.061186776
0.097754389
0.027590953
0.015891511
-0.10292339
0.049802817
-0.093796723
-0.079328947
0.0043308516
0.10529871
0.0030360103
-0.047977045
0.11762004
-0.10189252
0.08237382
0.061172582
-0.028264536
-0.077073984
-0.059841361
-0.080046207
0.07255704
-0.015586231
-0.035024714
0.092625245
0.054955978
0.035984557
0.014915327
0.055711601
0.014073204
0.087238282
-0.0018201179
0.025473449
-0.05674335
-0.012537498
-0.02348602
-0.026214048
-0.032839932
0.064256229
0.04545293
0.021698145
-0.011139086
0.026083073
-0.053214915
-0.019248094
-0.030923242
-0.0042657666
-0.023667919
-0.0011126796
-0.042542953
-0.040920991
-0.076168284
-0.088208452
-0.083184861
-0.080848806
-0.071063481
0.059098374
0.081762709
-0.023722745
0.088678084
0.017276734
-0.048280295
-0.08588516
0.044286966
0.0092399931
-0.028768783
0.053626586
0.025902444
0.035671514
-0.037852753
0.0016459583
0.012128834
-0.047930442
0.025243964
0.094039612
0.0020467916
-0.0047003641
-0.045627631
0.092249461
-0.075297356
0.063120715
0.0056164037
-0.026429253
-0.051826552
-0.08308024
-0.1592797
-0.022366252
0.024631068
-0.028486943
0.055624481
0.016468555
-0.054043394
0.013666124
0.089350909
0.08906012
-0.079384372
0.0003670188
0.076822236
-0.051631469
0.07794147
0.09963274
0.17434296
0.042807978
-0.016674297
-0.001029747
0.14638896
0.050998881
0.082477927
0.033127554
-0.014537577
-0.017893353
0.024526913
0.015298788
0.094920553
0.040428545
-0.0044312966
-0.026671097
-0.13358088
-0.022971183
-0.049605142
-0.12206896
0.08314281
-0.11598357
0.047371034
0.022169961
0.032659713
0.072817683
0.083653025
0.054507464
-0.061746731
-0.052399289
-0.089989088
-0.096560739
0.0651417
-0.0011746895
0.024087239
-0.11600177
-0.058243021
-0.15128598
0.063454539
0.065462939
-0.037970342
-0.014243236
0.0090054506
0.059821565
0.095954552
-0.0050052814
0.049472347
0.02002698
-0.020874023
0.020038849
-0.055727776
-0.030824201
0.073314406
0.0031631764
0.018682105
-0.050053019
-0.0016268517
-0.040420692
0.078415155
0.020285381
0.069165096
-0.081330135
0.014308932
0.10636602
0.015361577
0.1108871
-0.15063943
0.00027635184
0.095552288
-0.0031888122
0.12249689
0.0079418141
-0.01712428
-0.10015848
0.012441345
-0.013359884
0.001695211
0.075751983
0.086440437
0.056954529
-0.072353691
-0.048390519
0.034751587
-0.049974877
0.00031448391
0.12961064
-0.16239811
0.095537812
-0.077186473
-0.031073403
0.061101288
0.027764661
-0.16952357
-0.0090151774
-0.053998999
0.048675086
0.054177344
-0.044443566
-0.029324703
0.015725737
-0.099746898
-0.027433123
0.061359838
-0.068580791
0.032843608
-0.013557863
-0.0095340433
0.04343364
-0.03571517
-0.070833184
-0.050844524
0.0011876181
0.11836885
-0.10663866
0.018067501
-0.024004705
0.044691693
0.069943309
0.032417387
-0.014966682
0.12585501
-0.090620168
-0.020007363
0.079100005
0.13162293
0.12548329
0.1401463
0.035031632
-0.057963818
-0.020458901
0.032670263
0.0098508364
-0.088381462
-0.084836021
0.0052086101
-0.018764643
0.047778137
0.032689627
0.016250893
0.08490286
-0.035979465
0.068346687
-0.054661904
0.016772801
-0.044219397
0.025630245
-0.090952985
-0.14984269
0.12026649
0.089268208
-0.077205241
0.1031968
0.067493297
0.014377736
0.070763513
-0.049651936
-0.058022529
0.067091264
0.091281369
-0.056344625
0.012415618
-0.02670254
-0.022428699
-0.052590139
0.096169643
0.026016833
0.06748078
0.081731513
-0.060389418
0.11664166
0.016129469
0.072788946
-0.087971024
-0.054859303
-0.064725161
-0.0084234476
0.062640555
-0.015602718
0.028033318
-0.028913587
-0.01265659
-0.0087279808
-0.095207058
0.0021470061
-0.018744742
-0.087134659
0.0067302384
-0.041039884
0.071379855
0.12010518
-0.016963547
0.099974237
-0.0067673381
0.05941835
-0.114312
-0.014980447
0.0086832335
-0.04732544
-0.026989164
0.030939002
0.023819117
0.012720502
0.0021153016
-0.042595048
-0.070347182
-0.052892502
-0.0029027967
-0.054397419
-0.029649777
-0.080530815
-0.022143165
0.0017863268
0.14078933
0.069723152
0.076279551
-0.0062515521
-0.061195649
-0.090217181
0.035712797
-0.010688288
-0.069847591
-0.044625212
-0.0032281205
0.041073535
0.049220398
0.096620865
-0.0066395761
0.094415031
-0.060182896
-0.065604672
-0.013148817
0.039796859
0.048056539
0.092029467
-0.042901322
-0.11435092
-0.034776293
-0.060837984
0.010667247
0.071491197
-0.044836175
0.051674411
-0.13809809
-0.077701814
0.074725755
-0.064268932
0.033358242
-0.040842917
0.082700565
0.013970111
0.073077634
0.054319225
0.092042178
0.11924767
-0.034298107
0.04134582
-0.054310907
-0.018636489
0.080136158
-0.097367436
0.0827059
-0.027774038
0.0092952428
0.062153183
-0.066905662
0.10804281
0.088262945
-0.0010467297
0.059333559
-0.018650845
0.042473689
0.076438598
0.098241188
-0.05755382
-0.064228311
0.024989104
-0.074864984
-0.093828827
-0.027660416
0.074543364
-0.00055853481
-0.063997649
-0.043241616
0.0088933157
0.075309224
0.038103878
-0.079450011
-0.0052339104
-0.045771439
-0.033849098
-0.029457375
0.059312947
-0.038488921
0.10162497
-0.019576466
-0.08158543
0.0063621514
-0.042049926
0.066492483
0.00075115805
0.048455007
-0.11184105
-0.079635479
-0.062693678
0.061822604
-0.0093940776
-0.049251933
0.044169646
-0.09404067
-0.017585265
0.03779294
0.043032043
0.092218742
0.047757309
-0.054271385
0.048687581
0.067217745
0.034496836
0.10509822
-0.071327239
0.034383982
0.09143462
0.11014562
0.03513721
0.04443593
0.012507748
0.018900409
0.0068655228
-0.024670847
-0.068752185
-0.071865298
-0.12988895
0.064581051
0.020227237
0.11021683
0.13997118
0.044609774
-0.061071992
-0.06540934
-0.017914619
-0.065878235
-0.072616108
-0.043629169
0.024798643
-0.00014234419
0.011089984
-0.085168369
-0.046708211
0.10145452
-0.018450461
0.024289446
0.031269021
0.068976879
0.072447255
-0.014820275
0.095775984
-0.01343718
-0.020177031
-0.12201554
-0.00043085104
-0.084310234
0.042667709
-0.049632415
0.12001371
0.09250512
0.071712166
0.13439038
-0.010845133
0.0041687652
-0.033648506
0.10025388
0.10466163
0.027968926
-0.049456697
-0.078049965
0.026463993
0.038528536
-0.0026473952
-0.01800541
-0.012939391
-0.06213503
0.011677233
0.012001527
-0.084630437
0.038899336
-0.052994944
-0.028999308
-0.020838693
-0.082174331
0.0013034221
-0.081747696
0.040276244
-0.034641065
0.13701867
-0.016654482
0.082972594
0.032558154
0.049077313
0.044371042
0.06414073
0.07373932
0.040334575
0.057058092
-0.11018707
0.026258547
-0.0023129317
-0.096874349
0.085416324
0.068266034
0.044442285
-0.11303096
0.0078290692
0.062189776
0.029450024
-0.037001342
0.10495338
-0.02000686
0.060219381
-0.11320446
0.076560006
0.034270134
0.0018903069
-0.036206298
-0.10406028
-0.0063424078
-0.023755141
-0.04010611
0.058029678
-0.090150617
-0.010064732
0.048794892
-0.10051682
0.027571682
0.004945803
0.037560526
0.056049887
0.019010819
0.035116684
0.054769058
0.086738832
0.13075797
0.033328269
-0.0066728774
-0.05624003
-0.033461589
0.08516515
0.013538145
-0.043512262
0.08211682
-0.017770117
0.028506663
0.0091227572
-0.10682641
0.0099065509
-0.039723579
-0.020061811
-0.032157101
-0.051316191
0.053530261
-0.035863224
0.066109739
0.075311385
0.018147916
0.06320902
0.029830981
-0.039924864
0.021571325
0.049957469
0.066828683
0.015187924
-0.049915984
-0.0054394808
0.036906555
0.032618575
-0.069499567
-0.089294381
0.036364153
0.011157025
0.059499834
-0.056468271
0.094388016
0.056508519
-0.030420722
0.064292356
0.088141188
0.012830721
0.048301291
-0.1026425
-0.074140564
0.016336134
-0.06606178
0.034315851
-0.07098788
0.022434004
0.095788054
-0.074488699
-0.065561995
-0.035702422
0.058985833
0.0072841798
0.022618461
-0.013341975
-0.030704381
-0.092629768
0.094511613
-0.025946481
-0.0076760324
0.047497354
0.044480618
0.10296165
0.11755724
-0.037130769
-0.048570685
-0.042107411
-0.083642408
-0.075118408
0.032785729
0.063943774
-0.10111336
0.15069157
-0.084584065
-0.14013253
0.11701548
-0.028346395
0.11369392
0.014058283
0.17343685
0.060092941
0.14865421
-0.049196452
0.013381703
0.013783592
-0.033760082
-0.038589131
0.20136383
-0.027739353
0.1745083
-0.074679308
0.12172746
0.12446298
-0.04075994
0.013710596
-0.19045067
-0.022958267
0.15390363
-0.051977154
0.071251057
-0.032380335
0.098135702
0.0082671251
0.0015241952
0.15142624
0.12001321
-0.038188796
0.040196031
0.21025252
0.25488347
-0.0039645457
-0.036436062
-0.019820366
0.083547264
-0.16176118
-0.10459999
-0.021112725
0.059060723
-0.0021758308
0.0902647
-0.12929326
-0.16249916
0.072526529
0.14008948
0.081174381
0.10154708
-0.03129087
0.017520308
0.090968855
-0.11968709
0.1702885
0.095751643
-0.032341674
0.16934042
0.031715561
0.028940899
-0.022200713
0.081136391
0.039181188
0.075000703
-0.2133572
0.033596404
-0.050273258
0.033216633
-0.0072065801
0.053040199
0.098246172
0.057414532
-0.025215248
-0.029421723
-0.00075369055
-0.05323825
0.12082193
-0.025055176
0.076003417
0.013562969
0.12721974
-0.15772861
0.11713547
-0.092947826
-0.0393412
-0.021802377
-0.015673148
0.099320434
-0.090353459
-0.16471408
-0.023755556
-0.048675928
0.023328226
0.12088816
-0.091759957
-0.035379849
0.15826049
0.079996802
-0.058634244
-0.015755687
0.07137318
0.035059419
-0.084182747
-0.096589178
-0.098404706
0.11863771
-0.15698269
-0.018843303
0.04236763
0.18999819
-0.11415159
-0.062009819
-0.048420224
0.1705243
0.029333726
-0.16711691
0.019709902
-0.043257523
0.00032058134
0.081520639
-0.0048911232
0.0078437962
0.0013191644
0.030799059
0.034963936
0.030606642
0.0017676696
0.039874736
-0.079736486
-0.019238625
0.010367925
-0.14765656
0.064739443
0.060849123
0.058526378
0.067351021
-0.004788484
-0.094475418
-0.030347463
-0.078539349
0.039443478
-0.083354644
0.050784353
0.0094441297
-0.096492864
0.059602883
-0.0060484875
0.10245682
0.022088809
-0.0092069376
0.088279106
-0.062878251
0.11636182
0.11863991
0.13890953
-0.054587271
-0.067781284
0.081103712
-0.0068498533
-0.098183371
-0.11196468
0.055378925
0.16255762
-0.058626216
0.037738416
-0.03574447
-0.11637709
0.041644085
0.058928922
0.04853354
-0.0065377103
0.0095211351
0.043695334
0.0721443
-0.030905902
0.059784822
-0.058196884
-0.02781819
-0.013931429
-0.085153259
-0.074496903
0.044832397
0.065521643
0.05558322
0.081705123
0.034492835
0.065267734
-0.10708875
0.027254725
-0.092754327
0.0011725957
0.020738347
0.10087051
0.068676323
0.045010265
-0.06373883
-0.024089774
-0.028846005
-0.090859123
0.064194925
-0.089505792
-0.05319681
-0.05346046
0.074085057
-0.050081722
0.06195857
-0.08723069
-0.0086398665
0.068849571
0.10617018
0.051537033
-0.096118927
-0.043162826
-0.077082023
0.042196769
-0.057862546
-0.064300537
0.04024747
-0.037895706
-0.12666294
-0.02213381
0.020653769
0.013275657
-0.014023587
0.042499077
-0.025516061
0.047856282
-0.015819382
-0.043376166
-0.11450196
0.0064393519
0.080541253
0.1035278
-0.032529023
0.05752125
-0.023084261
-0.074737348
0.025497038
0.010218052
-0.04937325
0.098738529
0.042770952
-0.011860018
0.073998407
0.034145389
0.017894508
0.111928
0.02404473
0.066110507
-0.04184185
0.029234866
-0.016257513
-0.16785648
0.085518517
-0.056426529
0.010298757
-0.061121542
0.024997363
0.11784672
-0.028386146
0.04527726
0.025120923
0.045158956
-0.020579863
-0.027167171
-0.055505004
0.046246927
0.0268992
-0.11590101
-0.0093617933
-0.049781531
-0.0096798111
0.067516573
0.060262937
0.019837592
-0.044967327
0.092446283
-0.05983948
0.017894389
0.030922886
0.065460965
-0.052550536
0.01530215
-0.054474268
-0.058326311
-0.049762562
0.024733949
0.048018683
-0.048535556
-0.056735139
-0.01738123
-0.035178632
0.11996134
-0.21031351
-0.025410857
0.15183912
-0.009040108
-0.065989785
-0.077257574
-0.0088240793
0.018008437
0.0089320103
-0.041696705
0.067578427
-0.043708764
-0.088803597
-0.007882732
-0.10340319
-0.0023425769
0.0099596204
-0.091054209
-0.0084533757
-0.0054680789
0.018361982
0.020019494
-0.045769494
0.085160486
0.022176115
-0.011499109
0.038786512
-0.03546622
-0.01120478
0.03651762
-0.18470207
-0.1340387
0.088315748
-0.073133811
-0.005161989
-0.040822692
-0.029887477
-0.0038832424
0.061432503
-0.026257688
0.077474311
-0.060339421
0.10323427
-0.046638876
-0.071655832
0.015625058
0.022898728
-0.088956505
-0.026604241
0.060711175
0.12968785
-0.061183054
0.044520557
-0.015474087
0.14508036
-0.0038855246
0.020672046
-0.061707258
0.032703858
-0.056146618
-0.059074804
0.07309936
0.036462467
0.0047854288
-0.035823453
0.012411781
-0.034696966
0.007167276
-0.021996917
-0.031831771
-0.0056681149
-0.060481228
-0.085282341
-0.0077156448
0.00085940858
-0.094234258
0.083167195
-0.0498337
-0.053803358
-0.095687225
-0.0090220105
-0.009819367
-0.014291835
0.026619157
-0.1319233
0.06803029
-0.087486207
0.042799722
0.041086785
-0.015320307
-0.079692453
0.010170106
-0.032049488
0.011573904
-0.0030402751
0.099961385
0.0034937758
-0.077816613
-0.01037911
-0.020614423
-0.035034817
0.069751248
-0.035465807
-0.0021619629
0.026582805
0.086094469
-0.061278317
-0.058267165
0.080997892
-0.083012469
0.029339492
-0.083812535
0.078659728
-0.034946553
-0.021245683
0.08198756
0.024715304
-0.076789685
0.0032157225
-0.02324089
0.024652092
0.059815828
-0.055485599
0.013799168
0.074006982
0.0042046439
0.076558046
0.023531267
0.021891138
-0.06130328
-0.00072080898
-0.092371196
0.094429672
0.048708975
-0.043494061
0.050344147
-0.01020724
0.048933543
0.023908194
-0.057830043
-0.072857745
0.0343091
-0.04505609
-0.032576609
0.043399144
-0.030169923
-0.030327149
-0.020417476
-0.091362432
0.046684325
-0.030555297
-0.022496281
-0.046512652
-0.012780058
-0.0021242285
0.022598403
-0.026533004
0.025174787
-0.00044739209
-0.02103954
-0.048633803
0.04661056
0.058833387
0.039796639
0.0037581022
0.065441884
0.062901787
-0.0030190989
-0.00080001034
0.09242668
0.017404748
-0.061586034
-0.060404085
0.011955879
0.079686828
0.068065993
-0.016441196
-0.072027132
-0.0318399
-0.033737846
0.0028657273
0.045517962
-0.054311257
-0.073722616
0.059470426
0.0071015772
0.10258553
0.024919393
0.060362976
0.065081038
0.087235093
0.011651479
0.041894052
0.07185404
0.052857149
0.081506021
-0.017933857
0.057229899
0.093738668
-0.049407627
-0.10976637
-0.024710476
0.11799097
-0.02520013
-0.010112284
0.0028136126
0.062445939
-0.08183641
0.0082200086
-0.045954846
0.10380858
0.085024282
0.13247317
-0.012582095
0.086881258
0.050468851
-0.064435281
0.074824452
0.078266256
0.068651237
-0.056941822
-0.042445038
0.099314712
0.18278329
-0.084172197
0.058017507
-0.082733564
0.076259591
0.093194656
-0.061479215
-0.0070098536
-0.019949736
0.025422813
-0.037888963
-0.090371959
0.051622193
-0.025118275
-0.12770404
0.073658749
0.075381406
0.038568985
-0.13190694
-0.047753382
0.19566727
-0.049328394
-0.019409794
-0.01208109
0.045633662
0.059929803
-0.023099562
0.041622538
-0.028061511
-0.00099605054
0.019909736
0.051292896
-0.020076204
0.017093334
0.0069550294
-0.065006576
-0.015209006
-0.10836326
-0.002919914
-0.055514738
0.045852706
0.0078675002
0.0081611108
-0.081786297
-0.045800351
0.082146898
-0.0063770022
-0.05771701
-0.047387328
0.091600634
-0.016725412
0.03263988
0.06367255
0.0039306465
-0.11858
0.0067265504
-0.010142513
0.0017396359
-0.15715468
-0.086297013
-0.074020475
0.072297797
-0.0013797191
0.013145006
0.071716323
0.030127604
0.024139941
-0.093134455
0.11793448
-0.11138104
-0.011340564
0.025854023
0.0043654386
-0.13697942
-0.022755312
-0.082030639
-0.062723435
-0.12275832
0.072636761
-0.091207765
-0.037041195
-0.076508537
-0.090716965
-0.0017324211
-0.034757003
0.026681285
-0.033041134
0.04269743
0.034554422
-0.049691174
0.036722846
0.11679819
-0.097736433
0.020941436
-0.043059338
0.042598937
0.011139316
0.077055253
0.0048101414
0.027710989
-0.032742389
-0.11397969
0.092775546
-0.0098952698
-0.032709792
-0.05465351
-0.11132145
-0.027657501
-0.063923657
-0.047062121
0.030156972
0.069319032
0.064426988
0.0040565506
-0.054029834
0.095823444
-0.1218889
0.04040261
-0.0057370649
-0.023767645
-0.078915499
0.12144393
-0.11027435
0.073484778
-0.094897181
-0.12920721
0.056024358
-0.040218953
-0.047029343
-0.0035928248
0.096652076
0.11551169
0.035426334
-0.047994263
-0.043735426
0.088642992
-0.084137283
-0.10221578
-0.0074437656
0.088776641
0.19328226
-0.047199234
0.07652238
0.06970574
-0.0044151121
0.090484813
0.056385655
0.006374592
0.074985869
-0.034253616
0.14485885
0.024750128
0.0019172938
0.036793534
-0.071498431
-0.023989163
-0.11952449
0.012483149
0.083248205
-0.059893034
0.095758051
-0.12840231
-0.09101364
0.039807525
0.12739703
-0.041912273
-0.13340801
-0.072003081
0.10314344
-0.08902479
0.013610977
0.0063716676
0.0056992248
-0.10403664
-0.051156506
-0.12258223
-0.049108233
0.14114773
-0.1664663
0.016131235
0.0033779386
0.015104567
0.069927491
-0.0020574837
0.002081959
-0.040020496
0.051850505
0.065270908
0.067336746
0.022961754
-0.082222842
0.069649965
-0.12454919
-0.078469291
-0.024108605
0.02757048
-0.037396654
-0.030158544
0.032778893
0.051134195
-0.19697376
0.038885638
-0.064784609
0.18474084
-0.005411291
0.020142663
-0.0064575747
-0.027671542
-0.039187171
0.063369632
0.0031621307
-0.0012243991
-0.061532985
0.0053949622
-0.044805769
0.054328144
-0.011865124
-0.065941058
-0.00087431859
-0.061641376
-0.058258463
-0.073450819
0.0074804104
-0.010294951
-0.09516371
0.060509056
-0.088489577
-0.054840833
0.019551054
0.034179211
-0.0082902834
0.067388453
0.050217509
-0.077819712
0.11130314
-0.10854408
0.048164334
-0.021096533
-0.04870211
0.028869029
0.0016984332
0.027545217
-0.046318062
-0.040893637
0.013735185
-0.05572914
-0.0097001335
-0.0082584992
-0.045241863
-0.053813733
0.011341956
0.047700949
-0.0036291599
-0.053138554
0.018798023
-0.065544538
-0.091918029
0.041543603
0.0081742248
0.015545806
0.028408499
0.029658044
0.05029998
-0.015959572
0.07468193
0.074146152
0.077952407
-0.049627196
-0.13075131
-0.075030498
0.066716038
-0.013069363
0.066124015
0.02716288
0.055372898
-0.095093548
0.01395383
0.067781195
-0.027055191
0.046414863
-0.15180507
-0.073519446
0.0021600581
0.085165627
-0.0073664598
-0.052932277
-0.057085279
0.048484884
-0.065076932
0.091270983
-0.038896263
0.032325048
-0.071555503
0.074018471
0.024797594
0.041643299
0.050841685
0.076422058
0.052525643
0.039152332
0.045135118
0.027021248
0.12365671
0.096349232
-0.035794087
-0.054731019
-0.043960981
0.048937149
0.020043356
-0.04693833
-0.058854207
-0.073867075
0.010559889
0.0031865982
-0.0536929
-0.042545911
0.036616314
0.024850661
-0.048348892
-0.044994809
-0.020923732
-0.030377373
-0.032232407
-0.097376108
0.037231423
0.018120693
-0.0059271543
0.003135839
0.030648256
0.047705725
-0.068514496
-0.048063401
0.0024135939
-0.022434203
-0.013675286
-0.084754758
0.068057381
0.057935335
-0.027659763
0.0099510755
0.027383434
0.042418845
0.029370198
0.010626183
-0.010691748
0.0039019131
0.084498927
0.025686147
-0.0051364405
-0.0054337098
-0.051414646
0.0037776288
0.088493802
-0.064701192
0.080712266
0.040081754
0.047782991
0.044351891
0.00049140601
0.02096406
-0.012180654
-0.0033676485
0.043222465
0.0099660754
-0.061978433
-0.002591206
0.099378645
0.036653828
0.064389311
-0.047335591
-0.045821164
-0.18678105
0.097308114
0.026874984
-0.016973114
0.17945346
0.24884321
-0.017063215
0.0045691454
0.070361748
0.04529386
-0.22157103
-0.076477319
-0.037764255
0.0055542011
-0.18689607
-0.081875898
0.032118548
-0.11383526
0.070929758
-0.042838011
-0.10375336
-0.13696714
-0.10438485
0.24127422
-0.047401879
0.046090808
-0.035463843
0.011925059
0.18173456
0.045240965
-0.02363654
0.044478886
0.016491352
0.12603952
0.11512863
-0.16184604
0.035444628
0.061197404
0.0072738989
0.021232784
-0.14769015
0.042045012
0.010737195
-0.0062218709
0.087974653
0.15171994
-0.17493629
0.13978451
0.048615683
-0.002975503
-0.0040149312
-0.045389712
-0.084191009
-0.067966476
-0.098192468
-0.079424553
-0.011692604
-0.069543712
-0.026561249
-0.076382406
-0.073266685
-0.031251624
0.025159849
-0.040413164
-0.11787037
0.16222484
-0.094820961
0.007936405
0.065203086
0.0087331161
-0.1104783
-0.0017520461
0.041943077
-0.0328012
0.029378198
-0.09536127
0.18801853
0.1112517
-0.021821957
-0.034112576
-0.11831151
0.018854035
0.081243142
0.063385665
-0.062908031
0.028828584
-0.18913428
0.22287442
0.074799187
0.015832825
-0.13003208
-0.028816264
-0.10596123
-0.074699774
-0.012887669
-0.050847683
-0.053148717
-0.06065207
-0.074922927
-0.029081674
0.19798005
0.14763324
-0.033638477
-0.075966612
0.0043029189
-0.11486997
-0.11514737
-0.025987826
0.014742569
-0.12563322
0.034317091
-0.033417139
-0.038993347
-0.11042641
0.024856567
0.22007684
0.00031983451
0.013770354
-0.080262288
0.033603158
0.054021571
0.10556135
0.067648232
-0.070276894
-0.03583419
0.005651731
-0.0076413266
0.050965045
-0.024367502
-0.15652995
-0.0061685257
0.00072369084
-0.011542432
0.05645775
0.025262851
0.00027891513
0.012320383
-0.023617439
0.023068076
-0.066316046
0.033968393
-0.041747212
0.067883864
0.069625951
-0.12729952
0.073120601
-0.024666818
0.015140502
0.0032622181
0.025296627
0.038488813
-0.0098561775
-0.039266542
0.0082372129
0.029486956
0.0094146682
-0.091192082
0.016623618
0.0018020035
-0.07831876
-0.048984293
-0.08260747
0.033929273
-0.050357547
0.050447691
-0.061880942
-0.017504357
-0.031822667
0.051601492
0.061267998
0.02772381
-0.050346471
0.036851726
-0.043471608
0.10074767
-0.03251227
0.045294415
0.078156024
0.011381245
-0.062760115
0.021204382
0.044998035
0.0077751162
0.068807304
0.028251182
-0.082244411
0.017046984
-0.023734234
0.08027076
0.018746875
0.05451028
0.022475671
-0.0035278529
-0.017322464
-0.034846839
-0.0463138
-0.040446393
0.067006961
-0.016264105
0.06310866
0.0095436322
-0.12655218
-0.031816792
0.073634177
0.059967298
0.060195144
0.045733392
0.0011372186
-0.035970103
0.028274907
0.032685369
2.2280416e-05
-0.041203856
0.011922172
0.040444709
0.020993659
0.00858963
-0.0072927354
0.051455472
0.014295769
0.086205155
0.067880362
0.096002482
0.04944782
0.092824593
0.015565578
-0.017460352
0.023960954
-0.059798222
-0.014290648
0.018151278
0.10699094
-0.03342589
0.018858004
0.064208053
0.058033105
0.067804776
-0.028768534
-0.060025502
-0.074208111
-0.024236603
-0.016112808
-0.024113111
-0.017300291
0.079590313
-0.036156438
0.058617
0.04795678
0.03221827
-0.044942092
-0.036884017
-0.011238961
-0.04123031
-0.13248864
0.018686576
0.016750162
-0.0012408027
0.10185281
-0.077691935
-0.081789464
0.035602689
-0.08331731
0.070467331
-0.02086968
-0.038118187
0.033637855
0.061901361
-0.012009063
-0.067028128
0.020808944
0.041256055
-0.0583575
0.034181226
0.030691085
0.14134483
-0.077895187
-0.16850708
0.108853
-0.0032033767
-0.00061779644
-0.014020436
-0.099220686
-0.16418149
-0.0094189988
-0.033239566
-0.076773152
0.1032604
0.12470265
-0.089317493
0.067992307
-0.010993056
-0.036695722
-0.067850381
0.10529215
0.0064725294
0.086236745
0.040055811
0.036332387
0.097267255
0.077991918
-0.03769955
0.06726329
0.029967688
-0.067846596
-0.17387961
-0.042134099
0.030971311
0.16789523
-0.0090941237
-0.01195561
-0.074470744
0.026666733
-0.033315476
0.0291357
0.0087031433
0.05271028
0.079758696
-0.062470358
-0.057662569
0.067287065
0.057264499
-0.0077635148
0.072769225
-0.0083061252
-0.0057740128
-0.028665509
0.039278127
-0.26152384
-0.059809938
-0.042794056
0.055696517
-0.098084569
-0.095857449
0.063361883
-0.063225925
-0.078200705
-0.058973268
0.084453166
-0.013180676
0.11047462
-0.018037057
-0.019964823
-0.020923406
-0.037378814
-0.080504827
0.062670127
0.091957048
0.015670782
-0.015957855
0.11559397
0.028258299
-0.067137845
-0.14749946
-0.078182511
-0.13919172
-0.043427367
-0.11522859
-0.050637908
0.026169835
0.041517626
0.050966531
0.067925312
-0.057190653
-0.10274787
-0.0561998
0.028447438
-0.02834454
0.041789707
0.092067644
-0.056326274
0.043137155
0.012197067
-0.099768475
0.066642158
-0.090532273
0.095952973
0.080023319
0.075846225
0.014121672
-0.023172775
0.054904841
0.071290009
-0.055315893
0.02757939
0.096489713
0.09659259
-0.0076719988
-0.036511227
-0.016361222
0.016432906
-0.057859469
0.080442742
0.10357593
-0.11431391
0.079161793
-0.074735083
-0.036340468
-0.018524291
0.0648899
-0.089402467
0.059823502
0.044477642
-0.030637722
0.068916924
0.022042699
0.068457007
0.04130936
-0.056289565
-0.014957742
0.039064605
-0.020484401
0.077846721
-0.04283132
0.075787105
0.12011594
0.059461541
-0.0024863558
0.025156267
0.21141069
-0.069643311
-0.112303
-0.07645262
0.001140169
0.13625316
-0.010980996
0.04610835
-0.030477017
-0.071447626
0.03617724
0.010160228
0.070472479
0.01479362
0.077185333
-0.12615469
-0.040436056
0.080829956
-0.054206159
-0.024935445
-0.079126671
0.028926291
-0.045278843
0.067964986
0.048571706
0.11558523
0.082092769
-0.0036571226
-0.0016068139
0.031990144
0.033803251
0.1003757
0.12394179
0.003340594
-0.086227201
-0.045957953
0.073976547
-0.018629204
-0.0065149767
0.038066089
0.099319689
-0.020433677
0.044863667
0.011977124
0.02965102
0.028766276
0.044800516
0.083831631
0.07306654
-0.015388818
0.0029418385
0.02929139
0.12604634
0.058057185
0.055288009
0.1364174
0.015388996
0.16746277
0.0019470693
0.060774319
0.05869706
0.03215583
-0.10173133
0.042627122
0.037150342
0.0088688787
-0.013350382
0.03246532
-0.02733626
-0.06233735
0.031473313
-0.10714009
-0.089909337
0.11877193
-0.037458014
0.13834463
-0.038784314
0.11078319
-0.10020327
-0.04752402
0.065704279
-0.09746623
-0.14199162
0.12365884
0.1214286
0.035674673
-0.065095998
0.0081667677
-0.019192889
0.050644573
0.058167767
0.025388265
0.088908181
0.11574128
0.050538618
-0.079764575
-0.040360175
0.069817275
-0.040045373
0.048850983
0.091667272
-0.074427396
-0.061423667
-0.081979871
0.040751748
0.040157482
-0.0051809913
0.051586907
0.021268196
0.077560648
0.16033895
0.0058461302
-0.052654333
-0.12274633
-0.049109805
0.015278165
9.1667614e-05
0.046824645
-0.047005061
-0.015577244
0.020361328
-0.093537286
-0.14672728
-0.015337024
-0.10905869
-0.11110711
0.047123432
0.077532016
-0.081481658
0.021423969
0.074358672
-0.080984041
0.014791703
-0.057735335
0.018528707
-0.084375799
-0.036972255
0.039032754
0.033614796
-0.069168635
-0.12841004
0.010817984
-0.015448797
-0.013528357
0.055612009
0.094830543
-0.030508664
0.081195362
0.081824362
-0.043906439
-0.063148998
-0.031778663
-0.071294896
-0.057810254
0.039140753
0.011933952
0.11015593
-0.069105968
0.02910584
-0.10603686
-0.054050844
-0.022442644
0.0055410927
-0.00018834988
-0.071185887
-0.026315805
-0.044344936
0.15663657
-0.0096620191
-0.095586799
0.088763103
-0.027974764
-0.011024615
0.039330538
0.031797934
0.065401018
-0.08968135
0.14151847
0.08065591
-0.1429947
0.090055056
-0.0013405561
-0.0099153453
0.0012350364
0.0052079554
-0.031203851
0.089291446
0.054091431
0.097803906
-0.083527833
-0.023762677
0.029547984
0.055005852
0.061178699
-0.054899219
-0.17566869
0.027827309
-0.044616442
0.018819429
0.071471296
0.03209601
0.0093494263
0.13901469
-0.0087649357
-0.017014312
0.0086053973
0.096253186
0.055060588
-0.083960004
0.078042522
0.13076696
0.037188895
-0.028883981
-0.033556513
-0.050960433
-0.030501969
0.046790648
-0.065402448
0.068976775
-0.021790233
-0.035650034
0.009849078
-0.029669769
-0.013704643
-0.072591342
-0.049869951
0.0093984958
0.10129289
-0.00098136824
0.049188789
-0.0081157368
0.020538373
0.057004496
-0.16720618
-0.026205821
-0.10723075
-0.018829148
-0.0049262894
-0.10289884
0.018438645
0.0749356
-0.011167671
0.050275188
0.046089236
-0.021261841
-0.0015332277
0.10648336
-0.13656287
-0.0024631917
0.09757185
0.11333939
0.0022845138
-0.069073662
0.095753133
-0.045192465
-0.092246577
0.052949723
0.072655439
-0.041508637
0.037335277
-0.11712219
-0.010461493
0.076224215
0.031201547
0.08516641
-0.067814521
-0.00430051
-0.018960085
0.13218567
0.010095607
-0.16420597
0.03974301
0.05692235
-0.0049317512
0.002374182
-0.0080944374
-0.027662164
-0.0559517
0.075380869
0.04134367
0.10210819
0.034057334
0.088717595
-0.012703561
-0.11710817
-0.0093910191
0.079053417
0.024887642
0.065743811
0.062821746
0.10834061
0.069261685
0.0049746111
-0.042163957
-0.0068539553
-0.10105727
-0.13646482
0.0010868178
-0.080484875
0.0027602063
0.062227067
-0.039120186
-0.052209795
0.02703885
0.026916832
-0.071086273
-0.021136303
-0.020096624
-0.055900909
0.0044663744
-0.084957927
0.018585196
-0.029641118
-0.0039348346
0.010959552
0.11848068
0.04601248
-0.077418178
0.012614363
0.042510424
-0.15553898
0.067688532
-0.059916638
0.041907337
-0.029185135
0.050458495
-0.018095788
0.11041977
0.066540979
-0.041613236
-0.10333718
0.077786878
-0.094372652
-0.04570429
0.031930722
0.045766234
0.018663723
-0.074978769
0.056575187
0.10421266
-0.058543604
0.053714909
0.050122503
0.037300929
0.10715508
-0.0078849616
-0.028891824
0.038933974
0.11018652
-0.033565708
-0.026078181
-0.045710657
0.0081942072
0.0067315106
-0.11202878
-0.066401176
0.038642641
-0.029498089
-0.075647466
-0.14549191
0.0079767574
0.036447942
-0.10082688
-0.0051667015
-0.030023143
-0.070851415
0.10376184
-0.066080891
-0.071167916
-0.023283374
0.013034663
-0.0012846576
0.076984078
-0.0031696737
-0.028892851
-0.080917567
0.022249995
0.050255295
-0.023948638
-0.011289327
-0.03520013
0.032874592
-0.049618103
0.066015325
0.031940542
-0.021147566
-0.081529915
-0.2779263
-0.012642379
-0.026070034
0.011872416
-0.024740968
-0.0038555304
-0.012181123
-0.0015982597
0.015760824
-0.094446041
-0.010913173
0.095639259
-0.047364444
0.052234247
-0.0047370368
-0.017081199
0.034342598
0.10288014
0.013618894
-0.053044669
-0.018672833
0.014683109
-0.036964018
-0.0079164449
-0.066905715
0.06187699
0.084299952
-0.001578032
0.016402105
-0.10862432
0.051441144
-0.002205916
-0.062541559
-0.1099652
0.014791373
0.087486692
0.14331852
0.013402621
0.049854483
0.025572285
-0.11556504
0.064166129
-0.058809914
-0.019299926
-0.05432288
0.030752558
-0.066552848
0.035905488
-0.1474233
0.15205337
-0.083905488
0.0090108216
0.012017057
0.035761859
0.025545746
0.049987257
-0.081495367
0.077466033
0.010970155
-0.035512403
-0.03458526
0.022201868
0.042438012
0.030743713
-0.13713962
0.019316318
-0.093803555
-0.014103425
-0.063171677
-0.030241927
-0.034536198
-0.017066291
0.030125005
-0.042138759
0.033674028
0.073508613
0.080711141
0.057290014
-0.073669218
0.0028652104
0.08918459
0.075637586
0.068712644
0.021617996
0.033957332
-0.0045182314
0.0064711105
0.095311329
0.034547914
0.075271361
-0.10714584
0.0022687169
0.074884556
-0.028244697
-0.019107006
0.10805537
0.10867797
-0.0084603913
0.13492489
-0.012861869
0.029390475
-0.11364503
0.0009832572
0.10789935
0.099983096
-0.031104723
-0.17130727
-0.17640686
0.055357672
0.12516162
-0.016281746
0.066447802
0.091841154
0.016760794
0.099631175
0.012640319
-0.064784519
0.055948105
-0.097250387
-0.036456335
-0.094027855
-0.040165342
-0.020875243
-0.11892769
0.023067813
0.02137222
0.043993469
0.053307876
0.066806361
0.03482781
0.0064323163
0.067436464
-0.051277682
0.0086749103
0.042945769
0.093902543
-0.066885218
0.023963764
0.038786471
-0.086782992
-0.077344641
0.073412664
-0.042877171
-0.036857426
0.097509496
0.034743667
-0.014314255
-0.066769592
0.077053428
-0.02106167
0.07527253
-0.048523135
0.050935842
-0.0061295847
-0.036638379
0.062207896
-0.084650926
0.0053679352
-0.040316086
-0.0098380474
0.090597354
0.031195171
0.057987045
-0.061919164
-0.096500643
-0.045940094
-0.036443621
-0.039007187
0.11930814
-0.061570421
0.0096215094
0.0240389
0.02896883
0.029357612
0.07504262
-0.065011755
-0.027959308
-0.034010138
0.024225472
0.0020509039
-0.13046893
0.012321268
0.035030507
0.042344537
0.015591096
-0.050362095
-0.00559601
0.022023169
0.0880474
-0.17179936
0.10905543
-0.13397674
0.031423889
-0.17607284
-0.035921566
0.078806482
0.01244807
0.11491593
-0.043161947
0.060995501
-0.019144107
-0.019497054
0.014215274
-0.063468337
-0.083991133
-0.099287815
-0.0057181716
0.12078332
0.078035623
0.035861269
-0.0015779826
0.10873003
0.081576243
0.068257652
-0.025288634
-0.010338103
-0.084728561
-0.020573275
0.010778511
0.025468238
-0.0063085179
0.12110962
-0.077322766
-0.004848049
-0.1531973
0.089902475
0.00038246842
0.084415279
0.080216601
-0.0021689378
0.032945514
-0.08665242
-0.0056364592
-0.14074913
0.087801434
0.20347168
0.041257966
-0.0773912
-0.056240276
-0.056574509
0.00056012732
-0.16615412
0.042980962
0.0052375449
0.21944301
-0.083900869
-0.037149053
-0.13685717
0.089775875
0.12839434
0.0089883069
0.13160774
0.066687502
-0.075453497
-0.0084882779
0.11796864
-0.063562006
-0.053088151
-0.025022864
-0.073472671
-0.10359301
-0.087391891
0.094768159
-0.14369576
-0.068065882
-0.080204688
-0.019901838
0.083337367
0.063854702
-0.16948992
0.010973655
-0.13388614
0.049651969
-0.10793499
-0.058286037
-0.041393489
-0.025896648
0.034319479
0.013308842
-0.045584306
0.0032367995
0.066752434
-0.16408366
-0.020741198
-0.031745579
0.12433077
0.0063126162
-0.00632879
0.026106302
0.067075729
0.017239507
0.098259725
0.04391193
0.13897379
-0.027203882
0.14989851
0.045550164
0.013860166
-0.067582458
0.031987447
-0.015631491
0.022423804
0.12444228
0.093767181
-0.089158192
-0.021677449
-0.071839601
0.068359509
0.043652344
0.086292878
-0.070508167
-0.0013706533
-0.037344068
-0.051232576
0.095409714
-0.049488366
0.077181078
0.073888712
-0.080859482
-0.001696045
0.059128318
0.10319117
-0.0097847646
-0.074737996
-0.10956431
-0.092334151
0.059237797
0.060303159
-0.17840751
0.00042230016
-0.05081496
-0.054435112
-0.08344017
0.021800624
-0.0017434803
-0.00015402021
0.034438845
-0.11526444
-0.024017259
-0.00023386446
0.022319598
-0.05850026
0.044369515
0.12969382
0.10461098
-0.027113518
0.15851018
-0.15360096
-0.073662922
0.10506185
-0.027596124
-0.01581962
-0.0039994111
0.012211344
-0.012748932
0.037846666
-0.0071900426
0.12166131
-0.018279454
-0.009729879
0.027712462
-0.03004634
-0.060129803
-0.025596574
-0.01355126
0.0099012507
-0.15963401
0.023036873
0.049878698
0.096616767
-0.019886084
-0.011280587
3.2069205e-05
0.031660076
-0.060194395
-0.13859968
0.052695725
0.074662648
-0.12324894
0.055463266
0.047015857
-0.02263983
-0.058679078
0.054890033
0.096014522
-0.065406114
0.040921208
-0.08380568
0.0025666815
0.0108812
-0.073597103
0.14144076
0.010355812
-0.053003881
0.018227901
0.08957921
0.025662942
0.024965346
0.063657135
-0.015295804
0.010794031
0.0064470759
0.12098
-0.0083083762
0.041038573
0.064879335
-0.035628401
0.011626922
0.0085594058
-0.097119793
0.070750631
-0.027401285
0.0041501145
0.012105568
-0.031726897
0.14932157
-0.054487757
0.052787639
-0.017796353
-0.0012823157
-0.027431039
0.076850682
0.09058883
0.091744706
0.10718977
-0.046260495
0.076036163
-0.10576522
0.082479008
0.035302214
-0.025207734
-0.064158745
0.066518173
0.00020166689
-0.030984355
-0.069123551
0.10240447
0.12297224
-0.026419168
0.029935541
0.088019364
0.054417659
0.085146911
0.024325661
0.0097200545
0.062558629
-0.03006994
0.10241839
0.0049278657
0.019052366
0.013225908
-0.049188495
-0.051272739
0.0062236721
0.062762849
-0.0032768482
0.071957268
0.11169336
-0.07705377
-0.0060895314
-0.062994443
-0.034073565
-0.0026622992
0.047835231
-0.031894151
0.12241737
-0.068158694
-0.0061265407
0.041113395
0.093967468
-0.017772088
0.043343693
0.073631555
0.10330154
-0.033022981
-0.063753925
0.012396037
0.16129987
0.040081494
-0.068051577
-0.018108077
-0.0157547
0.019192131
-0.044093575
0.076173685
-0.010278747
0.081542015
0.086636305
0.095334917
0.014756551
0.039753869
-0.0079936292
0.079753451
-0.11986957
-0.032426096
-0.041974634
-0.096251406
0.04763823
0.024289249
-0.013853055
0.07552629
0.062918499
-0.027534349
0.13981013
-0.024434881
0.023875834
-0.083927631
-0.029474493
0.10091096
-0.058047686
-0.0038741159
-0.040671226
0.049797766
0.059421565
-0.091295481
-0.076482527
-0.048522595
0.14917845
0.043208435
0.027927665
-0.013609294
-0.0091200378
-0.11942364
0.0061391718
0.011890016
-0.021328304
0.012609319
0.071041197
0.06335637
-0.062213715
0.010140173
-0.06220381
0.030239154
0.095827639
-0.14670449
0.041630261
-0.10286403
0.060817089
0.059062298
-0.029219583
0.0077170068
0.0006735046
-0.033065334
-0.081298165
0.036073342
-0.12959528
-0.060647372
0.058395762
0.012737942
0.030360373
-0.0060065836
0.056338828
0.063808881
-0.0045263008
0.052948151
0.094080962
-0.098678246
-0.21832608
0.0067183925
-0.016792361
-0.03041566
-0.024630273
-0.051738016
0.012394621
-0.10956516
-0.099221393
0.059363939
0.048079561
0.036043618
0.063976303
-0.037368517
0.00073825667
-0.077836722
-0.095950983
-0.039371304
-0.075627252
-0.0097429343
-0.075155862
0.039513856
0.029943831
0.033973109
0.015808066
-0.032440048
0.10905977
-0.13087949
0.084161423
-0.029598555
0.061181646
0.090383545
-0.021252388
0.10257868
0.076341346
-0.046618063
-0.07181266
0.026595049
-0.031855516
-0.11380218
-0.087325878
0.033037465
0.041321248
-0.062474102
0.056940969
0.063928731
0.03423059
0.040039018
0.026541617
0.03737973
0.053144868
-0.01867025
0.090801083
0.045115836
-0.0018007646
-0.012547931
-0.097861193
0.017890017
0.059375066
0.12308592
-0.092824273
-0.0036054
-0.039057206
-0.042160988
-0.020212745
-0.0030283232
0.030746037
-0.038926046
0.019750986
0.095969535
-0.0077730995
0.070510834
0.068499282
-0.05593919
-0.0017831172
-0.064417399
-0.047139466
-0.059689485
0.088230081
-0.043198738
0.057366066
-0.027317662
0.062309343
-0.022265511
-0.0058573987
0.029868554
0.056676302
-0.036136545
-0.087917827
-0.024263589
0.11154184
0.12073258
-0.1682025
0.057471398
0.080819912
0.0065041576
-0.069914222
-0.0085472399
-0.1734727
0.045150913
0.067188457
-0.028165171
-0.040737625
0.025632871
-0.023930902
-0.044845548
-0.083708152
0.040655822
0.062358934
-0.14657171
-0.047225073
-0.065279387
-0.06159123
-0.043677691
-0.043049239
0.029287912
0.03834084
0.076089561
0.031734601
0.051349688
0.021080062
-0.08501742
0.08636269
-0.035849955
0.049100287
-0.014285454
0.0035104963
-0.035708506
0.02984136
0.091290765
0.069279157
0.044714242
-0.040961217
-0.029117581
0.023809163
-0.021910904
-0.020999605
-0.024506066
0.051168531
-0.083049297
0.064077102
0.023331124
0.070241757
0.086103998
0.012324237
0.036519121
0.053800721
0.088353001
0.016700409
0.044588029
0.031223597
-0.058966909
0.079056859
0.063257441
0.061723255
0.073435016
0.12090076
-0.11760316
-0.10504684
-0.091476202
-0.021686152
0.026253477
-0.049454801
-0.053570572
-0.038544301
-0.053214874
0.036394902
-0.06366083
0.015586636
0.034131557
0.019567605
-0.11212423
-0.090717003
0.023980526
-0.029337659
-0.13854837
0.11921751
-0.045506887
0.04763278
0.085308328
0.028056072
0.013782412
0.0049627167
-0.056497864
-0.028933052
-0.0076867254
0.066740766
0.010984841
0.094932854
-0.026246829
-0.062050927
-0.047419216
-0.055232659
-0.032790389
0.11813106
-0.058445912
-0.025080083
0.11430281
0.042375393
0.03462287
0.057800975
0.054493196
-0.094330408
-0.059010949
0.059195645
-0.080850102
0.083984442
-0.092937939
-0.053993296
0.058342252
0.047260188
0.038241781
-0.006869039
-0.060708698
0.065051384
-0.0068524014
0.094041042
-0.076048307
0.072636217
0.048276007
0.024813909
-0.063467927
0.0075246734
0.12772259
-0.079487957
-0.064346701
0.014198744
-0.0020400498
-0.15667489
0.037093531
0.042068694
-0.066423558
0.014850395
-0.096452124
-0.060656607
0.13418251
0.11691137
-0.023072975
-0.0046435916
-0.004858105
0.0062072854
-0.061422642
-0.003728292
-0.019824354
0.049551573
0.094437949
-0.035578504
-0.10442081
-0.055802442
-0.038202036
-0.011104776
0.018973803
-0.012930506
-0.068944737
0.066764556
0.058915611
-0.020016592
-0.0051343539
-0.085306615
-0.015652621
0.014554372
0.044387437
0.029923284
0.12107609
0.090796329
-0.095633939
0.018728206
-0.044662908
0.047975689
0.11211117
0.05906751
0.025677131
-0.0628305
0.099405833
0.021842843
0.024909308
0.080478624
0.082840286
-0.056588225
0.076143093
0.1396571
0.010789476
-0.030209433
0.019256584
0.0014882257
-0.10947095
-0.095933117
-0.036366519
0.073124461
0.056567568
0.080602795
-0.10119886
0.092440709
-0.072844259
-0.13313448
0.04668821
0.084208369
-0.11618892
-0.10827192
-0.099002637
-0.033302218
0.10869255
-0.094116062
0.019877974
0.078799874
0.07073617
-0.076258875
-0.10331906
0.036453404
-0.040388077
-0.018448303
-0.060206786
0.005984237
0.073787101
-0.015768684
0.01901046
-0.025525685
0.010602905
0.09382233
-0.014244488
-0.066776179
-0.075455345
0.044487491
-0.13472256
0.0088722212
0.083995119
-0.051465277
-0.014432356
0.0056284089
-0.091381982
-0.0871232
-0.031925905
-0.03577761
-0.081629492
0.12689255
0.030553294
-0.10284305
-0.00042805783
-0.084629998
-0.081667535
0.062578537
-0.020533515
0.020841002
-0.091552943
-0.022645876
-0.011099701
0.072432287
0.078018785
-0.17050442
0.03568187
0.10439289
0.019398974
0.015224347
0.081925794
-0.059280343
-0.050769582
-0.096553974
0.020500401
-0.075071007
-0.035942294
-0.1101739
-0.038879346
-0.043269955
0.10055299
0.07988923
-0.11823372
0.020387569
0.013204895
-0.080765992
-0.068163313
0.070287548
-0.035423819
-0.12908407
-0.0017683114
-0.031806797
0.12582235
-0.062922664
-0.012886487
-0.01310426
-0.003467164
-0.065026991
0.10926236
0.0020210207
-0.0060546757
-0.029509282
0.08067175
0.10110413
-0.044977203
0.084447362
0.051028293
-0.013149422
0.024241179
0.056865104
0.035036594
0.062836573
-0.016839527
0.040766295
0.038640596
0.037130918
0.04722235
0.078649238
-0.075472094
0.082780875
0.04302378
0.031237142
-0.068788782
0.013680316
-0.041842226
0.012441264
0.017847929
-0.094219632
-0.0080227926
0.032080594
-0.054750312
0.019268522
0.051187575
0.053258147
0.037061851
0.10868762
0.10030253
-0.041983034
-0.005829311
-0.091091938
0.016375761
-0.036328577
0.058033187
-0.040382292
0.018753707
-0.058539104
0.054496437
0.010961237
0.11176426
-0.12674604
0.053019017
-0.041928396
0.029577788
-0.087886043
-0.048969671
0.00041727323
-0.045404479
0.055182878
0.036385778
-0.016607065
0.10618709
-0.032467052
-0.058927685
-0.031275507
-0.018349839
0.020280348
-0.0085119186
-0.018104905
0.032118045
0.11348115
0.04925476
-0.015488051
-0.013883796
-0.0013492036
0.01328072
-0.058872756
0.096467249
0.12998188
0.13713236
-0.013458155
0.059630062
0.10516649
-0.077027656
-0.047955122
-0.05423728
-0.063055977
0.060951244
-0.070844352
0.0024818792
-0.00048759038
-0.031163052
-0.066865243
-0.022100782
0.066415511
0.046683971
0.043830596
-0.13220142
-0.0016628056
0.028109096
-0.038069218
-0.096431762
0.012694293
-0.018728262
-0.0094255563
0.021453721
0.020372847
0.10759065
-0.00042034753
0.040026926
-0.033980586
0.067465395
-0.020575149
0.095382534
0.028071098
0.091687918
-0.084969051
-0.026254768
-0.004505164
0.021274837
0.044514742
-0.076668769
0.10013332
-0.0291258
0.0080977203
-0.046916258
-0.064225778
0.022343453
-0.0073961909
0.11792387
0.034711774
0.019363243
0.0070388531
0.073879294
-0.042956747
-0.02681504
-0.020934571
0.0060638618
0.0085970331
-0.027676197
-0.044544641
0.049834292
-0.047022399
0.055508062
-0.060828608
-0.0621939
-0.054406848
-0.08726988
0.029161489
0.05674259
0.011801551
-0.081874654
-0.03740726
-0.0069432603
0.036428813
0.052209426
-0.025070509
0.065194026
0.032783661
0.12855548
-0.050317671
0.011451994
0.077554002
0.039138597
-0.17759025
0.040410314
-0.038091399
0.0037421512
0.11653727
-0.043126527
0.036261246
0.12609942
-0.055361368
-0.021650739
0.1127628
0.06434422
-0.059111513
0.085516699
0.057482108
-0.064593129
0.048534587
-0.012358853
0.043671798
0.018979033
0.046590768
-0.14346196
0.011025924
-0.088170454
0.036728237
-0.07292752
-0.025515422
0.029792449
0.089931719
-0.026630862
-0.07081949
-0.0027487702
0.0030387901
-0.026637033
-0.0023013318
-0.016450046
0.013218302
-0.017918406
0.031978212
0.032698408
0.061109282
0.0015780393
-0.030360766
-0.026275393
0.022556895
0.011976818
-0.035091765
0.062677391
-0.0003489838
-0.0810984
0.014954994
-0.08395566
0.079173632
-0.046822637
-0.01590679
0.018943349
-0.01830386
-0.011480533
-0.048086852
0.068571776
0.107799
0.10677918
-0.043408085
-0.0099449279
0.021768151
-0.095863216
0.033130519
-0.031532556
0.055232529
0.13626134
0.016046058
-0.15270139
0.095818393
0.10953698
0.076067254
-0.054210354
0.043396104
-0.012221712
0.065583743
0.045833044
0.038707618
-0.13409279
-0.0037511385
0.084979773
-0.0083569223
0.073883615
-0.080786921
-0.048945606
-0.064545996
0.070831187
0.012588409
-0.01965864
-0.022486061
-0.005232079
-0.07256189
0.0038569795
-0.017243087
-0.1550798
0.024909252
0.096834093
0.082556754
-0.038359363
0.008517365
0.042136196
-0.062119473
-0.085691258
0.010212356
-0.070048153
-0.059183795
-0.0031896317
0.039859593
-0.014568101
0.006400791
-0.042378109
0.023570817
-0.084129907
0.053846337
-0.0043297922
-0.15026429
-0.10797639
-0.043214466
0.082969762
0.017355079
-0.028036162
0.006840474
-0.093181029
0.032161992
-0.063724712
0.086382143
0.10894343
0.059244461
-0.003194957
-0.11067287
0.017262857
-0.066700615
0.034936193
-0.037328761
0.068323113
-0.013220813
-0.011956633
0.013383854
-0.049844295
0.080979198
0.033730324
-0.12082488
0.080941856
0.041703053
0.045885779
0.074064098
-0.022898018
0.080409572
0.05008176
-0.065668039
0.066209994
0.082520574
0.079754993
0.05514802
0.087849475
-0.043612167
-0.064238995
0.073684029
-0.054481905
0.07225433
-0.041919075
0.06914594
0.0058236127
0.031682149
0.054091398
-0.063970916
0.014388809
0.058485642
-0.045008607
0.018922552
-0.078777812
-0.080083728
0.066442743
-0.039447639
-0.02501853
0.069747001
-0.0035508077
-0.035670333
0.043813668
0.082056142
0.015371534
0.0037100057
-0.061264232
-0.039384581
-0.0053866743
0.094514035
-0.001064249
-0.082582697
-0.033215862
0.010576556
-0.097825333
0.0073122731
0.047582537
0.07300736
0.018914532
0.028992889
-0.069655597
0.052328028
0.079635374
-0.028130531
0.058610011
0.049184058
0.022589924
-0.036167737
-0.041392826
-0.0036606535
-0.06641724
-0.10119055
0.1080184
0.10211257
0.05042791
0.021530384
-0.048631251
0.026340026
-0.022330243
0.09830083
-0.060020681
-0.023445804
-0.0037382531
0.029002285
-0.031417601
-0.011599005
-0.10185035
0.06935937
-0.070451848
0.026375476
0.12470105
0.063146882
0.039481055
-0.081238173
-0.10912248
-0.013352222
0.02386941
0.067380846
-0.037990704
0.09635742
0.073342554
0.077659704
-0.028663829
0.0051697241
0.0033934086
0.025441624
-0.044574481
-0.078705855
0.042801812
-0.11492207
0.10736708
0.039809924
-0.052713506
0.060192667
0.04077312
0.069139436
-0.11525743
-0.047620077
0.071226738
0.13043945
-0.095970824
0.0049355831
0.032612994
-0.08303757
-0.02292035
-0.070120595
-0.003098164
0.10847013
-0.10352903
-0.0032371306
0.042989735
0.033226609
0.076782919
0.01936687
0.069915906
-0.11489063
0.094213746
0.084716313
0.063884623
-0.0013065938
-0.00044099029
0.11707731
-0.0093103759
-0.0038929388
-0.076918572
-0.07396958
-0.02804713
0.081420645
0.036864676
0.047437605
0.078406423
0.066278845
-0.088925496
0.03071662
0.17211735
0.036045242
-0.018563634
0.013358469
0.07091327
0.11425462
-0.0023344329
0.074899167
-0.015808528
0.082321696
-0.008041705
-0.035676152
0.079748616
0.0058932225
0.065001108
0.05762409
0.0063607437
-0.099178851
-0.1210566
0.025272269
-0.095806547
0.071415357
0.023869498
-0.011003501
-0.052930541
-0.12222804
-0.06945134
-0.0062279189
0.014583789
0.13345172
0.040115926
-0.1332344
0.10255673
0.01279746
-0.067432448
0.085678831
0.015189359
-0.088044181
0.13748164
-0.0062425258
-0.057720345
0.045861065
-0.059743833
-0.010464597
0.014836256
-0.071751446
-0.015823582
0.053016752
0.072448954
0.033061408
0.063787431
0.093822889
-0.0050920756
0.085177347
-0.077316232
0.059573472
-0.071936063
-0.035648219
-0.034457311
-0.082564898
-0.018801648
0.043346621
-0.088880673
0.094235234
-0.14836958
-0.056537211
-0.0061194501
0.051174343
0.014786734
0.068082072
0.056953028
-0.054970086
0.067670837
0.070192315
0.031101538
0.021437304
0.071994506
0.032159355
0.032549992
-0.014207385
0.10576314
-0.15218918
-0.023341013
0.042190082
-0.051407073
0.084885038
0.035584137
0.075128473
-0.029704763
0.081078701
0.038869809
-0.085376948
0.057353057
0.11616985
-0.078133069
-0.018086739
-0.073409125
0.045081064
0.043120809
0.15607683
0.047118835
-0.061229583
0.06711518
-0.10052155
-0.047751207
0.056998745
0.10374759
0.031646661
0.10438492
0.016558081
0.0057993042
0.065718047
0.081771508
-0.07270629
0.07824149
-0.02789771
0.050074574
-0.014380866
0.05226849
0.0089679891
-0.033840783
-0.11927077
-0.045469455
0.058447223
-0.091749653
-0.010922309
0.11028852
-0.035916049
0.033507328
0.090176858
-0.015155748
0.040439442
-0.025002899
0.029727684
0.0066391323
-0.077264987
-0.039943147
-0.053109992
-0.019341232
0.065292202
0.045169622
-0.061280824
0.013551884
-0.038429216
0.05231924
0.059121598
-0.010161065
0.015400783
0.0084790746
0.070599779
0.053802405
0.035872906
0.077590123
0.044070095
0.0530852
0.094020754
0.060998749
0.010028913
0.10523844
-0.078569852
-0.10614745
-0.05794239
0.062837489
0.034874208
-0.073452197
-0.018426958
0.061162166
0.016270338
-0.030310428
-0.028853143
0.060869843
0.13252404
0.023751525
0.007719324
0.036790378
-0.052515857
0.038349595
-0.030450299
-0.0056399466
0.092519291
0.10028608
-0.12928383
0.037791748
-0.025343575
-0.0071216761
0.027803626
0.046834625
-0.041493952
0.092846178
0.034897298
0.0236146
-0.026561158
0.06891343
0.04080347
-0.14513083
-0.0041286997
0.018297311
0.029151615
-0.028873717
0.093995333
0.040608384
0.031903353
0.04853721
-0.04930491
-0.039597049
-0.017400471
-0.0067201778
-0.09586028
0.030268021
0.088856883
0.09898071
0.0028864804
0.0010246427
0.075955167
-0.081808142
0.0066573797
0.028355172
0.022200007
0.10369168
0.069823094
-0.12603691
0.0038934499
0.13740531
-0.0094791772
0.066865079
0.074129425
0.011166665
0.044752352
-0.027479732
0.034319311
-0.048769232
-0.072586879
-0.003693809
0.0058157565
0.0041347342
-0.043621879
0.035508774
0.023281666
-0.1193084
0.021352382
0.00074522046
-0.073266104
-0.051011227
-0.058156747
-0.11134847
-0.073829144
0.076489188
0.014015372
-0.068785787
-0.031303216
0.049474418
-0.035240699
-0.021813769
-0.057486583
0.051724773
0.10157775
0.015602539
-0.0030224095
0.073521063
0.019358482
-0.087207794
0.031270463
-0.050557483
0.014615625
-0.16731328
-0.029813651
-0.046027903
-0.018075367
-0.049331829
0.037390999
-0.089914709
0.07018286
0.0016676101
-0.050072357
-0.013487802
0.038898516
-0.032554351
-0.0036153528
-0.10813892
-0.0060924366
0.010739019
0.087174535
-0.1539011
0.095484383
0.021729752
0.024345219
0.0085179182
0.15826376
0.080799781
-0.014289315
0.0067665894
0.049982492
0.073789306
0.02499596
0.032765009
-0.057875045
-0.01100934
0.022240363
0.035575252
0.029258646
0.0071047265
0.021557914
0.10533778
0.016186552
0.014270288
-0.12953882
0.052897356
-0.070136942
-0.093354478
0.00067850348
-0.034093466
0.032668997
-0.10632366
0.065208048
0.0033694073
-0.042848926
-0.026292222
-0.061231934
0.048686877
0.074773155
0.027306015
-0.15905717
-0.10043081
-0.016303413
-0.033270504
0.098990217
0.087719031
0.053080834
-0.0286359
-0.0064642355
-0.054658413
0.053245854
-0.0025186066
-0.067872554
-0.011506645
-0.084740944
0.016727708
-0.0096608121
0.012879654
-0.22790913
0.0094269086
-0.063662872
-0.10045278
0.047330346
-0.035908017
0.11443254
-0.070760734
0.15479901
-0.053622976
0.044712603
0.038108051
-0.040654507
0.072581448
0.1024225
-0.027619455
-0.023368118
-0.061902605
0.12092996
0.033996359
-0.0037461217
0.025553064
-0.013209803
0.086906187
-0.027549101
-0.068779014
0.05969061
-0.0097969742
-0.12822035
0.056886274
-0.00043147829
-0.026161075
0.042249259
0.071013533
-0.033539869
0.0068562054
0.050383892
0.047003683
0.01496172
0.096628278
0.094843045
-0.039633427
-0.051357292
0.0071076127
0.07313358
-0.099114023
-0.028361203
-0.12200003
-0.027870035
-0.14781678
-0.038207252
-0.061686482
0.095012963
-0.042272788
0.0062877736
-0.054505002
0.024977162
-0.02916662
0.095776461
-0.0011669885
0.067595348
-0.13635571
-0.039526533
0.10005607
0.059209894
0.043318436
-0.017423423
0.002634916
0.038887084
-0.072757326
0.036945567
-0.06589064
0.021375678
-0.049089521
0.021486687
-0.06801331
-0.02510819
0.10068882
-0.024322085
-0.039892267
-0.053456347
-0.018959558
0.061975434
-0.045282591
-0.0358551
-0.10357083
-0.1015163
0.051746689
0.0092654498
0.014432058
-0.051570058
0.10199013
0.041836396
0.052998561
-0.15412192
-0.034716085
-0.026065642
0.017786967
0.061601266
0.084627405
0.091389991
-0.057347223
-0.11821463
-0.030168178
0.023773469
0.023106351
-0.03754472
0.091105483
0.052859422
-0.078106508
-0.13979898
0.038221519
-0.042421259
0.069305614
-0.010227683
-0.13434081
-0.075410016
-0.036360558
-0.064635478
0.026176447
-0.053317923
0.02320211
0.034919422
-0.052204728
0.073701523
0.036071345
0.037389241
-0.066987686
-0.057963949
-0.022316704
0.015249543
-0.027152721
0.02821688
-0.025910428
-0.037868466
-0.014989459
0.10892663
0.081344396
-0.15029213
-0.042301886
-0.0073257359
0.082267366
-0.043557312
0.033881113
-0.061677504
-0.10332203
0.052052811
-0.013093006
-0.047061544
0.033712514
-0.10377253
-0.026720045
-0.036758643
0.00046598056
-0.020876018
-0.090830602
0.088753603
0.05505418
0.025990071
0.03299056
-0.077318519
-0.063675396
-0.081763148
0.026998883
0.086324275
-0.17510898
0.019471278
0.027548337
-0.034160871
0.028820554
-0.0012439532
-0.0076856464
-0.010236223
0.096091956
-0.09519203
0.098278679
0.072570577
0.083971001
0.049080122
0.0077019557
0.020335231
0.078328744
0.014035084
-0.046962202
-0.0045119524
-0.017693765
-0.021198144
0.014074462
-0.089278631
-0.067359723
-0.002594156
0.047327224
-0.027593266
0.0081520621
0.0094872117
0.035057411
0.039403602
0.085852936
-0.060846969
0.046077766
0.090903662
-0.0082357535
0.019797631
0.031455938
-0.050115276
-0.087067388
-0.064520612
0.019382404
-0.025802819
0.01801181
-0.0089738341
0.04325702
-0.021948885
0.072045937
-0.0073268428
0.03983435
0.091003262
-0.00072539388
-0.012167866
-0.13077807
-0.018804664
-0.043372262
0.051654186
0.1101621
0.066878088
0.10227431
-0.045749079
0.035580937
-0.089047514
-0.038377561
0.063056245
0.082316212
-0.058463767
-0.010768424
-0.045444988
0.053019647
-0.062780343
-0.030247863
-0.036053639
-0.050326802
-0.080905378
0.10839235
0.026259921
0.05432941
0.063392974
-0.039105061
0.072250612
-0.037403449
0.038646061
-0.01189056
-0.027036447
0.036408424
-0.11500528
0.020069916
-0.085049577
0.084954187
0.066731103
-0.082041495
0.029595368
0.046230607
0.057233088
0.055026155
0.10314012
0.12567025
-0.087309971
-0.052688122
-0.072969653
0.037715059
0.082946934
0.041447032
0.072596684
0.10308745
0.043711696
0.099983804
-0.021596262
-0.063633852
-0.048119161
-0.021228408
-0.03130652
-0.023607453
0.043211307
0.0053893081
0.036418032
0.16421312
-0.021529017
0.085402831
-0.059586424
0.043444786
-0.030156851
0.006973533
-0.029712776
-0.036600519
-0.068197012
0.025292926
-0.025793282
0.093916237
0.02133627
0.038086064
-0.067934908
-0.0045012049
0.015296122
-0.054902375
0.087878995
-0.043750808
0.093252167
-0.013831743
-0.06623996
-0.008453181
-0.07803905
0.024751583
0.0092573874
0.011055904
0.065184101
-0.013498249
0.16233964
0.010292735
0.0084477244
0.05272337
-0.019261973
0.0575721
0.026365839
-0.025106274
-0.043131281
-0.022787634
0.058358178
0.056484506
0.020760283
-0.054606125
-0.022893356
0.1443074
0.054484878
0.073021911
0.0080916435
-0.065010577
-0.022562791
0.063485295
-0.14894266
-0.14059925
0.05401741
0.041200742
0.095580243
-0.010930716
-0.12379746
-0.016389124
0.044897724
-0.023466721
-0.1215616
0.062496584
0.052173216
-0.11631861
-0.033234067
0.087810524
-0.063458093
-0.031546704
-0.062700823
-0.06352479
-0.0019860414
0.014295505
-0.058124084
-0.065201566
0.0048709973
0.052898534
-0.053835791
-0.016692074
0.023912422
-0.14977182
0.028218692
0.00070256845
0.02340737
0.043244623
-0.093791842
0.0036348072
0.027847154
0.026751358
0.021547796
-0.013996297
0.068216093
-0.036943436
-0.056838725
-0.054206666
0.0073783868
-0.096484438
0.026013229
0.02832175
0.013969155
-0.080338262
-0.076133415
-0.039668992
-0.0045737829
0.10509423
0.0044463784
0.10893826
-0.053924017
-0.099493332
-0.10110778
0.085248619
0.076075263
-0.064381212
0.088865466
-0.060499877
0.0080515826
-0.06296251
-0.15634544
-0.061722778
-0.052294951
0.052975357
-0.043679148
-0.067214429
0.10660221
0.014546587
0.024044858
0.020327011
0.075642079
0.04213779
0.011293175
-0.03016834
0.034133695
0.0021406235
0.017957149
-0.079093792
-0.094749466
-0.043828566
0.066429466
0.032532066
0.049506351
-0.042365443
0.017419534
0.12281916
-0.050056092
-0.0044648098
-0.027766524
0.016985426
0.073994964
0.04024832
-0.030219145
-0.019241674
-0.016643103
0.020064436
0.050722644
-0.064737439
0.036135145
0.048877493
-0.057186648
0.11650527
0.044729117
0.024563707
0.05267556
-0.097858317
-0.043746877
0.11878078
-0.074428812
0.040900782
0.056836113
0.0027481997
0.010913823
-0.016202657
-0.095277824
0.031949215
-0.053917699
-0.0018863822
-0.022833645
0.00035519997
-0.0022444541
0.1176972
-0.080468275
-0.0029766592
0.004068071
-0.074538007
-0.016721394
-0.034700423
-0.031569626
0.071516708
-0.030676458
-0.055859763
-0.011363742
-0.033129957
-0.040152665
-0.18675932
0.065046392
0.031790297
0.0078561278
0.052897323
0.0042072907
0.085253656
-0.04176553
0.035587374
0.084849171
0.032222774
-0.086283237
0.0056780814
-0.13475311
0.10309938
-0.042793903
-0.075400077
-0.10450863
0.023049708
-0.059339657
-0.085967101
-0.048818003
0.084260583
-0.026685659
0.071289256
0.035120908
-0.068269029
0.034114599
0.0024862294
0.060022973
-0.051892191
-0.08767166
-0.061126444
0.09638381
0.061079167
-0.018854199
0.048838478
0.056762047
-0.071624845
-0.10294208
-0.10411603
0.066840872
0.067542553
-0.15605074
0.038549539
0.022308659
0.015008457
0.13426702
0.017394636
-0.021878533
0.088076428
-0.14344449
-0.092997149
0.0077850544
-0.053361412
0.055988245
0.097486049
0.085183442
-0.0089877062
0.059128415
-0.039159693
-0.11888415
0.038510434
0.028298281
-0.0059642205
0.089643873
-0.040769178
0.085697904
0.090091817
0.04456874
0.019300973
0.050569076
0.087878928
0.021855425
0.023603905
0.038679104
0.017454371
0.050307345
-0.11809549
-0.03259464
0.048643406
0.067145348
-0.0068949889
0.070139378
0.168496
-0.020101041
-0.031945728
-0.097770452
0.20578246
0.023537386
0.01201325
-0.05405774
-0.022861546
-0.012370532
-0.024056906
-0.089666605
0.11360032
0.042603321
-0.0453366
-0.018291751
-0.074451618
0.08617948
0.036928143
-0.0050707841
0.078475818
-0.18191992
0.12586756
0.049981687
-0.053340081
0.014916941
0.00044881992
0.025732486
0.013448508
0.15017532
-0.041401599
0.013145135
-0.01471984
0.041978113
-0.0069399914
-0.059576545
0.11271949
0.11239011
-0.0072429748
0.028549518
-0.077793442
-0.024546647
-0.051952988
0.067485139
0.035408169
0.17679513
0.028098635
-0.010385484
0.069309503
-0.0063481638
-0.0012184136
-0.0041019758
0.030610921
-0.06703686
-0.10956918
-1.3269975e-05
0.10189541
-0.07972835
-0.014742635
-0.089930862
-0.041320894
-0.075302482
0.077715501
-0.093238115
-0.10255546
-0.038302459
-0.054028604
0.020858753
-0.089818485
0.096896611
0.022140844
-0.063043326
0.026793705
-0.015035257
0.05882642
-0.034473959
-0.04952288
-0.055305999
0.10344281
0.042151514
0.010796894
0.012303215
0.097966842
0.015320048
0.063917033
-0.030934455
0.035415322
-0.17061166
0.053637501
0.011119315
-0.011720365
0.064467937
-0.11248712
-0.22651064
-0.043774396
0.086241499
-0.01522073
-0.024853818
0.19013947
-0.017171698
0.011102704
-1.4272478e-05
0.037686169
-0.055088367
-0.058062743
-0.032625344
-0.042602628
-0.056965068
-0.066118568
0.082588471
0.045791186
0.017175216
0.045463663
-0.061156373
-0.077195995
0.13751058
0.080479056
-0.031051992
-0.15733323
0.14307599
-0.05972448
-0.026642464
0.077494875
-0.0054031643
0.14393741
-0.042254064
-0.06251239
-0.35407335
-0.036924768
0.10004948
0.017836556
0.11502837
-0.054689214
-0.015184688
-0.10223031
-0.036850661
0.14921503
-0.13424897
0.053629603
-0.11551352
-0.021056103
0.062060039
0.074939936
0.039087441
0.10809863
-0.17257029
0.0044151773
0.057917722
-0.024552425
-0.044649798
0.0036763442
-0.067538068
-0.069997303
-0.048377212
-0.029879255
-0.011364385
0.026904631
-0.016289307
0.10319166
-0.13008021
-0.059915055
-0.045561001
0.06829492
-0.053639345
-0.11204281
0.15025431
-0.031775523
0.085470073
-0.0018793432
0.10383134
-0.10113911
0.086471319
0.1133893
0.057731375
-0.0047440333
-0.017035309
-0.029943157
0.076349869
0.15049653
0.017936036
0.075798906
0.027144346
0.13693362
-0.072752707
0.010558523
0.032135379
-0.049963407
0.07888554
0.14819179
0.021532299
-0.045456301
0.17916486
0.10865945
0.030413287
0.025513303
0.090615518
0.035452604
-0.061704475
-0.087472565
0.046581306
-0.048033752
0.090072952
-0.044746548
-0.053130634
-0.073735066
0.026382077
0.059358995
-0.038987555
0.019956058
0.15540205
0.029595591
-0.09072914
0.02998329
-0.025269536
-0.081809416
0.016334329
-7.0878639e-05
0.056825031
-0.066912159
-0.062856123
0.025648315
0.11976882
-0.070079118
0.043436266
0.0013693911
0.039076988
-0.033211935
-0.0015248625
0.12043289
0.076267913
0.010315589
0.036799874
-0.062183458
0.11244211
-0.11942824
-0.035571061
-0.10864554
0.02523857
-0.0056612934
-0.088508204
0.039692968
-0.13453443
0.029830804
0.13633043
-0.014172403
0.087140575
-0.062086899
-0.03542234
-0.02087003
-0.056797523
0.13268337
0.085204341
0.076380938
-0.16988061
0.0056345891
0.00087622949
0.035598841
0.1024538
0.0867614
0.10588564
0.063934453
0.056025345
-0.0090898043
-0.038284801
0.046110492
0.042784024
0.088685416
-0.064978927
-0.041615203
0.017407997
0.046558164
-0.024999358
0.11971018
-0.044126272
-0.04288967
-0.031619709
-0.0039410111
0.045848738
0.036709603
-0.10305871
0.056715064
-0.010270023
-0.057063982
0.016367577
-0.010971317
-0.068479337
0.085862294
-0.1206203
-0.027008474
0.0060529844
-0.087743081
0.033041984
-0.10130603
-0.025067789
0.053572852
-0.023716941
-0.060735319
0.086440481
-0.023360517
-0.054511666
0.11902278
0.017446294
-0.02078804
0.0096843429
-0.016304167
0.059060097
-0.024674553
-0.096169516
0.064732991
-0.0087163076
0.12843317
0.12085663
-0.043099325
0.02080824
0.0032264593
0.12633066
0.0049537201
0.0493357
-0.04356578
-0.040019639
0.060263049
-0.082266599
-0.047027037
-0.06383428
-0.0564465
0.054242294
-0.12732233
0.086768687
-0.009612523
-0.0217853
-0.022390524
0.054319467
-0.037440259
-0.047530416
0.02021974
0.049430143
-0.04717122
0.061797995
0.030599296
0.057301041
-0.040980555
-0.084105432
0.059740335
0.017903825
-0.0025437016
-0.18517762
-0.011996188
0.04641673
0.050680678
0.07554733
0.026664669
0.010092343
0.10371477
-0.048721503
0.11321937
0.011940316
-0.12145128
-0.15330896
0.024936816
-0.029340131
-0.08741454
0.063929424
-0.11946648
-0.046827447
-0.047152437
0.086597927
0.13056217
-0.071229748
-0.045907278
0.042711746
0.084678493
0.082734279
-0.0058217305
-0.023624483
-0.023458796
0.05165489
0.059978962
0.055698171
-0.053164616
0.05985621
-0.0099524902
0.032078281
0.10121631
-0.058606155
-0.067751192
0.015677959
-0.042097691
-0.0015452321
-0.10006624
0.055449199
-0.038965758
0.040052723
-0.08569067
-0.067673132
-0.038833514
0.011105155
0.019618507
-0.057526544
-0.034696169
-0.067080013
-0.011355445
-0.04499856
-0.024774732
-0.018745428
0.070607565
0.017489251
-0.04238642
-0.014878693
0.041680101
0.0036805877
0.0045416271
0.0013560873
-0.067221828
-0.067882605
0.10363286
-0.03273508
-0.049233172
-0.055802848
-0.066294499
-0.042312734
-0.045857809
0.042820755
-0.068592034
-0.015351886
0.041345444
0.14165646
0.0039110137
0.056966949
0.041801546
-0.073191315
0.072638251
-0.15263085
-0.15340942
0.010332122
-0.02332958
0.00059340865
0.055737481
0.095045105
0.018806554
0.079685181
-0.032078285
0.095227599
-0.035531927
0.049222834
0.063766517
-0.016279055
-0.09635926
0.093382932
-0.020825401
0.016678201
0.10735872
0.01360692
0.065909982
0.087514065
-0.024787299
0.031277854
-0.02595018
0.1104494
0.113528
-0.02060806
-0.017324062
-0.049048599
-0.039337009
-0.073164344
-0.010281955
-0.11782108
0.064928383
-0.068174645
0.051939275
0.003241763
0.004591811
-0.0098449746
0.03057166
0.071529783
-0.0054581561
0.03273071
-0.045809589
0.068557888
-0.050425764
-0.038717009
-0.014134448
-0.035130985
-0.085254356
0.086730316
-0.055497527
0.038997542
-0.060397483
0.040778343
-0.0247957
0.035364106
0.060301851
0.12229931
-0.042657055
-0.00018893892
0.06408672
-0.050146177
-0.02312246
0.033025634
-0.019827871
0.0071498216
-0.054035887
0.024678821
-0.058132004
-0.026250528
-0.014773571
0.063619994
0.016782764
0.03407231
0.067154743
0.070454091
0.08773037
-0.022127077
0.1102374
-0.020575594
0.030049486
-0.068595566
0.012831727
0.020429075
0.10757875
-0.052592617
0.041757498
0.011871424
-0.030240037
-0.059985198
0.054097407
-0.0083097517
-0.062948473
-0.053119037
0.11559006
0.02784851
0.036951855
0.012011516
0.011693722
-0.12399969
-0.028532304
0.020246407
0.063124582
0.0095503759
-0.028717339
0.039794099
-0.011398267
0.067885928
-0.042654999
-0.030610807
0.11574882
0.05905772
0.011614352
0.08183153
0.034328517
-0.053232968
0.0094261225
0.049444538
-0.071487144
0.026541935
-0.031504136
0.046154059
0.066497564
0.091581747
0.024771173
0.083740436
-0.051056817
0.042300962
0.0090942616
-0.087167971
0.095988654
-0.015172294
-0.0014039632
0.030488914
0.063782595
-0.025488285
-0.032588668
0.04832061
0.050458774
0.09916909
0.031345949
-0.09712553
-0.015679233
-0.033041835
0.066226482
-0.025232498
-0.031586669
0.084672533
0.023631712
-0.0047112065
0.078704648
0.026021447
0.031804726
-0.020779734
-0.04940176
-0.011187064
0.08228904
-0.064422205
0.021897268
0.023244057
-0.050172281
-0.083760433
-0.0441778
0.094326958
0.019440826
-0.16975091
-0.025532691
0.076777592
0.10456168
-0.047841318
-0.0020306695
-0.041209359
0.027046299
0.0014026935
0.028597228
-0.03704058
0.049084716
0.12641768
0.016243223
0.0019977908
0.0018781304
-0.050466117
-0.020530248
-0.070579335
0.056253415
-0.055363681
0.088445134
0.046258688
0.022765923
0.067040361
-0.03606591
0.065865599
7.8473066e-05
0.094443955
0.0026992918
0.10950924
0.098214097
-0.063943617
0.097335719
0.043201126
-0.012969215
0.091735363
-0.15532734
-0.048914935
0.032003332
0.052895188
-0.070023142
-0.063547201
-0.092146739
-0.085751511
0.0094191711
-0.0013729322
0.067423858
0.035313845
-0.038724571
0.044927962
-0.035184741
0.077463485
0.05460893
0.027013253
0.0047265762
-0.070037529
-0.068770096
-0.03911848
-0.019090915
-0.038871747
-0.0085425014
0.025900746
-0.028668271
0.025541095
0.017058052
0.071178205
-0.10479563
0.026499964
0.036517024
-0.021179404
0.034997456
-0.0065202396
0.017232887
-0.050670367
-0.070606247
-0.021708034
-0.084558778
-0.073469065
-0.023514722
0.022045486
-0.065544859
0.10235009
-0.075064138
-0.10272624
-0.013787467
-0.05573602
0.026291652
0.064812675
-0.082087465
0.0097372932
0.012988728
-0.05452444
-0.043963127
-0.052848272
0.020657301
0.054312732
0.032176051
0.030193714
-0.10476271
-0.0052515999
-0.11529972
0.036249924
0.014043874
0.044291809
0.009196246
0.084482625
-0.062509954
-0.030603591
-0.0011318274
-0.02215212
0.084686846
-0.024051866
-0.012528474
-0.0029287096
0.14368597
0.015257109
-0.026634619
-0.0027838615
-0.039821319
0.0033221536
0.047523919
-0.040489331
0.075161979
-0.0080497963
0.085931517
-0.067022018
-0.02613838
-0.028486947
-0.021431904
0.036367994
0.012754345
0.056818936
0.029088315
-0.073645234
0.047036022
0.11319105
0.070921928
-0.018380061
-0.038722187
-0.070060156
0.028653888
-0.044847194
0.056928772
-0.099406242
-0.0228907
0.15023522
-0.046505317
-0.012884005
-0.034760144
-0.015028853
0.083565205
-0.078578398
-0.15836324
0.0543807
0.096203111
0.14831948
0.039054181
-0.07102266
-0.028576488
0.10089846
0.039409678
-0.12075926
-0.0531253
0.055141021
0.058050465
0.077720821
0.10787509
-0.040897846
-0.073037162
0.056427173
0.025981233
0.070293501
-0.052891027
-0.07171347
0.091102175
-0.061315432
-0.11948588
0.0090236897
-0.076442264
0.021606039
-0.04981561
0.098462939
0.047230773
0.016364323
-0.024573976
-0.090202011
-0.074459776
0.027773194
0.11427259
0.034303144
-0.037370771
-0.045933839
-0.023210023
-0.048850551
0.014994353
0.048065677
-0.079329588
-0.14889531
0.029588418
0.054373287
0.063612439
0.069479652
-0.051579695
-0.083013654
-0.010690256
0.051788669
0.036277309
-0.013610069
-0.048659861
-0.01858452
0.044514857
0.021826779
0.11118837
-0.094484799
-0.078984886
0.0011137634
-0.075855248
-0.05451417
0.077165373
0.064267382
-0.073957264
0.076403782
0.031636402
0.13572365
0.0013045876
0.010946331
-0.0096411407
-0.0050016362
0.068240084
-0.027988972
0.009982218
-0.047494382
-0.037029028
0.034383707
0.034449026
0.024262084
0.0028310872
0.043453526
-0.016118893
0.0075969989
0.0080768429
0.052570265
-0.010787342
0.0083824806
-0.046216089
-0.079097219
-0.018063582
-0.10465869
0.010889327
-0.10004079
0.0090979049
-0.025802741
0.049858641
0.095303193
0.058624759
0.027379351
-0.010043698
0.020277506
0.069341384
-0.03112486
0.03466323
0.050829612
-0.0072026122
-0.036952443
-0.024871711
-0.07529109
-0.084736675
0.072675198
0.057389677
-0.073261276
-0.0045153745
-0.037279744
-0.014703795
-0.094449282
0.12220171
0.066792756
0.058354419
0.080548704
-0.092774756
0.07486099
0.017736034
-0.0033358047
-0.040398989
0.0087495176
0.078869119
-0.038534943
0.066876665
0.035330005
-0.02898285
0.058667459
-0.097008884
-0.060719945
0.12724923
-0.021966573
0.088373803
0.030699406
0.063255161
-0.003719535
0.073743239
-0.072513871
0.035052389
0.05499877
0.020689938
-0.074145392
-0.054243464
-0.038523499
-0.023880234
-0.08715681
0.11242462
-0.0047181621
-0.0090852808
-0.14870355
-0.0041461042
0.039808188
0.022810303
0.025697915
0.0029078878
-0.11592095
0.08221066
0.0030121107
0.060266685
0.021646148
-0.047516305
-0.074620709
-0.05015121
0.086031511
0.09458296
-0.07431785
0.079910375
0.040362023
-0.020499347
0.025975289
0.12827073
0.021821162
-0.014656301
0.067082152
-0.090415411
-0.060176767
0.0274281
0.057604581
-0.012274718
0.12621251
0.023184417
0.048387948
0.04939561
0.014328869
-0.045291767
-0.04447649
0.11012693
0.065040082
-0.01930579
0.09858074
0.077895619
0.0021792129
0.06728109
-0.028358012
0.012368599
-0.0058718552
0.11304914
-0.039150674
-0.034208868
-0.12227011
0.042199902
0.060843743
0.038949933
-0.0017446682
-0.024869479
-0.062427524
0.10308404
0.038683623
0.074138768
0.0038797932
0.012488323
0.030801259
0.092197649
0.061128095
0.030667869
0.030484237
-0.038767211
-0.0038790212
0.057146735
-0.014318304
0.04621651
-0.17658633
0.036335979
-0.00043642914
0.12977552
-0.020388804
0.041146751
-0.084637076
-0.0011936928
0.077436507
0.064109035
-0.0083245635
0.012247055
-0.11902662
0.0003443177
-0.031497605
-0.038095083
0.026481131
0.001498322
-0.021877842
-0.10544576
0.0096807154
-0.0070871445
0.089370176
-0.061833773
0.025179984
-0.11656816
0.032385431
0.0043398943
0.08352524
-0.11501125
0.072783798
-0.025643041
-0.10454649
0.0063168164
0.071695141
-0.03343958
0.0051023914
0.047337342
-0.093737192
-0.02969745
-0.031604417
-0.028664785
0.025627885
-0.038067229
0.05631284
-0.074376039
0.039572313
-0.088818245
-0.017155832
0.071776435
-0.11799755
0.019014319
0.070217215
0.10427143
0.075335979
-0.079561464
0.057143144
-0.040647469
0.026437953
0.06799823
-0.10982419
0.02147874
0.089732811
0.12484899
0.044059757
-0.077157766
-0.042113885
-0.039167847
0.070308924
-0.016232625
0.062082879
-0.038368046
0.15419908
0.077895567
-0.1699886
0.074863389
-0.065248638
0.050731789
0.024920214
-0.029443998
0.04863999
-0.11199305
0.022344979
-0.17782781
-0.05688398
0.006277597
0.010337312
0.053875562
0.049390364
0.017650113
-0.038270522
0.039403122
-0.12830138
-0.026472239
-0.0075010075
0.0053170333
-0.041543048
0.0015618372
-0.048551247
0.024319993
-0.09726461
0.039142866
0.024404911
-0.028875854
0.013735506
0.063141011
0.0084904488
-0.010080482
-0.053520747
-0.030381845
-0.015274093
-0.070633635
0.074535422
0.025819343
0.10591685
0.014491079
0.033031009
-0.0056701396
-0.051013019
-0.1141965
0.014852772
0.058678921
-0.03194613
-0.057414666
0.042438556
0.026456716
0.011000239
-0.036505289
0.053373247
-0.0045258547
0.053348169
-0.080367312
-0.094432458
-0.034437001
-0.042299099
0.087592043
-0.0061666984
0.074316777
0.027647641
-0.047588151
0.067621239
0.026644118
0.11830187
-0.0099111125
0.030818792
0.016103804
-0.023147488
0.045846425
-0.0039420086
-0.08303953
-0.047507737
-0.050686784
0.087901153
0.074093632
-0.035051182
0.032670073
-0.046510309
-0.029175926
0.094154127
0.031613227
-0.11076326
0.053697981
-0.042442244
-0.074510306
0.033042833
0.00029424916
-0.065452158
-0.0045688706
0.11982406
0.0083886851
-0.043382116
-0.027182983
0.046805847
0.1218203
0.084271312
0.066393539
-0.05611328
-0.060487177
0.036523871
-0.057139248
0.041107096
0.025943717
-0.044141915
-0.0084864609
-0.075562753
0.037931055
0.05926542
0.018932179
0.075390041
-0.014922185
-0.10410397
-0.030862043
-0.02353026
0.037712928
0.062969424
-0.042119067
-0.0122026
0.094696738
-0.0325698
-0.13075684
0.049075942
0.037452593
-0.08179976
0.03289023
-0.010366446
-0.039262414
0.064177655
-0.025105113
0.041905738
-0.11844097
0.041229472
-0.0069913012
0.040065374
0.05172452
0.0037144062
0.032711089
0.048461661
-0.0069743926
0.10391913
-0.049591891
0.013813238
-0.026653359
0.034896933
0.068046346
0.08984255
0.00052239583
-0.014339513
-0.042824034
0.091972403
-0.11268129
0.058106702
0.14778772
-0.023212673
0.05787649
-0.047880948
0.050019972
-0.068059459
-0.031806298
0.003851213
0.072409816
0.021528706
0.10013627
0.04419373
0.080825217
-0.03295096
-0.061957665
-0.095836826
-0.018247528
-0.0086537935
0.071235389
0.076100104
-0.015289335
0.038260873
0.022948807
-0.032925621
0.041773915
0.022393579
0.11357704
0.076985113
-0.06979236
-0.074644573
-0.012313696
-0.027755924
0.060086332
-0.006144695
0.083973154
0.014387853
-0.059637323
0.054989263
0.063406281
0.16889119
-0.067842536
-0.0097548673
0.046915721
0.05855779
-0.0077019185
-0.0061956174
-0.096139036
-0.068643793
-0.085587792
0.080769934
-0.068653755
0.050620791
-0.10701393
-0.024042262
0.0018124642
0.07139799
-0.014828266
0.024737967
-0.045646723
-0.050742973
0.022468181
-0.032311589
0.040094391
0.066510007
-0.071188323
0.060347691
-0.062608086
-0.056517292
-0.093054272
0.096986949
0.0025269967
-0.034308665
-0.01610817
-0.061423805
-0.087701015
0.092222922
-0.0039760834
0.074832633
0.0067218053
-0.079142183
-0.017916398
0.104982
0.036471058
-0.0088262185
0.061688006
0.047802255
0.12225286
0.068674833
0.015040406
0.051019005
-0.013463968
0.014805481
-0.10465224
0.053922918
0.054702457
0.006494835
-0.10089923
0.058974244
0.030111143
0.090001062
0.012893495
-0.037936818
0.017292842
0.045604009
0.1001239
0.055458404
-0.098388709
0.04367464
0.057537187
-0.047756702
0.053950872
-0.12239818
-0.097062796
0.073971361
0.0056016217
-0.0029760003
0.030463364
-0.016379649
0.0060914266
-0.041449085
0.0043175062
-0.053437438
-0.075569481
0.015236701
0.080739953
0.0069678952
-0.0096316636
-0.062754944
0.15682843
-0.080593683
-0.046138167
-0.075700887
-0.095221981
-0.013840435
0.086811222
-0.034863114
0.0036056729
-0.035845451
0.0097360415
-0.081251629
-0.045160156
0.088520356
0.014578739
0.0083415173
-0.0082277525
-0.04972345
0.058359861
0.024421424
0.030046338
-0.018364845
-0.030473201
-0.052672602
-0.043995094
0.049896594
0.072742075
0.035745744
-0.0076577473
-0.09349595
0.053717267
-0.024568627
0.070857152
-0.033092134
0.087188788
-0.10271463
-0.029741235
-0.15619461
0.12499968
0.17021939
-0.036491457
-0.053242654
0.10806192
-0.035431221
0.13451286
0.14894724
-0.049515314
-0.038719025
-0.13681188
-0.022617819
0.040358301
-0.10271437
-0.025948269
-0.037699234
0.027972011
0.038857304
-0.011416536
-0.0061887591
-0.021187296
-0.07991372
-0.021210924
-0.12117063
0.0018335474
-0.096062057
0.042436574
0.10050274
0.067288756
-0.030059071
-0.058826186
0.013958777
-0.0095470445
-0.047048599
0.041180104
-0.088715814
0.015928119
-0.033728056
-0.0079106158
-0.029710634
-0.058874596
0.0001556896
0.040609393
-0.0095658815
0.064091504
0.063471884
0.11877371
-0.073430046
0.041097507
-0.01192527
-0.010235143
0.018284662
-0.041557878
0.019451601
-0.083565794
-0.041521717
0.13728762
0.12127306
-0.10549529
0.0026286545
0.024702307
-0.020883169
-0.062191106
0.076697543
0.10832676
-0.0037444341
0.056628663
0.081331633
-0.050723847
0.0052329511
0.036107659
0.04360025
0.015101275
-0.008884822
0.025722221
0.13109778
0.074316666
-0.051628854
0.012542425
-0.089825727
-0.12136289
-0.12651667
-0.048335526
-0.095690437
-0.12426387
-0.037754327
0.082606465
-0.012845526
0.031092115
-0.098345272
0.10400482
-0.15390582
0.038464878
-0.10891695
-0.075608015
0.032110952
0.00069881359
-0.061393
-0.052979659
-0.051384319
0.042764705
-0.11051925
-0.025090087
-0.089418694
-0.018275913
0.015762776
-0.043882392
-0.13172625
-0.031662595
0.087170132
0.0041529327
0.022518465
-0.053959232
0.0082320087
0.056479909
-0.01243155
0.14223903
-0.091899186
-0.031732857
-0.10685813
0.095105357
-0.046617545
-0.03290844
-0.11902643
0.011426892
0.017270848
0.1358864
-0.027429406
-0.047186907
0.15315662
-0.056762323
-0.092147402
-0.04458848
-0.0015907275
-0.080119006
-0.068134002
0.036488816
-0.0018329738
-0.059714332
0.01855192
-0.0076278052
-0.011599142
0.11533574
-0.033702571
0.036545824
-0.0065753404
-0.13804121
0.024829285
-0.080694892
-0.014564866
0.015640602
-0.063367851
0.11684596
-0.010697126
-0.08755739
-0.081407249
-0.19629042
-0.034965508
-0.084893174
0.12076758
0.090407752
-0.18816157
-0.071117714
0.084732674
0.021858523
0.0052305567
0.0056125694
-0.0041699968
0.022939423
0.031100636
0.049540553
0.13652118
-0.029603289
-0.042565081
0.089576423
-0.021608064
-0.020029185
-0.057711452
0.080097221
-0.059525482
0.035987705
-0.031409644
-0.036173243
-0.045402031
0.011010214
0.020866502
-0.24719766
0.03734621
-0.071543604
0.0048110746
-0.059241466
-0.02034628
0.039423622
0.01108228
-0.0058085271
0.068919219
0.044620894
0.071683124
-0.010423478
-0.077243961
0.021740133
0.040995602
0.052956454
0.0060789902
0.042127792
0.053224698
-0.0098229395
-0.0028828839
0.017237367
0.08461003
0.030325327
-0.0071430788
0.042224672
-0.066363104
0.032116663
-0.047622975
-0.039480135
0.007902774
-0.10775774
0.10736948
0.01686145
0.063356318
-0.055793367
0.12000205
-0.014305692
-0.057190627
0.017007997
0.098135807
-0.1194793
-0.001110769
-0.035974104
0.086529627
-0.069343999
-0.014451034
0.077543095
-0.034495745
0.03361363
-0.030189434
0.048038587
0.052094501
-0.013436937
-0.12609188
0.03434113
0.055252571
0.034940336
-0.00013674785
-0.019877439
-0.012257427
-0.029675661
0.031235628
0.013207607
0.083490647
-0.079640284
-0.079803839
-0.031981893
0.11431157
-0.079208449
0.089881986
-0.085491739
-0.12929416
-0.023963321
-0.025630435
0.038642455
0.0068579996
0.0081319911
-0.022929236
-0.046984892
-0.0096338857
-0.041128863
0.036241002
-0.04825902
-0.029990545
0.11476308
0.059143245
-0.045567103
-0.10754818
-0.00101089
-0.026047193
-0.15149082
0.090275303
-0.031138033
0.03063813
-0.017830405
-0.0024423813
0.046885397
0.020457098
0.074247256
0.073614523
0.026840786
0.029786438
0.0501251
-0.062689282
-0.05783549
0.098699681
-0.0085722795
0.028894775
0.022307465
-0.041830059
-0.069968253
-0.083607756
-0.13894528
0.12059256
-0.096355438
-0.053494629
0.095858507
0.0022703491
0.083964415
-0.0040259557
0.020598618
0.075667828
-0.060686063
-0.07504341
-0.0033792756
0.042225588
-0.066227607
0.0083423182
-0.0049288189
-0.065672301
-0.0045989491
0.10409554
0.011152655
0.10276977
-0.080726072
0.059100889
-0.02792393
0.087536275
-0.091042556
-0.070491508
-0.011789234
-0.012329947
-0.005360201
-0.0076060588
-0.072144829
0.018510178
-0.090691164
0.031062186
0.11059863
0.018580811
-0.14966488
0.057653096
-0.023049813
0.11684991
-0.089035958
-0.024541169
0.039709974
0.11176688
-0.0185769
0.0038619812
0.0075854929
-0.04052975
0.00836292
-0.037914082
0.10110743
0.050017737
0.015806312
-0.088815242
-0.15570059
-0.0012632982
0.09848392
-0.052869305
0.09109991
-0.018906282
0.077428147
-0.018255057
-0.076970302
-0.11951523
0.044677235
0.038816597
0.055790741
-0.069600791
-0.064726539
0.044298261
0.065031342
0.048609514
-0.0093657915
0.0039064772
-0.089430794
-0.044865686
-0.067763127
0.079295397
0.093982995