0.0084110545
-0.046660364
0.009974828
0.028148538
-0.049013745
0.0076879151
0.080128253
-0.14719409
-0.0015224528
-0.055569943
-0.06207639
-0.0077575189
-0.11778899
-0.087405443
0.061622322
0.066127449
0.13863105
0.047290377
-0.018219789
0.044700801
-0.096950687
0.082566097
-0.095030166
-0.077622861
-0.00012833877
-0.088528425
0.061646242
-0.1557539
0.047867771
0.089099295
0.025210673
-0.031683825
-0.080198087
0.072148286
-0.028410902
-0.089829892
-0.00042568144
0.055822656
-0.046908811
0.057280663
-0.13176735
-0.087937258
0.018904578
0.021823585
0.090376981
0.096789785
-0.060316227
0.088384397
0.01398535
0.062534273
0.035889763
-0.011038457
-0.02826371
0.085381642
-0.0032321708
-0.0083384793
0.11282857
0.047140863
0.0058014845
0.056562848
0.021874731
0.0058827177
-0.070743345
0.046448797
0.017208776
0.048019104
0.020400736
-0.0091994302
-0.025144624
0.067169212
-0.077283017
-0.029443415
0.094270788
-0.04773863
0.071231984
0.0038829097
0.045100689
-0.040078614
0.089218803
0.095472589
-0.021019666
0.0026005751
0.054747883
-0.10327575
-0.026787238
0.021918442
-0.00068572292
0.032081105
-0.02091275
0.024458084
-0.045143995
-0.041073643
-0.038783263
-0.040091392
-0.063405849
-0.0015371337
0.047826689
-0.12578474
-0.035513405
-0.14173931
-0.054738831
0.070884757
-0.019389329
0.043962248
-0.018831069
-0.019720562
0.042146239
0.05274193
-0.052854139
0.067051604
-0.034598853
-0.032949552
0.018945131
-0.0069320197
0.13692516
-0.082245991
-0.066243015
-0.035972863
-0.10148533
0.012003293
0.024722004
-0.12654796
-0.095846631
-0.023041332
0.10568047
0.051512651
-0.057022613
0.028550468
0.0070257024
-0.010573096
0.024471425
0.042683553
0.026951553
0.05190637
0.036937173
0.070959285
-0.0014226796
-0.10099339
0.084065676
0.099334702
-0.047381803
0.077674337
0.027197989
-0.012617967
0.083371662
-0.0092577208
-0.02560238
0.0073206173
0.048391871
-0.012801525
-0.085938297
0.054842275
0.028831584
-0.022165895
-0.11993953
0.0028194215
-0.061007693
-0.014100008
-0.025979323
0.063286588
0.059688415
-0.036581192
-0.018338161
0.091525406
-0.047692545
0.057759944
0.082974292
-0.054998629
-0.052598983
0.011935508
-0.050857466
0.016038788
-0.0035188876
0.049139969
-0.06253925
-0.046782296
-0.046545323
-0.092787214
0.015969433
-0.11682448
-0.11947632
0.11571944
0.056333635
0.037695806
-0.01351552
0.016976314
-0.068053298
-0.090835117
0.0068759802
-0.11325576
-0.062820606
0.070094652
0.09998662
-0.066697992
-0.029134354
-0.03840103
0.10824455
0.041173697
0.079164058
0.012003612
0.094227053
0.024214793
-0.03804886
-0.01679966
0.034150019
-0.067396693
0.028357552
0.049349915
0.051150683
0.055262998
-0.019887634
0.01475203
-0.15534644
0.014736792
-0.087466404
-0.004862152
-0.062875524
-0.069723345
-0.0013563503
-0.030896831
0.027438449
0.00072117359
0.076166451
0.023610033
0.11271275
0.07001853
-0.046675894
-0.11646347
0.075056382
0.056763217
-0.068416864
0.030485865
0.046090256
0.0013329091
-0.025558926
0.0051283194
-0.05114584
-0.028243123
-0.099393047
-0.029724365
0.032092892
-0.07262332
0.052451052
-0.13516973
-0.099738449
0.081772134
-0.10477114
-0.0085458197
0.036625542
-0.094074085
-0.047173686
0.017686052
0.062810004
-0.023041269
-0.031308684
0.051045951
0.062952384
0.019882273
0.030189015
0.00120465
0.050123818
-0.057248492
-0.023352161
-0.045169055
0.072860554
-0.0023871213
-0.087882183
-0.014169758
-0.059876636
-0.024035901
0.10124689
-0.0052367216
-0.030339645
0.033178478
-0.037880916
0.004583355
0.028405035
0.022758435
-0.014567501
-0.1416962
-0.037999727
-0.055482831
-0.06891644
0.014341385
0.055760402
0.080362722
0.012315462
0.055250302
0.01174171
-0.029047661
0.042393856
0.020752132
0.019612946
-0.066275619
-0.075327545
0.011730398
0.049721967
-0.077704877
0.0052684364
-0.012190591
0.062193625
0.055920027
0.019185523
0.083751492
-0.090247445
0.0072592711
-0.066962652
-0.13037094
-0.043931171
0.019249449
0.073246136
-0.01101787
-0.035461262
0.029204967
-0.076393194
0.069616437
-0.027024625
-0.064368375
0.019399084
0.028597523
-0.055409811
-0.021032056
0.0060203853
0.00077714561
0.0099264057
-0.036393471
-0.062040377
0.0026209971
-0.010965759
-0.081609078
0.05071599
0.089165099
0.030336248
-0.0021185761
0.0665714
-0.041197695
-0.070511743
-0.010703995
0.011677102
-0.033361383
0.031959843
0.049992461
-0.021283466
-0.016675901
0.10690186
-0.096143395
-0.010080181
0.081715591
0.075935222
-0.005155236
-0.010168847
-0.010828866
-0.043399055
0.090655059
0.046053238
-0.0017183508
0.041694764
-0.027006434
-0.10205044
0.085806705
-0.082109272
-0.053199906
0.019538039
0.020604214
-0.029517731
-0.078269571
0.013770113
-0.0062809046
0.050397698
0.060543414
-0.011131954
-0.035323571
0.0073357746
-0.016201522
-0.014348386
-0.043678947
0.071713142
0.002103955
0.0020123424
0.0095998319
-0.013686447
0.019316772
0.041958805
-0.055105582
0.0070465021
-0.039251205
0.06500797
0.0098053692
0.012598771
-0.0031636287
0.088618129
0.062127057
-0.075432576
-0.059735261
0.077719249
-0.0041947193
-0.032188065
0.059556797
-0.026947934
0.028989444
0.0062334957
-0.046780594
-0.058398638
0.010683809
-0.056463875
0.048046649
0.088486634
-0.068964407
0.021261374
-0.096826814
-0.075324304
0.061260156
-0.066251315
0.006686802
0.010446115
0.073555306
-0.060741175
0.12342329
0.013274698
-0.026807027
-0.061865851
-0.047038049
0.099925652
-0.009392702
0.039602391
0.006970162
0.037186518
0.080461137
0.0034341749
0.010869128
0.02544209
0.042782936
0.034248035
-0.04227167
0.040446136
-0.12554368
0.050894544
0.086601712
-0.014124922
0.027551366
-0.051792115
0.035726912
0.018369572
0.027427116
-0.038677886
0.0053821481
-0.11571011
0.0089569697
0.040210783
-0.068307132
0.0075041298
0.042996205
0.010165337
-0.062501185
0.044482458
-0.042992286
0.091127411
0.085099734
0.040981535
0.074129738
-0.014904941
0.033107258
-0.0077997344
0.01178701
-0.069634341
-0.037053563
0.018371578
0.050347719
-0.086477339
0.021379316
0.0081892433
0.0027519017
-0.028574461
0.0085475547
-0.0035502736
0.014001371
-0.057287566
0.021559944
-0.07717105
0.040050853
0.076995872
-0.011304394
0.0013288301
-0.17006075
0.060962688
0.025776871
-0.011541226
-0.05323625
-0.01791049
-0.028785335
0.051000528
-0.032818604
-0.014379987
0.085397989
-0.0073873494
0.031533297
-0.044466034
-0.060739543
0.048049536
-0.042701162
-0.003763143
0.083308354
-0.0092507219
-0.079635046
-0.02601653
0.034267504
-0.036306813
0.088660397
-0.08931911
0.0084394859
0.057937611
0.026988497
0.031721935
-0.0087204212
-0.015121705
0.046173453
0.019113611
0.069702365
0.0010532483
-0.07470341
-0.022697575
-0.015526808
-0.10351495
0.058200333
0.0087887626
-0.015421799
-0.0040970552
-0.043953925
-0.019459063
-0.012915691
-0.1295502
0.041338064
0.032761324
0.021698272
0.058329672
-0.0054212459
0.040639881
0.051246848
-0.0041678362
0.043734398
0.054951716
-0.080911346
-0.059655074
-0.087515861
0.036120493
-0.0302175
-0.024896394
-0.0332352
-0.0227104
-0.035637509
-0.020051081
-0.03707055
0.067643873
0.010421253
0.011410017
-0.044997241
-0.014086807
0.064033121
0.036310494
0.019477589
0.0042298622
0.082736515
-0.0034298731
-0.073661879
0.010074413
-0.06835454
-0.038372777
-0.025463169
-0.027988696
-0.041162577
0.065765277
0.028949199
0.065101199
-0.021667296
0.01821154
0.041469824
-0.034721967
-0.034021746
-0.010976942
0.041358229
-0.061766494
-0.087959483
0.085198842
-0.016295616
0.036286119
0.051664945
-0.041430961
-0.059879817
0.021906512
-0.0033205056
0.057862367
-0.049306758
-0.016583595
-0.01787132
0.063839093
0.040263638
-0.025695646
-0.043069173
0.0064087631
0.057469606
-0.031850811
-0.052555334
-0.047426213
0.069441475
-0.065553457
0.045835454
0.047238559
-0.04334347
0.01812119
-0.0013107506
0.1276101
-0.12303486
0.022263506
-0.078575075
0.0019342789
0.011915088
0.023075797
-0.0050063599
0.068874352
-0.0013176303
0.017801473
-0.024949547
-0.13866673
0.012368456
0.0031696754
-0.005766328
0.055464841
-0.014388056
-0.13157474
-0.088025488
0.086120702
-0.056730822
-0.12185669
0.019504841
-0.063051634
-0.013931316
0.01010031
-0.090952523
0.10292344
-0.050480735
-0.060688425
-0.084557325
-0.0092043886
-0.057567939
-0.041830238
-0.0092491489
-0.030936003
-0.029725524
-0.0045225769
0.088074975
0.012804154
0.033655852
0.068936288
0.10762464
-0.01180303
-0.013403915
-0.055121265
-0.071168192
-0.045776308
-0.087383039
-0.067861862
0.023088828
0.029358147
-0.050418559
0.051070038
0.047209285
0.089630805
0.011234715
0.0012451871
-0.044019688
0.046265423
-0.058362924
0.018410701
0.039245494
-0.015633652
0.025451109
0.039955329
-0.094210818
0.10360702
-0.068337947
0.037728176
0.046955049
-0.0059928331
-0.070719823
-0.016431283
-0.0092420876
0.0073441579
0.018469855
0.0080800718
0.013346849
0.073565915
-0.023451412
-0.12452144
-0.007514087
0.04578165
0.066390708
0.019765453
0.055908877
0.00067213253
-0.053022634
-0.11579968
0.056751605
-0.11083665
-0.051335167
-0.044498406
-0.0076287626
-0.030963749
0.038045719
0.05772493
-0.007061406
-0.04161578
0.0012268675
0.077932328
-0.0086899046
0.049608901
-0.082374863
0.045994636
0.016891038
-0.10828456
0.01999411
0.021308161
-0.046788827
0.022717495
0.076125853
0.13262659
-0.029829286
0.045235328
0.034881566
-0.064044051
-0.033461891
-0.13821979
-0.063519575
0.10243418
0.0030913919
0.0040497505
0.03866636
-0.0059427451
-0.0029986142
0.015097394
0.031643659
0.027499665
0.095623203
-0.022987656
-0.063733824
-0.10792107
-0.030176425
-0.00620378
-0.029139254
0.025551897
-0.016058637
-0.016959859
0.082386918
0.039829407
0.084669136
-0.0043362919
-0.045489173
-0.0038846687
0.088862665
0.091355272
-0.033516522
-0.0045927349
0.046474475
0.069817625
-0.082702443
-0.04629872
-0.031229896
-0.027541565
-0.040460285
-0.05147998
-0.089635961
0.10140217
-0.051940374
0.021557173
0.0055870693
0.12726884
0.017790036
-0.024894239
-0.00064984633
0.069921255
0.06262695
-0.019479394
-0.012492133
0.009246516
0.026970271
-0.010121518
0.056719821
-0.032989249
0.055828344
0.10523641
0.0079439199
0.073891275
0.028406631
-0.003692724
0.044820029
0.099616475
-0.0013009295
0.013278856
0.099794984
0.083447635
-0.010335064
-0.067086704
-0.013390037
-0.087360352
-0.001037258
-0.037753809
0.0157017
-0.053607769
-0.020736899
0.004088311
-0.025872672
-0.071201615
0.045772102
0.0035457851
-0.064984314
-0.017091043
0.087966613
-0.075304031
0.0639126
-0.03608945
-0.0318527
0.054728437
0.080063693
-0.013793469
-0.014800727
-0.0039241393
-0.10822322
-0.017290009
-0.072983995
-0.092551433
0.11475182
0.017623708
-0.0092801666
0.016464777
0.010387492
-0.04994614
-0.017737092
0.054582875
-0.012374794
-0.007574833
-0.021425683
-0.0056300503
0.026577963
0.051188085
-0.0052962424
0.061415654
-0.024150392
0.027976066
0.10243236
0.02533011
-0.043834373
-0.03287797
0.030494833
0.021284556
-0.034154397
0.022182111
0.095672056
0.044714823
0.13653213
-0.012825393
-0.041518573
0.057151318
0.026134802
-0.03076284
-0.066246159
0.041864172
-0.00024005055
-0.016807053
-0.031393807
0.028457493
-0.033718251
0.098574087
0.025473943
-0.090368904
0.064504571
0.078596674
-0.068922587
-0.019265797
0.012415075
0.044664111
-0.0023015344
0.017748611
0.016705314
-0.0051625096
-0.079328217
0.049547605
-0.030087173
0.050579756
-0.01495313
0.075131968
0.049957335
0.010976778
-0.0058466564
-0.034465089
-0.011036226
-0.045827422
-0.0240501
-0.19224858
0.086777173
0.034964249
-0.0021528241
0.13680133
0.053359453
-0.039617032
-0.096169949
-0.00057255937
-0.02918556
-0.015286447
0.077210903
0.063164905
0.064407252
-0.019580197
0.066535033
-0.010530652
-0.0069292882
0.063115522
0.030761143
0.12008684
0.0005190068
-0.088689171
0.030607088
0.036831811
0.033188008
0.020466281
-0.049583778
-0.050249625
-0.022268174
0.080710843
0.0053877775
-0.073293798
0.057924092
0.043741994
0.024102515
-0.044323694
0.01665099
0.031355318
0.12594892
0.018563032
-0.067468502
-0.093291812
-0.061441451
-0.037521943
0.054189481
-0.0045959428
0.054481186
0.044753388
0.064221896
0.065286689
0.067238994
0.046849571
-0.010959855
-0.019465236
-0.01898478
0.018536683
-0.075288452
-0.037835684
-0.10516405
0.087797739
0.0035780617
0.0087756692
0.016040182
-0.00697859
0.064905651
-0.047596097
0.061897185
0.072365806
-0.080943175
-0.001852606
0.061859038
-0.0081830444
-0.032943755
-0.093424067
-0.070928067
-0.024713345
0.020518078
-0.091431573
0.053562004
-0.071192257
-0.068009637
-0.04449439
0.012913194
-0.13252042
0.037463438
0.012830407
0.10938935
0.073175021
0.01455815
0.058818549
-0.076436907
-0.027928602
-0.10895246
0.031576302
0.057460427
-0.041598663
-0.0091503076
0.011298984
-0.069326781
0.046162732
-0.067966834
0.032603651
0.024373975
0.036416396
-0.11296826
0.068312511
-0.0091398312
0.01520591
-0.088049442
-0.06238471
-0.037911929
-0.016212991
0.041006368
-0.12843759
-0.086481482
0.0036195794
-0.040016208
0.014603216
0.081772521
0.030891521
-0.12780525
0.034166899
-0.050768677
-0.011290464
0.0059153694
0.096182168
0.045964707
0.028253475
-0.034980454
0.032796435
0.037168957
0.041947652
-0.06931787
-0.045105606
0.073654793
-0.073431842
-0.053277388
-0.010478341
0.034829836
-0.069212519
-0.039442591
0.037844446
0.12685695
-0.1280209
-0.11066315
0.0088279014
0.053909414
0.0076398719
-0.015344162
-0.045617647
-0.011454159
-0.0058101495
-0.026983626
-0.0033207866
0.031975139
-0.00036525569
0.076502621
-0.012314788
0.00084652385
-0.082663037
0.064588323
0.069783881
0.023571944
0.04528759
0.039684359
-0.052160222
-0.0096918494
0.03057926
0.03689421
0.12857798
-0.039536584
-0.0043562925
0.058584806
-0.027773645
-0.074364968
0.076441512
0.013025242
0.033452779
-0.069933064
-0.032764871
-0.025203845
-0.077932976
0.028503384
0.021756427
-0.063186169
-0.015576761
-0.15374085
0.082447976
-0.10592859
0.12960096
0.019046031
0.02601888
0.049811546
-0.080328166
-0.0026811128
0.053014927
-0.026949659
0.052806512
0.077163957
0.086383991
0.048031345
-0.021174282
-0.048480731
0.035500307
-0.026917323
-0.039266612
0.03493746
0.0095726252
-0.037273519
-0.055662893
0.030655133
-0.087327264
0.061213858
0.093847945
-0.066395395
0.067148879
-0.0075237839
0.086923234
0.072821759
-0.053691719
0.019633051
-0.12515418
0.046020534
0.0024494561
0.045250278
-0.096186884
0.012088999
0.067891516
-2.8929246e-05
-0.073802389
-0.10920908
-0.02797774
-0.026616389
0.05850539
0.031314645
0.0038404844
0.023737986
0.021221908
-0.063127153
0.050514661
0.033109266
-0.11152247
-0.0028207179
0.095320381
-0.087793268
-0.045331907
0.032475926
-0.074410997
0.093268722
0.052881788
-0.037907157
-0.097206973
-0.06460017
-0.0090570226
-0.10477241
-0.036431942
0.026021622
-0.033343356
0.061549354
0.090372354
-0.011178015
-0.010158121
0.0047625937
0.0084144473
0.045253117
-0.087187536
0.0047606155
0.015163875
0.050984476
0.020936983
-0.032286417
0.042437922
0.036641479
-0.093534365
-0.047198366
-0.063024104
0.02504888
-0.058543924
-0.064899877
0.021501588
0.019643495
-0.066045173
0.033148255
0.089121014
0.034335501
-0.03650976
-0.061119303
0.049358491
-0.0059313579
-0.058443278
-0.0070564086
0.0028388046
0.0066716196
0.041381273
0.031685404
-0.084566556
-0.05265874
0.051781118
0.011650642
-0.067048468
0.011099552
-0.0096240947
0.075131379
-0.019464213
-0.047048062
-0.022542281
0.025427638
-0.0088798227
-0.037249714
0.04336632
-0.019325247
0.025511846
0.099532828
0.054667033
0.028581841
0.015128294
0.0011849609
0.054980941
-0.00081405853
-0.03664637
-0.044236161
-0.00098161574
0.070947766
-0.0093118539
0.019633308
-0.010028598
-0.033057816
-0.070269667
0.0055528558
0.0055887601
0.038843147
-0.026059682
0.1134096
-0.030363685
0.001187192
-0.0084850797
0.04762907
0.043887999
0.0097019598
-0.047477156
-0.01944891
-0.012832173
-0.048994701
-0.026679259
-0.035084613
0.027022278
0.034184307
0.03780245
-0.02389258
0.077498429
-0.041836414
0.058517959
-0.009878723
0.069920175
0.015247393
0.054824699
-0.064878657
0.078501962
0.098345049
0.048926458
0.00022411034
0.10583939
-0.0013462858
0.058064736
0.027417036
-0.10922424
-0.033244282
0.094605312
0.059396464
0.0078917472
-0.040487915
-0.044490632
0.071345173
-0.01219154
-0.02021208
0.061833672
0.07535474
0.025566248
0.030583099
0.010069204
-0.063974619
0.07659144
0.029418007
-0.017709488
-0.048748646
-0.0021618579
0.016492471
0.027367091
0.018656328
0.0014427168
-0.019177997
0.023636587
0.009165057
-0.0038339393
-0.024986161
-0.052044418
0.061808504
0.034308318
-0.15713134
-0.063768201
-0.053948022
-0.017403398
-0.092944361
-0.043169063
-0.13524371
-0.039120805
0.052893907
-0.13236056
0.025600107
0.056452036
-0.062887751
-0.16285385
-0.089543566
0.058784861
0.064627104
0.0024854457
0.033813842
0.036873441
-0.097081453
-0.019832941
0.087962344
0.04194222
-0.021269878
-0.01008999
0.019595094
0.088530719
0.0574564
-0.067109108
-0.0038691412
-0.10791349
-0.049121764
0.046064269
-0.13415565
-0.023725018
0.066502325
0.023781242
-0.0026072951
-0.078933328
0.024678636
-0.014862419
0.051257379
0.06178147
0.08417201
0.02196902
-0.041824192
0.057006583
-0.054261979
0.010065924
-0.032715034
0.052755278
0.067167088
0.036553714
0.040037338
-0.028856555
0.013110936
0.0046172198
0.02170768
-0.0064357403
-0.01834783
0.030284373
0.057729334
0.076332979
0.0055933902
0.031074978
0.09270025
-0.035862636
0.012845051
-0.11132067
-0.046760865
0.038840417
0.011283197
0.045939412
-0.054193333
0.020857193
-0.10401957
-0.09380164
0.038157847
-0.004525865
-0.066215985
0.0240654
-0.043892413
-0.024257116
0.053174172
-0.093386963
-0.046501432
-0.042778019
0.064789899
-0.016080093
-0.019056765
0.0021809351
0.067973815
0.036500987
-0.021655641
0.094839446
-0.014455711
0.094706312
0.032314137
-0.0066935653
0.052306
0.1151498
0.033067916
-0.115964
0.053688426
-0.055482611
0.039590266
-0.016288847
0.025514871
0.046933029
0.089856498
0.0221937
-0.021934105
0.063129686
-0.010313709
0.052269135
-0.11457661
0.075909011
-0.0058568954
-0.020445341
0.03375525
0.041577317
0.13296267
0.080196328
0.068451859
0.025171841
-0.022508845
0.13529785
-0.00048170838
0.097829081
-0.037153393
0.024089929
0.037804063
0.0064137098
-0.0004601863
-0.11725696
0.018962037
-0.093649186
-0.016597064
-0.012777316
-0.02896272
-0.24574074
0.0021880649
0.071679145
-0.073668875
-0.037098698
0.017066851
-0.016579494
-0.08315409
0.013985095
-0.069630943
0.029689183
-0.099721268
-0.061342929
0.10417978
0.031907581
-0.023753434
-0.0034840209
0.076177016
0.030199738
-0.14490876
-0.019194964
-0.031617343
0.055947859
0.049426112
0.030858478
-0.033688411
0.025463881
-0.058166534
0.047117665
-0.034332708
-0.035614409
0.031637348
0.081706673
0.025489822
-0.021648472
-0.03095923
0.025343798
-0.031227719
-0.0098597361
0.11642777
-0.0074390545
0.0480735
-0.010032529
-0.097625911
0.018221032
-0.063089021
0.008083296
0.0066273268
0.042846464
-0.03132299
-0.082517765
0.00088982546
-0.0072229323
-0.0032586218
0.015823284
0.016410029
-0.10929203
-0.0044154436
0.087758221
0.075169444
-0.0046611559
0.028854828
0.093414679
0.022887645
-0.021808878
0.055905584
0.01452032
0.069756232
-0.039766908
0.011017008
-0.075636335
0.0064074169
-0.076919131
0.02707411
0.093419358
0.050674625
0.060056612
-0.038412225
0.054756254
0.0097357631
0.056862518
-0.23938337
-0.026188981
-0.047379121
-0.028381249
-0.043456092
0.14791025
-0.052910842
-0.051159047
-0.060147263
0.068514869
0.090924516
-0.045466803
0.031077323
0.0075695068
0.13377553
0.043889198
-0.030601555
0.067050591
0.089599185
-0.065895461
0.04848003
0.057699803
0.015257571
0.082697362
-0.051791705
0.012817744
-0.081271969
-0.10756656
-0.063079618
-0.039121579
-0.053370558
-0.064306274
0.077377364
0.074957564
-0.12004992
0.090851478
-0.047555186
0.032019354
-0.22913827
-0.025898144
0.05383385
-0.071387552
0.057406798
-0.10756971
0.061024781
0.013827368
0.02166361
-0.1112042
0.061304655
0.0006668623
-0.091078147
-0.027546717
-0.067730546
0.042974804
-0.0064062495
0.059943717
-0.029075664
0.0023954222
0.046645544
-0.092077784
0.12270261
0.025612175
0.068653911
0.041077867
-0.06968578
-0.092625603
-0.1784621
0.016071325
-0.10726975
0.03969714
-0.014450998
0.063421078
0.030029848
0.10855639
0.034970842
-0.17571117
-0.029773718
-0.25462154
0.048717361
0.034691423
0.060110345
-0.13242409
0.12670988
-0.16799489
-0.046773694
0.022612024
0.013277694
-0.011908246
-0.03733509
0.061871015
-0.054883659
0.059194475
0.066113502
0.070085406
-0.064818941
-0.035395395
0.025832498
-0.19221753
0.024888853
0.067630127
-0.16015558
-0.051822044
0.020316251
0.021877395
-0.0198557
-0.055637553
0.0073202271
-0.071321838
-0.03816412
0.0065647191
0.014928072
0.090725832
-0.035611011
-0.0025219247
0.018400269
-0.016381962
0.0047821957
0.054829419
0.051957566
-0.1203405
0.083794326
0.043919358
-0.067421384
-0.068901181
-0.050551374
-0.060203981
0.034024347
-0.059739511
-0.047574893
0.030509986
0.06023426
-0.0090798605
-0.088605255
-0.0052191326
-0.022822179
0.026776837
-0.11702123
0.033291128
0.035167363
-0.0073621925
-0.086540371
-0.025260124
0.045773633
-0.031239554
-0.12254064
-0.088681698
-0.040032331
0.099935621
-0.053080305
-0.03636292
0.10459907
0.086844392
0.071629837
-0.030912001
0.09925653
-0.21033029
-0.099658318
0.063599549
0.044929758
-0.0057642711
0.089028835
-0.070554316
-0.013525632
0.039693989
0.017830195
-0.049578253
-0.024429362
0.0063145789
-0.022263043
0.015170724
0.0076299361
-0.0083748782
0.0029499102
-0.020311713
0.066261843
-0.08284732
-0.011074664
-0.11048966
-0.0075002639
0.056246325
0.079044722
0.00082728465
0.01790989
-0.01506187
-0.040779699
0.036771443
-0.053613484
-0.07693994
-0.012302523
-0.11454624
0.0096410764
0.055193976
0.065153085
-0.017461773
-0.079630822
-0.047494754
-0.081140332
-0.16391091
-0.074983552
-0.0076309042
0.09135092
0.087570481
-0.0020046432
-8.6689317e-07
0.032077871
0.013349274
0.052325532
-0.014339853
0.14264654
0.020030344
-0.022873227
-0.0059494115
0.0089915683
0.021365033
-0.011515474
0.10930457
-0.011617544
-0.0093368636
-0.032065049
0.050679941
0.037051003
-0.020663768
-0.029147575
-0.086399868
-0.015425545
0.030141082
0.0039623631
-0.041864179
-0.020363197
0.041619487
-0.010545127
0.048488084
-0.16128224
-0.08541929
-0.022376159
0.018715406
0.05404485
0.032804079
-0.052051302
0.063886516
0.014577632
0.0983449
-0.097422369
0.011826871
-0.010654442
-0.051622499
0.012773977
-0.087516464
-0.054856118
-0.023906671
-0.012975401
0.046202734
-0.0085307313
0.061638843
0.043704007
-0.023215923
0.022609254
-0.078125529
0.070285648
-0.032384463
-0.028690884
0.071564749
-0.03771789
-0.026705991
0.10210928
-0.05333386
0.050863892
0.020976471
-0.10885257
-0.11327893
-0.062205754
0.055686641
-0.041100573
-0.0041546174
-0.1026564
0.053805809
0.058448453
0.019021133
0.055998519
-0.090513401
-0.021368945
0.019865895
0.072470695
0.041107051
0.015915401
0.021986639
-0.036843315
0.025243681
0.024455087
0.026722606
-0.02629319
-0.066015288
-0.028798038
0.0049306038
0.0033445191
0.03574691
-0.049343672
0.059412576
0.0039524934
0.0082955854
0.031352706
0.021849435
-0.026958395
-0.050434079
-0.018391004
-0.010792549
0.093224302
0.023794446
-0.038239069
-0.022833342
0.020811876
0.041807909
0.049014732
-0.049554553
-0.00068992516
-0.0089152157
0.063483208
-0.0059817377
0.041031256
-0.018635591
0.039135877
0.0017468716
0.018732887
0.026841104
0.036360048
0.091317393
-0.00046178635
-0.086255915
0.10794778
-0.1134451
0.035271801
0.0052544861
0.026522454
-0.094164565
-0.0084107937
-0.029443314
0.016795421
-0.11227962
-0.12039123
-0.069230571
0.046949685
0.050313171
-0.03032192
0.027989313
0.073429026
0.060210962
0.018019678
0.08052174
-0.01293125
0.095070951
0.017209535
-0.027719673
-0.069376431
-0.029556878
0.0027142651
0.029753765
-0.04352814
-0.090644047
0.0059079486
0.04641154
-0.14241698
0.0068106093
-0.014177772
0.082182162
-0.0091812257
-0.027042601
-0.11279557
-0.028201265
0.037499666
-0.022690756
0.0095042847
0.020545177
0.039426498
-0.018415807
0.069233589
0.08788915
0.00017787528
-0.082015693
-0.00085430115
-0.033526234
-0.064582914
0.053485952
-0.019184336
0.0034504656
-0.038754571
-0.016983779
0.013553712
0.041168656
-0.045776188
-0.018664826
-0.035786506
0.012843288
-0.002018448
-0.027529839
-0.00261469
-0.034428742
0.026478672
0.078125559
0.043547288
0.037820756
0.071249768
0.039117608
-0.0069277138
0.02741313
-0.005739911
0.076869644
0.0060693352
0.044933937
-0.14356647
-0.0016541202
-0.034998178
0.021387547
-0.073430099
0.058993131
-0.027367769
-0.058893956
0.042690519
0.074931972
0.039291225
0.093437672
-0.0083385697
-0.017615682
-0.049727608
-0.039928932
-0.075575031
-0.10841448
0.056746963
0.0060730861
-0.059669491
0.059702348
0.047132526
-0.14082673
0.074283548
-0.0098696128
0.060833041
0.051146708
-0.062899299
-0.049455609
0.03974678
0.06065819
-0.0216674
-0.007087471
-0.026411097
-0.003637485
-0.053521182
-0.085290283
-0.038879976
0.093176462
-0.030878754
-0.27364168
0.0012473261
0.035011075
0.031503528
-0.017338049
-0.16737771
-0.19642407
0.038411546
0.037927572
0.014952117
-0.027450657
0.00096033851
-0.084101401
-0.015660735
-0.057946011
-0.11115091
0.040140059
-0.095749587
0.079694308
-0.04094284
0.054021925
0.079377979
0.058162011
0.038913537
0.055286732
-0.060825747
-0.016512422
-0.027138228
0.069578804
0.055352032
-0.037606679
0.033397414
-0.049272422
-0.037062529
0.022244634
0.012279429
0.071612492
0.021240216
-0.0415655
0.01410622
-0.03520456
0.034485418
0.004018954
-0.075958528
0.048539009
0.039526246
0.017904967
0.021484591
-0.024470957
0.056360427
-0.028073836
-0.037608542
0.042456798
-0.0073707821
-0.015438142
0.024733072
0.054310795
0.0087838881
0.033815529
-0.033979468
0.086572044
-0.0024186773
-0.03789112
0.012488487
-0.089268602
-0.027783865
0.039793916
-0.12149566
0.0067113284
-0.040511958
-0.098388769
0.062432971
-0.23611087
0.027314419
0.11162354
-0.10813022
0.047764491
0.048915729
-0.04401353
-0.0051983795
0.066848904
-0.046211105
0.080406122
0.00062724086
0.084055983
0.011494244
-0.028888337
-0.049051803
-0.092996582
0.068978198
0.11391731
-0.058301054
-0.06426587
0.0055511291
-0.12420638
-0.03131761
-0.042568877
0.031383954
0.10370809
0.037012104
-0.015404864
-0.06793353
0.040868651
0.010586004
0.028734991
-0.092343509
-0.0078648878
-0.073401563
0.059831783
-0.012135528
0.04756926
0.03315486
0.043038614
-0.055602703
-0.10169893
0.053265024
0.039977018
-0.097555712
-0.0012753557
0.020696934
-0.027628241
-0.043389186
-0.073224999
0.0041214107
0.049461123
-0.069585375
0.027259037
0.12206117
0.043941163
0.036873955
-0.038875297
0.044991013
0.05401108
0.031895313
0.050402954
0.110385
0.024761572
-0.028188318
0.06044811
0.0057294928
0.094449684
0.089728288
0.053013083
-0.013011063
-0.016703803
0.073776193
0.037314929
0.04470703
-0.055988729
-0.046359818
0.0086635044
-0.021549318
-0.13387276
-0.021171736
0.040903777
-0.024301343
0.043478414
0.022564225
0.0076281191
-0.10281155
0.076159097
-0.012030528
0.080246612
-0.051377077
-0.055777844
-0.11387794
0.020676127
0.039295025
-0.010929402
0.068775557
0.10048066
-0.018979141
0.056569576
-0.14660624
-0.06968078
-0.019549791
-0.0086474111
-0.025066951
-0.061123863
-0.081641629
-0.057007067
-0.06067754
-0.046023499
-0.030505529
-0.026729926
-0.019889217
-0.074575357
0.056143634
-0.05686719
0.044836171
-0.026799837
-0.059066728
-0.036010399
-0.0406988
-0.0029520262
-0.11799656
0.052465148
-0.0725151
-0.01342741
-0.024643127
-0.042842902
0.066747762
0.0040588868
-0.08868783
-0.015802804
0.03938343
0.065906823
0.017208945
0.10078403
0.071117908
-0.096166536
-0.05157239
-0.088190764
0.071006022
0.04331474
0.062533282
0.049710862
0.067990862
0.062630385
-0.088293485
0.032164652
0.066132531
0.038193382
-0.092359707
-0.14039703
-0.022641789
-0.065666504
-0.060056467
0.0060118726
0.018045606
0.028196439
0.055054095
0.068219185
-0.040939212
-0.016937174
-0.046084061
-0.043161761
0.038843021
-0.068682984
-0.04210934
-0.092518494
-0.0050170207
0.042105813
0.04062064
0.066798024
0.10898323
-0.012600846
0.0078654122
-0.05872358
-0.08681941
0.053086013
0.027904332
-0.026889689
-0.034033496
-0.069326013
0.0322107
-0.010203508
-0.053481657
0.053255782
-0.059260905
0.031374659
-0.0028853612
-0.0013080523
-0.13800323
-0.056127653
0.036633603
0.052683704
-0.075000763
0.040988207
0.049459688
-0.059320204
0.050268572
-0.098683521
0.03787699
0.068594776
0.038598984
-0.069063589
-0.044765521
0.090173148
-0.043461032
0.010853413
-0.0046732104
-0.024379972
0.025529612
-0.051406458
-0.0087836357
-0.021351198
-0.091219962
-0.00057612389
-0.040051088
0.081155933
-0.0491044
-0.075513877
-0.040163897
-0.080093682
0.030710042
-0.064408801
0.05065763
-0.043484643
-0.0023037158
-0.0043866676
0.038357913
0.03617622
-0.11620337
-0.082644381
-0.0066579566
0.018182049
-0.048075654
-0.0047834548
0.05573329
0.045670245
0.10398568
0.0088567706
0.003771256
-0.0019139695
0.023693012
-0.056282412
-0.047566492
-0.010011178
0.023625748
0.078149132
-0.02478067
0.0038257944
0.056645468
-0.057047166
-0.0079714004
0.023247661
-0.086586043
0.031477179
-0.049831484
-0.033427853
0.042940561
0.048024025
0.055399969
-0.058980092
-0.018411176
-0.052964371
-0.044724636
0.064903297
-0.038075536
0.0094172936
0.018872522
-0.074711576
0.044180371
-0.034737386
-0.037197292
0.025025878
0.093027182
0.018058147
0.076378807
-0.070056416
0.0051129847
-0.017151644
0.042228978
0.11991515
0.0721604
-0.021013131
0.02431125
0.082619645
0.0061739231
0.054200307
-0.023169741
0.1165519
0.12547068
-0.016592238
0.014202964
0.02981782
0.096437745
0.11191938
0.038807951
-0.09184026
-0.032442503
0.036104031
-0.012887228
0.056704629
-0.0098573575
-0.061659019
-0.021168506
-0.023071446
-0.12948667
0.071338356
0.04363589
0.042993434
0.10873854
-0.0018860478
-0.0036663988
-0.048469529
0.063975073
0.098087832
-0.029454488
-0.054808553
0.036519188
0.038381312
-0.13209969
0.083594657
0.047140077
-0.11934048
-0.049076691
-0.013734503
0.00082479412
-0.11471246
-0.074401423
-0.088767625
0.061733175
0.088669546
0.019071497
0.0042119166
0.025574869
-0.11206976
0.0090044588
-0.035145164
0.0061515267
0.047516294
-0.033205442
0.077169932
0.00016780176
-0.091571219
-0.020686384
0.085719213
-0.053055182
0.050837245
0.091640435
0.15079325
-0.081871226
-0.052055486
-0.021105943
0.095776096
0.070961498
0.077645399
-0.02369565
0.066919528
-0.073853917
-0.020958202
0.010448661
-0.01037747
0.068456627
0.024616566
0.10948143
0.12156346
0.034663588
0.072407581
-0.13760149
-0.13641927
0.02592673
0.074319534
0.10538931
-0.031190468
-0.057046574
-0.051493831
0.026232915
-0.011757961
0.0084657613
-0.13936841
0.071877383
-0.072407395
-0.025595287
0.12603998
0.020055398
-0.014207805
0.078427583
-0.00041708196
0.064937755
-0.10197746
-0.071610764
-0.091957904
0.042169992
-0.010191794
0.02169895
-0.03271823
0.070911609
-0.099610552
-0.055209946
-0.054223455
-0.12600034
0.035842359
0.0056111603
-0.10894254
-0.089485206
-0.020660084
-0.078417532
0.095238894
0.026847286
0.0083202664
0.080331728
-0.046115395
-0.048832145
-0.014712897
-0.058331694
-0.035046682
-0.098882683
0.064796776
0.0057260413
0.068572588
-0.004015795
0.054921091
-0.029749591
-0.04528689
0.047536734
-0.059991952
-0.087340832
0.08188495
-0.027831672
0.082135767
-0.022054471
-0.022458222
0.086640425
-0.043068439
-0.047467865
-0.010278173
0.012766589
0.020563103
-0.05830723
-0.067693926
-0.0077745956
-0.088123783
0.055604566
0.00063335546
0.0074811252
-0.11833787
-0.010171933
0.046887927
-0.059929069
-0.024496183
0.0060823583
0.0051343362
-0.052636962
0.038799945
-0.063090898
0.03823353
0.0060748979
-0.0086399987
0.015897399
-0.056021567
0.045242447
-0.021916781
0.025317362
-0.0010807713
-0.017066933
-0.075488828
-0.083304562
0.0090503953
-0.028494831
-0.010359039
0.03909665
0.064808659
0.017956367
0.045582049
0.011052509
-0.014963331
0.035558283
0.036827981
-0.011002614
-0.056801148
0.021177728
0.037662253
-0.067359045
-0.027614405
0.09211725
-0.046449482
0.09865614
0.11056899
0.002486944
0.033633199
-0.024433745
-0.020561244
0.032369211
0.040789988
0.019272896
0.072426029
0.049664341
-0.1009234
0.07441622
0.060618062
0.086469337
-0.045310043
-0.074068733
-0.046262626
0.026484137
0.095427729
0.018100407
-0.099071026
-0.02126498
-0.056058433
0.02141316
-0.010441558
0.020157509
0.070409581
-0.015470834
0.027585462
-0.025572993
-0.043455977
-0.057044934
-0.055523079
-0.023418181
-0.028034186
0.034296978
0.043212596
0.015560655
-0.0851418
-0.041955348
-0.053953584
-0.0072398111
0.041933645
0.052027572
0.015937196
-0.060184013
0.019615762
-0.045258295
0.08730869
0.014938395
-0.022490619
0.018029213
-0.04040923
0.029706815
-0.022897188
0.022794845
-0.096665196
0.046862762
0.021768333
0.049768139
0.047896415
-0.026828161
0.027673198
0.015196095
0.010857989
-0.044501089
-0.035529543
-0.081828378
-0.037458461
-0.02635245
-0.052719612
-0.048615821
-0.0087866513
-0.027668314
0.027763387
0.045802601
-0.07209105
-0.022688964
0.049790975
0.02726537
0.10782179
0.036329709
-0.10399237
0.056612201
0.028052252
0.012687628
0.038307775
0.020290319
0.072565109
0.09496098
0.074986927
-0.061139733
-0.024980208
-0.0169091
0.091966733
0.028218661
-0.059152678
0.010099852
0.01327827
0.053452715
0.0048297979
-0.044498686
-0.035110071
-0.027124368
-0.0015740342
0.055255935
-0.038375482
-0.086744718
0.08289177
-0.11525627
0.0061684493
-0.10012817
0.036061354
-0.095949546
-0.049943659
-0.12211695
-0.00196792
0.0028902371
0.092614472
-0.0080349455
0.033422053
0.08019799
0.076241717
-0.080436058
-0.0308327
0.070923209
0.068112619
-0.035112448
0.0010005268
-0.034051239
0.009719423
-0.028922815
-0.11887441
0.049021631
0.01845759
-0.076331951
-0.058655724
0.059678141
0.00029426641
0.03001767
-0.059185054
0.0063449945
0.04710944
-0.0062187109
0.0015716408
-0.064734519
0.046248049
-0.038427778
0.056029558
-0.02200616
-0.027565848
0.042583451
0.038038939
-0.0074471571
-0.012142111
0.031300791
-0.073272355
0.051658191
-0.066644102
-0.03112546
-0.099318862
0.0076176748
0.1240719
-0.10049329
-0.058754381
0.10143656
-0.0016909535
-0.089797772
0.058109015
-0.061978009
0.054852452
0.015788764
0.018029364
0.00022663451
0.0035027273
0.028067103
-0.038780984
0.027209328
0.056248296
-0.09515316
0.056236826
-0.040566977
0.06459152
0.07578025
-0.0086998502
-0.11633932
-0.046275638
-0.065398425
0.028150275
-0.08325839
0.023093579
-0.061344545
-0.053061351
0.064875618
0.017488653
0.014044675
0.070231415
-0.009354719
-0.12810244
-0.038336106
-0.064370856
-0.019606851
0.017077792
-0.034509555
-0.11659431
-0.057881765
-0.066568807
0.0041164933
0.012320328
-0.061376065
-0.094512261
-0.098429553
-0.060771767
-0.084015146
-0.033269249
0.0062959199
0.09683428
0.015158895
0.10726114
0.045460656
0.044066578
-0.072612956
-0.071094744
-0.020937301
-0.044618189
0.045949139
0.090870239
0.10946035
-0.023035388
0.024985921
-0.040626075
0.12417643
-0.078417279
-0.07083267
0.088031515
-0.060897015
-0.051414534
0.038779683
-0.021612369
0.039958552
0.044140752
0.0087196575
-0.093227275
-0.0059511731
-0.15037683
-0.086159587
0.031102961
0.069903485
0.038378339
0.040513162
0.014554732
0.043381054
0.03950952
-0.014754623
0.071537182
0.085316263
0.053783569
0.049235206
-0.011648975
-0.085587546
0.0015013182
-0.062554538
-0.072976217
0.057020899
0.01282712
-0.010495147
-0.0046860063
-0.08647725
-0.072858177
-0.013508558
0.001176918
0.067140304
-0.085228801
0.00087030098
0.041244287
0.004739169
-0.00065934326
-0.012398124
0.0018638644
0.025981721
-0.02129272
0.03809699
-0.010921665
-0.076395035
-0.08354871
-0.041646969
0.033336878
0.022881554
0.010494245
0.04455604
-0.088915698
-0.06056945
-0.019484939
0.0028707052
0.037249029
0.056277946
0.061417785
-0.032514703
-0.039044064
-0.022499548
0.095786706
-0.047765676
-0.017019583
-0.0096526397
-0.039591659
-0.018193834
0.032285027
0.028933046
0.047494218
-0.037108079
-0.0043728207
-0.0093524894
0.08748395
-0.0042966693
0.011444937
-0.074492112
-0.053478815
0.021153957
-0.11831125
0.061334703
-0.058764864
0.098491274
0.047145743
-0.038557742
-0.061756175
0.019012008
0.032767165
-0.060365133
-0.095417179
0.1164626
-0.027305657
0.082880542
0.0091289384
0.016698178
-0.045324743
-0.087850891
-0.068091594
0.065753795
-0.032276217
0.024996659
-0.08506906
0.10030559
-0.087097503
0.026210111
0.082195044
-0.052202977
0.10578954
-0.024573583
0.018480204
0.068412021
0.016162707
0.047682993
-0.11125316
-0.021171492
-0.094559729
-0.0032988184
-0.0013456179
0.028478168
0.0089931842
-0.0096183149
0.018548327
0.031733107
-0.04168668
0.0061991913
0.013087838
0.086989559
-0.016636746
0.05957428
0.012721198
-0.00036051997
-0.073094152
-0.069722787
-0.055740517
-0.064451121
-0.022435388
0.0093130637
-0.037614416
0.042335298
0.038341537
0.038919546
-0.060425591
0.0041909316
0.13814464
0.018525582
-0.10276378
0.068935037
0.041605629
0.047005892
0.069109797
0.036640849
-0.070337176
0.025876038
-0.0065928106
0.093877509
0.065147601
-0.059645321
-0.031601481
-0.049600761
-0.0089674741
-0.058621354
0.036467578
0.047773127
0.014910269
0.099625155
0.031326231
-0.0020558108
0.03049298
0.0086114034
-0.062685914
-0.0090343729
0.11297455
-0.038207989
0.0060071824
0.014990612
-0.046849802
0.056136068
-0.038804967
-0.030856563
0.082435809
0.046506744
0.075975925
0.061898611
0.048272796
0.081349753
0.023570972
0.13805458
0.032542959
-0.046156682
0.018341346
-0.0094827311
0.041551363
-0.010399378
0.060926009
-0.0022259864
0.019730883
0.011786888
-0.055858847
0.051133852
0.050035287
-0.11667507
-0.053292695
0.042789645
0.07459709
0.059384428
0.074763462
-0.002769429
0.027982403
0.022540009
3.1599055e-05
0.051831588
-0.057956487
-0.059095725
0.07709571
0.12379681
0.021377027
7.4012867e-05
-0.081562802
-0.011573097
-0.055670399
-0.00076321978
0.053322256
-0.015466277
0.020954385
0.035649918
-0.11995336
-0.041195508
-0.02636826
-0.0045543071
0.028712304
0.013212441
-0.021733072
-0.025791403
-0.017613284
-0.043098994
0.004389389
-0.0041843094
-0.026061727
0.017916281
0.036210626
-0.06264098
-0.0082149589
-0.030002428
-0.049820095
0.027080197
-0.01726795
-0.019622691
-0.034749996
0.11365931
0.014194679
-0.043643989
-0.086419776
0.037723765
0.024623998
0.040143013
-0.0042567053
0.067866459
0.023837034
-0.056427039
0.0098800557
-0.017465891
-0.009925968
0.017926691
-0.021855285
0.082959034
0.046957046
-0.043337524
0.067371562
0.061945673
0.005916975
0.068340257
0.024430154
-0.0064262152
0.024363918
0.11841442
-0.030512424
0.055020444
-0.094283298
0.03421263
0.091491744
-0.017392
-0.023542425
-0.031368621
-0.022846267
0.03218098
-0.0359472
0.04867468
0.022542343
0.020410804
-0.029736737
-0.060036477
0.020791166
0.085015804
-0.022366643
0.022464179
-0.016761186
0.058634415
-0.041666966
0.055181343
-0.031113852
0.071059994
0.013868892
-0.061780337
-0.017520243
0.0048536942
0.062143125
-0.0086796414
-0.045123585
0.059021313
0.018088445
0.073707581
-0.026573485
-0.0020835632
-0.025040526
-0.064799502
-0.12382149
0.0048953765
0.050727826
0.0062273312
0.015726367
0.11180791
0.032632086
-0.094724
0.042583719
-0.031638339
-0.045341801
-0.072665796
-0.019962355
0.0019244867
0.021329649
0.017608941
-0.015370215
0.059228171
0.068243131
-0.081430711
-0.011665073
-0.012674912
-0.06310647
-0.050150622
-0.025490951
-0.051419038
-0.042150773
-0.052248426
0.074909806
0.067852236
0.072691724
0.020818755
-0.047842041
0.048800528
-0.020269284
0.029987037
0.035770822
-0.045174737
-0.082488656
-0.063749701
0.051681101
-0.039207559
0.0088847466
-0.023365663
-0.014726616
-0.024695856
-0.057567131
0.016247509
-0.049840689
0.061389748
-0.013058238
0.016078724
-0.015722925
0.11057334
0.009717213
0.0043724198
-0.13616878
0.049160872
0.033928622
0.00020269844
-0.018152965
-0.053440027
0.01131588
-0.02915431
-0.021204466
-0.048235577
0.066930033
-0.015161701
0.04445212
0.046449814
0.029026316
0.071227767
-0.011171579
0.016783437
-0.016954109
0.10234451
-0.01644521
-0.082645305
-0.040428866
0.010540219
0.021242492
-0.054176524
-0.036619477
-0.039728701
0.066731758
-0.043269482
0.066404879
-0.03662578
0.067890033
-0.027654225
0.12445089
0.042283788
-0.039222699
0.059149165
0.019816102
-0.01309179
0.045337271
0.046075847
-0.031269759
0.027818831
0.0057024886
-0.016345322
-0.010461666
0.100178
-0.050841894
-0.025186613
0.062737025
-0.045229748
-0.065192111
-0.0044311048
-0.031020446
-0.028977128
-0.021722142
-0.010905276
-0.0075935028
-0.053709585
-0.01721905
0.046100393
0.037623499
-0.071039476
-0.044865873
0.026493678
0.019447496
0.060783189
-0.03631841
-0.05998883
-0.0085258195
-0.11684747
0.006880695
0.041443862
0.0013996826
0.04653164
0.05395256
-0.080523267
0.092990041
-0.047806419
0.11010874
0.065158665
-0.0050621838
-0.045843586
0.0018879387
-0.013416322
-0.062886663
0.024347635
-0.033168562
-0.017623298
0.053810995
-0.02345591
0.016217588
0.0059751645
0.024389694
0.064567439
-0.010277779
0.022384813
-0.021371305
-0.03912919
0.034763489
-0.095957235
0.068559684
0.066979848
-0.12018241
0.096854024
0.04575311
0.0072828936
0.011415317
0.038484138
-0.021649769
0.071066976
-0.059159353
0.036319613
-0.012004935
-0.063307129
0.0062255305
0.031038452
0.095861301
0.026399219
-0.069586165
0.086694069
0.026098371
-0.018255994
0.028582012
0.052777607
0.0037499226
-0.0120041
-0.053940751
-0.010720284
0.076967791
0.043974854
-0.041642394
0.031862408
-0.0020039619
0.01489591
0.028750706
-0.066937029
0.082975201
0.04741871
-0.060434937
0.029903118
0.019522291
-0.037158813
-0.069931425
-0.032905694
-0.013704857
-0.0025562732
-0.13038555
-0.0064952532
0.028450154
0.0027650781
-0.00547026
0.0050339433
-0.079941727
-0.026298955
0.04985065
-0.007713872
-0.075801864
0.048930462
0.078603148
-0.011013907
-0.020542948
-0.05522956
-0.017895568
0.0084627792
0.059490297
0.058861274
0.0037561748
0.071192749
0.085157447
0.070916988
0.052880865
0.030991739
-0.0036857724
0.061171222
0.016422937
0.015044195
-0.025242833
0.060813386
0.0012013813
-0.027477108
-0.023907047
0.036723606
0.039519835
-0.0048947833
-0.035461962
-0.03311665
0.014079933
0.035860192
0.044135485
0.052920971
-0.057100169
-0.0069457875
-0.028952913
0.00046967313
-0.012856384
-0.010556777
-0.038162388
-0.026100831
-0.036149945
-0.056926325
-0.011040642
0.077486135
0.065347686
0.028916959
-0.021227147
-0.038141415
-0.060755964
0.074288219
0.011090186
-0.038821328
-0.033795852
-0.047201313
0.0069530238
0.014872957
-0.0075870315
-0.031388924
0.033657551
-0.019616775
-0.0035477171
-0.019739799
0.010461554
-0.0016139114
-0.039116971
-0.038335685
-0.060347937
0.107096
0.063759193
0.076177225
0.1040552
0.046482652
-0.13238032
-0.11336048
-0.12395987
-0.012359254
-0.0021786217
-0.024023103
-0.056940768
0.074059017
0.073238291
-0.015002197
0.022068815
-0.015166153
0.0045460341
0.048328452
-0.058467478
-0.11862088
-0.054364335
-0.03341075
-0.014374575
-0.020052817
-0.031441357
0.0038160456
-0.062135026
-0.082928188
0.0025084505
-0.063037224
-0.010898016
0.069722541
0.016712079
0.050743744
0.036862511
-0.020708933
-0.016217235
0.043008495
-0.18213424
0.018705959
0.043110404
-0.085340127
0.047174405
0.01868017
0.0038709033
0.040793225
0.06397067
0.013141639
0.072488226
0.008901855
-0.036414191
0.0004245411
-0.073002033
-0.029861281
-0.076813236
0.021425119
-0.029270103
-0.08814761
0.069968678
0.043361172
-0.018725989
0.029842246
0.031745251
0.023418855
-0.02061432
0.036454573
-0.017235786
-0.023240235
-0.019936595
0.057004351
-0.071319774
0.043913182
-0.0081069032
0.088698886
-0.023555236
0.076986596
0.044670559
0.067556776
0.0088641988
0.041865282
-0.10991098
-0.030150738
0.0042622061
-0.044090625
-0.023392877
-0.11846052
0.035510298
-0.031865917
0.043401018
-0.036639009
0.059745058
0.088081852
-0.042682204
-0.0034822132
-0.039585233
0.052051906
0.00676793
-0.047569595
0.0033739316
0.016645268
-0.072528079
0.016232124
0.01400883
-0.056875575
0.058430627
0.030208305
-0.042936821
0.03943589
0.058208562
0.039011292
-0.035640202
-0.086128555
0.0018410579
0.05509536
0.007000281
-0.034938049
0.022959989
0.062863104
-0.034457218
-0.015127113
-0.047819335
0.047197405
-0.00020895274
0.039398532
-0.017913247
0.036503393
-0.084883846
0.071407579
0.080487803
-0.010384168
0.056333408
-0.024934566
0.072506115
0.028330047
-0.048643094
0.0099329613
-0.045637991
0.067886718
0.019215779
-0.077037401
-0.036545578
-0.038899217
0.074468002
-0.0074599423
-0.10798821
-0.057303909
0.064163394
0.066517979
0.093473904
0.013356856
-0.18812548
-0.10381845
-0.094326183
-0.032248747
0.0061132065
0.022966307
-0.019369753
-0.0054011629
-0.060782418
-0.066949844
0.029002042
0.016810114
-0.00017069787
0.029659852
0.011872954
0.049299717
-0.040550463
-0.11856841
0.042945709
-0.0033077872
-0.10048872
-0.052484892
0.064086877
-0.064781062
0.050034463
0.062121369
0.010752214
-0.032980479
0.061796807
0.085342385
-0.048219882
-0.039741494
0.012327183
-0.062090699
0.0027893479
0.014532908
-0.054150883
0.045941919
0.037086647
0.02133261
0.01630812
0.021603912
0.080360778
-0.041821018
-0.033265579
-0.13068675
-0.00020572486
-0.0094008241
0.038756184
0.01590235
0.048881717
-0.000461522
-0.038132746
0.043365698
-0.0018725477
0.030099012
-0.11152641
-0.019298302
0.0050498587
-0.027002228
0.066618875
0.075375423
0.014678871
0.035882328
0.058578491
0.0021577699
-0.074655518
-0.040049829
-0.068665087
-0.070226043
0.013196226
-0.047054261
0.018110793
-0.036543515
0.0891845
-0.057681177
-0.010567792
0.07056281
0.022748457
0.031412117
-0.0043200343
0.0056378087
-0.025142606
-0.040089395
-0.0041604079
-0.050542086
-0.068888195
0.040294029
-0.062118649
-0.052268643
0.078157775
0.041780386
-0.00023348856
0.019712003
-0.080985971
-0.020744579
-0.034143303
0.056631226
-0.0036301694
-0.042455923
0.0044413242
-0.040639639
-0.064176291
-0.027060023
0.049408317
0.0047630779
0.044784177
0.047734257
-0.027736971
-0.055708099
-0.034601223
-0.031631932
0.063887753
-0.038446732
0.048230302
-0.0031122244
0.025564699
-0.052176863
0.028420737
0.012767555
0.078710586
-0.0069219857
0.0092379507
-0.0001519131
-0.015132089
-0.031621668
-0.094417475
-0.08204066
-0.033684622
0.061206982
0.068199299
-0.049107913
-0.055034298
0.054471631
0.046482142
-0.025999881
-0.052764021
0.015597763
-0.014005428
-0.066512063
-0.013164587
0.0046485453
0.040588982
0.067014217
0.036684472
-0.062306173
-0.022627145
-0.081509002
-0.057660405
0.083715849
0.080844402
0.010148758
0.026224947
-0.078719556
0.041755423
0.052497599
0.057419501
-0.069225684
0.058421869
-0.0029959185
0.097575329
0.039389409
-0.12012509
-0.053521506
-0.020672834
-0.016637743
0.025349293
-0.073164552
-0.0048367227
0.06034964
-0.057112481
-0.021361936
-0.10312981
-0.075030304
-0.01994388
0.024647824
-0.040256351
0.033203963
0.052653231
0.0049421773
-0.020108482
0.0130562
-0.092490092
-0.026417013
0.072564811
0.0044247024
0.020562472
-0.093581952
-0.016953837
0.039578076
-0.04391003
0.0083296541
-0.048992977
-0.0063263373
0.012819501
0.0097683715
0.090426214
-0.016289413
-0.078805588
0.079171218
0.048309878
-0.020520767
-0.034978297
0.047902737
-0.026160214
-0.043681044
-0.028493367
-0.039818224
-0.025788475
-0.013414685
0.057450492
-0.096614234
-0.082550921
-0.039178468
-0.038380764
-0.1453809
0.073095001
0.056634933
-0.071537986
-0.024287811
-0.045174502
0.066898704
0.11260518
-0.073178932
-0.11064626
0.080978908
-0.044118259
-0.069279209
-0.018370211
0.04991113
0.074388854
-0.047666632
-0.06664031
0.023266923
-0.075212583
-0.066686392
-0.028814251
0.047981508
0.052390113
0.07236021
0.063518912
0.041175745
0.059588417
-0.042166829
0.020991728
0.12171721
-0.027946234
-0.097852051
0.021618968
0.057775412
-0.014551471
0.05303536
-0.051999118
0.037499826
-0.15096311
0.046364669
-0.1851346
-0.073409602
-0.011047885
0.099160299
0.00044267872
0.0076960041
-0.040695652
-0.12665997
0.036090344
0.042739797
-0.030949336
0.014759355
-0.029207712
-0.049363561
-0.074365765
-0.004202371
-0.10830891
-0.055912387
0.059161633
0.0075485823
-0.024735896
0.073086843
6.0941344e-05
-0.05782371
0.076494195
0.039473116
-0.12545492
-0.06192423
-0.019437972
0.030904047
-0.0095462659
0.071377695
0.042914305
0.040488731
0.039119288
-0.10556802
0.098176084
0.0012535525
-0.02139103
0.018585937
-0.013075907
0.042186659
-0.024888748
0.013209654
0.057835955
-0.087007172
0.10962411
-0.094241515
0.060933091
-0.037504137
0.046790604
0.03804053
0.030333823
0.020450382
0.085842177
0.050726753
0.049276285
0.040522449
-0.049640957
0.059790194
-0.030081665
-0.01799947
-0.0050615333
-0.10750882
0.022411397
0.15721051
0.036622722
-0.063064605
0.068130836
0.055148613
0.071304694
0.045808595
0.023927545
0.031816311
0.10164243
-0.025147706
-0.075412363
0.023228083
-0.017698068
0.074537009
-0.019863164
-0.035801485
0.035396919
0.01151632
0.0024281133
0.064916
0.020725599
-0.044408213
0.029434972
-0.050486863
0.068936504
-0.034025073
0.047395755
0.04286585
0.076670781
-0.030473365
0.020337587
-0.016340939
-0.010423209
0.0083362553
-0.029511526
0.062500663
0.01025683
0.072919615
0.06492269
0.0073910179
0.018182682
-0.077200323
-0.053828426
0.016790533
-0.079114594
0.022745937
0.058278631
0.082062304
0.04120183
-0.0047730678
-0.038757861
-0.031162649
-0.059695326
-0.016988393
-0.039562844
0.0079665063
-0.050445449
-0.092334613
0.055497844
0.022288984
0.021102587
0.015720081
0.093134537
0.044124253
0.098191448
-0.048622306
-0.0052957567
0.070240542
-0.030942658
0.01640364
0.018488765
-0.0050562914
-0.030331403
0.03113286
0.011168761
-0.040898893
-0.056067888
-0.052174784
0.013137918
-0.039324176
-0.066081092
0.061351974
0.025592687
0.018674918
-0.0080807796
0.044745576
-0.054170694
0.038680535
0.030153958
-0.015639571
0.001416536
0.059524812
0.034621675
-0.057710368
0.10890087
0.1181134
0.028894221
0.024723835
0.021696268
-0.012291186
-0.045012753
0.04746075
0.010085089
0.062494393
0.05449358
0.0093898401
0.071705617
-0.053249147
-0.0053083096
-0.028848492
0.051655799
-0.066964798
-0.06469366
0.023235893
-0.0020459692
-0.056916881
-0.02772186
-0.01411352
-0.097549967
0.010221677
0.0057083364
-0.019342059
0.014755432
0.013161888
-0.019920822
-0.0019674613
0.024401236
0.019519037
-0.022731988
0.015964365
0.015348624
0.025654582
-0.033970453
-0.07275819
-0.061412983
-0.056063235
0.011571523
0.089601733
0.033818621
0.044670675
0.052845359
-0.022608016
-0.089407161
0.069929615
0.040675197
0.019014642
-0.0050137853
-0.094317444
-0.02290518
0.070333697
0.0098553402
0.10391153
-0.014119611
-0.075848043
0.01117018
-0.069875054
-0.091423459
-0.049254183
-0.027285246
-0.037813846
0.057452332
0.057905957
-0.040326599
-0.073216259
0.030423684
-0.087432384
0.050453618
0.07108926
-0.071358494
0.0040086932
0.011182084
0.027050823
-0.011040961
-0.037338309
0.058287773
0.011684958
-0.075588256
-0.046115279
-0.047447946
0.081566386
0.058936667
-0.0073510949
0.022454608
0.080168344
0.12085915
-0.051956967
0.0038441801
0.033236578
0.020710178
-0.025985545
-0.022706643
0.10758831
-0.044109594
0.031955991
0.016724871
-0.064108528
0.04775032
-0.065155014
-0.019694677
-0.02883915
0.07584554
0.021253845
-0.14047261
0.053671997
-0.048101965
0.051699311
0.059607625
0.00272376
0.065316334
-0.020262253
0.10633798
0.04780367
0.028319145
0.0096927965
0.0077688126
-0.020459041
-0.030821094
0.088782758
-0.016787307
0.036139894
0.02683566
-0.0054608136
0.051277388
-0.059673522
0.018993659
-0.074621469
-0.0030346436
0.012638305
-0.032122422
-0.043133777
0.026141359
-0.14408927
-0.089998968
-0.002242761
0.024921108
0.12135001
-0.025926618
0.10566048
-0.044222783
0.04061342
-0.037777852
-0.061168674
0.053448346
0.008195675
0.049934592
0.052030459
0.083062693
0.074973643
0.072546259
-0.046526093
-0.051426012
-0.0061069005
0.025150357
0.038755815
-0.14239587
0.023449546
-0.018884571
-0.013585457
-0.074205361
-0.021416081
-0.096175388
0.032878261
0.039841697
0.095944285
0.019863429
0.01684876
0.0061598746
-0.045101207
-0.11833608
0.0069668866
0.071765773
-0.015929053
0.071349517
0.051896226
0.033509597
0.0071045677
-0.020926582
-0.089635447
0.066514447
-0.047292706
0.066900976
-0.027768645
0.077742673
0.026587971
0.0085431207
0.067726932
-0.022291882
-0.052001748
0.11266106
-0.0071960008
-0.013190756
0.067610636
0.044631049
-0.082912669
-0.11572222
0.057213254
0.00120623
0.062713638
-0.068577997
-0.088583335
-0.012560799
-0.074538589
0.069684237
-0.04804071
0.027870689
0.026483387
-0.059112459
0.018831421
0.026788391
-0.013380303
-0.12135665
-0.047205225
-0.015871629
0.0014565531
-0.12516513
-0.03092443
-0.045537207
-0.031439207
-0.27650526
-0.077464916
-0.084694527
0.0054067834
-0.0013193903
-0.0034149131
-0.048340347
0.085494861
-0.035819143
0.01450369
-0.075667523
0.080493867
0.028598238
-0.0076415758
0.080774628
0.030812394
-0.10736068
-0.042367388
0.029423224
-0.023063771
-0.055264249
0.034512911
0.046763167
0.064424463
-0.14485373
-0.014391795
0.046457268
-0.066713996
-0.019828474
-0.11385109
-0.014299431
0.10984413
-0.068159953
-0.0017285146
-0.011643568
-0.13516821
0.0087857451
0.016181052
-0.0095352596
0.0099811545
0.042973023
0.0034764372
0.046960365
-0.04466255
-0.064751074
-0.060470335
0.055257197
-0.028635958
0.027690692
0.001420267
-0.075579047
0.086880967
0.079036199
0.025437925
-0.055106476
0.030784445
0.048506044
0.012448603
0.088119738
-0.022851516
0.062138177
0.021024754
-0.030186621
0.043216899
0.0692586
-0.033764265
0.0092269685
-0.037276939
-0.1566333
-0.11111183
0.027395371
0.064874366
0.044383522
-0.020421444
-0.030484905
-0.037422966
0.019137967
0.0015449704
-0.034567412
0.045799192
0.025413487
0.035312008
0.0018560349
0.06730216
0.056709331
-0.040800359
-0.03198643
0.065798372
0.022147786
0.12079457
0.034740314
0.089907885
0.045110591
0.0059123575
-0.12445867
0.029087767
0.069986098
0.090595238
-0.051793776
0.032996606
-0.025075082
-0.12939559
-0.084386282
0.036427163
-0.00063889526
-0.038553935
0.015859922
0.030270537
0.060329866
-0.055789165
0.00077186315
0.019208198
0.04563272
0.00059550424
-0.010593893
-0.0065169376
0.0047511957
-0.036076091
-0.039368954
-0.0081700217
-0.075655781
-0.058071099
0.056438789
-0.00156639
-0.098362535
-0.12764086
-0.098782942
-0.0010189489
0.092775658
0.048366807
-0.039288383
0.0089834007
0.11734655
-0.016020691
0.028683759
0.026314814
0.019632012
-0.028267337
-0.07060317
-0.061011273
0.066981576
-0.015819399
-0.026566787
0.024237994
0.020548131
-0.054211799
0.04692062
0.033782206
-0.036507502
0.037857458
0.067764029
0.03608289
0.023270436
0.038836256
0.013785916
-0.0077856584
-0.0078998394
-0.059020519
0.014607296
0.016179068
0.0051712212
0.078669734
-0.073547982
0.014033029
0.021143461
0.017186841
0.069328472
0.042339202
-0.024766382
-0.085007988
-0.02690633
-0.033871114
-0.0011195235
-0.056577239
0.056130778
0.039817926
0.049595911
0.086734071
-0.0029974189
-0.067880608
0.059912492
-0.044798974
0.0056299791
-0.029966589
-0.031814862
0.073756449
-0.028687811
-0.092009738
0.019094463
-0.052327052
-0.011440207
-0.026299987
-0.024278592
0.0045309756
0.075696379
0.021064533
-0.0095550297
-0.076439843
-0.077133633
-0.06013868
0.049234845
-0.063922398
0.032403063
0.06138099
0.047692183
0.035841785
-0.077344649
0.062570304
0.010174256
0.086020485
-0.011671212
0.016033381
-0.051119998
0.012366159
-0.00064758753
-0.0089510074
0.039241578
0.0016571361
0.088974506
0.022639887
0.09213379
-0.073974207
0.040912475
-0.051853042
0.11146653
-0.03962617
-0.049951043
0.063338704
0.031968225
-0.033461895
-0.11089604
0.015941553
-0.010134418
0.016973266
0.019804431
-0.025065508
0.016827827
0.03005944
-0.00039505554
0.054330952
0.0729049
0.036183797
-0.0042164233
0.016973691
0.00079698261
0.029223692
-0.021198116
-0.0028862953
0.0025853836
0.029854367
-0.03438881
-0.0033404287
-0.028848656
0.015819808
-0.0055519701
-0.18071227
0.040626127
0.063640952
-0.085542269
0.014229534
-0.010836868
-0.041535512
-0.012674453
-0.031558897
-0.11949105
-0.060519006
0.051182065
0.035374172
0.019206053
0.083684519
-0.03932618
0.012279897
0.035381369
-0.0025947026
0.077135295
-0.066734388
0.012608709
0.030960696
-0.048035014
-0.058454014
0.024302872
-0.041518651
-0.035539132
0.00062540034
-0.043136407
0.090221107
0.0658402
0.049954802
0.089533471
0.016862795
0.056606654
0.027820691
0.0083965939
0.0059142103
-0.015466588
-0.081907853
-0.050036862
0.06765417
0.025430951
-0.043484513
0.058149889
-0.054426223
-0.017008886
-0.056796409
0.037204638
-0.0090157092
0.064269029
0.033551238
-0.04943379
0.064604372
-0.014126377
0.022033537
-0.028496228
-0.05257386
-0.050684918
0.050990548
0.037546899
-0.048355516
0.082489431
0.019803045
0.04914679
-0.0044599944
-0.061205268
0.028656378
0.080159612
-0.048388265
-0.15658528
-0.0093876859
0.051071789
-0.087440751
0.056412101
-0.045260727
-0.01475442
-0.049978785
0.0051660365
0.066879414
-0.19739598
-0.033197302
0.028237043
0.015243365
-0.025389683
0.05122352
-0.09636686
0.039481372
-0.11456221
0.0088218693
-0.0067024576
-0.058894832
0.048306778
-0.022251744
0.11190712
0.041378804
-0.017670222
0.015570498
-0.0096670706
0.078905553
0.049945518
-0.085840531
0.028944667
0.029744787
-0.058673911
-0.082018688
0.018292191
0.098301612
0.0084343357
0.074454837
-0.010801424
-0.0021195845
-0.017839167
0.076344892
0.025515256
-0.057423443
-0.088631332
0.13715796
0.012041898
0.065995589
-0.0041417633
-0.0040588058
0.0067284624
-0.013415061
0.023148801
-0.036239214
-0.046815753
0.017505154
-0.080049463
-0.12676121
0.055042304
0.063144989
-0.033189036
-0.06990236
-0.022613285
-0.042334504
0.013626593
-0.050155435
0.05135145
-0.14345357
-0.054820657
0.07811401
0.016954437
0.068211764
0.024539933
-0.052753646
0.11570896
-0.030744445
0.086385347
0.011945516
0.061286118
0.054459143
0.071257561
0.040296435
0.056229156
0.017959822
0.043076117
-0.054212447
0.055878017
0.024296856
0.10242277
0.051002845
-0.031985469
-0.09569554
0.058210447
-0.006135969
-0.064359963
0.048906304
0.11693671
-0.13690184
0.0025555466
0.061980627
0.0052578417
0.056619957
0.02451217
-0.014374397
0.060122922
0.01547384
0.041602399
-0.10720418
-0.13325839
-0.0050984076
0.0064526508
0.074499287
0.011480773
0.10874879
-0.094754793
-0.08290796
-0.0018115074
0.018598802
0.059211422
-0.10421155
0.037476726
0.00423891
-0.036187232
0.0065797195
0.084317677
0.094753951
0.067742281
0.12087157
0.074123755
-0.10007127
0.054240391
0.04166168
-0.062260952
-0.03235051
-0.046395343
0.0080367541
0.011013145
-0.052472267
0.064044438
-0.089181848
0.0070086285
-0.0046871318
-0.017163813
-0.053294692
0.057222467
-0.036704544
-0.029815366
-0.082964987
-0.073729336
0.066550046
0.022594441
-0.071724676
-0.058897451
0.041864332
-0.10482718
-0.11428314
-0.017936179
-0.077039458
0.019403536
-0.094472729
0.020272376
0.030075202
-0.040065952
-0.01600004
0.010476644
0.079628691
-0.077008627
0.10661695
-0.0004851041
-0.053547882
-0.046267904
-0.053928215
0.00972779
-0.074006051
-0.096881665
-0.055361107
0.050628997
0.04507111
0.004919807
0.044861596
-0.0048264265
-0.0042308597
-0.023536
-0.048312783
-0.11223648
-0.020270942
0.026562572
0.045821819
0.039121877
-0.067494653
-0.024724323
-0.12920268
-0.068942793
0.10994588
-0.030510617
-0.11640406
0.068458535
-0.029428465
-0.04723531
0.098349132
-0.036570374
-0.069333903
0.058226112
-0.029052882
-0.08119712
0.053214218
-0.026952513
-0.041423012
-0.05847865
0.016012525
-0.029153606
-0.027492259
0.012632634
0.086571187
0.0083901919
0.051047903
-0.010682105
-0.074457742
0.055155501
-0.10401994
0.047338247
0.036738034
-0.054394923
-0.067930214
-0.10584924
0.024810534
0.066673651
-0.055191062
-0.013458585
0.0088289529
-0.039110951
-0.1027356
-0.0043944041
0.072094984
0.059487738
-0.062734008
0.052198835
0.029741112
-0.044461992
0.017770357
0.10466538
0.039435741
0.14483358
-0.062972985
-0.08696536
-0.068008661
-0.083792247
3.7762413e-05
0.12021902
-0.08752621
0.034621894
-0.059212212
0.051149383
0.027444074
0.051151142
-0.057689574
0.023023231
-0.0060397009
-0.049040228
-0.016739935
0.018667771
-0.0047417758
0.10604405
0.043359112
0.096331388
-0.089441687
-0.0052934927
0.045007862
-0.018228579
-0.015955737
0.02636252
-0.064466089
-0.017658293
-0.23262639
-0.0045301323
-0.15488076
0.08212436
0.012357947
0.060644109
0.045344591
0.026495641
-0.055451062
0.029940495
0.024910042
-0.018938053
0.045819946
0.033634726
0.066178769
-0.071722075
-0.068450436
0.025184834
-0.054067161
-0.052378546
0.02899473
-0.029192626
-0.082490504
0.035636164
0.026966549
0.070414223
0.020742187
0.0072319
-0.08017046
-0.035942234
-0.022809498
-0.02097863
-0.014131295
-0.010109649
-0.020342227
-0.029398305
-0.01519921
0.063336119
-0.057032201
-0.0079749636
-0.11965434
0.0081165563
0.033317346
0.053107616
-0.12752534
-0.058780175
0.098041885
-0.062338658
0.0025475796
-0.038305473
0.072663285
-0.036411054
-0.030025484
-0.014140397
-0.039463546
0.053049974
-0.01285339
0.035128251
0.11983893
-0.076286659
0.056717392
0.06471438
0.074906521
-0.066602856
0.090505645
0.0012897012
-0.094910011
-0.0098768771
0.025566904
0.0017423303
0.069234788
-0.029703643
-0.080904275
0.01928727
0.0056627556
-0.032165144
-0.028911227
-0.094634451
-0.028904071
-0.0025721584
0.11704899
0.087487027
0.00024326031
0.037133873
-0.018091425
-0.029499637
-0.081162505
0.057302251
-0.073972017
0.030003948
-0.014872319
-0.064005904
0.015909074
-0.081125364
0.081524529
0.018210245
0.0642915
0.054634873
-0.00084724964
-0.056518726
0.048199467
0.046258908
0.10806054
0.04851377
0.014366591
0.0058278926
0.048093755
-0.032617435
-0.032279361
0.026202273
-0.030599551
0.017423088
0.020314794
-0.0011042841
-0.046147913
0.084726758
0.042985007
0.095375814
-0.0088264858
-0.0078565506
-0.010721955
0.011988874
0.06413395
-0.032672156
0.007650943
-0.19210006
-0.022621527
-0.06247811
0.061691102
-0.016033882
-0.017298995
0.068447359
-0.022849945
0.021903643
0.082641385
-0.14117545
-0.071077019
0.060243063
0.025610013
0.028408945
-0.076420218
-0.027025983
-0.042630177
-0.051867221
0.0087368749
0.01906726
-0.064671658
0.012661737
-0.015144664
0.01376614
-0.086209327
-0.02759284
0.049156487
0.087047078
-0.065847106
-0.015647916
0.015169747
-0.053386889
0.11289554
-0.031974573
-0.032023098
-0.029125541
-0.096165352
-0.075757623
-0.058263622
0.063837536
-0.085327111
0.017483108
-0.066010341
-0.11883638
0.018438304
0.013429925
-0.051662892
-0.063691534
-0.13514628
0.010648074
-0.015484951
0.029001661
-0.055675019
0.037722439
0.061549198
0.053080235
-0.03277763
0.041874506
-0.072869323
-0.020364715
0.038834918
-0.023976261
0.050319321
0.023800461
-0.021938648
0.051306866
0.0048797559
0.059375901
0.00092790177
0.096539415
0.021639951
0.01740961
0.0079939291
-0.025364848
-0.039806653
0.032431468
0.03702233
-0.08532764
0.0074285343
-0.071267709
-0.057185691
0.074789003
-0.055806659
0.02511964
0.01265428
0.056798033
-0.014834047
0.095448263
0.00010016807
-0.029661499
-0.0060979384
0.037631419
0.10045379
-0.10260731
-0.15548828
-0.0063048555
0.10630245
0.00067048764
0.0022106445
-0.010992082
0.0085809119
0.055231385
-0.0075986432
-0.12019582
-0.045589611
0.08463379
0.046553686
0.055247609
-0.078576416
0.010899128
0.033496652
-0.054632101
-0.00034655118
-0.014266429
-0.05738081
-0.02703689
-0.023058563
0.00027712231
-0.056874398
0.073085934
0.042320639
-0.057603247
0.0044417232
0.05740739
-0.085064664
-0.007079355
0.034931574
0.044161461
0.044455498
0.048249781
0.015174227
-0.006697787
0.012896628
0.029940289
0.054151729
-0.030387731
0.0038591314
-0.019097118
0.016830111
-0.068407327
-0.052397039
0.041331422
0.025113331
-0.0052356394
0.081044033
-0.0079811309
-0.017349236
-0.03532226
0.033934537
-0.0094882604
-0.027377546
-0.011636034
-0.022832252
0.054574523
0.016158273
-0.091739707
0.017845385
-0.056321725
0.10345603
0.014896152
0.0042760638
-0.03802219
0.046045691
0.0018036428
-0.013009747
-0.033260774
-0.014557987
-0.020442069
0.10835473
0.056135081
0.015185134
0.080286734
-0.058412477
0.03324382
-0.074966989
0.079309419
-0.016228139
0.097942457
0.0047152299
-0.030506501
0.040937621
-0.030300049
-0.047685418
0.07133352
0.015557988
-0.046526529
0.041506659
-0.022152839
0.018529208
0.046589993
0.091726668
0.1457053
0.053795502
0.018048987
-0.054420728
0.009938919
-0.0030032636
0.022778856
-0.07095886
-0.11789276
0.035165362
-0.027426362
0.0053805988
-0.013225453
0.043131948
-0.050172422
0.11016693
-0.0049092988
0.001703721
0.004992465
-0.063440345
-0.072372936
-0.0059427931
0.080492884
0.065291345
0.05471383
0.047766257
-0.0021707201
-0.074292652
0.038319428
-0.048989885
0.027440777
0.0016296677
-4.4670332e-06
-0.088748589
0.019450534
0.047558144
-0.039674714
0.047392193
-0.051357597
0.0015863811
0.10221372
-0.037649591
-0.053083245
0.12579182
0.034562856
0.059900574
-0.011318493
0.093891971
-0.011786712
0.070285514
-5.1450301e-05
-0.0044609592
-0.068178073
0.077981159
-0.025625972
0.098181285
0.0059309262
-0.042027257
-0.012000799
0.066392094
-0.046138108
0.02209387
-0.03376526
-0.023033246
-0.056180254
-0.092889264
-0.056507245
-0.0090780528
-0.057313349
-0.06246344
0.046037402
-0.044365566
-0.03066144
-0.077841461
0.039158422
0.022052096
0.01875749
0.054790396
-0.068988167
-0.0355305
-0.0080654752
-0.085060954
0.0083247097
0.065354399
-0.076688603
0.0093310373
0.0015685925
-0.030802036
0.046783313
0.090193816
-0.01090066
0.0071262741
-0.045124348
-0.064872414
-0.041751422
0.036524799
0.047151353
-0.016400015
0.027129577
-0.015050148
-0.0082305623
-0.0051295194
-0.045819793
0.030022778
-0.00049457059
0.018475622
-0.014099483
0.001620092
0.037108917
-0.0030162216
-0.019626236
0.042848781
-0.0099496543
0.011192468
-0.015460223
0.034896936
0.049386419
-0.00022696237
-0.022903142
0.037113398
-0.024992419
0.067455351
0.089522749
0.082334235
-0.0050030886
-0.073172979
0.0076666577
0.068214908
-0.048557363
-0.011950515
-0.07342498
-0.016235013
-0.089074887
0.058046751
0.05511738
0.027625384
0.056078762
-0.044222873
0.066879973
-0.055832997
0.0092236977
-0.08530055
-0.019788373
-0.036326412
0.032315314
-0.053562135
0.004472923
-0.018145699
-0.038457897
0.074849993
-0.016040212
0.055348657
-0.034920275
-0.070097417
-0.0097690746
0.0098448778
-0.017038625
0.078150138
0.070453554
0.095611237
-0.03324439
0.0639771
0.019069852
0.057294734
0.067823723
-0.045997638
0.039677143
0.047888726
-0.058009397
0.025916697
0.056109004
-0.044084374
0.036373407
0.073621236
-0.078929953
0.033079345
-0.091639854
0.062558487
-0.012808203
-0.019615158
0.037481785
0.0030744178
0.06126621
-0.077429481
0.0055409498
0.020719243
-0.0032502217
0.059043627
0.0051338766
0.04441534
0.00044726892
-0.020413836
-0.047191411
-0.086758383
0.014634878
-0.033764526
0.073490076
-0.0037052159
0.071572371
-0.046438754
0.063265666
0.074299447
0.0195411
-0.042116836
0.049984753
-0.095792025
0.096666962
-0.1404039
0.073678181
0.1127864
-0.010772585
0.10496537
0.021371327
-0.035115264
0.015352821
-0.078708231
0.046455339
0.017418202
0.014317974
-0.12175868
-0.17224202
-0.095654503
0.065778673
-0.074300878
0.024560684
0.13297546
0.0039748205
0.077780925
0.046511196
-0.11211649
-0.016308803
0.02551494
-0.032692458
0.06051236
-0.08539506
-0.10107616
-0.022731273
0.037006151
0.10858703
0.071564615
0.049375866
0.0084752012
-0.067391478
0.039458107
-0.013703251
-0.16554013
-0.10827391
-0.057189368
0.04334246
0.017531274
-0.021212788
-0.15122859
-0.063399501
0.00027552474
0.076749638
0.05129391
-0.09628062
0.056203317
-0.011752536
-0.043811988
-0.075106673
0.081119768
-0.073048666
-0.014104927
-0.037398092
-0.032769047
-0.0046329042
-0.059494641
0.080174938
-0.032336399
-0.039068833
0.09154512
-0.029646626
-0.056853916
-0.098128818
-0.04625557
-0.015403907
0.073330358
-0.043832261
0.046368722
0.017150484
-0.099078037
-0.0054869344
-0.11928981
-0.0018652787
-0.057454668
-0.025721515
0.04910386
0.0031147341
0.091223165
0.037094012
-0.047737833
0.080191433
-0.16907918
0.0076908362
-0.0031092986
-0.08238776
0.055566929
0.02213813
-0.15152234
0.0056630191
-0.1045799
0.0034155117
-0.062312651
-0.05079959
0.033900268
0.047894847
0.076244481
-0.048761573
-0.03955593
0.035355631
-0.042518634
0.031285364
-0.050366484
0.029165151
0.090235062
0.051867381
-0.093835607
-0.064038187
-0.044025343
0.084274098
-0.11530743
0.055888828
0.016261186
0.010571224
0.056703951
-0.014797261
0.092458546
-0.052562017
-0.065304458
0.074705295
0.030797817
-0.011342772
-0.0017173815
-0.03291088
-0.049165092
-0.0032837053
-0.049774975
0.034026437
0.018231876
-0.15987045
0.054757833
-0.030186906
0.0048157731
0.014707299
0.080207191
0.10696826
0.040369291
0.028041063
0.0215344
-0.0062180818
0.048318483
-0.063686989
-0.091913357
-0.0039733159
0.039944019
0.054974742
0.04688973
0.049962629
0.08695855
-0.061316978
-0.047795381
0.0071567087
0.035168719
0.044691917
0.0066077467
-0.0493013
0.032084927
0.018796887
-0.048263319
-0.018688494
0.065385535
0.008067769
0.0054521332
0.089027792
0.016021676
-0.006188469
0.024703819
0.11772994
-0.026916413
-0.0056751184
-0.028003251
-0.061459057
0.0043355282
-0.059183974
-0.085968964
-0.21360685
0.034975078
0.034819487
0.030291645
-0.020608034
0.080559254
-0.082075283
0.0085922908
0.0013802401
0.018326132
-0.09065751
-0.10769279
0.049922355
-0.027444519
0.015781241
-0.054610044
0.040089108
-0.11435076
-0.022246178
0.095082037
-0.0069482769
-0.13349368
0.067293368
-0.16588202
-0.083324499
0.079764366
0.078660324
0.06364584
0.066629015
0.067444809
-0.0050849663
-0.028596295
0.0182407
-0.0057742735
0.091014482
-0.070568196
-0.047971189
-0.18420231
-0.035820201
0.0071138414
-0.012342516
0.038061984
0.049111705
-0.023482298
-0.053379409
-0.040664144
0.037965551
0.072471231
-0.02958156
0.026347548
0.067801587
0.013161222
0.010376241
0.019677244
0.01277213
-0.047007862
-0.1019727
-0.0050336164
-0.00015404263
0.048573986
-0.021097248
0.11286601
-0.085988611
-0.0082563572
0.021782177
-0.047938924
-0.048721951
-0.072456881
-0.046788763
-0.010974609
0.11958073
-0.076928243
0.0030505715
0.047948997
0.048799153
-0.052859031
-0.077649124
-0.055979446
-0.048933342
-0.044837587
-0.0041042087
0.040086802
-0.16354789
0.11148122
0.087693408
0.016951324
-0.033812117
-0.032491099
-0.034478266
-0.092559546
0.047252469
-0.0086026834
0.014002739
-0.039028332
0.019547809
0.018280867
0.066415757
0.024847185
-0.0042292983
-0.020139832
0.018184753
0.043105513
-0.0097122146
-0.0031815299
-0.025703536
-0.094601244
0.068553545
-0.0015157973
-0.0046683028
-0.081913613
-0.054242067
-0.026269794
-0.0018206707
0.10380798
0.05163078
-0.033547945
-0.10582008
0.078209318
-0.099220239
0.12118177
-0.034094345
-0.03874385
-0.016047636
0.01723857
-0.0054055974
0.089570455
-0.16879223
0.053404916
0.039447274
0.023988398
-0.028468089
-0.090105571
-0.030539639
0.0077809137
0.056034893
-0.09760499
-0.037408564
-0.089505263
-0.083844684
0.020718103
0.090740606
0.038314845
0.054490276
-0.058418535
-0.085674055
-0.13712795
0.11670823
0.029375903
0.056012273
-0.11202715
-0.0018657127
0.082884543
0.059213221
-0.055159707
-0.059626177
0.061127435
-0.090081356
0.069815308
-0.046901438
0.071729556
-0.032626051
0.0060614492
-0.036262777
-0.099911444
-0.0039809984
-0.058085449
-0.12866761
0.095018737
0.11581156
-0.060999412
0.093464836
-0.10585614
-0.0096167997
0.014740371
-0.0079325689
-0.050277688
0.093503475
-0.052229639
0.0066671441
-0.073232979
0.0075794314
0.040904988
0.030829655
-0.10468496
-0.10594892
-0.02214581
0.010295922
-0.10918359
-0.058142912
-0.0033493654
0.051993906
-0.0041879951
-0.057814375
-0.13146985
-0.054004695
0.02897089
-0.069449611
-0.019725371
-0.065643772
-0.057194673
0.12104201
-0.054275285
0.017977234
-0.034987591
0.017023325
-0.036413789
-0.13298723
0.06595616
-0.046171375
0.036879629
-0.027764328
-0.0644131
0.0040626512
0.069530532
-0.12924115
-0.12486782
0.10627425
0.0090035358
0.010538403
0.079635516
-0.1114918
0.014486832
-0.040732846
0.042558946
-0.036245652
-0.054384131
-0.10712983
0.058653951
-0.020289462
-0.10764202
-0.047015622
-0.016773861
0.0043021045
-0.033443425
-0.089662299
0.050157651
0.016375205
-0.020418132
0.068945117
-0.043066975
-0.0023781625
0.07241603
0.015711267
0.058588948
0.037151005
0.037697252
0.056863729
0.032528363
-0.1055273
-0.033892695
0.04449673
-0.22108534
-0.0086289784
0.038910266
0.10434616
-0.069186792
0.018279357
0.034776084
0.077418149
-0.047834124
-0.03111867
-0.065360606
-0.056314483
-0.020469036
-0.10296129
-0.066502146
0.026281601
0.029703001
-0.026474983
0.030414652
0.029932981
-0.064042971
0.014362458
0.041433256
-0.022346476
-0.02992864
-0.031515546
-0.045989592
-0.051637325
-0.023354853
-0.019744745
0.074764401
0.044653762
0.029744891
-0.05057212
0.073456809
0.080407426
-0.07944458
0.040684059
0.031627577
-0.045344431
-0.0056156488
-0.0043313787
0.0093053617
0.037700281
-0.024609979
0.00039201605
0.083046027
0.025636055
0.019724961
0.059046343
0.025245061
-0.063920476
0.01998453
-0.085976779
-0.0047562746
0.01212367
-0.0028825714
0.12706214
-0.09380684
0.034969267
0.023795977
-0.065149866
-0.05247391
0.015407504
-0.024737749
0.062650964
-0.063765146
0.041728262
0.011225025
0.055742957
-0.021361141
-0.065985516
0.082714438
0.04449515
-0.010216885
0.0015072551
0.041877072
0.053241443
-0.091490164
0.13609311
0.12046427
0.073154278
-0.10134052
-0.01868546
0.09126088
0.0094475448
-0.091490053
0.029700549
0.080098271
-0.012454085
0.041622862
-0.0091801081
-0.15266205
0.0092884023
0.069323249
-0.13151126
-0.05322497
-0.048842829
-0.056811474
0.048933297
-0.0085621364
-0.087124981
-0.019891283
-0.052305371
0.05789182
-0.031636421
-0.020637726
0.085701987
0.022923807
-0.045042254
-0.066662051
0.037285652
-0.083203666
0.065596618
-0.020650985
0.037618492
-0.0080640437
0.067132533
-0.041504715
-0.0051848893
0.001068789
0.072355404
-0.042037979
-0.0011723927
0.024300853
-0.032568883
-0.052661419
0.15806904
0.15556458
-0.0070181615
0.089869305
0.17832269
0.053327251
0.029484462
0.057623245
0.060027845
0.018105859
0.068873875
-0.0041541476
-0.096471742
-0.02488046
-0.052172959
0.057369154
0.0053821583
-0.078709811
-0.017546799
0.087285511
0.11213312
0.047370084
0.10903742
-0.05495156
-0.01014051
-0.056826901
-0.014264976
0.018496834
0.037922423
0.014786277
-0.08316537
-0.084962711
0.10107492
0.13118392
0.061824381
0.092848182
-0.015653247
-0.098089166
-0.03919198
0.029015251
0.040002763
0.0070323315
-0.0088311527
0.0010553454
0.042851917
0.084464818
-0.10685252
0.045048125
0.017738532
-0.04157624
-0.014229295
0.040709961
0.059054121
0.0025300765
0.031432342
0.099676073
0.10140784
-0.026700851
-0.0020650257
0.024167897
-0.085108049
-0.079688028
-0.0061864592
0.029021554
0.033188853
0.085464709
0.045660965
-0.018810263
-0.0060560186
-0.043261148
-0.0064235274
0.015987173
-0.0008262578
-0.019562241
0.0045494111
0.015585643
0.0010213347
-0.040303785
0.023084799
-0.0014159014
0.047445353
-0.0013144095
-0.0027122826
0.067421801
-0.11827589
-0.015945796
-0.013397967
-0.032630812
-0.10635962
0.046215903
0.028084232
-0.015470176
-0.020141631
0.039311126
0.040938724
-0.012025275
-0.034471076
-0.034863397
-0.010747282
0.060148634
0.050288215
-0.071289696
-0.00071213831
-0.08950533
0.057408672
0.040068295
-0.058518108
0.012010714
-0.0020243363
-0.033797067
0.088510662
0.011149316
-0.037759878
-0.025599355
-0.00027442095
0.030359846
0.015593616
-0.024158692
0.051674545
-0.030241247
-0.027389199
0.023109889
-0.024931449
0.061941646
-0.057188608
-0.027773054
-0.015833976
0.072005302
0.089678578
0.032941472
0.032483026
-0.059662029
-0.13387294
0.0044390573
-0.066422537
0.062118139
-0.055604834
0.044315707
-0.032767884
-0.069942959
0.028417101
-0.099297374
0.023831185
0.013220701
-0.047794484
0.063427955
0.015092837
-0.014496204
0.011925611
0.025001436
-0.046758115
-0.13280028
0.036966603
-0.069156244
-0.059968274
0.030954296
-0.046443496
-0.066217028
0.033992298
-0.026887495
-0.033363275
0.034002069
0.013960802
-0.045221251
0.063143969
0.038147043
-0.053231835
-0.035741769
0.065747306
-0.054944482
-0.088300101
-0.004225119
-0.027114455
0.030872395
0.021919366
-0.14862239
-0.038886212
-0.025241742
0.035886426
-0.04607876
-0.031047635
0.0037777682
-0.12392273
-0.011599761
-0.009411701
0.062338412
-0.045695882
-0.059896965
0.054683957
-0.067628615
-0.012006289
0.11854421
0.077926032
0.042790607
0.016398869
0.081422389
-0.0021888823
-0.003068401
-0.045906764
0.05303688
-0.061627734
-0.032334689
0.023434123
0.0026206083
0.063129857
0.054834571
-0.082300149
-0.048549894
-0.035972122
-0.049129188
0.043561377
0.0027626171
0.10746339
0.035394844
-0.045961317
-0.04207753
0.072748475
-0.084577128
0.018765489
0.022804054
0.019908156
-0.048382718
-0.019122722
-0.0088095972
-0.044905405
0.037971206
-0.04026955
-0.032036051
0.014821241
-0.037154224
0.085432522
-0.058972254
-0.017522579
0.038334519
0.049209628
0.040578056
0.022256335
0.077319473
0.010791864
0.024729161
-0.036228478
0.0061357836
0.0024515921
-0.039914303
0.016363733
0.038946941
0.080693468
0.076190017
0.072568968
0.058920741
-0.027802501
0.015277292
-0.037570059
-0.054352112
-0.055953037
-0.025274297
-0.03807871
-0.020190617
-0.014348191
-0.052534543
0.018822171
-0.067638896
0.041642707
-0.059383817
0.035186041
-0.016100258
0.0036844052
-0.02104651
-0.0041845962
0.091481462
0.092209101
0.01755733
-0.0081523191
-0.0044982834
-0.009181276
-0.060627092
-0.059838917
-0.013698963
0.0040418678
0.056683864
0.056934126
-0.040956862
0.041021451
0.019786263
0.019182732
-0.061308615
0.084073156
0.067565717
0.037490312
-0.033314545
-0.064394429
0.019770643
0.030993776
-0.012799323
-0.047287956
0.029702449
0.03782602
-0.073415279
0.018356372
0.044086419
-0.0025169004
-0.023856103
0.01491741
0.046269167
-0.026312478
0.032960806
0.030969931
0.05297859
-0.0059887664
0.022338986
-0.088935986
0.081533685
-0.093835227
-0.094249025
-0.01646357
0.13772108
-0.073394075
-0.084159404
-0.041484714
-0.052017029
-0.018056473
-0.10991159
-0.058156643
0.040222667
-0.0073218793
0.095151976
-0.049474895
-0.094712384
0.011210229
-0.070150502
0.04259542
0.060307801
0.059927382
-0.02097586
-0.010676986
-0.11658128
0.10701718
0.021306301
-0.098284207
-0.014506401
0.060276907
-0.078204766
0.11289715
0.060667142
-0.047704507
-0.1161449
0.005656349
-0.025933029
-0.057965409
-0.095260754
0.096596532
-0.011798075
-0.013467645
0.077873141
0.031025605
0.10727146
0.013426876
0.055739567
-0.049795263
-0.10030621
-0.17949159
0.075520724
-0.065290444
-0.067699827
-0.072368287
0.0081814295
-0.082625836
-0.023850651
0.019424696
-0.060712092
0.0017316662
-0.05318135
-0.060492251
0.07136783
0.02019624
0.068264931
0.034465086
0.054269612
0.031942319
-0.054467618
-0.043608524
0.11909863
0.014809969
0.016321832
0.10642887
0.010464594
-0.01814292
0.042512465
-0.0088900635
-0.0626522
0.061769947
-0.011453709
-0.16971861
-0.0069509661
-0.098973915
-0.0852222
0.063397035
0.011148011
-0.040794369
0.061773095
0.0024895982
0.050482295
0.1346432
0.013442465
0.061385348
-0.068721808
0.092741638
0.061585385
0.11633613
0.10005822
-0.045485169
0.02011814
-0.089979574
0.065107979
-0.060722742
0.021394089
-0.051511012
-0.0097362334
-0.15727064
0.036415398
-0.035312586
0.052125514
0.053044952
0.081500597
-0.083218031
0.033264134
-0.013250198
0.029993629
-0.040257782
0.085830286
0.075900003
0.0030448514
0.075859353
-0.10819174
-0.11034805
0.017232602
-0.020214364
-0.048587114
0.060743757
-0.006370842
0.047661841
0.043427449
-0.10608543
0.060300671
-0.010514016
0.029917799
-0.026990639
-0.07225427
-0.11773743
0.058920201
-0.060365412
0.043343164
0.025691502
0.057325087
-0.03982177
0.058740325
0.082406536
-0.030028043
-0.046331845
-0.055284325
0.055142805
0.034275129
-0.065875314
-0.0057422244
0.040926285
0.098439671
0.033727113
0.050551634
-0.01979975
-0.0013253217
0.087097257
-0.052651502
0.00016526575
0.15201622
-0.040713452
-0.070672959
0.016198553
-0.048806798
-0.0089919874
0.071121901
0.096097521
0.071821764
0.066608675
-0.029726537
0.076316811
-0.053897697
0.072378658
0.0099426657
0.015106129
-0.017889673
-0.051648729
0.015309722
0.023955749
0.0075806971
-0.0020775332
0.016379898
0.12452281
0.017655427
0.021702331
-0.020754831
0.018245196
0.030992279
0.091193177
-0.074131213
-0.036798187
0.028419133
0.012099371
0.015371062
-0.024887843
0.030201932
-0.0011853985
-0.047783177
0.080385894
-0.013559038
0.0492629
-0.066146769
0.019070523
0.036358252
-0.0058983685
0.024644947
0.02407052
-0.025432935
0.052579764
-0.034205209
0.10283744
-0.065763071
0.011406678
0.0039207241
-0.027134631
0.040479112
0.022979679
0.10320465
0.028293835
0.020117208
-0.11038213
0.03184123
0.029745206
0.073211953
-0.1281943
-0.0049841204
-0.05429275
0.0018594947
-0.047039174
-0.015644262
-0.14891666
0.021879843
-0.031822603
-0.0015824335
-0.031921469
0.023433069
0.028041847
-0.061167363
0.0256215
0.038901087
0.018520832
-0.031070471
-0.0042454731
0.073319726
0.055705991
-0.0032679306
0.080791399
4.6942336e-05
0.0095202057
0.051132567
-0.096794583
-0.007465241
0.057141025
0.076691344
-0.086984798
-0.019289093
0.019665763
-0.048491772
-0.1152553
-0.15814747
-0.0070072394
0.016843198
0.081562847
-0.024845714
0.048703808
0.055692546
-0.071158223
0.032741532
-0.12004369
0.0032778166
0.075229816
0.025358917
0.053785481
-0.0029360314
-0.033898164
0.042224459
0.03238789
-0.05682252
0.022927638
-0.025304554
0.016316522
-0.027444808
-0.039621264
0.022099776
-0.077715963
-0.014146409
-0.034189794
-0.11031163
-0.0065607619
0.0090328129
-0.04145135
0.059931595
0.056610979
-0.13209145
0.086493947
0.01267584
0.020035855
0.039303403
0.03378601
-0.037861191
-0.047911305
0.00050063961
-0.025142916
0.067320868
-0.18883219
-0.023456892
-0.058093999
0.015853476
0.03261843
0.05528634
-0.060154337
0.0047950959
-0.036842395
0.0051853112
-0.022130193
0.0036841223
0.07637345
0.060213387
0.015064985
-0.047184464
0.091283605
0.0077263406
0.023810675
-0.0020023149
0.003131958
-0.088610999
-0.04699304
-0.074129432
0.086359747
-0.057370927
0.021980163
0.052918211
0.043613411
0.05824095
0.036456026
0.022360399
-0.0035955308
-0.13533016
-0.07724461
0.068074174
-0.1159629
0.017461538
0.02709917
0.020003919
-0.014957841
-0.044246554
0.0883324
0.020318776
-0.012435501
-0.025821725
-0.067568518
-0.017507302
-0.0041103326
-0.082280107
-0.098708034
0.018418655
0.059088591
0.0026869124
0.01837125
0.038349755
-0.088605545
0.090464741
-0.039285615
-0.0373438
0.13324401
0.06995327
-0.011546657
0.041351225
0.042446442
-0.037902467
-0.030246431
0.084661737
-0.02338537
-0.023184922
-0.018428054
0.014817999
0.023694115
-0.042370047
0.0014089259
0.063797496
-0.029403368
0.088315599
-0.046060469
0.018853983
-0.019535692
-0.045037929
0.043576937
0.052342363
-0.02240851
-0.053687271
-0.057531409
0.014110222
0.0096745938
0.056854375
0.050106972
0.014600319
0.026700938
-0.01681673
-0.041422196
-0.019224998
-0.0269123
0.079958439
0.0022626745
0.026644927
-0.001302237
0.014711588
-0.024978925
0.095974468
-0.0036814478
0.089401871
0.040620115
0.028390331
0.038638137
-0.01174735
0.045051008
-0.035552081
-0.048280306
0.018321704
-0.0611437
0.083021186
0.039622027
0.015315795
0.0073825181
0.076938391
-0.035100568
0.035818938
-0.058366273
-0.015520049
0.042292114
0.057852365
-0.075777158
-0.10845001
-0.046436727
-0.042076647
-0.015998991
0.031061316
-0.00086125062
-0.02462597
0.016578477
0.012445597
-0.019737236
-0.038550969
-0.042161256
-0.010045554
0.087428935
0.036011729
-0.045931026
0.010641617
0.066460721
0.054997411
0.068626426
-0.05006703
0.072243974
0.053598177
-0.032941487
0.068084128
0.040535539
-0.089156792
-0.06465967
-0.016111163
-0.021903262
-0.0063960985
-0.063629277
-0.03826692
0.011607979
-0.0056644734
0.020104991
-0.048685659
0.065856494
0.08316204
0.052377515
0.034709401
0.060107749
-0.067936316
0.027375966
0.039910302
0.051303495
0.035203833
-0.033521615
0.065761812
-0.0010927171
0.011977919
0.077814177
-0.049119931
0.031104747
0.055715103
-0.04694989
-0.060204431
-0.015454797
0.022344528
0.080342025
-0.060946364
-0.037024047
0.002699605
0.048120216
-0.043521527
0.0077747013
-0.034546342
0.071086235
0.0064125205
0.053760748
0.0025363863
-0.050272193
0.036393404
-0.10876919
0.02424649
-0.031764492
-0.039290112
-0.02937118
0.0045874724
0.070567235
-0.010492668
0.15095815
-0.057248913
0.072298825
-0.016922077
0.030733457
-0.035397187
-0.092517532
-0.039924406
-0.01972262
0.0057740035
0.068879575
-0.13770446
0.030679286
0.02705784
0.066195577
0.18283013
-0.040476438
-0.047167525
-0.076436989
-0.17903392
0.01687653
-0.074154094
-0.099505201
-0.00056518038
0.028100315
0.0018118118
0.042465191
0.075372204
-0.080422893
-0.092000276
-0.089495197
-0.052927721
0.0013021914
-0.0065282113
0.10349879
0.018700955
-0.011743258
0.06754151
-0.02334764
0.041362017
-0.019767603
0.085257947
0.064409696
-0.067962937
0.017351044
-0.017120477
-0.024014879
0.099924415
0.07347019
0.010088408
0.061716452
0.054457903
-0.0448745
-0.10427181
-0.095535092
-0.025521861
-0.062964156
0.14894925
0.061854966
0.082885176
0.0064851688
-0.03571602
-0.074604705
0.0054489681
0.044067111
-0.0048430935
0.082506061
-0.080901138
-0.0076766084
0.093471266
0.0067742858
-0.032333519
0.016309408
-0.11987881
-0.1474106
0.017699465
-0.10438384
0.056874901
-0.040688362
0.092404209
0.065293461
-0.043725003
-0.074329495
-0.044678845
-0.056231543
0.13540199
-0.017406115
0.038817775
0.0033152224
0.041803479
0.13622148
0.031808812
-0.041866612
-0.14774944
-0.09829472
0.098000668
0.0099087916
-0.069840677
0.017325904
-0.095380776
-0.048429329
0.015155862
-0.033409908
0.059948761
-0.0093284389
0.0030782546
-0.018986406
-0.02860174
0.024492379
-0.046920709
-0.038097564
0.15511201
0.038424857
-0.064927183
0.095894068
-0.13402559
-0.089915462
0.049160998
0.065417528
0.031538405
0.031038748
0.10034188
0.057348836
0.029923258
-0.008331012
0.044116952
0.053753775
-0.045037676
-0.036953487
-0.076724432
0.019575849
-0.049053989
-0.007823118
-0.038125053
0.011041847
0.010969227
0.01669292
0.015369725
0.027906448
0.084729396
0.14060093
0.018210435
-0.048661809
-0.030078607
-0.14188939
0.02051622
-0.055245813
-0.027317576
0.061829187
0.0088214986
-0.047891278
0.057514228
-0.074609168
-0.0072881933
-0.063370645
-0.027825931
0.033762578
-0.035758823
-0.0094522675
0.00665206
0.041123807
-0.025302989
0.0025600807
-0.029514013
0.017127523
-0.029765019
0.070501193
0.015735816
-0.12734655
0.0032161993
0.022389947
-0.014883726
-0.052076649
-0.016942007
-0.029890515
0.033184249
0.053589664
0.017819803
-0.00044119346
-0.029672138
-0.13881962
-0.048283156
-0.0025865212
-0.11420065
-0.034402538
-0.045161232
0.030966384
0.034333482
0.002610683
0.013868603
0.031453114
0.038899194
-0.04092386
0.058711622
0.042388145
0.050232328
0.0077785063
0.016021049
0.053705156
-0.033230599
0.03448461
0.07889507
-0.048838265
-0.070366643
0.049359761
-0.084504567
-0.14191227
-0.069682777
-0.090798728
-0.054190002
0.077062443
-0.014610879
-0.0093030445
0.0085369879
0.0050561302
0.08310543
0.0064464333
0.036152966
0.0013990295
-0.0058806334
0.043819241
0.023386456
-0.0092859427
0.037479054
0.014638651
0.084642045
0.021511951
0.036107659
0.082777604
0.049976911
-0.093503684
-0.051584378
-0.029142924
-0.015804948
0.014877888
-0.1200924
0.052971136
0.053473901
-0.10911217
-0.051365618
-0.024316611
-0.03856694
0.066705801
-0.15583816
-0.039608084
0.0374505
-0.065066643
-0.033636335
-0.02411562
-0.069233738
-0.065929957
-0.061997615
-0.017915152
-0.082382083
-0.029750193
0.073629744
-0.12949124
-0.048252799
-0.014715878
-0.04036621
-0.030082004
6.2762942e-05
0.092914157
-0.069837563
-0.011987162
-0.015002471
-0.036111176
0.051269293
0.06094151
-0.069276094
-0.07032977
-0.089959025
-0.08654882
0.050236512
-0.040210281
-0.0045539425
0.059327185
0.024198936
-0.088142537
-0.05892003
-0.039656915
-0.12725157
-0.013688317
-0.046661451
0.028674627
0.053862769
-0.042569879
0.12477414
0.016205508
0.12052839
-0.12246487
0.082517169
0.076329961
0.14491832
0.049068365
-0.053927287
-0.059120014
-0.060446043
0.00046880497
0.05266327
0.059424825
0.017544808
-0.026578035
0.062985107
-0.070651636
-0.026189022
-0.084740475
-0.065287441
-0.087891474
0.067589715
0.037973017
-0.081194252
-0.027565075
-0.02614039
-0.054140322
-0.093959436
0.00089276157
0.03986001
-0.084713653
-0.092271395
0.05721416
0.077662811
-0.1002899
0.067540661
-0.0048580775
-0.11564
0.083673052
0.013466008
-0.13658687
0.053026516
0.08597143
-0.079427034
0.050169859
0.079069145
-0.018241521
-0.051928602
0.053310655
0.041714404
-0.013003115
-0.06854748
-0.038200956
0.04344815
-0.11691303
-0.056252971
0.17180078
-0.019658608
-0.097083323
-0.041149206
0.063218236
-0.0045920806
-0.066895962
-0.0035607528
0.10783423
-0.036452945
0.12274437
0.13642822
0.059547845
0.040107593
0.081618771
-0.0034824375
0.11782584
0.032318171
0.00059604569
-0.095248595
0.093272492
0.13619412
0.060041614
-0.08581493
-0.039376471
-0.038942233
-0.03592876
-0.031361841
-0.08490371
0.074676596
0.0016480953
-0.080066003
-0.037297871
-0.0015421123
-0.027528143
-0.010379141
0.013547498
-0.1262221
-0.027782323
-0.026152445
0.03560229
-0.0094393408
0.14042366
0.11968775
0.0056952168
-0.032927066
-0.10248004
-0.019585509
-0.018085103
0.05788501
0.01783389
0.061718907
-0.070367582
-0.010702665
0.030970061
0.017362559
0.021001782
-0.029910685
-0.040072069
0.010418169
0.022689708
-0.0049760342
0.0013576084
0.035636257
0.048873622
-0.045291793
-0.017151697
0.059359014
0.015410133
-0.030030645
-0.023777189
0.078485727
-0.030184239
0.012214515
0.018354351
-0.17025961
0.17360103
0.096210301
0.0073010535
0.019209225
-0.039261349
0.024895778
-0.012917155
0.03133297
0.066209689
-0.082647145
-0.029458208
0.0035037135
-0.019397391
0.016682107
-0.033022705
-0.059926976
0.029388884
0.0043829037
-0.031449821
-0.026111379
0.025267664
-0.067582995
0.03844437
0.025942175
-0.029890804
0.021692783
-0.07010147
-0.072737657
-0.026971228
0.093064323
-0.017815452
-0.06642314
0.12974398
0.071757942
0.0054888455
0.044462055
0.0068377759
0.066454105
0.066971391
0.028976761
-0.024408923
-0.034111783
-0.026775425
-0.06186299
0.083795145
0.007085497
-0.019317871
-0.040943943
0.070541255
0.09171506
0.095579594
0.058779165
-0.093316495
0.10789449
0.0014024331
-0.012322301
0.019434184
-0.039888728
-0.0011608654
0.10230479
-0.021323906
-0.002224667
0.0079340609
-0.050771348
-0.0079057086
0.051830325
0.046856605
0.091547787
-0.09400779
-0.0072859339
-0.071264178
0.019232364
0.035492606
0.029851072
0.051497512
0.065029144
-0.093850493
0.039917562
0.073829249
0.048472904
-0.036939461
0.17728145
0.019834377
0.092440866
-0.012237198
0.042321648
0.062856525
-0.048904072
0.017446281
-0.01228397
0.0042465883
-0.053585116
0.048640456
0.015356616
0.036746472
-0.033332434
-0.079648122
0.023297435
0.015112957
-0.054852635
-0.10773455
0.051058136
0.048243336
-0.037894133
-0.030499229
0.026669707
-0.0094775762
0.056719851
0.0044735707
-0.0088554425
-0.062285762
-0.039455265
0.041387562
0.03936423
-0.017355265
-0.037679993
0.06918516
0.031125981
-0.042312965
0.019613488
0.010389251
-0.011236851
-0.026697023
-0.033639971
0.07411743
-0.030485772
-0.015539837
-0.035086926
0.019241517
0.033435941
0.033739027
-0.011126539
-0.014323053
0.015582415
0.06406869
0.0021242616
-0.0040367884
0.038733203
0.059552632
0.059045378
-0.00040907445
0.015087382
0.042929359
-0.02508161
0.10920373
0.04280204
-0.037191339
-0.059548106
-0.07189253
0.038877539
0.052693624
-0.0042604832
0.0082243429
0.0055600591
0.078013651
0.01771939
0.059040785
-0.026400676
0.032987293
0.065195128
-0.034165397
0.039784454
0.036746293
0.028640758
0.062444627
0.00068577623
0.018481007
0.01569456
0.0043743276
-0.064691328
0.0089355623
0.060334932
0.065638736
-0.027405685
0.044982348
-0.0098394416
-0.0042203143
0.0082128318
-0.036980022
0.017843641
-0.098754004
0.020333802
0.076759927
-0.048284549
-0.04962587
-0.061739538
0.036611471
0.097083524
-0.063909821
0.060491391
-0.028009733
0.044580936
-0.054922737
0.01875506
-0.047726646
0.033178877
-0.0081370873
0.08401221
-0.047832232
-0.038774326
-0.0088999532
-0.054907974
-0.026522512
-0.011893483
-0.028961668
-0.0020298583
0.03013755
0.08252348
0.0022407216
-0.025710702
0.029247785
0.026816843
-0.0059652259
0.042217564
0.031459771
-0.037783135
-0.040097311
0.049399447
0.051884782
0.067570105
0.06734395
-0.088964365
-0.065664694
-0.078373186
-0.010206859
0.10257851
0.085127555
0.052682132
0.043784667
-0.037866265
0.047550041
-0.028380454
0.0044701211
0.057001017
-0.020793216
-0.024839126
0.07571207
-0.037925158
-0.047690216
-0.016644597
-0.0037591138
-0.052782267
0.043782983
0.024537623
0.025986804
-0.021083271
0.088424273
0.030278392
-0.024151981
0.050507564
0.058343858
-0.079860419
0.030678147
0.056996986
-0.010300267
0.028762061
-0.058883753
0.0031387885
-0.079588443
-0.024859143
0.024002397
-0.029396404
0.025788365
0.0072004553
0.0099036666
0.0041123829
0.057698358
-0.080289252
0.065996192
0.04178958
0.031211048
-0.0044827727
0.0059870421
0.011781358
0.029785529
-0.014518793
0.05853121
0.050011273
-0.060073953
0.034881264
0.00043833911
-0.070355952
0.028973756
-0.030672021
-0.051020563
0.022390999
0.014071845
0.041557256
0.010948478
0.015934771
-0.036073696
0.08307565
0.045176268
0.06583818
0.022436561
0.037134569
-0.028395563
0.048027407
-0.026419751
0.0055827415
-0.0287097
0.082378812
-0.020124011
-0.068177767
0.043861315
-0.0013716627
-0.030157033
-0.023816796
-0.02421077
-0.088459983
-0.01856857
-0.080183767
0.041076172
0.024591964
-0.03263016
-0.053860769
-0.013477724
0.01100643
0.040358398
0.042168453
0.02528098
0.06892775
0.065826774
0.060764194
0.062533841
-0.044479061
-0.019480901
-0.067220323
-0.067532912
-0.047587737
0.058760092
-0.052351415
0.060565531
-0.030670999
0.022610852
0.074879408
0.025378553
-0.086884454
-0.017355727
-0.02951353
-0.044769831
0.01344965
-0.077317074
0.02764356
0.0078500966
-0.026501516
0.0099166948
0.063563809
-0.055949327
0.037291851
0.020204408
-0.043840691
-0.0024152433
-0.051707257
-0.022696348
0.0075435797
0.0047190837
-0.052380778
-0.07615453
-0.04543848
-0.0067222868
-0.24710402
-0.042532831
-0.010657511
0.012051366
0.01390959
0.067597903
0.030239442
0.056922007
0.0053455341
0.010089787
-0.048640169
-0.0027789793
0.071412183
0.043083437
-0.024259735
-0.14495552
-0.038154941
0.072158642
-0.04652825
-0.039858006
-0.083456129
-0.060883172
0.04791538
-0.025725707
-0.049357742
-0.072402626
-0.041611798
0.012189677
-0.10240739
0.046242721
-0.09284585
-0.0078910217
0.071053855
-0.090345666
-0.061765589
-0.018899815
-0.018023223
0.0010795299
-0.012155969
-0.084588982
-0.072067887
0.025154233
-0.032519892
0.01105493
-0.087027736
-0.027964203
0.063198924
0.029853676
0.071291097
0.03139073
0.0085756676
0.052800033
-0.051157519
-0.036509309
0.026279589
-0.073550895
-0.03036461
0.0062561263
0.062346742
-0.16623142
-0.025714705
0.039259937
0.0073688282
-0.10509379
0.074136831
-0.049245004
-0.115055
-0.0033012896
-0.0059356648
0.053138129
0.07346613
-0.07081759
-0.068158239
-0.012027411
0.030918071
-0.024756875
-0.051943224
-0.070912957
0.084509149
-0.039582022
0.11017653
0.049996059
0.014772773
0.056682102
-0.054611195
0.11079311
-0.11085575
0.057360087
-0.024077561
0.022710731
0.082920954
-0.012332106
-0.022637144
0.0074537932
0.09835311
0.043306824
0.020337183
0.064768478
0.016627517
-0.0069723721
0.056444816
0.036885161
0.056674778
0.038008478
-0.071294956
-0.070559606
0.048418161
0.025712548
-0.032574452
0.037466776
0.052954171
0.0086692553
0.026941514
0.02026936
0.096454769
0.0055404827
0.042229529
-0.079362184
0.076597273
0.059779398
0.0051222239
0.061452981
-0.042128578
0.056067806
-0.13862303
-0.003848999
0.039981835
0.020844251
-0.1127455
0.0055320221
-0.12156712
0.04613068
0.057618313
-0.1327652
-0.067473643
-0.053855404
-0.028860945
0.030862683
0.025903512
0.047258891
-0.033267509
0.028971646
0.021849321
-0.024325216
0.0024758424
0.019822087
0.044481993
0.085926794
0.062733166
-0.011536011
0.095475323
-0.055505835
-0.020235173
-0.0071685701
-0.025708133
-0.13234882
-0.048152205
0.02281131
0.045967609
-0.049599446
0.081918783
0.043122284
0.031615626
-0.051022105
-0.037359826
0.0041625947
-0.030727277
0.047912095
0.05022224
0.017607603
0.0097942408
0.10841063
-0.13267674
-0.043279998
-0.12029607
-0.033145435
0.069214761
0.032465443
-0.016517896
-0.14912245
0.039801821
-0.092535444
0.073768288
-0.10812264
-0.023533164
0.02064934
-0.05481771
0.0061663208
-0.02989574
-0.0080266381
0.047920011
-0.03899584
0.00084182894
-0.13880333
-0.1143511
-0.041805457
0.0065844734
-0.066935234
-0.039155427
0.0026315516
0.013723847
0.016908983
0.0011781076
0.065122597
0.017920677
-0.055990599
0.020836368
-0.048470806
-0.04296343
-0.20516495
-0.099361084
-0.014354844
0.050190922
0.0075775557
-0.0057699741
-0.040089246
-0.043779451
0.014480514
-0.18839867
0.089964755
0.10926243
0.081394121
0.029362818
0.047632135
0.026145678
0.062583961
-0.027444094
-0.12685913
0.033138894
-0.038103499
0.054939616
-0.069029003
0.0076222005
0.081377111
0.078509651
-0.031296927
0.058568846
-0.027068738
-0.016019488
-0.049638361
-0.027111607
-0.034288906
0.061625581
0.071041942
0.02349652
0.034120899
-0.053327136
-0.06584385
-0.0072009075
0.0058671986
0.027575441
0.11713355
0.033302974
-0.026313143
-0.026619865
0.0078883851
0.022304084
0.050582111
0.072385348
-0.091153763
-0.021591866
0.047913171
0.077846542
0.049357869
0.12623432
0.066309758
-0.052427564
-0.044950716
-0.13645539
0.047457453
-0.021941025
-0.055978809
-0.0088937655
0.023304041
-0.040856563
-0.013934013
0.0014953263
0.027212629
0.029061414
-0.030870864
-0.022676086
0.063146167
0.073497996
0.031824943
-0.12629631
0.025100842
0.016924534
0.048493952
0.0089423899
0.042958464
0.0090477103
0.021686275
0.13520862
0.05000874
0.012582588
-0.011680863
-0.1528811
-0.0027850312
-0.043516897
-0.046344616
0.061835106
0.022896044
0.076805569
0.065978795
-0.073555656
0.034152567
-0.020806234
0.04648298
0.016470645
0.043685574
-0.037749827
-0.07685829
-0.085937314
0.059005164
-0.04346836
-0.033764485
-0.12292327
0.088481218
-0.063452519
-0.060797408
0.010099569
-0.0021087781
0.083597042
-0.010107212
-0.0066509997
0.036644641
-0.10841345
0.030008994
-0.018557867
-0.063307546
0.091557823
0.079652637
-0.03471604
0.046912424
0.081467882
-0.00011398718
0.0080693103
0.080405608
-0.060023822
-0.017670345
-0.073150143
-0.052337557
-0.067106292
0.013941525
0.019647682
-0.037108686
-0.053143963
-0.027349113
0.013021144
-0.050269395
-0.030656097
-0.01063839
-0.0041092569
-0.0036919606
-0.11684521
0.025924077
-0.038236674
0.02887442
0.0078870598
-0.018446634
-0.056973323
-0.049821936
-0.14323223
-0.021488458
-0.012425655
-0.0052810553
-0.0066843624
-0.062055431
0.0914694
-0.021535048
-0.001475613
0.11285374
0.077069536
-0.060114887
0.072342925
-0.0047762068
0.0070639211
0.022491384
-0.040554296
0.018649036
0.014973318
0.030452898
-0.031161757
0.030546475
0.060043499
-0.042466134
0.014671518
0.1122056
-0.0096482718
-0.025489923
-0.084276594
-0.11397695
0.072439216
0.0085640112
-0.009981568
-0.096403427
0.011286473
0.1357173
-0.027456373
-0.045715451
0.069888875
-0.02000856
0.0042892112
0.077194124
-0.041832797
0.062949523
0.042410392
-0.0091874525
-0.031033751
-0.083014444
0.01636578
-0.067506492
0.034520224
-0.031194033
-0.04456903
0.0013306588
-0.055869937
-0.0022525685
-0.087135129
0.034273449
-0.023816727
0.04547552
0.087930471
0.02566907
0.050293177
-0.051644504
-0.10448547
-0.012801629
-0.0038066707
0.042935364
0.026574051
0.10340273
-0.024755022
0.012100355
-0.069786273
-0.014046335
-0.040911533
0.0018187973
-0.01364079
-0.01001403
0.076266102
-0.002820658
-0.019535672
0.074471742
0.00033400123
-0.14430074
0.021889606
0.0081908302
0.10620458
-0.076207221
0.055391241
0.10782841
0.062987581
-0.0081927953
-0.077736393
-0.053179141
0.057270553
0.10474119
0.061047144
-0.030041344
-0.0098452363
0.0025205407
0.11167058
0.10585531
-0.074236147
0.053428326
-0.031348959
0.018663995
-0.0017885253
-0.015342356
0.015598319
-0.002941441
-0.02157259
0.015211695
0.0094254874
-0.044847131
0.0070208525
0.034206316
0.0002725173
0.13483407
-0.028720455
0.031348221
0.068314947
-0.042331923
-0.055772074
-0.064167723
0.017703388
0.019855676
-0.036661156
-0.1182865
0.069547907
-0.014914008
0.09944924
-0.046859287
1.5258209e-05
-0.04898715
0.012920291
-0.028957713
-0.054466065
0.0080578923
0.042571865
0.018358495
-0.10286048
-0.078826658
-0.0086190309
0.071540028
-0.12122
0.030847367
0.040330376
0.034955505
-0.17662549
0.051655523
-0.052034117
-0.12671739
0.013325431
-0.077709474
0.047324944
0.065478414
0.034798857
-0.017467359
0.064130254
-0.037932333
0.067274392
0.023453897
0.084758438
-0.016381089
-0.045440596
0.08241684
0.028060997
-0.1509176
-0.062965237
0.064508632
-0.025732042
0.033624981
0.053586785
-0.012254384
0.012669967
0.00062278804
0.064294308
-0.054095156
-0.049269337
-0.037951827
0.098811336
0.015557502
0.0073947357
-0.10153295
0.064718895
-0.029805925
0.025600417
0.045626279
-0.0082292138
-0.11545403
-0.074766956
-0.02272632
-0.051275622
0.038706407
-0.072068781
-0.036196835
0.039896615
0.043550435
0.054388147
-0.014236591
-0.016732123
-0.015015624
0.079700053
0.036725
0.041807823
0.049834032
-0.031861842
0.027513424
0.084093489
-0.011546658
0.075501569
0.021066004
-0.058203481
-0.013320987
-0.03982532
-0.00034185307
0.032238867
0.067509405
-0.012019561
-0.05036639
0.014113984
0.058068138
-0.10820948
-0.10916144
-0.027552553
0.053751573
0.036540326
-0.022345901
-0.055995528
-0.14417234
0.0069743451
0.13536565
0.0042189676
0.041863278
-0.087589204
0.040930215
-0.17754203
0.10717593
0.09461043
-0.080486707
0.096321635
0.10344404
0.017373193
-0.051954724
0.0687619
-0.051452205
-0.018934788
0.11644308
-0.053606991
-0.057302382
-0.021479728
-0.070605934
0.10123933
0.091070488
-0.09646865
-0.03075302
-0.12571159
-0.053342935
-0.053574242
-0.021447837
0.0033148965
-0.0067434465
0.014489473
0.058589458
-0.024908656
-0.071258515
0.086834528
0.0060649794
-0.013320101
0.055536468
-0.026235094
-0.014639995
0.0078591332
-0.054521017
-0.036732316
-0.078343913
0.0048413374
-0.060562052
0.03242128
0.057674188
0.028944563
0.070966087
0.0050516534
-0.034985315
-0.069681346
0.002667689
-0.013363197
0.037702959
-0.0182367
-0.0599976
0.011545209
-0.046975933
-0.020952066
0.046452701
0.042833552
-0.039346248
0.044598822
0.040591549
-0.0037228006
0.078642473
-0.047968097
0.028906435
0.094083034
0.04349773
-0.083405346
0.0065096263
-0.0091510154
0.058921501
0.0083743175
-0.03436017
0.0089756455
0.065036327
-0.019139953
-0.0077829659
-0.063927829
-0.02371452
-0.037368439
0.033546574
-0.022384195
0.053032853
0.029217707
0.038367752
-0.042757388
0.048344377
-0.054229025
-0.029580401
-0.058527466
-0.013308332
0.0084871808
0.076225005
0.014870672
0.0358757
0.092144765
-0.034944709
0.070728406
0.036205102
-0.016403971
0.068882443
-0.010366547
0.014239728
-0.001611668
0.0021405153
-0.045281079
0.017970428
0.041981895
-0.035356916
-0.060838252
-0.015391094
0.013091549
0.039639916
0.039539672
-0.05863652
-0.017494446
-0.090569086
0.028135478
-0.042754408
0.0097878696
-0.016538346
0.036087111
-0.067335308
0.025341412
-0.079654112
-0.035065822
0.064701393
-0.027802926
-0.015833836
0.0099480059
-0.041319922
0.013967581
0.074712671
-0.041184194
-0.013058026
0.05036974
0.044159342
-8.8133704e-05
0.072405063
0.03590776
-0.04464303
-0.039090972
0.020324226
-0.053527042
-0.069513112
-0.0098034479
-0.0032585862
0.065863617
-0.00024819939
-0.032106984