-0.095159128
-0.065110683
-0.0052951463
-0.0427684
-0.014529196
-0.097130321
-0.013905664
-0.099747799
0.01815949
-0.049840942
-0.035156555
0.017871657
-0.049717754
-0.080148228
0.04988537
0.081582122
-0.039670695
0.033321612
0.0097745629
0.09609551
-0.052752532
0.0016918301
-0.020254996
-0.10745528
-0.019619623
-0.0081145577
-0.06727881
-0.12792605
-0.012005779
-0.0024661953
0.06276653
0.050988462
-0.0047436021
0.048600994
-0.035184935
0.018884508
0.046306424
0.035585687
-0.11610362
-0.040711004
0.011950429
-0.13894917
0.015811095
-0.03299164
0.088561773
0.069301493
-0.016706254
-0.077656873
0.013446307
0.025741465
0.049859531
-0.038351033
0.043884736
-0.017394071
0.073738575
0.053308252
-0.079983167
0.031713735
-0.016450683
-0.060487449
0.068557814
0.053827174
-0.028896376
0.094421729
0.013188032
-0.14516608
-0.12504172
-0.023994585
0.058070675
0.05648933
-0.068320125
-0.012058699
0.0022851995
0.060582802
-0.12196235
-0.18351075
0.029234031
0.02276141
0.00058057084
-0.065679617
-0.079374231
-0.17104313
-0.032483336
-0.082316913
-0.004436458
0.08338093
0.0043996437
-0.054985672
-0.066001371
-0.054703083
0.018708233
-0.047032565
0.05672323
-0.079785816
0.020916864
-0.044369776
-0.0061457893
0.094690293
0.010276369
0.10009
0.085741423
0.013318395
-0.030063264
-0.051375236
-0.046908922
-0.088744611
-0.035247769
-0.10857393
0.027767086
-0.03194413
0.039853178
0.083648697
0.011149552
-0.066040814
0.057099517
0.061461627
0.039871681
0.07424926
0.017083859
0.049648397
-0.046319332
0.044681907
-0.051662773
-0.013232893
-0.0448763
0.0088490248
-0.090694197
0.043725248
-0.034120709
-0.048166353
-0.029554693
-0.015393041
-0.0058126724
0.011910988
-0.0054468527
-0.03868283
-0.050013687
-0.11872786
-0.095362157
0.083542489
-0.10477052
-0.0058252257
0.072834887
-0.083607361
-0.0061582015
-0.058613107
0.00079741998
-0.050234497
0.016757803
0.082008734
0.15178826
-0.024679406
0.0376084
0.032272827
-0.06930542
0.066162482
0.10326221
-0.051217657
0.025746556
0.066353396
0.034566421
-0.014679735
0.05327905
0.018375488
-0.10600555
0.043381862
-0.0054509202
-0.02260346
0.00029055116
0.057867266
-0.0069073024
0.085948363
-0.065183975
0.14467403
0.033026829
-0.075200275
-0.025043666
0.042526379
0.0030179559
-0.030643756
-0.030555835
-0.19116314
-0.099332683
-0.093211912
0.046805158
0.037216458
0.059594847
-0.02048797
-0.15285471
-0.047928195
0.025057804
0.054540861
0.058810055
-0.048585933
0.056852728
-0.12417994
-0.045858033
0.013224106
0.075501367
-0.021786176
-0.019141605
0.0079614362
-0.11337324
0.1371962
0.046519816
0.034928594
-0.00057713216
-0.027242929
-0.1020109
0.062236749
0.07634066
0.021991264
0.052373707
0.12799928
-0.11068742
0.057486158
-0.021552378
-0.10010649
0.065105073
0.074502468
-0.15112597
-0.070916355
0.037317503
-0.084959641
-0.022605224
0.057593845
-0.0085060848
-0.014664822
0.077906035
-0.02034357
0.061600376
-0.073189713
0.03430314
-0.012419954
-0.054065511
0.073360361
-0.00070191361
0.022786787
-0.033636801
0.065778151
0.085999191
-0.049723569
0.12587453
-0.032475639
0.015040434
-0.014192319
0.098932743
0.054523543
-0.086884379
0.01205673
0.10583147
-0.073735125
-0.026069084
-0.034497958
0.014292269
0.020009642
0.023838136
-0.01883994
-0.0064974073
-0.063558139
-0.002337419
0.047392629
0.090773411
0.076379359
-0.05901248
0.02416111
-0.0085078059
0.071849398
0.072747849
0.050453596
-0.041222502
-0.056349874
-0.0074392902
-0.085048057
-0.022675013
-0.026343472
-0.021977209
-0.052473031
0.02704378
-0.0084879035
0.011836859
0.053638391
0.072068967
0.023074135
-0.003739439
-0.17251247
-0.021505892
0.11823693
-0.026357021
0.056224674
-0.073701598
0.035802759
-0.071569815
-0.091754757
-0.0054433579
-0.043177433
0.052646875
0.0014040784
0.16008265
0.065258704
0.038559917
0.01179257
-0.14041589
0.05824355
0.076839074
-0.012701517
-0.0044151763
-0.031589121
-0.027528493
0.033798516
-0.029276321
0.077061437
0.059311572
-0.014910039
-0.010205087
-0.21284866
-0.031841926
0.093083136
-0.00035561837
0.02150709
0.10261046
-0.044426631
0.077747688
0.098073386
0.12365632
-0.031873401
0.041355453
0.080060713
0.043706834
-0.06575007
0.043298148
0.044366423
0.070619181
0.060955025
-0.0010460638
-0.0037041097
0.00062775577
-0.073069781
0.0062638563
0.045614
0.012971938
-0.094906114
0.0072872979
0.03311041
0.040112063
-0.00153725
0.0050282679
0.080352083
0.053459521
0.070335463
-0.006886845
0.062676109
-0.088024735
-0.065022565
0.052350022
-0.06726189
-0.10351643
0.07148283
-0.059426129
-0.10871189
0.15123069
0.065936089
-0.035133604
0.015452523
0.040656846
-0.032521997
0.047263179
-0.028763127
0.0041192998
0.006521496
-0.038626943
0.12969758
0.0711184
0.010911158
-0.097841956
-0.053554215
0.0084623564
-0.022016447
-0.01001927
-0.008805112
0.030148458
0.014963309
0.043724813
-0.087018616
-0.050679553
-0.011438286
0.01588917
-0.039204173
0.014809662
0.13888431
0.030596346
0.079904415
0.0028274842
-0.057131276
0.042332441
0.025158729
0.034307245
-0.10865057
0.025289591
0.008088435
0.036842685
-0.10634838
0.040984157
0.15643707
0.057998061
0.026343694
-0.032952208
-0.039068539
0.052650262
-0.13445845
0.018973552
-0.10540523
-0.08723098
0.05905031
0.063367061
-0.23336381
0.038071297
-0.034550708
0.15208706
-0.039159492
-0.13993597
0.01243877
-0.19030893
0.036230717
-0.026156854
0.0073379264
-0.031299122
-0.0023552682
-0.0087609785
-0.0093941446
0.042124122
0.00080058543
-0.12058066
-0.0080004809
0.076158278
-0.13876641
-0.11579478
0.10508142
-0.027202947
0.047496907
-0.14622377
0.073076047
0.047291141
0.068681709
0.1078463
-0.074734263
0.062395196
-0.0018709383
-0.056746673
-0.089381643
-0.11840502
-0.10712908
-0.087574504
0.082052603
-0.045156691
0.035915107
0.090704702
0.080197312
-0.011095419
0.028921111
-0.060173988
-0.025193088
0.013617131
0.094993681
0.016448909
-0.0097526973
-0.10395818
0.043776602
-0.088224947
0.026190529
0.080656126
0.16505283
-0.039581712
-0.068769805
0.0062164343
0.0060779899
0.072924607
0.0092046885
-0.035227429
-0.026430009
0.040650908
0.041392744
0.017111309
0.093049362
-0.09242776
-0.10635401
-0.053154025
0.007697084
-0.0055052945
0.021491153
0.032510951
-0.013601241
0.079790488
0.078835025
-0.04202611
-0.064453177
0.0025477442
0.0031659331
0.019492343
-0.069210969
0.1163986
-0.038711451
0.0039830287
0.021421246
0.025582669
0.076969005
0.029136535
0.012068026
-0.099983446
0.036965966
-0.17923278
0.062099759
-0.034604892
-0.025698716
-0.013221814
-0.24524766
0.011659112
0.051706836
-0.05691915
0.055024646
0.00028337823
-0.02781626
0.00015706735
-0.0099704154
-0.039961047
0.053673174
0.030250281
0.019546559
-0.14717166
-0.0069346973
0.049527884
-0.10538862
0.015096039
0.060421623
0.036126401
-0.010835199
0.065969653
0.048817594
0.0099991523
0.002007074
0.039561309
0.056644913
-0.049078628
0.0075436607
-0.033150867
-0.03874008
0.03339754
0.045820337
-0.032651853
-0.018979216
0.051050819
-0.014831204
0.058839649
0.0071465755
0.0044232197
0.029567093
-0.030720273
-0.042128269
-0.025007902
0.0037532956
-0.031461313
0.04189799
0.069875546
-0.0036640721
0.049008265
-0.035487831
-0.0020034376
-0.25688845
0.0030491352
-0.061069682
-0.12327066
0.018342832
0.085370421
-0.010988135
0.039243702
-0.0028849021
0.13316259
-0.0068358374
0.044516794
-0.028259469
0.070978202
-0.13087068
-0.024216259
0.046905503
0.067159377
0.0034245611
-0.040114362
-0.031857174
0.062339239
-0.01542329
0.12760955
0.090901807
0.020735659
0.038031399
0.11256524
0.02323197
0.070868544
0.0022930007
-0.070558667
-0.048386514
-0.027818223
-0.058668759
0.017793827
-0.011474428
0.096496224
-0.029058395
0.017786792
-0.022897029
0.093687445
-0.017941803
0.010398742
0.015030044
-0.011839516
-0.20150976
-0.062692456
-0.059320763
-0.056845896
-0.099732503
-0.016413102
-0.005526871
0.088313572
0.014796505
-0.014468408
0.059108559
0.013624371
0.078737892
-0.02416452
0.046678342
-0.067468457
-0.046534695
0.03496534
-0.006066062
0.084166884
-0.048671398
0.0045169606
0.06980601
0.0039740601
-0.02714565
0.03558385
0.033086039
0.069361605
0.0077960119
-0.097129494
0.031259954
0.026614739
-0.10109055
0.012163574
-0.003766366
-0.093188867
0.076175913
0.055366065
0.091358826
-0.015062028
0.041953951
-0.016842676
0.026749026
-0.070387408
0.079041459
-0.14273021
0.043235552
-0.098954573
-0.058803521
0.13235761
0.016754109
0.034808405
0.089273304
-0.010834623
-0.1098021
0.073414579
-0.043571189
0.09478879
-0.059853401
0.05730151
-0.039315715
-0.056132007
-0.091128044
0.067004085
0.042855967
-0.037132017
-0.17435698
0.0093215331
0.04131728
0.02422329
0.012122286
0.0066846199
-0.068995059
-0.02295945
-0.056718148
-0.11341806
-0.039988138
0.093137875
0.015141046
-0.1357462
0.085498087
-0.044846643
-0.0260695
0.024319338
-0.08937034
-0.0059770136
0.050470069
0.047742929
0.01013155
0.0054793293
-0.12047768
-0.089844145
0.061038237
-0.080048606
-0.19101112
0.11262087
-0.10673356
0.058173552
0.029567899
-0.0017571293
0.020973923
-0.010652113
-0.0099906893
-0.1167155
-0.13215552
-0.057943728
-0.060639717
-0.026138514
0.037234794
-0.057957917
-0.018049045
0.011698304
0.073493563
-0.14150099
0.042795446
0.056093797
-0.13872169
-0.077858567
0.030788448
0.075447187
0.040442996
0.015653824
-0.068262391
-0.032406457
0.01384254
-0.023402359
0.13013928
-0.015353376
-0.047291774
-0.0053085536
-0.065030888
0.0026315162
0.060584094
-0.042277459
-0.06336993
0.037163109
0.088123582
-0.08608216
-0.018513722
0.026965983
-0.064835221
-0.0040505375
-0.069027349
-0.029984457
-0.056805756
0.077088922
0.026840802
-0.011080156
-0.033448517
-0.061635427
-0.0036157237
-0.081327692
0.045126837
-0.030227667
-0.1048306
-0.055507645
-0.10004902
0.030939672
0.052509058
0.042126305
0.028634045
0.16121142
-0.0040433677
0.05726333
-0.024624122
0.055648699
0.021507142
0.083870552
0.10126101
0.065548994
-0.057247531
0.098959543
0.13940191
0.0017304749
-0.021201279
0.063206382
-0.040708106
-0.034134474
0.11467823
-0.10178427
0.060982801
-0.0051179221
0.066781618
-0.05270021
0.027709637
0.047173094
-0.0095223105
0.021532807
0.0010298101
0.022660492
-0.091866836
-0.0076941778
0.008574469
-0.1014984
-0.068898417
-0.048000574
-0.053962
-0.012147302
0.060022678
0.095531091
-0.14205141
-0.081613228
-0.084422939
0.026642734
-0.023103036
0.01899494
-0.034700263
0.018089727
-0.1068853
-0.032508533
-0.058114141
0.014002173
-0.021312777
0.074445873
-0.042418126
0.086761534
0.020127282
0.01100814
0.060396247
-0.004644454
0.0028833996
0.10824244
0.023748068
0.013965496
-0.093129285
-0.042469077
-0.055829372
0.068983018
0.037176277
-0.022340104
-0.026644748
0.038193315
0.039013844
-0.07641156
-0.1405426
-0.062922381
-0.053862855
-0.011591515
-0.080569446
0.054168314
0.045896158
0.00075921265
-0.048563052
-0.041705169
0.019576872
-0.022778714
-0.092216864
0.076467484
0.066206075
-0.0018569302
0.054233283
-0.070556208
-0.088981085
-0.066566341
-0.033066798
0.075409725
0.013423991
0.027006943
-0.054965075
-0.21341971
-0.019419735
-0.028636986
-0.0201557
0.032935049
-0.059911605
0.019325498
-0.013904986
0.0021571452
-0.0068868268
-0.037826378
-0.074358195
-0.051558007
-0.013553823
-0.043626312
0.040505737
-0.015741212
-0.040926207
-0.14766487
-0.080271125
-0.065113328
-0.11860859
0.092828289
-0.063692361
0.091373667
-0.080414891
0.036123186
0.018772731
-0.061159465
0.051072709
0.056932531
0.029729484
0.007587811
-0.10203351
0.0016328185
-0.001478495
-0.03679274
-0.090703547
-0.0041319574
-0.0076648938
0.071207091
-0.013469559
-0.040319744
0.037011091
0.043613747
0.06877885
-0.059058022
-0.050757419
0.0052655274
0.042905033
0.0095509281
0.078826882
0.06645716
0.0097870333
0.058784746
0.0068432931
0.050590109
0.0038000192
0.029900238
0.046655685
0.066861652
0.034736451
0.014836593
0.046153728
-0.037517603
0.082088992
0.073891923
-0.022932511
-0.078466825
-0.087962434
0.0041242591
-0.057520412
0.07445696
0.035274133
0.092853121
0.019985845
0.01868541
-0.057979498
-0.041929331
0.012911182
0.019010652
0.071889706
0.062532574
-0.088715248
0.017611353
-0.020130208
-0.042161103
0.034107827
0.020420777
-0.033595696
-0.0044975011
-0.015519513
-0.0049231625
0.045846671
0.082372069
0.041209776
0.0047862804
-0.020497795
-0.019477053
0.10603116
0.098465361
0.04530568
0.0949331
-0.053329214
0.029182943
0.01623271
0.042300574
0.037773483
0.030408902
0.011894275
-0.15552585
-0.036239393
-0.010225293
-0.10382917
-0.092055172
-0.037876155
-0.12359999
0.013398272
-0.052344654
0.028733516
0.03576057
0.020591933
-0.043367594
0.033854503
0.025287723
0.048293643
0.051648416
0.075385123
0.02704159
-0.023771588
-0.020608794
0.026098559
0.03907321
-0.041370891
0.0095319292
-0.021669574
0.0010282621
-0.02535468
0.06531176
0.071234621
-0.066807628
-0.07854794
0.033877224
-0.012635807
-0.1305944
-0.068728
-0.077654935
0.015138859
-0.027401792
-0.099082157
0.041805796
-0.018763596
-0.063207567
0.031671107
0.057434417
-0.029754173
0.12289272
-0.1121347
0.097225308
-0.03197068
-0.1368334
-0.034008276
-0.013324357
0.025118746
-0.060154691
0.031468563
-0.007525079
-0.067134604
0.041112356
-0.065410115
-0.03009874
-0.048651103
-0.043415025
0.036763828
0.11845581
0.017395198
-0.04060106
0.096763998
0.018281126
-0.076246761
0.07842835
0.083615854
0.072277777
0.003953578
0.066713378
0.0092739565
-0.15896684
0.038027022
-0.0063509406
0.19789618
-0.23406306
-0.2905505
-0.038016263
-0.014904979
-0.10364376
-0.11110473
-0.034298468
-0.1236337
-0.036968451
-0.079932235
0.10444193
-0.019300617
-0.042486802
-0.070627421
-0.044378217
-0.15771244
0.08788719
0.051139332
0.053537108
-0.089954838
0.024570521
0.069006428
-0.19727443
0.016747253
-0.11252107
0.13546361
0.034762051
-0.16716528
-0.044520915
-0.0076178024
0.11777525
-0.062330849
0.13010052
-0.0043319566
-0.029040437
-0.011327651
0.0018339691
-0.054540571
-0.21258266
0.035370525
-0.019076202
-0.17142792
-0.093865812
-0.11030314
0.11624855
-0.094441041
-0.079025596
0.17797786
-0.10910396
-0.15637878
-0.058039166
-0.02979948
0.071056768
0.023949934
-0.015145767
-0.036938448
0.05872868
-0.049523998
0.074947298
0.031019099
-0.088506937
0.14494303
0.19516602
0.0021526448
0.13648182
-0.17023911
0.0095464922
-0.0034706548
-0.018516699
-0.081583403
-0.080557816
-0.075458884
0.037666216
0.13235988
0.11180475
0.017963689
0.076951534
-0.10145403
-0.053754106
-0.056312867
0.10791166
-0.022293607
0.022702087
-0.020464007
-0.0068857465
-0.044303276
-0.098202489
0.052185614
-0.097591259
0.015007681
-0.052476335
-0.048301492
0.053753726
-0.049667776
-0.09460099
-0.030203434
-0.035123348
0.0061192075
-0.042212922
-0.017999213
0.08137162
0.051814143
-0.11330528
0.018896846
0.023139091
-0.12578242
0.043411128
-0.11547213
0.0064387377
-0.033088375
-0.066908576
-0.0077824155
-0.0071095247
0.0098893596
-0.0060202219
0.09184809
0.17590806
-0.00033535025
0.043126617
0.075213127
0.0054626204
-0.0035293458
-0.024329126
0.012634547
0.11491457
0.0048969141
0.0073539503
-0.018482111
-0.03798338
0.0096050147
0.065111831
0.060675655
-0.1005263
-0.039943311
-0.045971077
-0.027147535
-0.10046307
0.09373343
-0.040650904
-0.14354403
-0.048087943
0.10834999
0.057053987
0.03802523
0.07109803
0.017891046
-0.1980558
0.054311603
0.045573562
0.070773169
-0.089103378
-0.073816657
0.080615267
-0.031368081
0.036951505
-0.11861707
-0.0610919
-0.014144126
-0.029778462
0.0087455455
0.043288875
-0.042042907
-0.062025983
0.10748187
-0.14634337
0.033499263
-0.085768543
-0.13723668
0.10203775
0.083596043
-0.051919371
-0.018113472
0.042025097
0.012213965
-0.042925138
0.091774888
-0.075881638
-0.062482197
0.017016912
-0.061456874
0.061392508
-0.18865533
0.028743265
-0.062294591
-0.081123374
-0.086627215
0.043390784
0.064842179
0.037246954
0.011651423
0.040048391
-0.039556418
0.087567814
0.024257723
0.04854764
-0.0027227735
-0.081101559
0.018767569
-0.022332247
-0.04431932
-0.05248294
0.001979593
-0.10034085
0.080875278
-0.0026672019
0.040031847
0.086694017
0.039417259
-0.0015549957
-0.02678784
0.035374571
0.028857183
0.00075361505
0.098638132
-0.02402221
0.014020996
-0.00030175166
-0.13447578
0.077093683
-0.0063055418
0.011008012
0.14882457
-0.054726124
-0.0041618501
0.021517927
0.081679381
0.018694991
0.0580431
0.020496592
0.0052463179
0.025982721
-0.10197344
-0.01672644
0.026553405
0.18182564
-0.0017143671
0.044681337
-0.038016703
0.043120611
0.014948311
-0.053895459
-0.10296229
0.010774332
-0.059074163
-0.027113156
-0.023217253
-0.095180199
-0.022557253
-0.051996429
-0.021012278
0.0097662499
-0.10997874
-0.045703162
0.041056
0.032615278
-0.070546992
0.032655161
0.10339513
-0.0073126019
0.11973605
-0.060597934
-0.019476805
-0.026100934
0.034375817
0.023546895
0.020428447
0.033490498
-0.014456633
-0.029461121
-0.013830639
-0.014477856
-0.054080971
0.034640901
-0.089284956
0.017033679
0.082903892
-0.039558586
-0.12350257
0.014838619
-0.047788471
0.12921989
0.043849222
-0.026674021
-0.046203863
0.019949649
0.049225152
-0.0059199682
-0.19552545
0.045694992
-0.23471235
0.076630756
0.0046664723
0.046011936
0.014782041
0.038985096
-0.015167465
0.013618255
0.054457966
0.037318509
-0.082493953
0.048791483
-0.056246821
0.12629062
0.0386477
0.034821209
-0.018310109
-0.092373155
0.026402526
-0.0468219
0.022833174
0.047655832
0.0058919527
0.11729954
-0.0071754046
-0.19752435
-0.0086894566
0.10692503
0.083421983
-0.052175704
0.053371977
-0.052978083
0.034907423
0.025132531
0.11062049
0.064222597
0.09654095
-0.02792855
0.086045116
0.035129886
-0.024951834
0.018443434
0.10309555
-0.0025739437
0.042108171
0.016272444
-0.098476179
0.012637078
0.13991426
0.013252488
-0.0246817
0.0078880778
-0.040824052
0.014598857
0.12474037
-0.055269796
0.09425927
-0.68788129
0.031962384
0.058852173
0.02456829
-0.053002577
-0.097022571
-0.043654449
0.032983597
-0.013215356
0.013136977
-0.097261667
-0.024182709
-0.022159606
-0.13478234
0.070944093
-0.094161689
-0.017943662
-0.052579466
0.12451211
-0.03474002
0.012002313
-0.081196062
0.0059200241
-0.046597913
0.062985383
-0.077114634
-0.064259171
-0.014122167
0.030559067
-0.0061447215
0.043550946
-0.023425255
0.074732222
-0.042261768
-0.048677944
0.03941036
0.012838197
-0.097118363
-0.030027147
-0.083088033
0.019628329
-0.038163166
-0.17750899
-0.047609463
0.052387141
0.11665435
-0.051168136
0.025630182
-0.047681496
-0.13897909
-0.021983076
0.084699079
-0.019091027
-0.0036321513
0.0086685987
-0.069369189
-0.035896137
-0.037560638
-0.0080946777
-0.00081298494
0.029240167
0.022584969
-0.022578511
0.06882441
0.016113598
-0.010247974
-0.004083043
-0.054426689
0.058740094
-0.06395606
0.026860047
0.082582057
-0.0023795455
0.075565234
-0.3034724
0.009537614
0.033132032
-0.042482059
0.03556839
0.0076577598
-0.010501739
0.063598238
0.027622061
0.024750473
-0.056996763
-0.0056312806
-0.00054388214
0.047334768
0.0234221
0.0027477217
0.1077038
-0.0011242537
0.00066179817
-0.067853816
-0.059718121
-0.072237946
-0.048032481
0.024844844
0.055162281
0.010592123
-0.012282399
0.0062845517
0.007879083
-0.027028788
-0.016103387
-0.0065897871
-0.02215405
-0.036050852
-0.0025390531
0.038267162
0.05435415
-0.045017395
-0.057815704
0.0016991855
0.0090836063
-0.037878204
0.043489583
-0.0080801658
-0.055339549
0.027359027
0.011995563
-0.018408326
-0.031072414
-0.020828757
0.032959599
0.09480235
-0.10843115
0.039862875
-0.060797282
0.096916884
-0.076397106
0.057775751
-0.086629853
0.024373006
-0.13428351
-0.063615516
0.10685522
-0.098341785
-0.085690685
-0.047036882
0.012900526
-0.023904622
0.066473179
0.017450033
-0.040079542
0.19635577
0.036609009
-0.016543973
-0.013708194
0.014692208
0.010539098
-0.017666053
0.013492012
-0.1664893
-0.1515063
-0.18141149
-0.042774267
0.013334135
0.15469922
-0.036114831
-0.048119638
0.070337199
0.007087755
0.028702626
0.10253729
0.036302712
-0.11208363
-0.052661933
-0.098350413
-0.027449295
0.013446787
-0.016802678
0.00069495064
-0.14865364
0.1467458
-0.054013602
0.0019111072
0.11194633
0.095695861
-0.044194359
0.082638554
-0.058438942
0.040847462
-0.089232631
0.024863871
-0.14072324
-0.012446907
-0.013683448
0.13171865
0.0086714923
-0.058173951
0.038206052
0.011217954
0.13901164
-0.050828859
-0.049643721
0.0055205114
0.080450431
0.015030771
0.051891267
-0.032399926
-0.044790193
-0.059108786
0.022686455
0.09922494
0.035528511
0.085285947
-0.10583103
-0.12091002
-0.048441984
0.040541973
0.03496417
-0.047861431
-0.0071501727
0.18487421
0.0056479871
0.12273216
-0.16778591
0.071803749
0.036593739
0.0061328509
0.22951511
-0.052377436
0.14105348
0.11110052
-0.060703032
-0.1340149
-0.064122096
-0.039286464
0.10040513
-0.097011417
0.051897109
-0.085240223
-0.019386442
0.057235125
0.028710563
-0.055446506
0.045728866
0.029307129
0.033709057
-0.070079632
-0.031833477
0.036334388
-0.016924949
-0.15258341
-0.054911684
-0.076741457
-0.047768369
0.03830165
0.041350383
0.07418061
-0.15800448
0.0033480539
-0.15138218
-0.084593073
0.080530606
0.12464455
-0.040204607
0.007857997
0.016226005
0.051732868
0.075227246
0.031254273
-0.044719577
-0.0020681391
0.042796191
0.04787986
-0.020785736
0.021090308
-0.066907555
-0.009489011
0.013644438
-0.056519926
0.036475264
0.005677023
-0.066984773
-0.024864601
-0.035216812
-0.02168378
0.028419722
0.00043334288
0.058381822
0.068732351
-0.0297067
0.033164565
0.015772805
-0.062662773
-0.058731917
-0.018275183
0.017710488
-0.077877887
0.022800896
0.011945985
-0.0017843511
-0.013253828
-0.030757897
-0.084028907
-0.033910722
0.01937614
-0.028253037
0.05525123
0.032810446
0.078742906
-0.038197313
-0.027346214
0.10089844
0.057062622
0.030664483
0.047991604
-0.048249941
0.048224293
-0.0014427821
0.11415383
-0.082026795
0.0082235076
-0.018964369
0.0073852586
-0.029344179
0.0074463668
-0.082411826
-0.075554363
0.04746633
-0.016582824
-0.060412202
-0.037250035
-0.013305493
-0.0038604015
0.019677324
0.021264764
-0.091800645
0.083942764
0.048791368
-0.023999408
0.010221857
0.043400131
0.0013103515
-0.066679195
0.048078995
-4.3890053e-05
-0.0081887655
-0.042787701
0.044878319
0.051542848
0.026871877
-0.0067196391
0.057896413
-0.49089077
-0.00065086532
0.035685316
-0.073381834
0.015653873
0.067644373
-0.068784855
0.013662829
-0.088397451
-0.079486534
-0.0082050487
0.023490047
-0.030528113
-0.058482975
-0.043657348
0.083278276
-0.019060683
-0.025088031
0.036804192
-0.04579604
0.087740749
0.059987549
-0.0090527916
0.00054382399
0.080128662
-0.0079769306
0.020008221
-0.016423134
-0.013248467
-0.026017182
0.0048828088
-0.028758964
-0.023932161
0.035441834
0.025247052
0.047620602
-0.060445458
-0.12313794
-0.08412458
-0.0095650414
0.037155807
-0.072647907
0.06837035
-0.073776022
0.03105168
0.033678655
0.093428783
-0.10817829
0.0037521229
-0.016671997
0.072381899
0.021065373
0.065787837
-0.020994533
-0.060782764
0.054545723
-0.026705995
-0.004842055
-0.085357048
0.065700307
0.018978873
0.037868384
0.017695319
-0.042100709
0.085737683
0.0041033574
-0.069158286
-0.060669549
0.00031503849
0.05320048
0.043468677
0.023344703
0.040589511
0.075670369
0.01782392
-0.0061764116
-0.029068995
-0.0085481284
-0.014572045
0.018258817
-0.012067008
0.041899558
-0.14718698
-0.10907388
0.055410434
0.055250775
-0.012998484
-0.039468326
-0.054946873
-0.023117865
0.019243274
0.11730178
0.039578095
-0.0053202934
-0.0078141605
0.086875901
-0.13072801
0.10645255
0.001332226
0.0017271983
-0.096714526
0.043937512
0.062452395
-0.028144715
0.001885441
-0.12296209
-0.094805501
-0.0061721918
-0.034768991
-0.057492517
-0.048022915
0.075624406
-0.12510474
0.022277383
-0.06505964
-0.039565545
0.099062949
-0.0055956463
0.037333313
-0.016693968
-0.010066011
0.0014416096
-0.00049625686
0.058711912
-0.045272205
-0.21878557
0.030563224
-0.00014964587
0.005903448
-0.10504925
-0.040693432
-0.051497519
-0.042626712
0.043785889
0.12209483
0.012736515
-0.0074732709
-0.010951262
-0.022562463
-0.0028873386
-0.092825979
0.060852688
0.0061692987
0.018783495
-0.039932102
-0.029358318
0.037204616
-0.019556802
0.0082678413
-0.034497473
-0.012144296
0.07450638
-0.029185815
-0.042723142
-0.059578106
-0.072827011
0.0026707579
-0.01707172
0.00013588705
-0.00097364199
-0.082772501
-0.00056985888
0.053203486
-0.048294201
0.029480284
-0.049335372
-0.0043018856
-0.080024667
0.01268638
-0.23161878
-0.0026646259
-0.0063186642
0.01453761
0.022339089
0.043539636
0.072449572
0.039064918
0.023100665
-0.037363086
0.017518692
0.029762698
0.053456377
0.043246601
0.0079834703
-0.0028339631
0.056196619
-0.065468378
0.014353815
0.024934692
-0.044226911
-0.027314646
-0.033743154
-0.0079790857
0.0091664791
-0.056549352
0.042563636
-0.073553242
-0.064853653
0.055309728
0.080410726
0.099373609
0.059577573
0.050951436
0.013351131
0.010037958
0.037940226
0.0063072103
-0.073644504
0.012514692
0.028318392
-0.033748273
-0.02436183
0.08441665
-0.057672698
-0.0072848368
-0.045858368
-0.018834226
0.012665101
0.020440493
0.009245743
0.055283338
-0.31293315
0.13690268
0.024286458
-0.084953867
0.0016949627
-0.0082115363
0.034049869
0.066837594
0.066040404
0.13462889
0.034136623
-0.0083448943
-0.010216928
0.051505413
-0.038947731
0.10158367
-0.071546264
0.036461405
0.0055217613
0.064607129
-0.0060080229
-0.085264377
0.00061644329
0.18274181
0.0035275507
0.026932657
-0.013803284
0.10638573
-0.057423055
0.099579237
0.051861495
-0.0010499902
0.07695017
0.010645363
-0.016283985
0.036429923
-0.031139147
0.031444538
-0.050411265
0.0016157319
0.002256304
0.145647
0.036605537
0.033883158
-0.01372245
0.08006575
-0.22491287
0.041683305
0.071009167
0.058086108
0.043453678
1.0742528e-05
0.0019666147
0.08311563
0.072300121
0.091566786
-0.047920398
-0.015341109
0.069243066
-0.062336683
0.022625666
-0.00035276459
-0.031967863
0.021357488
0.008743654
0.018120315
0.025779285
-0.0099787116
0.063795142
-0.073631115
0.083802849
-0.064497866
0.040243905
-0.049192909
0.090172477
-0.060785487
0.065266877
-0.04429467
0.016706876
-0.074846916
-0.020625563
0.015725704
-0.071004465
-0.068526074
0.058275491
0.053777382
-0.21912837
0.0063870545
-0.048941623
0.027744865
-0.054719929
0.03805929
-0.10847194
-0.056709606
0.012289518
0.082360707
-0.062774204
-0.010973357
0.089061432
0.037567921
-0.064288259
0.079522334
-0.087754138
0.066723771
0.075868897
0.10135456
0.0083316909
0.023394704
0.047060139
-0.0077170804
0.0019429924
-0.0708398
-0.030167492
-0.089882597
0.093119763
-0.030456292
-0.053616833
0.020953057
0.033560567
-0.1086521
-0.095695756
-0.10110039
0.037856407
-0.079787374
0.09813758
-0.015914815
0.066660091
0.070836321
0.031106608
-0.03370798
0.00080405833
-0.046196144
0.052189421
-0.0063663423
-0.10154591
0.0054134084
0.062140301
0.010035294
0.046557881
0.13163145
0.016129829
0.04205605
0.06702815
0.037022911
-0.027057931
-0.065431803
-0.03497909
0.034628466
-0.037191585
0.029272594
-0.0098085711
0.052665427
-0.085672095
-0.057475686
0.015714781
0.01019164
0.082228571
0.042267013
-0.0038327181
0.090903409
-0.080838621
-0.034363475
0.0019881155
0.08241
0.040593065
-0.026835397
0.093130842
-0.035488747
-0.0054836329
0.045997217
-0.024662582
0.068598524
0.051575329
-0.051947333
-0.10822318
-0.025344649
-0.095508754
-0.010178597
-0.067840934
-0.038624059
0.022311836
-0.040934607
0.016207576
0.021267265
-0.085703611
0.010198681
0.0035302946
0.051707365
0.022747802
-0.036335271
-0.024629729
-0.021097885
-0.033306789
0.038539756
0.018266821
0.036512822
-0.033572789
0.065137453
-0.023963436
-0.01454552
-0.087738492
0.002029856
-0.00070970372
-0.025826627
0.075868495
0.04648041
-0.056018479
0.057783999
0.039143063
0.026487589
0.10360178
0.0077664019
0.051018767
-0.0041171247
-0.0080337478
-0.0270236
0.018086459
0.083146073
-0.016596034
0.012681601
-0.055044711
0.019176627
-0.016845644
0.013532511
-0.073099494
-0.014922227
-0.061978314
0.082606658
0.090575375
0.028152369
0.10391047
-0.02624337
-0.036179576
0.061870676
-0.10044958
-0.020781688
0.083604611
0.012576236
-0.07742206
0.0536162
0.016752293
0.050493382
0.039658945
-0.04205545
-0.01425882
0.10197927
0.03209104
-0.015082484
-0.034449555
0.06856513
0.051341482
-0.071588889
-0.028836852
0.088043682
-0.020596595
-0.16459951
0.042136818
0.044341415
-0.02770777
0.0072635757
-0.0082530277
-0.033018835
-0.056066372
0.049433455
-0.023749109
-0.27085346
0.10279544
0.0094744861
-0.029863073
-0.070937358
-0.13899088
-0.014195172
-0.078502707
0.07773032
0.018272765
0.067747705
0.036677442
-0.061701346
-0.016791636
-0.0047252364
0.0013753133
-0.0037069542
0.014125036
0.036273833
0.065042138
0.10450155
-0.028141327
-0.01530457
0.013062445
-0.0020935256
-0.013498796
0.04541992
0.0034943207
-0.027321903
-0.03590516
0.021477712
-0.0020975713
-0.22382066
0.02010284
-0.034303974
0.069761299
-0.02461531
0.071174912
-0.025426114
0.005339779
0.053412136
0.02930739
0.030692723
0.072240032
-0.18785973
-0.035276622
0.0077889087
-0.15230115
0.014656737
-0.05713588
-0.052609202
-0.053286672
-0.065540254
0.065502845
-0.026863255
-0.030538464
0.069656573
0.050271112
0.080818586
0.045161203
0.039912019
0.058704931
0.017791815
-0.021654967
-0.081393115
0.08902479
-0.016681185
-0.009708629
-0.04386403
-0.042140044
-0.032971077
0.10735957
-0.10230418
-0.024199108
-0.090577416
-0.024660923
-0.022101259
-0.049867284
0.023464667
0.068053328
-7.629874e-05
0.047136273
0.041896634
-0.030679014
-0.071330778
-0.015554393
0.10842135
-0.025059326
0.12050407
-0.033030856
-0.038489204
-0.082952052
0.014009306
0.024690505
0.0081204707
0.029904095
0.07780657
-0.0067235488
0.0055629243
-0.063088804
0.0024736195
-0.020650858
0.1045462
-0.10998445
0.0092939558
-0.092214018
-0.045011234
-0.016037388
-0.0021795619
0.14326605
-0.04342553
0.0923144
-0.026891004
0.062469579
-0.085147724
0.007784578
-0.10832613
-0.00013379652
0.090645052
0.027192222
0.016765947
-0.042042606
-0.054361165
0.023055699
-0.028837524
0.046012241
-0.021536861
0.04301995
0.035506371
-0.0060990369
-0.020031089
-0.020636814
0.10382856
-0.060942624
-0.020653181
0.074508764
-0.019244114
-0.031118872
0.075107932
-0.03146825
-0.064290375
0.063740879
0.025629213
0.099004909
-0.083885729
-0.06752523
0.055000335
-0.098603971
-0.04377291
-0.051261269
0.056899458
0.16802631
-0.0014943277
0.057888396
0.089551643
0.058335163
0.10367233
0.075625628
0.085110717
-0.19216205
0.033380903
0.059759375
0.05039065
0.071197271
0.044308301
-0.067034975
-0.033675577
-0.068691276
0.038456649
0.0073436629
-0.0042186035
0.019798394
-0.078236744
0.10333084
-0.087008178
0.025504833
-0.051641509
-0.038115241
-0.024860024
-0.025905691
0.09523087
-0.00032133656
0.057600722
-0.03738926
0.037749916
-0.078362651
0.056548417
0.046714026
0.070318617
-0.047139902
-0.067299269
0.0088691656
-0.011167697
-0.0041652261
-0.21007873
0.13532217
0.031380109
0.069477841
0.10411404
0.087125577
-0.020695822
-0.040886171
0.05408616
0.024090568
0.079669409
0.017930275
0.012172001
-0.026498258
-0.0006792022
-0.055910435
0.051613227
0.024867225
0.021812655
0.03309764
0.099400342
0.00088855531
-0.087887466
-0.00069721456
-0.016024509
0.012103979
-0.010963447
0.076745108
0.071561307
0.042108949
-0.05570038
0.010143505
-0.046945106
-0.0037664459
0.013940442
0.013109877
-0.15681845
0.087424979
0.068411037
0.18473352
0.062744334
0.045272645
0.012519177
-0.010140471
0.040365685
0.021371491
0.0036435488
0.036979999
0.056271132
0.07886067
-0.0039664083
0.072882794
-0.014707046
0.042178646
0.071931988
-0.022187259
0.017586378
-0.51594502
-0.0099976733
0.012273801
0.017353395
0.016634991
-0.057685912
0.016322875
-0.033242941
0.14114095
-0.054927845
0.043069787
0.0067391056
0.068712063
-0.031885363
-0.061020106
-0.030205719
-0.019312933
-0.02003756
0.015927287
0.059402194
0.090127215
0.093178228
-0.21220733
-0.089538798
-0.032015529
0.026703008
0.0095776133
0.043257184
0.052953389
-0.2419648
0.024984537
-0.0247337
0.074381761
-0.15502839
0.11986116
-0.051223692
0.050152127
0.057046119
0.089085653
0.043416556
0.015787352
0.13815603
0.038610701
-0.14292437
0.060587771
0.011471364
-0.090027831
-0.07051184
-0.034516484
-0.043980207
0.082142547
0.08158505
-0.00097569259
0.064617567
0.022793172
-0.020439096
0.055657461
0.080070235
0.063382953
-0.036033005
0.06726706
-0.06084802
0.1004779
-0.0089659262
0.051163003
0.048186559
0.073567823
0.10267824
0.098544046
0.0077859005
0.021283187
0.093503103
-0.02594449
0.078104049
-0.10647301
0.0081609963
0.043377429
-0.083610058
0.075143926
0.05694364
0.10949987
-0.091517322
0.079215899
0.032158121
-0.042787988
0.061401904
0.027315775
0.056548268
-0.10916626
0.021833962
-0.055874154
0.11202279
0.095577493
0.1209084
-0.026397109
0.06487897
0.052304253
-0.061574962
0.010109887
0.071101643
0.023150483
-0.019074358
-0.047311418
-0.11428882
0.022746816
0.041123509
0.099318951
0.06693323
0.010693459
-0.0069623385
-0.073650382
0.045705352
0.024671296
0.055263925
0.0027586699
-0.024794832
0.015898364
0.095208108
0.030379351
-0.015639655
-0.056662399
-0.044136912
0.0021865177
-0.071999952
0.054026406
0.003295836
-0.025815463
-0.029725675
0.039264396
-0.12934603
0.097413138
-0.0091053108
-0.069701664
-0.13235547
-0.038918588
0.12276417
-0.0099060303
0.0008341425
-0.13470498
-0.10023199
0.070689842
-0.082790904
0.023317104
-0.066980839
-0.0024758074
-0.086705677
0.063622333
-0.050725657
0.10355129
0.051310189
0.0081399372
0.0032429725
0.045377009
0.029478176
0.0096429931
-0.036477696
0.04991262
0.017020606
0.035516493
0.023966571
0.046283334
0.0089831855
0.057969574
0.045164414
-0.050474111
-0.084027812
0.068437576
0.11369242
-0.10537331
0.043223459
0.087147176
-0.059137236
-0.010295798
-0.020041021
0.011634848
-0.070689999
0.081287824
-0.098153852
-0.021174034
-0.0099732066
-0.04811281
0.019709565
-0.14679599
0.05334257
-0.00034666856
0.01906839
0.051708799
0.042939395
0.021643726
-0.0055842726
-0.032320771
-0.0068429476
-0.02775659
0.026291527
0.038054612
0.054755658
-0.073315918
0.0042284965
0.081599563
-0.024371531
0.017657449
-0.065963134
0.086520113
0.027227677
-0.21723491
-0.046936974
-0.021907821
-0.057125807
0.18423045
-0.11602329
-0.088270642
-0.097869463
-0.012081014
-0.014988132
0.14474352
-0.0079479907
-0.027122533
0.0010397848
0.047506418
-0.016141495
0.088552117
-0.11413953
-0.017185031
-0.068878628
0.04085838
-0.071454689
0.01355394
-0.20184618
-0.41711116
0.018770756
-0.023697279
0.0065447297
-0.0041791047
-0.042817824
-0.067203909
0.10760269
-0.073741876
0.04470183
0.036449611
-0.085607447
-0.14094509
-0.10688562
-0.074234888
0.0060176188
0.048297804
-0.042131796
0.030136617
0.063790202
0.00047192475
0.038741246
0.0094020497
0.03481273
0.020773873
0.028863905
-0.066542409
0.018251095
0.12214758
0.052666876
-0.10916369
-0.11046299
0.0048006005
-0.089741237
0.033714868
-0.054874808
-0.011136313
-0.055897817
0.04907202
-0.0028400181
-0.055914108
0.096889988
-0.033896159
0.086996123
0.010510041
-0.13898507
-0.049019478
-0.0048653856
0.080696695
-0.052853525
0.040310796
-0.045608778
0.051323153
0.012393365
-0.069579534
-0.0079655554
0.0013715037
-0.036999848
-0.085520096
0.055525612
0.10464825
0.073044665
-0.032354996
0.002541662
-0.084154442
0.051468015
0.015930763
-0.037655573
-0.017114135
0.013107478
-0.033403911
-0.063843191
-0.10120712
0.069905691
-0.056701958
0.097984448
-0.035225522
0.020215252
-0.095997907
-0.038280264
-0.045239814
0.089799285
0.0044826046
-0.026883902
0.062052097
0.029845612
-0.11548595
-0.10244545
-0.022507433
0.040198509
-0.026268888
0.0055562216
-0.10577168
-0.088476896
0.00047758949
-0.11204132
0.0052693575
0.032323036
-0.0007020224
0.065651089
0.023075245
-0.039429773
0.10721989
-0.036237851
-0.16058397
0.02683793
0.0041068555
-0.076695658
-0.079263568
-0.011830802
-0.098919354
-0.022972412
-0.016139645
0.041304309
0.012153249
0.081477486
-0.045020029
-0.018586315
0.018523905
0.03103115
0.078818955
0.081620559
-0.02897867
-0.087751776
0.064163044
-0.063171014
-0.16039193
-0.090679877
0.070448048
0.083769016
-0.055071954
-0.083621509
0.029046508
0.0013118021
0.014985226
0.026035666
0.072490893
-0.007654605
-0.11034542
0.074254431
0.04580145
-0.011938317
0.076359458
-0.051154755
-0.0066514108
-0.0049242838
0.13570455
-0.088066407
-0.17535999
-0.057310674
-0.017344737
-0.068356551
-0.086047888
0.015313349
0.035190139
-0.039180335
0.045006398
-0.066782579
-0.084139831
0.13121897
0.093838498
-0.023759112
0.031105237
-0.048240524
-0.0093329791
-0.1294197
-0.035884559
-0.045648374
-0.035467815
0.0052996785
-0.18546492
0.066483766
0.009199908
-0.096580625
0.042416289
0.0042301472
-0.035083801
-0.16767529
-0.077032551
0.013237434
-0.10116498
-0.031313945
0.042703591
0.047156788
-0.041493881
0.02711959
0.093560703
-0.016080922
0.028778963
-0.00065441831
-0.088977151
-0.044015795
-0.041446496
0.045790203
0.0013483058
0.032787852
-0.088429525
0.06272319
-0.12826225
0.051911809
-0.025250411
-0.0062510446
-0.020473404
-0.099199191
0.083410509
0.064427353
-0.082108863
0.030762503
-0.049679037
0.021141604
-0.065643333
-0.018278809
-0.089656226
0.052535139
0.071344085
0.060608976
-0.064995565
0.0037771096
-0.0066919499
0.046014622
-0.07483343
-0.1204385
-0.071952216
-0.031266149
-0.015787547
-0.10073379
0.024363616
-0.12125441
0.051395886
0.18532619
0.0028230518
0.06608595
0.0088279415
0.036199
0.051481031
-0.019489501
-0.13906506
0.0084769055
0.09884192
-0.054263555
-0.066583142
-0.014615396
0.10802829
0.046037812
0.18335016
0.0081033753
-0.016031289
0.010970511
0.13327952
-0.049314499
0.067794263
-0.045353368
-0.17455301
0.12506136
0.094221339
0.13405769
0.053474482
-0.028940447
0.063769057
0.077795848
0.052728016
-0.016546873
0.066643044
-0.13549781
-0.036703687
-0.030609114
0.074585184
-0.0098887132
-0.10589146
0.032006033
0.019432036
-0.013086796
0.036234744
-0.094416469
0.0032944349
0.090260379
-0.056583699
0.14269005
-0.00073884707
-0.029271299
0.042974576
0.12076849
0.046956245
-0.040134989
0.048833903
-0.10850655
0.0021037529
-0.14676514
0.053563058
-0.11607842
-0.015400589
-0.28278762
0.10947474
0.090847246
0.11223414
-0.02833809
0.026570434
0.049193759
0.042056594
0.00091377727
0.042060412
-0.11598586
0.13075922
0.0080572171
0.059103385
0.013132405
0.032074895
-0.00077868468
-0.090586871
-0.0056330166
-0.044444796
0.015274869
-0.070715807
0.0060108174
-0.036227349
0.068813607
-0.057605498
0.033464745
-0.083739489
0.06747593
-0.062987633
0.028246129
0.011910727
-0.023716046
-0.002834501
-0.066740803
0.01258518
0.12422822
-0.034701295
-0.070600167
0.0069729825
-0.048288409
0.11076315
-0.051694605
0.071868978
-0.038523853
-0.072933465
-0.061456546
-0.087143511
-0.034775183
0.01718737
-0.085320957
-0.00057467923
0.0070437468
-0.05063035
0.048692115
-0.018531948
0.11419744
-0.049049694
0.0025525643
0.017682945
0.096363187
0.11895653
0.010918092
-0.044440195
0.032150097
-0.12167857
0.00096249185
-0.09788952
0.054712091
-0.047702271
-0.044828456
0.028551815
0.0073813526
-0.011487038
0.080701806
0.026734052
-0.017925786
0.039280124
0.037984375
0.10126711
0.095644243
0.042127401
-0.099395551
0.029862441
0.023367556
-0.0034199865
0.034516796
-0.017728891
-0.083811671
0.071972862
-0.039221972
0.11497321
-0.082552224
-0.012654998
0.064904884
-0.021898953
0.025077708
0.18254243
0.0087869447
-0.00082976551
0.078852676
0.041457713
-0.047077768
0.0036477675
-0.07422708
0.027279435
0.082674429
-0.0055327835
-0.0057815523
-0.065797612
-0.0072164317
-0.00054456556
-0.064902343
0.057057105
2.9582297e-05
0.05257329
-0.1174821
-0.0063203271
-0.029942801
-0.0039454596
-0.090854317
0.021232473
0.035083666
-0.011496415
0.046390764
-0.10020147
0.053353753
-0.019468894
-0.020559605
0.0062724464
0.023683896
-0.068952858
-0.03795686
-0.038520336
0.019462842
0.022317015
-0.09173426
-0.04403241
-0.017216194
-0.00094840775
0.12810935
-0.0063978857
0.0054020882
0.0082767606
0.13850193
0.00089970673
0.11969871
-0.055274781
0.046851512
-0.041020952
-0.10227678
0.024236487
0.075250901
-0.027844232
0.020039612
0.043526586
-0.022761507
-0.027991848
0.10956231
0.04241588
-0.069536798
-0.051807072
-0.030310562
-0.050412007
0.03898545
0.024596494
0.039851595
-0.088632271
-0.060988307
0.12698807
-0.10789769
-0.023828441
0.034141686
-0.028125573
-0.032348342
0.014473113
0.04101051
-0.069516815
-0.017431866
0.11449629
0.035871431
-0.15523714
0.10829169
0.01055516
0.038815789
0.026313469
0.050943702
0.05707743
-0.054142732
0.063376315
-0.041951772
0.011112051
0.01228685
0.03316519
-0.079363853
-0.13358562
-0.0055858716
-0.0083676046
-0.063871875
-0.067095853
-0.0015213029
-0.10379362
-0.065242469
0.061388411
-0.033407718
0.051933754
-0.030311082
-0.063578531
-0.036884516
-0.09012188
0.0014188429
0.080909282
0.020945273
-0.055640399
-0.087088928
0.09616477
0.037228826
-0.066885792
-0.080673866
-0.059350844
-0.039450705
-0.0031484605
-0.012363899
0.019259375
-0.14339502
0.059006076
-0.10187684
-0.082974717
0.099702105
0.083416291
0.0094170049
-0.025138251
-0.084936544
0.056518573
-0.071586259
-0.15774553
0.026031369
0.050472241
0.059126064
0.047221739
-0.06016697
0.074240394
-0.035096578
-0.087235451
0.052497767
-0.0016479534
0.043291707
0.016092116
-0.022439755
0.03691351
-0.066576339
0.011416102
0.057636179
0.0021602493
-0.016340664
0.065678485
0.06491591
0.088077597
-0.0092316987
0.1000644
-0.014738527
-0.067686163
0.0020970542
-0.013640142
0.029379781
-0.071101248
-0.0043941867
0.022158911
0.014884505
-0.0097336965
0.077344134
0.080472149
-0.01724701
-0.039576922
0.0043792906
-0.095576264
0.078928925
-0.083743386
-0.061207697
0.032990471
0.042725362
0.034402151
-0.03320539
0.12011135
0.051947862
0.0038943482
0.083301358
-0.050790414
-0.12915123
0.011082619
0.029463364
-0.015117201
-0.058204867
-0.027989028
0.0079333913
0.0096412227
-0.08814235
-0.0059146225
-0.025759142
0.1038649
-0.0039807442
-0.058465097
0.018723164
0.1069748
-0.0658352
0.07268592
0.051671889
-0.018854085
0.0019914256
-0.0072198804
0.015119115
-0.14254268
-0.016618356
0.047726065
0.11207073
0.0080930851
0.11402601
0.091156587
0.016446143
-0.00017206595
-0.010355021
-0.20257463
0.059638172
-0.12377571
0.025051465
0.00071775808
0.036252208
0.0044134799
0.035573125
-0.0023680611
-0.090414464
0.053144503
-0.0014917121
0.086260162
-0.012396701
0.030202687
0.075321771
-0.0085432287
-0.026397573
0.10478488
0.034329861
-0.025934048
-0.052239683
-0.071309365
0.018938784
0.12261232
0.018376641
-0.02346972
-0.016335662
-0.030204261
0.093635008
-0.0081609748
-0.01828366
0.15305249
0.060088247
-0.081343494
0.0015726764
0.036224779
0.015750347
0.04103576
0.056625269
-0.013487879
0.012538296
-0.026029395
-0.038155001
-0.044768903
0.010903813
0.03136361
0.033259161
-0.076321617
-0.03038292
0.073078498
-0.047068991
-0.063893639
0.039549336
-0.020965319
-0.23661038
-0.028805507
0.0017618659
-0.035981949
-0.03346118
-0.048850648
0.16133089
0.017679028
0.028514516
-0.08879327
-0.072181687
-0.12996522
-0.088077329
-0.11650597
0.074827127
-0.025356188
0.067704454
0.058564201
0.01937867
-0.022976555
0.057003956
-0.016079456
0.01213096
-0.05812208
0.14630425
0.09848766
0.056073152
0.04636009
-0.066674486
-0.00031986678
0.085588373
0.049852788
-0.053476278
0.018045915
0.055136874
-0.034290459
0.059556104
0.022847299
-0.008390693
-0.011776843
0.061147496
0.0013401111
-0.056792244
-0.062372122
-0.0017483513
-0.071494132
-0.042099934
-0.028283438
0.051146362
0.18956235
0.011456346
-0.023075573
-0.012264211
-0.019578217
-0.040310849
-0.016701197
-0.0046747015
-0.013915934
-0.013285243
-0.018290166
-0.051420942
-0.028345844
0.071888074
0.025178879
0.095998973
-0.018859476
0.0041779447
0.038538456
0.016229715
-0.027192127
0.1684112
-0.033348754
0.073025487
0.024277812
-0.031067444
-0.088401355
0.063148409
-0.043372504
-0.006792217
0.015554082
0.17333964
0.073562816
-0.01458458
0.047770388
-0.052003052
0.0029555629
0.044188667
0.016214795
-0.30527267
-0.070523515
0.02697739
-0.046664514
-0.014299371
-0.076465338
-0.03407542
-0.083188958
-0.020852832
0.003170342
-0.0058090533
-0.11206564
0.036200944
0.0098734163
0.016522167
0.015168035
0.0085289367
0.049379103
0.016015686
-0.020798683
-0.04703043
-0.0030013327
-0.044486426
-0.029739285
0.028471306
-0.044446751
0.067568563
0.0087241251
0.052984837
0.029767025
0.025988027
0.090078264
0.013747937
0.015423795
-0.0051119588
-0.042076349
0.043774594
-0.092176199
0.057931557
0.017045954
-0.041751485
0.01915051
0.018737426
-0.0057963957
0.02037924
-0.20042425
-0.01110307
-0.0053842701
-0.047030196
0.026981443
-0.10061078
0.073943689
-0.031788792
0.078445807
-0.017257197
-0.045007076
0.07003361
-0.040592816
-0.053566575
-0.13153273
0.006903586
-0.0074750474
0.028545689
0.0011613256
0.022233685
-0.10446332
0.064210162
-0.054332834
0.0050483448
-0.020041397
0.024379779
0.036403432
-0.3741532
-0.023106806
-0.025432535
0.048356183
-0.092863314
-0.033029888
0.054523654
-0.081681535
-0.033630557
-0.042532388
0.0082678422
0.023887511
0.09536507
0.043159042
-0.057360135
-0.025006171
-0.011861012
0.04897112
-0.03714605
0.0064181047
0.10209462
0.022070115
0.003970691
-0.043950595
-8.7503198e-05
0.073261075
-0.074983932
0.012409838
0.010088577
-0.024645286
-0.0080141351
0.017601348
0.026283847
0.0073686978
0.064648204
0.043599498
-0.032719035
-0.10904044
0.11187106
-0.055616334
0.0032083963
-0.014124773
0.057891082
-0.1228402
-0.12091322
0.053341903
0.053468678
-0.12738465
-0.066483185
0.0051889797
-0.05462091
-0.044530448
-0.10669366
0.035292901
-0.030144779
-0.041889057
-0.061891507
0.074627213
0.067223534
0.093439303
-0.038350653
0.031508595
-0.084870204
-0.05561373
-0.033607479
0.1106644
-0.011811039
0.08238972
-0.037788291
0.022772206
0.021033239
0.036595009
-0.0053407326
0.038130399
-0.16300674
0.028831836
0.0052350392
0.041025091
0.038348936
0.063714735
-0.02426842
-0.10626412
0.0097450409
-0.14582962
0.052298728
0.044193834
-0.065547012
-0.047328684
0.035107441
0.0033073097
0.012284297
-0.045300547
0.034852963
-0.060259935
0.016425492
0.0021788145
-0.012232106
0.0044795633
-0.072121143
0.019482054
0.063434139
-0.045230612
0.097024627
0.065385573
-0.083886139
0.055410467
-0.16037938
0.016620189
0.03624348
-0.020590326
0.088686444
0.031971294
0.096236654
-0.013172921
-0.093703471
0.010459106
0.036202803
-0.055341553
0.020713704
-0.0057271942
-0.017716238
-0.053692631
0.0080560995
0.01534088
0.034631722
-0.087990664
-0.026091637
-0.00066930288
-0.044599555
-0.050217453
-0.078253016
0.018776072
-0.06534151
-0.1317703
0.037213463
0.10267032
-0.14466974
0.060209472
0.074020416
0.0035758088
0.064354375
0.057232402
-0.15362495
0.014689109
0.022128232
-0.0063866223
-0.00080513617
-0.00035923676
0.029935805
0.0024840797
0.028526021
0.028628055
-0.098164298
0.020627247
-0.0075928709
-0.036190085
0.025124537
-0.035996392
-0.031733796
-0.021570025
0.031423803
-0.10759621
0.12734635
-0.056822505
-0.016396053
-0.086626902
0.060545456
-0.078680366
-0.055944402
0.0022576274
0.12952992
-0.15447778
0.068126246
0.035395067
0.028872142
-0.091548383
-0.027939366
0.039754797
-0.001156337
0.10053062
-0.012568684
0.14088874
-0.040674884
0.073159277
0.0033303436
-0.013107467
-0.052834872
0.047476847
0.026340663
0.093703613
-0.22312988
-0.047123626
-0.02248087
-0.077370368
0.032632891
0.0022404776
0.12187953
0.013890426
-0.089443408
0.088430807
-0.16879892
0.070778303
-0.016627526
-0.064263724
0.10287417
-0.18101007
0.050494641
-0.020202557
0.045019671
-0.12647617
0.042683862
-0.095700756
0.074208178
0.1009912
-0.056496643
-0.12016146
0.048598517
0.027394682
0.080583647
0.024074113
0.072694458
0.066614009
-0.0055780569
0.05782526
-0.10922579
0.046195038
-0.071218021
0.010405246
-0.13655522
-0.022839341
-0.023700947
0.079921067
-0.046418648
-0.030980188
0.16466925
0.064478271
-0.11032488
-0.00078108354
0.040339854
0.082413509
0.00809885
-0.1332081
-0.028581295
0.0068656132
0.052940119
0.077192187
0.13250339
-0.044427089
0.028628206
-0.067346193
-0.018881066
-0.10939923
-0.089924909
0.016673461
0.063015766
-0.076797605
0.0025856628
-0.05334628
0.11986067
0.13386598
0.08106444
-0.080891423
0.081670962
-0.036353868
-0.10220698
-0.030463291
-0.032127287
-0.0065546548
0.0038298038
-0.025455127
0.12363375
0.012278356
0.050473377
0.030582773
-0.0088215936
0.11328951
-0.037463058
-0.060171243
-0.071680859
-0.0054379264
-0.097356223
-0.052304018
-0.022892918
0.04245552
0.022804338
-0.041287754
0.018524654
-0.073203132
0.059616521
-0.029857878
0.047656562
-0.0067405505
0.10847732
-0.048257396
0.043746859
0.0014280688
0.012417649
0.038763098
0.058088541
0.066121817
-0.041836683
0.068560764
0.10383859
0.037070662
0.015949555
0.059706338
-0.017589223
-0.14540309
-0.0078285718
0.040475342
-0.054367896
0.040944785
0.041518409
-0.033226054
-0.029278792
-0.016121412
-0.034302823
0.09864518
0.05244603
-0.051824082
0.057825863
-0.030608436
-0.046455137
-0.097286381
0.05450413
-0.139412
0.07126639
-0.0043739839
-0.076007232
0.062479455
0.029871313
-0.094850726
-0.15854675
0.0018469047
0.032748047
0.052546501
0.096731469
-0.095086947
-0.038465943
-0.11773966
0.074872434
-0.013160782
0.040593848
-0.035915378
-0.091033354
-0.11416376
-0.10753799
0.026412414
-0.018701844
-0.0024980584
0.050512757
0.087850913
-0.0093624182
-0.015232918
0.040323354
0.081646457
-0.041160665
-0.052881747
-0.019749841
0.012798669
-0.098441564
-0.12190852
0.10236254
0.024127258
0.073848359
0.053197801
0.02248452
0.025339417
0.021082468
0.027302811
-0.11310211
0.13996187
0.010521658
0.050458547
0.036465291
-0.028957542
0.065907449
0.060234081
-0.04566244
-0.011663253
0.010200667
-0.00088661339
-0.0071469657
0.063436411
0.033540815
0.019470332
-0.017094988
0.083451837
-0.11580928
0.051613513
0.053765882
0.1218328
0.056633517
0.087215513
-0.051607955
0.028757945
-0.13217914
0.021394301
0.13070968
0.0488405
0.030636651
-0.019103097
0.06030437
-0.032495771
0.010039913
-0.030383129
-0.012855621
-0.0642993
-0.0038451129
0.10131901
0.078987978
-0.050640404
-0.018216936
0.020674847
0.036708958
0.029323058
-0.0097676255
-0.085809171
-0.020630149
-0.079849057
0.13195573
0.10362508
0.058776323
-0.00035547954
0.012415612
0.050835565
0.049068123
0.0054598111
0.073755652
-0.014851819
-0.046714518
-0.044744939
-0.035713911
0.033282578
-0.050010715
0.042568654
-0.022213148
-0.10550079
-0.028042402
0.030424958
0.069710433
0.035924207
-0.070645042
-0.018907571
0.061575007
0.0045618298
0.11052967
-0.042146988
-0.045854222
0.018796632
0.018210903
-0.017683746
0.084256649
0.054330461
-0.016006136
0.017102677
0.068452306
0.093305312
-0.1317766
0.084650822
-0.067805216
-0.047247238
0.03892827
0.028570244
-0.018129608
0.048335202
-0.15103194
-0.033498369
0.019406725
-0.0044347495
-0.1418774
0.020844832
-0.039868329
-0.019413864
0.0099995704
0.018837351
0.043236233
-0.041118078
0.021883555
-0.018660067
0.082738779
0.01613225
0.025974886
0.039206151
-0.069582649
0.029058108
0.080983877
-0.021872746
-0.019025138
0.046530027
0.013122287
-0.10457589
0.13766356
-0.042658806
0.030113002
0.023737404
-0.021942424
0.034148246
0.019637881
0.047400612
0.11263312
0.017917417
-0.0054178899
0.035219137
-0.01736312
0.055867966
0.048688319
-0.086643681
-0.029149007
0.090247609
-0.078009263
-0.059060719
0.03928813
0.00028005149
0.014644632
0.010421779
-0.0024275465
0.056167223
0.009825022
0.059855908
-0.034073349
0.021985389
0.025275711
0.041508134
0.013396659
0.012112658
0.015701935
0.047729298
0.00042862576
-0.016306942
-0.041396476
-0.0011345495
-0.012479962
0.0066107367
-0.037734229
0.06380555
-0.092476092
-0.039410815
-0.075812951
-0.28586325
-0.032143589
0.063799486
-0.046558738
0.031378109
0.041758142
0.034749936
-0.014608408
0.0024920036
-0.033952154
0.005303435
0.0838909
0.13716727
-0.068590432
0.024165535
-0.075544767
-0.038303953
0.019317256
-0.1188835
-0.19576396
-0.050177004
-0.052154899
-0.070739098
0.13235883
0.1302879
0.035119936
-0.081890874
-0.043992743
0.043167047
-0.037021745
-0.044695847
0.0051812073
0.07780204
-0.18459304
0.070756264
0.011923217
-0.093516022
-0.13483758
-0.059201282
-0.044917364
-0.02597151
0.066089481
0.057020705
-0.15663958
0.045863058
-0.096570976
0.046196628
-0.11222187
0.086501502
0.044238359
0.044741429
-0.0081506502
0.24138884
0.0054612453
-0.0039031967
-0.034491342
-0.08059594
-0.068173744
-0.049211282
-0.26604435
0.019076303
-0.13899951
-0.016955638
0.17152326
-0.033351034
0.0057789655
-0.10399503
0.00234307
-0.0066923979
-0.14252171
0.10134719
-0.097477049
0.054875501
0.10650323
0.096325614
-0.00014418142
-0.093197227
-0.067054659
0.14779019
-0.027566647
0.047130551
-0.043040648
-0.026300585
0.079514749
0.043944679
-0.024074893
0.072587229
0.043944258
0.093690172
0.028543584
-0.0023366646
0.058993123
-0.033469766
-0.046277266
-0.0059700496
-0.10946468
-0.049108986
0.072983362
-0.037167981
0.025111549
0.019061707
0.053442232
-0.083721377
-0.069628119
-0.086534284
-0.20948258
-0.052088629
0.040086143
-0.19963337
-0.1606593
-0.16987416
-0.21347277
0.014215489
0.1878536
0.065787524
0.067780025
0.077514872
0.073809169
-0.036547311
-0.03641719
-0.013280535
-0.16688943
-0.030862788
-0.16394147
0.057142895
0.045676749
-0.015113221
0.11919606
-0.0052749375
-0.094160236
-0.015319532
0.06444411
-0.10509232
-0.1270009
-0.067662664
0.071533166
0.026987193
-0.033984967
-0.099450126
-0.019101338
-0.056452714
-0.071300916
-0.046900131
-0.0010178484
-0.010344527
0.048533741
0.007956191
0.01104125
0.081523046
0.050198976
0.026501637
-0.040394712
0.083491415
0.0065829223
0.10537464
0.15032969
-0.02693153
0.1360011
0.036266889
-0.042914364
0.15459837
0.011455348
-0.10906925
0.0062456662
0.0042161117
0.058461808
0.013799324
-0.018559946
0.014032041
-0.013416154
-0.088266395
-0.039769337
-0.1503762
0.090779372
0.080381811
0.047258917
-0.0080331462
-0.028512739
0.053560231
0.040752642
0.018358456
0.012872982
0.044598948
0.047441337
-0.0067111859
-0.0046713646
0.0048861261
-0.011704402
-0.0077824909
-0.043814112
0.0090822345
-0.010535664
-0.05777213
-0.019797849
-0.066118948
-0.0029123612
-0.0052886112
-0.15944067
0.014005891
0.0047799353
0.035825055
0.043310735
-0.034120508
0.078358494
0.01408013
-0.055549741
-0.077576779
0.052049387
-0.19227736
-0.096286833
-0.10208163
0.084671319
0.030153114
-0.020659905
0.0038337056
0.014852355
0.046059929
0.012216995
-0.0085886549
0.065344386
-0.093735695
0.088551871
-0.026370401
0.088328846
-0.068093404
-0.088364854
-0.092974819
0.063907444
0.073539689
-0.01297727
-0.030596368
0.043664698
-0.063672394
0.030935036
-0.039140265
-0.18398759
0.028063623
0.065045007
0.038728144
0.00027778311
-0.032651257
-0.0048367996
0.046511695
-0.074717075
-0.01036038
0.031497084
0.16384754
-0.058417071
0.047133405
-0.026543783
-0.034093644
-0.059566259
-0.031920996
-0.016585395
0.054202817
-0.058919892
0.050599728
0.026183952
0.069312163
0.15252145
0.0081321616
-0.0046695122
-0.058295343
-0.063597955
0.10998725
-0.081946507
0.044527426
-0.076418996
-0.1077411
-0.020282475
-0.054399062
0.10819142
0.0022478004
-0.050323103
-0.039756928
0.015110119
0.011027046
0.0072492175
0.12336387
0.055285178
-0.062425073
0.08802183
0.024768041
-0.00074587908
0.17331134
-0.022002492
-0.07184656
0.067265749
-0.0074338731
0.021596318
0.080591075
-0.086811513
-0.095519945
-0.046887208
-0.069394253
-0.030580945
0.039114632
0.014992909
-0.091049455
-0.23586853
-0.086533591
0.097307347
-0.013386881
0.0080270926
0.0087043196
-0.10575421
0.049132753
0.15545164
-0.062484886
-0.086430021
-0.098699428
0.057434585
-0.077378407
-0.042784039
0.041555721
0.084645584
-0.11425319
0.072946414
-0.065195903
-0.0076957438
0.068692416
0.020060519
0.055133875
0.0018586733
-0.025395466
-0.041569691
-0.038520839
0.031485129
0.029008837
-0.030644573
-0.076971903
0.024805283
0.0088657038
0.11584171
-0.094157845
0.068889961
0.06281551
-0.095601358
0.047709771
0.088607587
0.089414671
-0.062266048
-0.07085301
0.014151318
-0.10899615
-0.015988823
-0.048077058
0.11204856
0.083344907
-0.029978717
-0.031426739
-0.061801661
-0.074462757
-0.016502725
-0.095872343
0.080864124
0.050377596
0.042911179
-0.05591495
-0.044876099
0.09275043
0.016471036
0.011955959
0.048629064
0.053912744
0.012906419
0.011079494
-0.02535256
-0.015710447
-0.13811369
-0.18750663
0.058908518
0.0079929465
0.075349681
0.043587334
0.0087457737
0.023796286
0.065846831
0.077117518
-0.11258315
-0.14071643
0.10601855
0.039600085
-0.037189268
0.098653428
-0.051521074
-0.075612523
0.0020268718
0.045851957
-0.088101014
-0.09402667
-0.070640251
0.036677193
-0.084734738
-0.070961714
-0.06467212
-0.016543636
-0.067461342
0.034032304
0.034919407
-0.080379769
-0.10679369
-0.08902593
0.060462303
0.058207188
-0.0036408566
-0.13905565
-0.15649869
0.024896229
-0.094326898
-0.048806217
-0.064043835
-0.15230085
-0.026625294
-0.032947384
-0.087553628
-0.081587933
-0.045911547
0.0041449382
-0.044671182
0.15546931
-0.15203339
0.045612611
0.025255112
0.0026813555
-0.040451482
0.10265685
0.059446145
0.069742143
-0.26331392
-0.098624945
-0.06785053
-0.043410148
-0.002698042
0.10059495
0.0075310376
0.028823849
-0.10752852
-0.018703101
-0.057589922
-0.12146071
0.024293695
0.013477136
-0.076088265
-0.022973061
0.078281112
0.0021125085
-0.0045879483
-0.066749737
0.11752877
0.062973484
0.010902776
0.031739306
0.034432717
0.011462091
-0.19617377
-0.029911406
0.010462971
0.001482909
-0.0089934636
0.057345655
-0.021797337
0.050796244
-0.1042577
0.048659138
-0.0003955368
0.051372897
0.022277635
0.04745283
-0.0099420855
-0.060403921
-0.085417934
-0.12864056
-0.058312383
-0.13613476
0.071496792
-0.034368604
-0.018183205
-0.021648131
0.016587902
-0.049414594
0.034885786
0.044954337
-0.046399169
-0.05232235
0.056182519
0.03628457
-0.045616735
-0.014118796
0.1250264
-0.1026631
0.025697554
0.014340172
-0.036951836
-0.058245778
0.0095467148
-0.0054542995
0.073069476
-0.089119114
-0.061337482
-0.024898052
0.032652285
-0.075368509
0.047071554
0.073877446
-0.022167062
0.011103902
-0.079878487
0.078980677
-0.011858614
0.02061999
0.019579979
-0.019916175
0.026223468
0.037529167
0.082486145
0.070287168
0.078679815
-0.053335067
0.11982141
-0.058498107
0.11919739
0.092925914
0.027552312
-0.035792939
-0.058128875
-0.02276092
-0.020179458
-0.057889555
-0.015707485
0.032520212
0.066479765
-0.033012714
0.074319892
-0.038876325
-0.085361011
0.070891485
-0.029164802
-0.00064042234
-0.016315708
0.034227848
0.018147385
0.10105378
0.021853939
0.066488273
-0.020997692
-0.0090085082
-0.076767981
-0.015382497
0.05514735
0.0083673904
-0.12896223
-0.019666865
0.048697315
-0.047540348
0.037988108
0.068433426
0.022265309
0.010525004
0.0086507881
0.051840004
0.043130916
0.068432093
0.097266093
-0.080552995
-0.0064535812
0.04737974
0.0027088185
0.025402386
0.053847913
0.07042715
0.067922786
0.0056851055
-0.040599439
0.11765344
-0.078273945
-0.015966432
0.0034138851
0.083205566
0.034336474
-0.015199378
0.069062926
-0.2852104
0.0069687669
0.074940123
0.014054037
0.0016860056
0.10043903
-0.10946261
-0.084168874
0.081099659
-0.057653721
0.035218712
-0.070345998
0.011123637
0.034613527
-0.0091893645
-0.04778989
-0.082591459
-0.02990292
-0.019340135
0.020005107
-0.030859478
0.029519744
-0.19020881
0.004206772
-0.097305283
-0.0012440709
0.006143047
0.10398027
0.012651296
-0.14379564
0.089822911
-0.046793789
-0.026419435
-0.032726884
-0.0094584217
-0.086927727
0.012523348
-0.065024845
0.058665995
0.036532771
0.072882764
0.06136065
0.0044707558
-0.088374168
0.16642402
-0.016235687
-0.086804599
0.022340382
0.0064832335
0.036953244
0.029827124
-0.058242187
0.07155925
0.042307615
-0.033456877
-0.027391121
0.04254999
0.11988166
0.11778502
-0.022175591
0.073754817
-0.015683491
0.044403341
0.029128131
0.093380287
0.030636851
0.05134517
-0.023909856
0.12019643
-0.0085545098
-0.0063924375
-0.0057596201
0.10496993
-0.0058307238
0.11676686
-0.008247464
0.046941422
-0.086074777
0.10046025
0.091197342
0.031911463
-0.0425824
0.0017604881
0.03207789
-0.086302377
0.078188829
-0.050358605
0.070794307
-0.14429484
-0.0047981446
-0.096911423
0.090434827
0.059722606
0.1017969
0.13500392
-0.10924478
0.040042777
0.090757333
-0.0094071738
-0.05420525
0.054988679
-0.022971969
0.044561617
-0.10126837
-0.015851801
0.074829482
-0.020709211
0.1380295
0.045306057
-0.08015202
0.053345896
-0.026481364
-0.12205794
0.030656632
0.010224178
-0.049741976
-0.031654112
-0.026142171
-0.13281578
-0.08823403
-0.02166127
0.037669789
-0.10310682
0.050400905
-0.0035206452
-0.037072655
-0.035072997
0.0068477024
-0.01176876
0.072455786
0.0084048351
0.11911988
0.024143148
-0.092873693
0.012428384
0.11996657
0.029881509
0.097642697
-0.024601683
-0.05888129
-0.049185481
-0.011145175
0.070917778
0.0062544122
-0.090247832
-0.023290675
0.010825139
-0.12386101
-0.0027720651
0.047951922
0.018328421
0.014282399
0.10275302
0.024482375
0.025746301
-0.0050411378
-0.017517203
-0.01645055
0.006184306
0.02040346
-0.10230991
-0.033124123
-0.00051959878
0.0045190044
0.063329473
-0.14069375
-0.053436641
0.010041832
-0.11228109
-0.06495557
0.04900232
0.053976875
-0.051032763
0.057302706
0.053906403
0.014335103
0.00086372875
-0.038878985
-0.079368152
0.078258149
-0.042414729
-0.032249372
-0.089263566
-0.013827212
0.10861427
-0.04441376
0.041167248
0.025350101
-0.044322621
0.056086279
-0.092512973
-0.12378487
0.039639
-0.10032341
-0.047074474
0.015870942
-0.01976233
-0.031816199
-0.11969741
0.027170695
0.067623504
-0.060011584
0.076651774
-0.11340617
-0.1464456
0.029311895
0.057043895
-0.029167976
0.093706273
0.014968645
-0.032418158
0.10724104
0.044395994
-0.0037895774
0.028996671
-0.054120723
-0.034272812
0.023693744
0.001965493
-0.11005385
-0.001202913
0.014499018
0.029430907
-0.10971651
0.14471895
-0.057567965
0.034550276
0.032929752
0.0059748106
-0.042313162
-0.024666609
0.12634762
-0.08827056
-0.13968037
-0.041464143
0.088949554
0.093949936
-0.009019007
-0.11693519
0.065394297
-0.022190332
0.084765926
-0.015602105
0.027045136
0.033625633
-0.036644712
0.044074602
0.069529809
0.11670414
-0.034851391
-0.070226371
0.02117729
0.054502342
0.046256766
0.042950485
-0.089865364
-0.088386729
0.055433378
0.037870329
-0.093423247
0.096693039
-0.023133438
-0.035146683
0.077915132
-0.062157709
-0.009381054
0.080903575
-0.01976967
0.0054083648
-0.0027484514
-0.02398221
0.048463028
-0.069229349
0.081350893
0.051070847
-0.095172428
0.10873536
0.090603136
-0.094075836
-0.0088766841
-0.0043408442
0.017908683
-0.1035963
0.048466023
0.063103691
0.044585772
-0.048868228
-0.0031604292
0.050581027
0.00045661317
0.029647322
0.045229889
0.016711408
-0.032173205
-0.068457425
-0.019755173
0.052341092
0.040463142
-0.044527892
-0.086632833
-0.070013762
0.029967723
0.029727194
-0.031673681
0.035285775
-0.043143943
0.061903477
-0.010036711
-0.013378443
-0.06784749
0.050266679
0.022890953
-0.018009864
0.11735768
0.040667251
-0.06065663
0.050559729
0.016292965
0.084020026
-0.050162103
0.040791739
0.028220974
0.017667156
0.075000726
0.060721017
-0.014560198
0.049002472
-0.012969739
0.0036324565
0.17318697
0.017426541
0.059976086
-0.0090515772
0.10522539
-0.083638735
-0.050734587
0.040648639
0.1215325
0.087532572
0.096974015
-0.035099372
-0.012772277
0.1017277
0.011780606
0.068874158
0.080588296
-0.033353906
0.016093882
0.049951054
0.030633168
0.028960176
-0.10173329
0.029903175
0.097540691
0.063419491
0.044357147
-0.036603112
0.13037837
-0.13737746
0.019983906
0.015345179
0.14555888
0.071700767
-0.36085641
0.01273543
-0.044533417
-0.059783675
-0.031847343
0.121993
0.013933623
0.0049562999
-0.007426633
-0.10611328
-0.018982405
0.042801037
-0.19823235
0.023115186
-0.1196833
-0.049162354
0.025669774
0.034645926
0.036975831
-0.008254867
-0.083562918
0.03195725
0.054248631
-0.066427082
-0.063116789
0.044283167
0.045748688
0.0082795806
-0.14630732
-0.066342145
0.0086844405
0.059898902
-0.053706903
0.12044363
-0.055317163
-0.065427527
-0.036205892
-0.0059892484
-0.08235123
0.02774512
0.068778031
-0.10154102
-0.061461665
-0.062144481
0.087080464
-0.075271465
-0.00082073821
0.050101962
0.020591516
0.04775589
0.0866872
-0.048146274
0.075594105
0.091094196
0.050444078
0.031190302
0.10554545
0.11970887
0.051525243
-0.11948801
0.050377157
-0.0031447997
0.0049606576
0.032329477
-0.025480347
-0.022855438
-0.094765566
-0.064671807
-0.083177112
0.052782185
-0.02593961
-0.136379
0.018346846
0.074382894
-0.041551188
-0.1470211
0.12566406
-0.17158586
-0.088406354
0.11179173
0.054917555
-0.057521909
0.019387921
0.12747742
0.032361727
0.014150538
0.0264157
0.020617405
0.015262777
0.094481461
0.015952758
-0.027063273
0.08437182
-0.020293683
0.032955796
0.030711565
0.069005236
0.079871282
0.023031
-0.015088686
-0.029143095
-0.0030021905
0.014140663
-0.027879141
-0.041936021
-0.013668527
-0.20569551
-0.023546755
-0.0088207908
-0.0052078725
-0.026584044
0.026040789
0.022427445
-0.054008588
0.10927797
-0.065366767
-0.015620786
-0.034962025
-0.0058091702
-0.014903901
-0.0063886554
0.015827075
-0.073010407
0.056509282
-0.0021625832
0.056079764
0.023178844
-0.042570796
0.040404599
0.030619347
-0.027698813
-0.075007096
0.014300236
0.058286935
-0.099942394
0.073314816
-0.011453108
0.04796239
-0.00047105073
0.04623327
-0.12608109
0.018547377
0.062771261
-0.0062303692
0.082652695
-0.060994361
-0.01345165
0.066354133
0.028854391
-0.0020155965
0.089096703
0.051321138
-0.0028137907
-0.046857942
0.085847862
-0.04941947
0.026418673
-0.014903944
0.0058546104
-0.064655468
0.07873968
-0.10983326
-0.033871748
0.0079758829
-0.0062192478
0.070832506
0.028743109
0.045537077
0.069371998
0.0062862705
0.0075552012
-0.028725753
0.020474598
-0.00095937535
0.09960217
-0.027413948
-0.10920551
-0.040686563
-0.15141937
0.018167827
-0.084993303
-0.031163448
0.037899461
-0.012097867
0.0099183479
-0.023812741
0.010573273
0.0054623839
0.050667379
-0.04710013
-0.0021694505
0.038650617
-0.011415964
-0.072144061
0.011377911
0.077446461
0.033104979
-0.14808962
-0.01813196
0.032903947
0.015950633
0.090126336
0.030836292
0.10041574
-0.060474932
-0.042235985
-0.0048220619
-0.24781451
0.022820333
0.099130973
0.032034647
-0.024426807
-0.009738801
-0.042066943
0.0029133267
0.018769635
0.048716418
-0.021651318
-0.027626803
0.066194236
-0.037341438
-0.042529877
-0.15926236
0.06803152
-0.079507634
0.08407186
-0.16052678
-0.013093705
0.027990539
0.061767749
0.049625013
0.0027872417
-0.10191897
0.055463392
0.0052559273
-0.0227235
-0.019595928
-0.071099289
0.085475959
-0.026012789
0.055232994
-0.08363913
-0.01412813
-0.043231096
-0.078713901
-0.017837455
-0.24212353
0.070923544
0.053736892
-0.11268336
-0.11844415
0.026969541
0.068242237
-0.025852857
-0.17018324
-0.020847546
0.10364601
0.047884926
-0.0028853079
0.071278468
-0.062430732
-0.085732333
-0.038575627
-0.015766369
0.02086981
0.045189969
-0.12123426
-0.061228584
0.073291697
0.091547653
-0.00037414546
-0.047557943
-0.056120031
0.011885229
0.013182175
-0.035134096
0.031900324
0.036954604
0.0644731
0.12796378
0.15417604
0.0024490512
0.012090965
0.10243755
-0.017036049
0.12209219
0.04526766
0.0017103585
-0.029997248
-0.13103083
-0.029012125
0.017848181
-0.072677299
0.038615409
0.14279559
-0.21453075
-0.018426094
0.0510526
-0.027532155
0.06135704
-0.05934659
-0.0063326415
0.066754349
-0.17977726
0.1113999
0.034291007
-0.028899767
-0.012265342
0.014680538
-0.052195642
-0.028862903
0.034792867
0.071683243
-0.10407791
-0.0412312
-0.038520921
-0.086928666
0.070854284
-0.083156526
0.024043785
-0.094587915
0.011621529
0.051821765
-0.014748341
-0.0049908436
0.0099956486
0.014266312
0.078097671
-0.14714199
-0.082686126
-0.12483384
-0.028671011
-0.060924556
-0.025895663
0.047583204
0.057985026
-0.10478582
0.037692875
0.11024569
0.12304026
0.052430782
-0.12276632
-0.013675144
-0.025161576
-0.0010791882
-0.09446501
-0.0046348204
0.14191991
0.16535226
-0.053518374
0.065331422
-0.049730033
0.18248463
0.049096387
-0.01181997
0.063930355
-0.031557396
-0.16412427
0.13228509
-0.11184619
0.010780433
0.080860414
-0.10635462
-0.0045806784
-0.06615898
0.02002985
0.12671041
0.12258433
-0.11042675
0.017704463
0.11297256
0.002406812
0.0059534092
0.016761782
0.17439546
-0.091892205
-0.13110808
-0.03140549
-0.10219646
0.021255549
0.12795107
-0.061543763
-0.018046871
-0.042752128
-0.06609983
0.077020034
-0.053889569
0.026346408
-0.053259939
0.046727926
-0.1249275
0.05235184
0.048410431
-0.067631789
-0.18864562
0.11570282
-0.034255892
0.04999122
0.094292901
-0.0052442546
-8.9740366e-05
-0.0049932343
-0.038713444
-0.036040802
-0.057627115
0.084223181
-0.043619357
0.040198706
0.15262842
0.056020476
0.022742493
-0.11797171
0.067688175
0.14817263
0.10669632
0.0020116011
0.064727724
-0.010784133
0.028710468
-0.049401339
0.021069268
-0.068504065
-0.035552781
-0.020118462
0.0096591422
0.024298785
-0.024298312
0.1213771
0.057879124
0.068329051
-0.12236407
0.0067774425
0.10656653
0.1388396
0.039523698
-0.082229659
-0.04832736
0.11242847
0.035395227
0.017080229
-0.19802737
-0.019657006
0.054092236
-0.33722499
-0.010971663
-0.19758612
-0.12269371
-0.027850686
0.015258396
0.051752895
0.042951383
-0.0474401
0.10303747
-0.041354846
0.037237059
-0.053342294
-0.11093522
0.072323434
0.031015621
0.092798606
-0.027185857
-0.12654129
0.14495023
-0.052592061
0.043792728
0.076497868
-0.00023833192
-0.015633618
0.00033589412
-0.015287588
0.041991867
-0.10956123
-0.02769324
0.021285174
0.10679539
0.10878789
-0.076952413
0.042952999
0.050143246
0.050149426
0.0034022294
-0.015272697
-0.083948299
-0.083635956
-0.039427891
-0.030525958
-0.10397868
0.0028646339
0.036448363
-0.035827171
-0.055287916
-0.056238875
-0.03982915
-0.053722434
-0.096955344
0.045590255
-0.083023906
-0.047279958
-0.074670106
0.016487135
-0.030478172
-0.048200823
-0.053089019
0.04640311
0.029338766
0.022637295
-0.0096276579
0.083401456
-0.086538598
0.068428919
-0.0040468527
-0.055541269
0.0084299678
0.10855076
0.046140634
0.10166445
0.055918492
0.049302049
0.0025955627
-0.1964082
0.022204855
-0.0099485368
-0.19331449
-0.054583024
0.082434922
0.073153503
0.032910712
-0.10064427
0.0013955376
0.014619276
0.033717707
-0.010947356
-0.012454728
-0.047733292
-0.19469106
0.10869142
0.11617514
-0.061324943
-0.042634636
0.045432888
-0.045929916
0.044123389
0.025640111
-0.083079845
0.10605784
0.069049403
-0.020426476
-0.023327813
0.028837327
-0.043803863
0.027191864
0.035686929
0.052301489
-0.11473469
0.084215656
-0.037930652
-0.043031204
0.098703101
-0.039797593
-0.01570495
0.026038399
0.091856629
-0.091174915
-0.023251768
-0.025118224
-0.055412315
-0.046645604
0.093869202
-0.0091798864
0.096493617
0.12164407
-0.054977808
-0.16322075
-0.076651961
-0.027897045
0.096965916
0.040463109
-0.039481372
-0.059230633
0.051502544
0.15868516
0.028455662
-0.010783595
0.053168934
0.11075091
-0.056614246
-0.066299342
0.032759745
-0.0067816009
0.021999052
-0.0093119014
-0.068784788
0.038556602
0.0010457585
0.11478034
0.057135437
0.080391534
-0.1164633
0.072219715
-0.13403204
0.062908597
0.082772449
0.034738351
0.12060669
-0.056349758
0.0086426008
0.11304642
-0.089050494
0.035196457
-0.082542911
0.12708832
0.026515916
-0.081252456
0.017981939
0.019814597
-0.058576837
0.079740934
0.058276676
-0.1196712
0.12083802
-0.04641154
0.13180651
-0.032798827
-0.040534604
-0.11993708
-0.055600204
-0.030443151
-0.040909298
-0.013931939
-0.20950635
0.16466153
0.094659835
-0.047643688
-0.082318343
-0.030824272
0.060888607
0.10940013
0.0085890945
0.090217717
0.075969137
-0.15007804
-0.23305725
0.10830805
-0.064067945
0.072294928
-0.074366726
0.025104549
-0.07671722
0.025915243
-0.024479713
-0.087360151
0.024777493
0.17645635
0.031798467
-0.041228615
0.17664088
0.1367363
0.04863086
0.030311679
-0.03270172
0.025939072
0.03870783
-0.053214584
-0.065310627
-0.34550586
0.072784901
0.007362253
-0.12437597
-0.0040471312
0.038857102
0.25244367
0.049935214
-0.042068899
0.068412386
-0.0074328454
-0.00058176112
0.067989521
-0.1368591
-0.017126378
-0.048343167
-0.0022622875
-0.041720729
-0.01672155
-0.12950313
-0.012120201
0.021464463
0.013710264
-0.026436727
0.0046311542
0.0042496184
0.062587127
-0.13081612
0.026365068
0.050777141
0.05852871
-0.089340515
0.096659489
-0.046851318
0.017256495
0.076541901
0.16849615
0.013523162
-0.16151103
-0.003957266
0.079909153
-0.089362651
0.073677577
-0.052714445
0.2205638
-0.034149989
0.077827886
0.062875323
-0.049253173
-0.017582916
-0.094281428
-0.010713053
-0.053577915
-0.014211614
0.041314345
0.025437623
-0.019328022
0.01297343
-0.022292838
0.083341271
0.12336534
0.10860497
-0.15384772
-0.044285879
-0.10805843
-0.007989008
0.036972854
0.047180645
0.040030442
-0.053629126
-0.056727998
0.08914566
0.0083982637
-0.0034463878
0.040960621
0.011907042
0.025916731
0.036661685
-0.0056529399
0.020736642
0.03184906
0.088696964
0.046770338
0.09090206
-0.025192818
-0.034331936
-0.14841644
0.010081072
-0.10243482
-0.069787711
-0.14934875
-0.06194295
0.013576065
-0.052147578
-0.052835979
0.067723334
-0.072203927
-0.0076264427
0.023304332
-0.088444255
0.059908662
0.054715328
0.065111637
0.0017765096
0.061673153
-0.03070778
0.0011522766
-0.036479175
-0.046667598
0.011072979
0.10238752
-0.053383328
-0.055369776
0.0097729433
0.060576614
0.027357567
0.052726422
0.059194684
-0.015476544
-0.077458151
-0.17094788
0.038096067
-0.014406434
-0.0084887985
-0.16881965
0.0087778922
0.038414277
0.054183919
-0.014109259
-0.035790455
0.010873841
0.091707908
0.065651834
0.010042445
-0.020266283
-0.025114255
-0.36147979
0.037412822
-0.050314222
0.0033450995
0.0018849708
0.0065509235
0.04529551
-0.014178376
0.080129772
0.030356834
-0.025493726
-0.0078138718
0.041958883
0.041037943
-0.0028451341
-0.052444033
0.037906725
0.021583395
0.0014243225
0.0079984078
0.020186668
-0.012608121
-0.031412367
-0.035503156
-0.006661504
0.052056972
0.03693644
-0.040716022
-0.038053099
-0.090409935
0.0089653796
-0.023725545
-0.011742013
-0.061132282
0.024933357
-0.18124859
-0.042641398
0.054752309
-0.040029962
-0.038004722
0.07324031
0.030905942
-0.016299793
-0.06460543
0.033257708
0.07086172
0.0034714739
0.15756993
0.029544931
-0.027706152
0.11108247
0.0095734457
-0.026346078
0.11210189
0.087769359
0.077166088
0.0040366072
-0.048845105
0.072497874
-0.041239064
0.064795747
-0.013911006
-0.024633037
-0.037625987
0.065687358
0.014749862
0.014200605
-0.050776985
0.095854886
-0.084151901
0.056557976
-0.078322038
0.041954976
0.017828276
-0.037581559
-0.091118626
-0.061594889
0.058070943
0.0078873113
0.007385931
0.033638451
0.037854321
-0.022070136
0.053181756
-0.030685686
0.034246817
0.06235937
0.0014492937
0.014902283
0.023709446
-0.10228446
0.03579751
0.049578726
-0.083148688
0.054694641
0.059934676
-0.069698095
-0.095577769
0.05831692
0.029987063
0.017746769
0.026233956
-0.011544011
-0.0065655345
-0.057695176
-0.10246728
-0.076109961
-0.091332942
-0.042940512
-0.03510217
-0.0040521426
-0.027032793
0.002097683
-0.033067238
-0.13694203
0.044263501
0.01722933
0.039357804
-0.068461105
0.014861437
-0.064757004
-0.29397523
-0.012511204
-0.0046586837
-0.075001195
0.10728635
0.034936797
0.042479653
0.078460403
-0.035604931
0.021192644
0.09752515
0.074605465
0.065638341
0.10328606
-0.24924377
-0.036058731
-0.08547812
0.12465468
0.040318627
0.021000449
-0.0044780956
0.015549544
-0.055031929
-0.093675748
-0.043856148
0.042870618
-0.017306134
-0.033211078
-0.065132797
-0.058228273
-0.018299665
-0.019059649
-0.055715058
-0.051925514
-0.052211009
0.025056072
0.10481063
-0.04452299
-0.034141824
0.080530427
0.0026476437
-0.074891545
0.039424852
-0.051646411
-0.043740701
0.049458571
0.013336495
-0.13229975
0.072178707
0.030524788
-0.030969331
0.041601814
-0.012207998
0.027301397
0.029663932
0.057472516
0.033651806
0.011300663
0.01628021
0.017195243
-0.070285685
-0.073088504
-0.082840294
-0.0041159717
-0.13674827
-0.046192337
0.032724515
-0.10964123
0.033464555
0.012348131
-0.14682762
0.038004041
0.012171044
0.081528597
-0.022736
0.12276915
0.025523821
-0.023922879
-0.022147523
-0.00086741254
-0.039061978
-0.05201311
0.00496674
0.082761392
0.0083130728
-0.17677148
0.059887998
0.080494702
-0.050195817
0.073176011
0.047346108
0.029605076
0.023230556
0.04891444
0.11447836
0.0096618533
-0.0018029172
0.035846241
-0.024406532
0.073179118
0.1866129
0.0083520655
0.0089078424
0.035651442
0.063960806
0.076021105
0.048972789
-0.038218398
0.04272816
-0.14094338
-0.066816404
0.0071345959
-0.11087215
-0.017679073
0.024213741
0.046359152
0.0058398708
-0.064493202
-0.069876432
-0.17489471
-0.14842743
-0.044522397
-0.07973472
0.063849889
-0.051620618
-0.029394567
-0.11434543
-0.039805479
-0.044129107
0.17256264
0.088826306
0.015479571
-0.028430954
0.02531248
-0.12556146
0.11584047
-0.066795446
0.044245016
0.0008972346
-0.031133531
0.041628659
-0.0068799779
0.027887451
0.18247242
0.028951984
-0.052784313
0.034574222
-0.03108052
0.064793184
0.054893799
-0.12333596
0.01052271
-0.054622434
-0.14245793
-0.049672045
0.032045282
-0.008954647
0.031580247
-0.021389112
0.051044002
-0.00081153418
0.075660452
-0.0040717847
-0.031039756
0.039839447
0.024357775
0.017861348
0.025240958
0.036184192
-0.071756616
0.098231174
-0.029773474
-0.0012342844
-0.12578972
0.036651675
-0.020626763
-0.078048356
-0.048256449
0.024527311
-0.0053690625
0.033319879
-0.092284806
-0.093446955
0.074770436
0.13817717
0.10748892
-0.016018167
0.086200625
-0.052316315
0.0053392462
0.019217495
0.0051223994
0.02126025
-0.025704693
-0.089699633
0.23125544
0.017948596
0.17649293
0.14134064
0.22716606
-0.075261734
-0.035696398
-0.053215664
-0.085980751
-0.06174162
0.16988999
-0.12369071
0.083066173
0.045830578
-0.017310947
0.074879676
0.001359808
-0.015731599
0.086075671
0.067752659
-0.095566414
-0.046567801
-0.11517883
-0.056003671
-0.066537723
-0.1211732
0.021538844
0.050400149
-0.053936105
-0.046678729
-0.01318301
-0.067448564
0.11726028
-0.0061200429
-0.003650446
-0.06142192
-0.33912212
0.26677588
-0.082563572
-0.098325126
-0.086847201
0.059105322
-0.050478797
0.037598554
0.023390085
0.11138392
-0.16370212
-0.0071403137
-0.025806557
-0.13388358
0.037112169
-0.2243695
-0.0038218289
-0.0033050745
-0.0043823794
8.6156389e-05
-0.018880777
0.17029329
-0.0035496685
-0.17453916
0.08655379
0.052620649
-0.056542292
-0.19552979
-0.25232679
0.089102037
-0.12130287
0.070912324
-0.025429623
0.12704431
0.054166652
-0.050147492
-0.046470966
-0.10617492
0.070567243
-0.037259351
-0.085342936
0.0039929561
0.084712051
0.13172577
-0.041587792
0.1209294
-0.033045486
-0.036111008
-0.068813242
0.1975608
-0.086478002
-0.028054496
0.033392612
-0.069108047
-0.010573259
-0.017886968
-0.10525224
0.046585023
0.032349519
-0.1769567
-0.13483615
-0.070557497
-0.017055634
0.019764451
0.068168528
0.11327981
-0.00091393205
0.095570162
0.041557569
-0.0099236742
-0.045789391
0.11735151
-0.16837281
0.029561905
-0.12033748
0.0022784751
0.11194023
-0.019966889
0.086546667
-0.018308198
0.04271527
0.056076799
0.064185888
0.047381744
-0.07570374
0.023167508
0.05940517
-0.039093819
-0.067883432
-0.019356119
0.053747084
0.050044667
0.087899089
-0.029814873
-0.053541727
0.018814379
-0.053483453
-0.065306969
0.011523783
-0.038190953
-0.10783208
0.029461423
0.040007867
0.06044111
0.068985134
-0.090281285
0.050117739
0.063264288
0.053374588
-0.17480251
0.036091164
0.029419901
-0.11113365
0.044742346
-0.022477791
-0.10224553
0.072016694
-0.14227957
0.078008316
-0.12250112
-0.047383051
-0.16753471
0.045592953
-0.023607412
0.10682816
-0.068831831
-0.027886705
0.066319823
0.052041661
0.14353834
-0.078308634
-0.025858147
0.083441883
0.018939082
0.098530024
-0.040945895
0.022818901
0.026509847
0.10447553
0.065277077
-0.040122833
-0.029855438
-0.02774417
0.045349963
0.052600957
0.022114921
0.020025903
0.012471053
0.030423939
0.0018589537
0.076435283
0.0527163
0.054284781
-0.029246574
0.069442779
0.065670595
0.097042441
-0.034860238
-0.014639962
-0.007897119
0.051754627
-0.020123087
0.026340209
-0.10116706
0.078075685
-0.035334967
0.15885098
0.072438687
-0.063074373
0.049244858
-0.047005858
0.045332022
-0.061752971
-0.044434268
0.0068422873
-0.030904638
-0.018711934
0.10949513
-0.081556313
0.022864316
-0.069492407
0.080755569
0.015947932
-0.026057517
-0.031613689
0.07981576
0.055152472
-0.17950635
0.03210121
-0.1634663
0.048072003
-0.0081411358
-0.072041348
0.11428943
0.070955873
0.061257139
0.062610514
0.025516566
-0.057416655
0.0068467697
0.085104331
-0.053560019
0.0029711423
0.10708769
-0.018149396
-0.01600495
-0.013826482
-0.086411186
0.026459876
0.096728444
-0.082591079
-0.012566305
-0.015150517
-0.072394863
-0.031743884
0.058718767
-0.10055664
0.13651654
0.02415422
0.011256116
-0.037158944
0.081197947
0.012526641
0.07048706
-0.015925746
0.090101063
0.023605013
0.061203904
-0.10548414
0.0085744727
0.035317257
-0.050727107
0.0040777172
-0.044589475
0.11549665
0.047149174
0.015928702
0.070541918
-0.020704903
-0.061883491
0.12666887
-0.11969783
-0.010959034
0.036770016
-0.00059895992
-0.073769785
0.049396105
-0.0092623467
0.0997281
-0.0070581594
0.0095988419
-0.13849026
0.015726784
-0.049588572
-0.02137748
0.012100305
-0.066752329
0.00040659372
0.029167937
-0.031950232
0.097204395
0.056825623
0.084408261
0.034314811
0.061328929
-0.034423951
-0.039803203
0.079047717
0.054280519
-0.026558004
0.027523944
-0.028611699
-0.086805835
0.025479658
-0.0098503632
-0.024816774
0.015581947
-0.092037141
0.029329285
-0.030574543
-0.0028321717
0.019586308
-0.1476122
0.10865372
-0.033854533
0.14360996
0.014688667
0.007638684
-0.046896059
0.017145734
-0.066023588
-0.1525296
0.03859473
0.07923726
-0.07325957
0.14220728
-0.077188715
0.0075339312
-0.08510457
0.085273489
0.0092839841
0.0093130805
-0.0085293083
0.031314515
-0.03166943
0.13970149
0.089675866
-0.145272
-0.017507581
-0.014108809
0.0093010245
0.098022453
-0.046141289
0.0032499607
-0.034391504
-0.017994905
0.0090170745
0.014517532
0.057819352
-0.023689259
0.1193073
0.021762455
-0.000394489
-0.036800899
-0.0061178398
0.070199065
0.02948175
0.17346659
0.038713127
0.014620649
0.0019589725
-0.16855611
0.079208702
-0.10871468
0.038796656
0.092547528
-0.047223561
0.00087884988
-0.043358743
-0.054707848
-0.07846681
0.035647683
0.056531064
-0.0016790514
0.051481333
0.10827666
0.031760026
0.098579213
-0.080548286
-0.0024508925
-0.15880084
0.099556543
-0.073919728
0.093487993
0.13573852
0.07200931
0.13666697
0.031914115
0.1154182
-0.0017309692
-0.07748843
0.033775359
0.091262147
-0.11156234
0.0017106914
0.017321082
0.040157251
-0.037178308
-0.22754294
-0.0052868295
-0.040643115
-0.039885938
0.10353901
0.012461324
-0.10719459
0.0603103
-0.023550173
-0.018136689
-0.01661228
-0.013098818
0.036584862
9.8596858e-05
-0.044681035
0.060775951
-0.016586751
0.04961377
-0.10740782
0.060794242
-0.10844201
0.095984504
-0.078986786
0.086428851
0.057930488
0.1101165
0.063587591
0.00094892993
-0.20965552
-0.05939642
-0.053829804
0.037778746
-0.093378156
-0.030853657
-0.041965231
0.11559279
-0.0075813709
0.040126294
0.10453572
-0.037632473
-0.020387046
0.053220809
0.038165774
0.036886312
-0.13653991
-0.26456627
-0.11288557
0.07343293
0.019180201
0.033822242
-0.034754843
-0.013171793
-0.041039344
0.028566396
0.036500592
0.057684787
-0.01610041
0.12161685
-0.12429147
-0.021791065
0.076573394
-0.0098875742
0.0010244198
0.082266137
0.029426655
-0.021036327
0.045531515
0.032264251
0.0027968935
0.032267336
-0.036023393
-0.043791626
0.064784184
0.060830019
0.03386372
-0.0140864
0.035455078
0.039812963
0.06882529
0.053840697
-0.18300794
0.075743757
-0.013020851
0.005554507
-0.036502134
0.064336501
-0.03816431
-0.16521892
0.069125094
0.0039812489
0.042562082
-0.15669444
-0.011193544
-0.10341389
-0.040528368
0.097265348
-0.12418832
-0.062275555
-0.030610828
-0.063778982
-0.010565716
0.052307412
-0.040486045
0.06645494
-0.027187135
-0.015873857
-0.037796255
-0.031375494
0.028419636
0.044671811
0.061798364
-0.087892279
0.06385491
-0.051620744
0.039088104
0.023845153
-0.18554133
-0.055643886
0.065760553
0.0033203682
0.1102139
-0.11741321
-0.0022812742
0.04634076
0.082779914
-0.018961439
0.036260638
0.069287933
0.09198229
-0.0013842346
0.081148639
0.018916015
0.084128723
-0.042958152
0.072069474
0.004040502
-0.055600673
0.088887438
-0.039126959
0.036463518
-0.085256986
-0.012563155
-0.012029094
0.0022954638
0.056420304
-0.018457845
-0.077165864
0.05496525
-0.039881919
-0.04825278
-0.040771931
0.045296133
-0.10410886
0.11402994
0.024729079
0.084780283
-0.029920777
-0.014157722
0.10850103
-0.029434903
0.014893171
-0.0093839234
-0.009454228
0.0079274261
0.012780005
-0.0081022447
-0.1192137
0.034110785
-0.045594398
0.087468654
-0.028418465
-0.083308436
-0.073619917
0.034270559
-0.0031266317
0.10245666
0.055464331
-0.032888878
-0.0017948801
-0.048647135
-0.052072458
0.053757481
-0.13544574
0.035213657
-0.040904835
0.0014853076
-0.19117849
0.17524998
-0.10381743
0.0021652649
0.0068662344
0.015162805
-0.053874064
-0.010737375
-0.020252839
-0.062199622
0.088492215
0.061559699
-0.035233412
-0.03646002
-0.038018972
-0.09199784
-0.046743773
-0.075378686
0.01904479
0.047858577
-0.083096266
0.091498144
-0.018889517
-0.010669693
0.042938113
0.079733245
0.030995801
0.068913519
-0.014586918
0.0092643593
0.016181493
-0.00026374913
0.027579237
-0.0010418455
-0.033494074
0.066370301
-0.017452221
-0.016040055
0.01585201
-0.037366819
-0.0035091632
-0.030240159
0.021996688
0.0005251026
0.099220097
0.12337168
-0.0062365108
0.072832718
-0.0042890883
-0.12552811
0.010928932
0.017371885
-0.020447409
-0.0032733395
0.020488063
0.078930482
0.011896638
-0.026270259
-0.12171903
-0.17891158
0.090291753
0.068540588
-0.029587388
-0.039879449
0.01464748
-0.045216754
-0.013306093
0.10209981
0.040261272
0.053633053
-0.06535349
0.13845403
-0.041929118
-0.013156387
0.10118559
0.073048458
-0.0068770316
-0.092977166
0.13389775
0.10768987
-0.032749444
-0.029625971
0.078472935
-0.018905478
-0.12509009
-0.067594692
-0.016125571
-0.095457226
-0.085100807
-0.011631898
0.026159136
0.036395013
-0.0056438143
0.021115769
-0.0045485361
0.014740047
-0.075875841
0.086127914
-0.080056615
-0.12317409
-0.010229378
0.13077612
-0.07070259
0.040827069
0.10341937
0.065220833
-0.046173964
0.0096587725
-0.036743712
-0.0050129709
0.026685646
0.093825348
-0.047102623
0.0026933665
-0.049711518
0.058629084
0.033410594
-0.042212669
-0.0727209
-0.016502993
-0.097609572
-0.045802519
-0.026158078
0.041190341
0.071357094
-0.022699976
-0.016189501
-0.068101116
-0.06142563
0.074450947
0.048352782
0.01950323
-0.03382431
-0.038478084
0.024615914
0.0068406211
0.0045131999
0.035771135
0.043516207
0.090907209
-0.11164314
-0.11374351
-0.042690217
-0.13594902
-0.0033783091
-0.0022052652
0.048458453
-0.020364352
-0.079798438
-0.10355373
0.12517421
-0.03018829
0.028501451
0.0068378807
-0.1079576
0.088621005
0.027602119
-0.046191432
0.019940538
0.049551941
-0.040199555
0.012697535
0.032227322
0.028824374
-0.14830858
0.004603087
-0.026659654
-0.11187389
-0.019863477
0.00011054795
0.036143802
0.10957786
-0.031225694
0.11172938
-0.059350807
-0.0056691496
0.020233562
0.11267544
0.00051576248
-0.025326762
0.042089634
0.043919593
0.14180021
-0.10915544
-0.0069732871
0.046813816
-0.20628107
-0.067814082
0.0094130132
-0.11753142
0.046186317
0.061585251
0.016247433
0.063050538
0.02061346
0.014503768
0.060342073
0.012393326
-0.034485403
-0.017198281
-0.021108281
0.05412868
0.02285859
-0.049154371
0.031736679
0.029898016
-0.00065362273
0.049454503
-0.013708058
0.11123311
0.091521651
-0.060768176
0.0076402919
0.012368688
-0.027520649
-0.060984205
0.024213264
0.11401571
-0.038553901
0.023728594
0.042987015
-0.031441726
-0.021025097
-0.1001874
-0.025596077
-8.5733911e-05
0.027478473
0.069167659
0.023631094
-0.064911991
0.1194701
0.069789886
-0.013763219
-0.025872933
-0.049883444
0.011908467
-0.029067177
-0.099244259
0.051387098
-0.0058720349
0.050105345
-0.18064936
-0.047678728
0.081379578
-0.048997145
-0.078868039
0.0078482246
0.0075545129
0.064898752
-0.101499
-0.065984495
-0.18242966
0.040165655
0.045276541
-0.027431589
0.057719108
-0.085119337
-0.039325789
-0.023676137
0.13892987
-0.018138543
0.0045549856
0.0022042615
0.076796792
-0.014778411
0.090545818
0.079900593
0.063705914
-0.0057291691
0.044854846
-0.096102804
-0.080174424
0.019159628
-0.026770016
-0.036708061
-0.015346927
0.034635715
0.022188429
0.049713578
0.072333179
0.0028922367
0.10780216
-0.048612725
-0.084785551
0.044646807
-0.039591927
-0.0056342073
-0.034419477
-0.0095483121
-0.1068226
0.17131896
0.010603559
0.020644952
0.053165011
0.00094582036
-0.00038383022
0.033614479
0.0082179382
-0.052806795
0.027314367
-0.0021913634
-0.052427575
0.0084938211
0.011289901
0.063315004
0.093120515
-0.089609377
0.011140574
0.032258719
0.065444022
-0.12557253
0.058860905
0.070742905
0.022114042
0.081218056
0.058554176
-0.11080045
-0.056325402
-0.018814521
0.029591678
0.045420893
-0.038123712
-0.019694027
0.064276569
-0.0020819053
0.033457607
-0.021038892
0.073668711
0.026479831
-0.074735045
-0.021985022
-0.047165062
-0.12129603
0.01687232
-0.08334934
-0.16868526
0.095536657
-0.035556778
-0.067165382
-0.11042832
-0.016351236
-0.065660268
0.017000295
0.092459008
0.0035220513
0.055482503
0.021580793
-0.022866972
0.030936191
0.027953887
0.096799232
0.010530633
-0.016902981
-0.054224718
-0.021325296
0.017527409
0.043870576
-0.01734722
-0.056345727
0.062672228
0.023380643
0.06949842
0.046849802
-0.019899555
0.025069606
-0.0033208418
0.062360875
-0.06283766
-0.03240544
-0.036496729
-0.018967496
0.04603526
-0.086664297
0.088703223
0.0091915913
-0.040030748
-0.0086655421
0.021095624
0.028056668
0.11340272
-0.0094411774
0.003313873
-0.044148076
0.078541487
0.059951641
-0.0055102026
-0.054907866
0.057160445
-0.076676719
-0.02898757
-0.097832419
-0.11452728
0.070256487
-0.09056849
-0.061152674
-0.024533791
-0.038365647
0.014071424
-0.12409957
-0.0078602536
0.035545032
-0.0070949895
-0.045208894
0.035612673
0.016524713
-0.057695828
-0.065624818
0.065011188
0.0379861
0.062003598
0.055685446
-0.0018995568
0.033252466
-0.049466148
0.030520843
-0.014264049
0.033997029
-0.0083851274
0.0025794026
0.047891296
-0.0085273208
-0.060020242
-0.0052737761
-0.09264452
-0.059071638
-0.10009404
-0.014850956
-0.00038832755
0.060764365
-0.0083935764
0.00065155549
0.0011974595
0.045821108
-0.055221234
-0.0044807163
-0.0061270678
-0.019939147
-0.099005118
-0.0049647186
-0.047437958
-0.001272288
-0.049235135
-0.14325635
-0.072649509
-0.0055481559
-0.052308049
0.071449779
0.024113299
0.0437239
-0.033181101
-0.081062607
-0.038936839
0.067824565
0.069392882
0.083131902
-0.0091282809
-0.004325184
0.059174269
-0.0048585166
-0.052050181
0.0077130417
0.067413129
-0.035600431
0.048779994
-0.029249931
-0.053453632
0.021486243
-0.0091961082
0.082639493
-0.06471213
0.057959631
0.03350617
0.034374233
0.072269462
0.040578172
-0.035017755
-0.10379422
-0.064957149
0.0041641416
0.036297917
-0.022130245
0.16153345
-0.10274516
0.012201102
-0.069456264
-0.014026818
0.03173425
0.029464634
0.022028593
-0.044181056
0.091439635
0.041955177
-0.065483361
-0.014182356
-0.074730955
0.089564532
0.02355928
0.097224407
0.028701039
0.074887514
0.088187397
0.0074458839
0.031445414
-0.022122202
-0.1539434
-0.27200049
-0.011134758
0.04949642
0.00075793557
0.056258541
-0.013322956
0.061017513
-0.13142502
0.018054344
-0.062480532
0.024967022
-0.095742248
0.019415176
0.031552903
-0.041398458
-0.051977985
0.047511227
-0.088655926
0.1169783
-0.0070677106
-0.056460425
0.071737312
-0.026805097
0.030894296
0.07291659
-0.053249683
-0.044251911
-0.096981354
0.025069259
-0.0050911768
-0.080211401
0.024806699
-0.053286575
0.053272653
-0.065588519
0.01206137
0.06105845
0.012087096
0.0013286984
0.128167
0.041764248
0.010682957
-0.12302519
-0.050133247
-0.040599026
0.060937211
0.048490774
-0.012054528
-0.0090407403
-0.07528466
-0.079986244
-0.016668338
-0.075880341
-0.0094419932
-0.05942978
0.03584034
0.045154866
0.05571422
-0.012183069
-0.034880854
-0.023776814
-0.04484525
0.01145488
-0.025302503
-0.056160577
-0.03554336
0.013591717
-0.07276132
0.049127162
-0.037751786
-0.037938122
-0.12258412
0.0056394003
0.052884296
-0.077825516
-0.025386374
-0.056672961
-0.030835165
0.029187193
0.078090072
-0.10833102
0.031482283
0.10903475
-0.024469776
-0.042902853
-0.0011278081
-0.017300148
0.069497623
0.0095155686
-0.0792377
-0.056218777
0.016174451
-0.064204425
0.023250382
-0.050405167
0.0061481264
-0.061262872
-0.011079527
0.044950727
-0.080185801
0.044073544
-0.060465857
0.0046114614
0.014290946
-0.027514588
-0.12705947
-0.024952617
0.0037950252
0.022087747
0.088077977
-0.03886909
-0.031972203
-0.023044569
-0.024980921
0.018384449
0.053293947
0.07355877
0.039463174
0.077454388
0.12285398
0.08998879
0.0082140099
-0.009677262
-0.042466108
-0.065115511
0.072751142
-0.013957557
0.022383312
-0.011809101
0.012936382
-0.044892836
-0.093115918
0.030703308
-0.028914966
-0.051300686
0.012149668
0.022569956
-0.076157704
0.017901378
0.042370997
-0.076631032
-0.059739619
-0.074772581
-0.016410276
-0.018155433
0.052971803
0.078979634
-0.044946451
-0.0025445493
-0.078150615
0.031470586
-0.040658016
0.03474639
0.041486792
0.032720756
-0.0034403515
0.086292185
-0.02447514
-0.01444608
0.0085921865
0.041359171
-0.042284694
-0.28054541
0.069691874
-0.055398945
0.040344402
0.069378443
0.011266965
0.024626741
-0.052734036
-0.056471568
0.022671532
-0.1410654
-0.017270159
0.065905303
-0.03241723
-0.071194977
-0.011186188
0.089770578
0.030397881
0.055313218
0.010953465
-0.049272127
-0.010147002
0.0033058689
-0.018417824
-0.0230757
0.019531386
0.093477987
0.0040724268
-0.10818076
-0.02848044
0.1030172
0.040689576
-0.053938612
0.038710199
0.061904572
-0.011117434
0.023428347
0.048655611
-0.12040742
-0.036649555
0.12290524
0.091893911
0.0042765066
-0.073935919
-0.075068511
0.085581452
0.055037424
-0.19823569
-0.090501495
-0.004082792
0.023363423
0.093119144
0.010629963
-0.060225442
0.014516571
0.15102693
0.015096056
-0.10616513
0.097488634
-0.045485459
0.045365758
0.10504313
-0.041006748
-0.05671617
-0.019326873
0.05950826
0.075275183
-0.0070865634
0.035928611
-0.02759696
0.013248132
0.049506444
-0.080546744
0.12384927
0.032110613
-0.0091503188
-0.077778146
0.039542992
0.055941723
-0.027025631
0.057276584
0.0085277278
0.082393833
0.048546821
-0.056689732
0.033662815
-0.14380369
-0.24363908
0.1307701
0.031733714
0.072547473
-0.02895863
0.018376544
0.10501098
0.04869321
-0.041234352
-0.0036888761
0.12075596
-0.0021727895
-0.011199939
-0.022542294
0.047774911
-0.048979785
0.032307021
-0.038776375
0.019901184
-0.051562998
-0.061434057
-0.044646975
0.0415744
0.076601051
0.031276993
0.072067052
0.062001359
-0.01238605
-0.0327284
-0.1331124
-0.11285508
-0.10760294
-0.063887343
0.022387283
0.0078970231
0.078322381
0.064257696
-0.004833132
-0.051671512
0.045065749
0.025865702
-0.021334326
0.042575318
0.096791431
-0.021031715
-0.038116664
-0.12246633
-0.070334777
0.027297664
-0.0011198231
-0.0024647061
0.083086684
-0.11502162
0.058673192
0.063499011
-0.13382106
-0.057015717
-0.033409305
0.036294598
-0.066163294
0.09859103
0.0021306276
-0.034589581
0.10389004
-0.088073097
-0.032681365
0.074862301
-0.13699615
-0.15349682
-0.1550412
-0.0080711283
-0.10018707
-0.06242276
-0.011067233
-0.024555156
0.019821951
-0.032538678
-0.11823078
-0.074849002
-0.062924087
-0.01385737
0.13289626
-0.084304906
0.044084419
-0.11980798
0.047008336
0.096038781
-0.023505935
-0.0094758654
0.017704422
0.012166641
0.060943928
-0.075657807
-0.082036458
0.026594197
0.056682549
-0.018183623
-0.034824345
-0.10569701
-0.030319314
-0.035176668
-0.013329744
0.030943908
0.094235927
0.0042567095
-0.09911526
-0.059488218
-0.046821628
0.10609131
0.089496829
-0.21005635
0.044358417
-0.00010546218
0.11244708
0.029088764
0.097661674
0.040653467
-0.076092876
-0.05231585
0.095178582
-0.059238032
0.16502681
-0.047182333
0.0069677043
0.0250904
0.042827848
0.032672856
-0.079179958
-0.17192692
0.033352133
0.0072446759
0.085838124
0.021601878
-0.072779126
0.07382337
-0.10243938
-0.0024463423
0.019809939
-0.076522648
0.062470164
0.086523555
0.10808171
-0.0068367524
0.043133147
-0.023760984
-0.045323376
0.028563349
0.040985398
-0.11359946
-0.02348219
0.072440021
-0.031037711
0.012574667
-0.042601276
-0.033928122
-0.20383765
0.021597711
-0.078694537
0.081821814
-0.088233829
-0.079940952
0.022984931
-0.14456452
-0.070292845
0.053715765
-0.047198609
-0.0065854578
-0.007961968
0.087350428
-0.12722772
-0.049256641
-0.0029491482
-0.047101963
0.0013852005
0.084366649
0.10329299
0.035154726
-0.12803273
0.090220235
-0.15107106
0.041031227
0.025449196
-0.047603361
-0.090701863
0.12099466
-0.043848384
0.075400576
0.032952774
0.047949456
0.018681716
0.094688177
-0.10569925
-0.003849169
0.0042635361
0.027314452
0.059249513
-0.0017530269
0.048747592
0.046574309
0.055997942
0.03979148
0.10948005
-0.075941369
-0.042548176
-0.025739992
-0.074739918
-0.018776078
-0.12505578
0.0036029574
0.10032253
0.048703641
-0.037811346
0.084366806
-0.0086922087
0.07586661
-0.077112734
-0.029522656
0.00086514582
-0.11322928
-0.089946821
0.096749529
-0.17784964
-0.013620776
0.016771834
-0.015126743
0.017064204
0.059830122
-0.045907605
-0.07087519
0.093634501
0.067125633
-0.027986079
-0.019419307
-0.046074919
0.007281255
0.076075383
0.049836881
-0.044682845
-0.071929552
-0.15405548
0.013919185
-0.12261803
0.013583006
0.091502242
0.0025443488
0.03138382
-0.074227102
0.095625959
-0.0011548193
-0.066285841
-0.0085877357
-0.0031446724
-0.035643332
-0.13480978
0.0054086363
0.00088633527
-0.027676657
0.11185805
-0.064716443
0.050601229
0.0029100107
0.031174349
-0.04214697
0.068065807
-0.056463905
-0.028446238
-0.10324696
0.040676836
0.030504666
0.10250609
0.024417056
0.0053923256
0.01124751
-0.015784027
-0.052199803
0.024937598
-0.093291983
0.028988689
0.1489729
0.10203832
-0.024341272
-0.050866485
-0.059469059
0.088455811
-0.079887874
-0.033647493
-0.045938656
-0.007926221
0.073904909
-0.040162075
-0.029625744
0.006928354
0.018408585
0.036936708
-0.0063559473
0.023845157
0.011843381
0.010290776
0.0024006192
-0.059139013
-0.14891982
0.10998402
0.033717338
0.021473877
0.014651783
-0.041295938
-0.038745336
-0.019986846
0.011983857
0.024857944
-0.062016279
-0.078614019
-0.030130185
0.0044794185
0.018402429
-0.014513084
0.081538066
-0.014218696
-0.039949603
0.051301658
0.03122763
-0.0048155901
-0.021103716
0.098784976
-0.0085475175
0.071493402
0.038992599
0.053725351
0.10504909
0.17387392
-0.040856961
-0.064273015
0.069816425
0.050532624
-0.0080047995
-0.069742903
0.046639331
0.042387545
0.050808061
-0.036214422
-0.088030413
-0.01099328
0.003696867
0.094185188
-0.09007062
0.045693457
-0.061725914
0.085546479
-0.022029899
0.078818649
0.0096847164
0.024283249
0.15439528
0.0062655425
-0.048081778
0.073285118
-0.010167897
0.091827862
-0.020566395
-0.15236099
0.005356682
-0.049025189
0.040973034
0.082715191
-0.0036553231
0.045938462
-0.044090699
-0.060356967
0.067007847
0.027385814
-0.033278856
0.023014504
0.040801063
0.057611689
0.06569086
0.083328828
-0.058126982
0.0084584961
0.077998728
-0.010455032
-0.0090514086
0.041710313
0.046853539
0.035179012
-0.11921565
0.069306836
0.0048660599
0.07155405
-0.038936622
-0.0031446
-0.026936356
0.014357048
-0.098545916
-0.20882754
0.10472134
-0.0045217043
-0.0038223767
0.031315278
0.030129507
0.067089118
0.010483007
-0.019100418
-0.054971069
-0.04657561
0.18142217
0.0084456606
0.031233795
0.070575416
-0.042831384
0.031759538
0.010454852
0.0489548
0.045118526
-0.049507529
-0.034647509
0.050344441
0.0076341247
0.012571352
-0.027030675
-0.017510802
-0.14323077
0.021186257
0.0073101236
-0.032037955
0.042244192
0.015308087
-0.018752797
0.064338356
-0.074134588
-0.037855651
0.032374363
-0.13481538
-0.032563336
-0.0096180132
0.11812504
0.053263932
-0.075624451
-0.00099375809
0.0079539204
0.025836948
-0.037950501
-0.027853314
0.014886619
-0.010611905
0.12261295
0.056742214
-0.049259696
-0.0083434265
0.11180558
-0.0399631
-0.038407288
0.072465949
-0.18329425
0.022740155
-0.0039455276
0.12443105
0.020295698
-0.037003737
0.099123441
0.066506386
-0.10637689
-0.079396561
-0.088666908
-0.050039921
0.052448295
-0.20973237
0.20567513
-0.022007482
0.089042768
0.19760115
-0.046932984
0.033480745
-0.13359201
0.083568178
-0.13194416
-0.025243778
0.12910342
0.071365751
-0.10062598
0.006586561
0.11121045
-0.047875199
0.019165933
0.036359183
0.20128617
0.11903305
-0.059231285
-0.07671687
-0.088573009
-0.1005019
0.070283778
-0.047931425
-0.070964985
0.13938181
0.0099818697
0.039350439
0.093155809
-0.046222225
0.054001383
-0.015249181
0.13184085
-0.071829259
0.016872244
-0.11022954
0.020589788
0.05346312
0.085559845
0.040860478
0.11926124
-0.028526038
-0.0643273
0.16676344
0.10249422
-0.037668835
0.01006462
-0.023411538
-0.053645823
0.015485055
0.045921877
0.074604183
-0.026206983
-0.054046419
0.085609794
0.0033414878
-0.031586297
0.077003233
0.056444742
0.057144519
-0.15189271
-0.086914077
-0.1080441
0.094998419
0.10302646
0.036626723
0.13844958
0.28241929
0.0040739095
0.051807996
0.06766741
0.09042602
0.06133382
0.16758923
-0.037162349
-0.053895343
-0.13950008
-0.053674296
-0.070678763
0.059133697
-0.13689156
0.10720759
-0.028087568
0.1112636
-0.18046279
-0.039291639
0.050702214
0.038074691
-0.004296273
-0.010242452
-0.051873177
-0.020283127
0.088654824
0.057871964
-0.087065116
0.042502679
0.061341643
-0.030814709
-0.10029899
0.053392936
-0.0023819637
0.013200897
0.12178656
0.054999031
0.1364484
0.063426651
-0.030656924
0.015672944
-0.05831616
-0.029265065
-0.10230262
0.1218852
-0.027853858
0.014864937
0.042893186
-0.013986165
-0.032034054
-0.13197751
-0.11362751
0.22176296
0.10634203
-0.01045042
0.060462315
-0.070586309
0.013752053
0.015317639
0.083865978
0.078904808
-0.059553929
0.15249766
-0.082818881
0.09878137
0.049231201
0.022530233
-0.049916904
-0.15511394
-0.10593081
-0.018643498
0.02833184
0.078832656
0.0059847035
0.016264698
-0.1735089
0.12606609
0.16614239
0.12195934
-0.025367366
0.048753344
0.068854704
0.022353886
0.033691909
-0.073460832
0.03131723
0.029803064
0.1342212
-0.0098303938
0.13397279
0.039526697
-0.0011851632
0.039717142
-0.11160237
-0.063340813
-0.065676555
-0.069868721
0.084447324
0.041445129
-0.030276611
0.06012867
0.025665723
-0.016069407
-0.092454001
-0.0026198458
-0.01035957
-0.025648195
-0.12080579
-0.0010600992
0.080017716
-0.044297833
0.10219193
0.051012304
0.0050790822
0.074282378
0.071097501
-0.059676114
-0.028239936
0.11370669
0.0024216126
0.045571748
-0.017618952
-0.098231494
0.044376891
0.098485626
-0.0044370107
-0.032498527
-0.15267782
0.052659482
-0.001374058
0.067201078
-0.070915729
-0.16959541
0.1669526
0.079071693
0.0013816711
0.010444112
0.10037347
-0.22513837
0.086606413
-0.019038459
-0.059196863
0.13912481
0.0055826725
0.05030873
-0.013825686
0.083142936
-0.053470436
-0.041853942
-0.017134275
0.064400375
0.10147933
0.086101845
-0.064346999
0.081425719
-0.017668603
-0.084763147
-0.12243269
0.080074094
-0.013315029
-0.042294223
0.058461268
0.039458618
0.06393633
0.05154305
-0.0016962892
0.17191213