0.015735446
0.027876118
-0.058552653
0.00096937781
0.020509008
0.064792119
-0.030653957
-0.077524647
-0.033465751
-0.010427705
0.058430389
-0.11313082
0.057471149
-0.0026881371
-0.088171154
0.050971735
0.024777474
-0.0024185386
0.047134146
0.0084017403
-0.030141983
-0.043854911
-0.017149925
-0.06612578
0.011478053
-0.11670867
-0.029418863
-0.012799442
0.050998252
-0.030214442
0.020590169
-0.0019914398
0.02178489
0.073931009
0.039258409
-0.056104202
0.039407939
0.014243996
0.016149763
-0.0059648738
-0.036504325
-0.013425542
0.012386488
0.037742991
-0.03442004
0.012490185
0.017022645
-0.064533472
-0.029929124
0.028736843
-0.015010145
-0.11021435
-0.023884071
-0.095296033
-0.0071911034
0.0027493602
-0.00389293
-0.14845544
0.0092710759
-0.043720849
0.0043672491
-0.0037517417
-0.021289239
0.046345118
0.064418428
-0.042936161
-0.026736895
0.0077851978
0.02384874
-0.078727968
0.047112416
0.058866207
-0.071998879
-0.036604669
0.027828025
0.090613477
0.057288207
0.026153773
0.041571967
0.0017407709
0.028351363
-0.031326558
0.072495162
-0.013304008
0.027574431
0.0099509703
-0.040848099
0.061163969
0.050391506
-0.071414597
-0.045897622
0.020727826
0.03330699
-0.014139291
0.068167061
-0.032329921
-0.089607589
-0.14540242
0.020332517
0.061426613
0.021254022
-0.0016739734
-0.027751848
-0.015147443
-0.026466463
-0.016566621
0.050677277
0.038857229
-0.040646628
-0.01490655
0.018544558
0.0050808219
0.017090518
0.038641091
0.018536642
0.061305694
-0.045867514
-0.041386262
0.046592869
0.019643227
0.11161304
-0.055763494
0.042135317
0.017424675
-0.014507806
0.01404039
-0.0160545
-0.013225432
0.033171307
0.030166404
-0.053803485
0.023005128
-0.064907372
-0.11784956
0.042182788
-0.024782766
0.038630635
0.021477602
0.14605667
-0.085684292
0.10377607
0.15008418
0.014352224
0.11044288
-0.0060823453
0.0043192618
-0.037183892
0.053578671
-0.087243505
0.020720942
0.072525047
-0.053917099
0.041853357
-0.17296705
-0.039319739
0.002312084
-0.012193975
0.048660237
0.036084738
0.019349078
0.028394548
-0.024454834
0.040613759
-0.02466239
0.040487759
0.094103165
-0.024073806
0.050229602
-0.014618396
0.003166578
-0.042414516
0.10052554
-0.13479815
-0.03333772
0.033786871
0.048036058
0.004106265
-0.0040405612
0.01452117
-0.032917209
0.0065891063
0.055666491
-0.078909718
0.02083067
0.039525751
-0.050051626
0.058339141
0.056856766
0.044395734
0.0062765526
0.018217169
0.027031809
0.086857237
0.023985073
0.0052679419
0.05773852
0.086605944
0.053379178
0.082587458
-0.024903851
-0.062343992
-0.011694252
0.016608333
0.079982169
0.041028339
0.03472361
-0.044042308
0.018597053
-0.0057212445
0.054016151
0.11540459
-0.0057844254
0.093113527
-0.073630452
-0.12897484
-0.031459242
0.075075291
-0.038757913
0.036353204
-0.0024287801
0.015237472
0.0306898
0.084725782
-0.090565853
0.0052632233
-0.074217193
-0.0050004595
0.023029344
-0.0073647229
-0.020142568
0.07151714
0.0098289875
-0.04109706
0.079351015
-0.01417663
-0.017639833
-0.021176057
-0.016798347
0.095760934
0.096744761
-0.081201948
0.10628472
0.083325483
-0.035697889
-0.040126693
0.043788865
0.11678086
-0.004210528
0.00060432067
-0.025963282
0.10632394
-0.049434438
0.11472973
-0.0016453904
-0.057408769
0.062532462
-0.063871637
-0.035263937
0.062016893
0.012416096
0.053467583
0.046468768
0.0090311486
-0.039345741
-0.10129613
-0.090878569
0.098648496
0.015645474
0.12716356
-0.0068160146
-0.017828185
0.10204618
-0.037161149
0.0013746836
-0.056488261
-0.0060106926
-0.0048520654
0.02662883
0.036234464
-0.049264859
-0.007488389
-0.059499167
-0.095627502
0.013811925
0.052358449
-0.017877817
-0.017510314
0.053918872
0.072640166
0.089403994
0.078755699
-0.075233951
-0.0058650379
0.021665072
-0.10873473
-0.023165915
-0.10479103
-0.11444442
-0.037363723
0.051876612
-0.10946675
-0.10941256
0.082008436
0.051522352
0.020442022
-0.0051716361
-0.0079167169
-0.041235834
0.00072108407
0.003591035
0.0016363872
-0.0011537403
0.088384919
-0.097420856
-0.010446697
-0.10904592
0.040890094
0.020108161
0.033178102
0.049523238
0.019841952
-0.047874473
-0.036436621
0.022311198
0.059025314
-0.10999972
0.021167835
0.086006306
-0.10746977
-0.037243847
-0.018598782
0.10637026
0.038418129
0.061268251
-0.017562568
-0.025243968
0.077309132
-0.0040999111
0.06980855
-0.20535454
0.0073483842
0.024875397
-0.099834166
0.073849589
-0.10193601
-0.068524346
-0.0037852416
-0.15545957
0.079821333
0.059393737
0.014216725
-0.2077498
-0.10141327
-0.09787491
-0.074982747
0.020200495
-0.029879587
-0.016395373
0.14294548
-0.1120782
-0.049160019
-0.016305599
0.099688411
-0.12435976
0.069018498
-0.10986309
0.1139538
-0.0012960997
0.0586305
0.15182513
-0.083812214
-0.044212308
-0.12378476
0.025680788
0.027288551
0.0017240644
0.098484263
-0.042610712
0.058994975
0.068941057
-0.044999249
-0.057120252
-0.096306995
0.010570277
0.004691876
-0.093529373
0.024152709
0.0097279446
-0.0037875127
0.020713571
-0.015239345
-0.0028685902
-0.070876218
-0.048352566
-0.00068629388
0.088663124
-0.029112032
-0.10228411
-0.0021230618
-0.0018677469
-0.043282609
0.031160532
0.014880477
-0.085722551
-0.01794895
0.095451787
-0.04426406
0.078051299
-0.061758265
-0.0081087332
-0.05129692
0.013587094
-0.027746094
-0.0060373545
-0.010251242
0.051692646
0.024067137
0.0047224723
0.072800882
0.014262753
0.03303938
0.02909028
-0.04015116
0.029441793
-0.0053727073
-0.012619986
0.052541111
-0.042928632
-0.061187595
-0.022540906
-0.016524294
-0.16188206
-0.014649129
-0.059452612
0.015840702
0.063622683
-0.03520634
0.039498113
0.014833526
0.10123059
-0.013127185
-0.077996932
-0.038255099
-0.14461143
0.0045439471
0.08851774
0.088629633
-0.071743183
-0.11821985
0.025214279
-0.0091611687
0.08105202
0.055926498
0.0013905788
0.040270343
-0.05075248
-0.023232676
-0.046388391
0.01162312
-0.10798807
0.054788392
0.0011399533
-0.017228169
0.0024154293
0.01544549
-0.017940516
0.039413225
-0.018570814
-0.062508143
0.0074728355
0.060817897
0.013889661
0.059346631
0.031063017
-0.032829937
0.036701769
-0.027258847
0.0017758762
0.015242008
-0.074541017
0.10329343
0.1084599
-0.015823064
0.0053635985
0.00050458004
0.029922836
-0.001701787
0.00933675
-0.0025799158
-0.024336601
-0.082132071
0.075930871
0.0054634474
-0.052970044
-0.00019529094
0.010463264
0.038523246
-0.00017658753
0.020674054
0.032729167
-0.0036772345
0.036095738
0.0099977013
0.088781126
-0.016200375
-0.028635772
-0.08769989
0.09627156
0.039909191
0.01698808
0.0091562225
-0.10029971
-0.022823434
0.0031602529
0.069036789
0.019315325
0.083176717
0.0023315107
0.00044300797
0.0061691096
-0.06177064
-0.072282888
-0.032908849
-0.14454019
-0.1390361
-0.04735953
-0.0065834895
-0.046549257
-0.009814675
0.0031244787
-0.039227027
-0.17903501
0.0080367094
-0.039953548
-0.061325878
-0.087142885
-0.025318079
-0.13819866
0.11595704
0.052742694
0.0078370115
0.11523238
-0.0049536778
0.078452662
-0.0078840554
-0.028893728
-0.10844836
0.010040981
-0.069063693
-0.050245654
-0.090566501
0.12796752
0.022697086
-0.0647102
0.19001013
-0.1202723
-0.085951559
0.018285394
0.0087686088
-0.076893441
-0.088212334
-0.018568153
0.064287446
-0.021714231
0.04879225
0.036652025
0.0040045339
0.15746675
-0.042576876
-0.033071171
-0.1153183
-0.11602151
0.0012726429
0.0515281
0.020591095
-0.058695372
0.099297516
-0.017863665
0.097941466
0.0071627581
0.024620654
-0.031509813
0.06565208
-0.097605348
-0.045740388
-0.018486749
0.051806923
0.058443341
0.090368271
-0.045699418
-0.028103787
-0.032961335
-0.18350774
0.01509785
0.088019088
0.050235394
-0.098810606
0.050331619
-0.18673371
-0.066743083
-0.04446768
-0.020087194
0.042426959
-0.11632357
-0.035443615
0.083394594
-0.1257409
-0.10778128
0.017740527
-0.062940843
0.0070538856
-0.1113004
0.10056055
-0.075366959
0.061322842
-0.061504886
-0.030084839
0.018368578
0.045028925
0.04780231
-0.08836484
0.044347201
0.037484348
0.12998086
0.069863416
0.00073849916
-0.023294268
0.14163606
-0.085199811
0.029892111
0.052431926
0.066192254
-0.13327624
-0.087309591
0.00313333
0.09896066
0.060312334
-0.12500332
-0.042994712
0.068523131
-0.044070527
0.012879374
-0.07656049
-0.084552526
-0.014954849
0.030954806
0.0081047062
0.020809617
-0.018144393
-0.0032187519
0.0085048452
0.0091515584
0.0058685998
-0.070632257
-0.06066218
-0.029088615
0.098978072
0.049954932
0.0074175093
0.06545075
0.014371936
0.013984092
-0.0056642811
-0.010836951
0.007828095
-0.0038181092
0.026809432
0.060691871
-0.027950084
-0.11592271
0.03967943
-0.017531838
-0.11452655
0.035137463
0.033040769
0.026460057
0.055968419
-0.010852702
0.072816938
-0.021984551
0.04973365
0.0056792982
-0.11205534
0.01116912
0.040475693
0.024964554
-0.053775236
0.045383584
0.068747155
-0.0046529984
-0.059808627
0.061802022
-0.042814355
-0.0067349798
0.0037215741
-0.0071561392
-0.053324323
-0.0099765705
0.018210577
-0.02558336
-0.031844884
-0.034484763
0.043675873
0.060329743
0.017068738
-0.027480675
-0.044033203
-0.018516794
-0.061895154
-0.073975317
-0.060808856
-0.023822481
0.05972426
-0.072318234
-0.052976783
-0.033306304
0.071492322
-0.077072494
-0.044182293
0.052708194
0.032675594
0.0088197282
-0.093389027
-0.090491354
-0.037029251
0.00032417267
0.030539535
-0.012408462
0.03929092
0.02485342
-0.033283874
0.033061028
0.02065911
-0.050589718
-0.018942298
0.049760491
0.0086587882
0.016494114
-0.021116242
0.11259374
0.029248301
0.018930875
-0.1442807
0.017200446
0.034057796
-0.094301671
-0.013213876
0.023777468
0.056265529
0.038951483
0.041147228
-0.08188235
0.0006873043
-0.019733414
0.063688196
0.089185737
0.042744007
-0.054985788
-0.0064518047
0.011252869
0.0063422434
0.0070271241
-0.063027382
-0.041703034
-0.040789127
-0.018464616
-0.0083078388
-0.0907754
-0.11219776
-0.0062221419
0.014867707
0.014049306
0.070397161
0.012861754
0.041930035
0.036961738
-0.044325765
-0.0099525228
0.019801972
-0.040397581
-0.09304145
0.04082188
-0.043893639
-0.024871418
-0.072813451
-0.024096159
-0.014896738
0.0041942811
0.019895174
-0.062875196
0.064027324
-0.020825919
0.086418211
0.035702854
0.0058375956
-0.079967655
0.062858082
0.098000586
0.040724419
-0.032568615
-0.056596801
0.028246967
0.041787442
0.094948821
0.019442273
-0.0048706206
-0.039066728
0.033670399
-0.03118345
-0.050386053
0.058784109
0.014137629
-0.12155329
-0.026977288
-0.038101625
-0.045625523
0.016592104
-0.070638634
0.0038884077
0.0081521105
-0.074658245
0.0707293
0.043250609
0.073482051
-0.050800625
-0.01090353
-0.090198971
0.017859433
0.00032172518
0.061628606
0.03795277
0.070397303
-0.00028908992
-0.05476084
-0.045145307
0.063043833
-0.039028749
0.033351865
0.031933688
-0.05670964
-0.11508695
0.012227062
0.037922896
0.035321303
0.086762227
0.037140623
-0.0083566876
-0.048730183
-0.020370955
-0.026496798
0.076126046
-0.065944247
-0.041421317
0.06394615
-0.082515799
0.02974241
0.016648639
-0.041046862
-0.0017422595
-0.040639158
0.021132691
0.075764105
-0.052229647
-0.028073912
-0.014065892
-0.0030515951
0.0013102735
-0.072012916
-0.029467059
0.029638402
0.0041434742
0.0042685233
-0.031034293
-0.0052523799
0.067863643
0.032289315
-0.0011903018
-0.049347457
0.038995411
0.023253843
0.055936515
-0.1004881
-0.020917287
0.10913561
-0.091847293
0.013923783
-0.014042018
0.052743606
-0.027200427
0.012556293
0.027910696
0.039980862
0.026414737
-0.023340931
-0.043139979
0.030356983
-0.0650298
-0.059336577
0.087815225
0.022367286
-0.021420706
0.028795756
-0.036745481
0.074877992
-0.015281227
-0.085013837
-0.03252165
0.034158252
-0.056371115
0.030941484
0.066461951
-0.038819559
0.037873399
0.040699948
-0.063347332
0.065046377
-0.012614489
-0.15785414
0.017532356
0.045210283
0.012468666
-0.03263016
0.058549717
0.045425106
-0.054685868
0.15470646
-0.18020882
-0.0041687391
0.015875349
-0.077243589
-0.042189557
0.054519102
-0.093107529
-0.16984378
-0.041114975
0.15587679
0.01258338
-0.013628275
0.075985357
-0.017784026
0.060148817
0.23096357
0.057273921
-0.078497782
0.10842981
-0.017888656
0.0052926647
0.053689316
-0.0077558523
0.051173784
-0.075351946
0.051412847
0.00097439421
0.043065563
-0.097172029
0.035702225
0.038975943
-0.047300018
0.070534073
0.054744136
-0.080036499
0.061692495
-0.22001661
0.011415159
0.11806127
-0.066573091
0.10129242
0.083235756
0.081903853
-0.066963509
-0.12061737
0.1075234
0.020027645
0.11103486
-0.033951912
-0.08437182
-0.083316274
0.06708423
0.14190087
-0.0054764771
-0.15465584
-0.066459611
-0.024853729
0.056179039
-0.042130899
0.016181305
0.1229331
0.028426969
-0.059775341
0.14472537
-0.14659856
-0.032347728
0.12186909
-0.073930942
0.14058913
-0.016898755
-0.14417711
-0.0032408626
0.0014845333
-0.082961023
0.01694783
0.033170845
0.010555355
0.061676286
-0.0041890545
0.028315723
-0.022706125
-0.026825633
-0.008826009
0.020474037
-0.035702821
0.025239898
-0.043479804
0.12093312
0.067745253
0.073376179
-0.053353425
0.05697329
0.010884039
0.077722631
0.020443246
-0.055431962
-0.033173453
0.0028381951
0.041744221
0.030757651
-0.057801977
0.019806221
0.071727537
-0.059486877
0.05081436
0.065075137
0.038769215
0.033753857
-0.047022741
0.038723838
0.035616592
-0.087236643
-0.030635107
-0.24789809
-0.054987278
-0.054693408
0.025745595
0.0060816901
0.025727807
0.028033489
-0.10103659
-0.010148638
0.014512333
0.036018457
0.12709136
0.032707751
-0.048880532
0.012950056
0.022925602
-0.090762533
-0.056713041
-0.12962936
-0.039898619
-0.0046756854
-0.097670525
0.0036154019
0.018577028
-0.011064658
0.047882348
0.10364326
0.051931817
-0.14441659
-0.04174605
0.024401389
0.0012626583
-0.15217075
-0.021708937
0.047674395
-0.056534842
0.037562504
-0.0013279025
-0.090499267
0.037404846
-0.034899469
-0.0054590483
-0.07868237
-0.1427245
-0.064220421
-0.10915854
-0.0041699708
-0.006718833
-0.075248875
0.018013649
0.013369801
0.063813135
-0.031811658
0.020083606
-0.083563685
-0.061644688
0.092051946
0.064296953
-0.035578683
0.10506664
-0.11603229
-0.084129013
-0.053531919
0.047729895
0.021933062
-0.091477819
0.080578126
-0.089301124
-0.10093571
0.0045651323
-0.01452077
0.015990755
-0.033327647
0.068932123
-0.00041262186
-0.049811874
-0.19160445
-0.15851073
-0.021145562
0.01638799
0.072988354
0.059158806
0.11340767
-0.0080799479
-0.15955245
0.05564877
-0.0022500202
-0.065190263
0.028850047
0.045553163
-0.019984663
-0.048576366
-0.11855272
0.035552189
0.014034765
-0.026059901
-0.074854232
0.13363367
-0.036811914
0.036581948
-0.019610696
0.048581108
-0.072933815
0.011098117
0.011507401
0.084647633
0.11249118
0.006924035
0.013731305
0.046372607
0.065418467
0.038745396
-0.018588843
0.014687108
-0.013133311
-0.019664705
0.03007107
0.03147085
-0.061782137
-0.023827147
0.0024437823
-0.1705358
-0.043681171
0.035720062
0.063006058
-0.04041072
-0.062207505
-0.00033655975
0.043816488
0.012374912
0.080722377
-0.10025222
-0.13619484
0.019751532
0.10176545
0.0034498777
-0.052562375
0.02937194
-0.16938864
-0.039891761
0.0072357031
-0.077622026
-0.019091779
0.035233784
-0.020967713
0.053546164
0.033135887
0.038393266
-0.0021132401
-0.021332456
0.011040749
0.0033661788
0.030605085
-0.019733397
-0.035272323
0.093142502
-0.063890636
-0.05489035
0.026720351
-0.012122344
-0.052252535
-0.10209992
-0.018091282
-0.021465026
-0.11861985
-0.046153523
0.0023754619
0.025643002
0.040189922
0.050278135
-0.16671425
0.0081758192
-0.2242045
0.046787594
-0.01496812
-0.012244381
0.038739543
0.027068228
0.0011584298
0.029978173
0.059037752
0.081585661
-0.12328062
0.022494843
-0.023566581
0.041889165
-0.10007113
-0.0072449478
-0.042688128
0.010733628
-0.02147726
0.018453946
0.015931409
-0.10362691
0.040267657
0.12336528
0.038023729
0.0042589749
0.046614062
0.0027957177
0.059735104
0.078045845
0.012850768
0.0041209711
-0.11968173
0.066077061
0.082515053
0.077520609
-0.14276221
0.015076228
-0.066152684
0.030559326
0.0022307967
0.030074608
-0.04510371
0.0054551461
-0.10239145
0.057077821
0.051081363
0.02905844
0.057432301
0.010778641
-0.010311794
0.09148819
0.063899606
0.060530875
0.080662347
0.054357257
0.034916069
-0.025537116
-0.031409767
0.069820218
0.0012116088
0.044636726
-0.051242042
0.022953989
0.10286685
0.00089367636
-0.0095394347
-0.015647784
-0.021114513
0.036499143
-0.11446545
-0.031136459
-0.0047410666
-0.0058493768
0.040313665
-0.034423374
-0.038760107
0.0030170998
-0.15136188
-0.066830829
0.019915475
0.025122853
0.03884992
-0.016246045
0.012318459
-0.037440941
0.049584061
0.0069187144
-0.01466168
-0.0091085359
0.056465678
-0.065267786
-0.0099423295
-0.019648138
0.11650655
-0.048086293
-0.05757416
-0.0084413122
-0.084798045
0.057755381
-0.11311655
-0.0015858255
-0.07128451
0.079734117
-0.014204325
0.074261554
0.14715151
0.023005035
-0.021992577
0.046774112
-0.016357837
-0.019214954
0.016436439
-0.016629668
-0.06565281
0.063348152
-0.031891644
-0.0050149797
-0.031923596
0.090534747
-0.075716563
0.025204225
-0.1225857
-0.0045847702
0.046548571
0.11970995
0.042296782
-0.14538388
-0.060061954
0.045053478
-0.049458187
0.085767448
-0.04971052
-0.054937929
0.13738798
0.11482611
0.093013451
0.025765335
-0.1098813
-0.041235309
-0.019215465
0.054294929
-0.019414715
0.034981746
-0.0068366998
-0.081806108
0.087488323
-0.036626223
0.02414359
-0.0031560657
0.024986284
-0.037815526
-0.14392678
0.028992916
0.023592995
0.075618647
-0.032439493
0.095678762
0.049617849
-0.11036949
0.061020654
-0.073535584
-0.066624537
0.0080102114
-0.013927137
-0.059645846
-0.049514178
-0.015579021
-0.11276426
0.070890322
0.14738496
-0.03425096
-0.066215448
0.0043469123
0.11576199
-0.062976718
0.01983707
0.026212303
0.058019664
-0.020394215
0.0094824648
-0.061378267
0.014181034
0.03186978
-0.023983588
0.009648582
0.010436508
-0.026467772
-0.053555369
-0.055074606
0.033476233
0.027969118
-0.026240095
0.0056395987
0.043655109
-0.012818509
0.014704224
-0.0078898212
0.056512512
0.044014901
0.056741253
0.001808253
-0.012018243
-0.019392438
0.018696874
0.011304301
0.08949329
0.075209327
-0.090592436
-0.029213751
-0.044665411
0.074711755
0.079201654
-0.043842006
-0.0016682053
-0.083216459
0.028995868
-0.062936313
-0.022640321
0.025189839
0.043443628
0.05391084
-0.020380674
0.026463836
-0.074673459
-0.1820766
-0.0023349323
0.064913318
0.0079560494
-0.13615038
-0.016240807
-0.10757199
0.023794549
-0.027487161
0.088499136
0.092448317
-0.02564236
0.06459932
-0.014137809
0.046540082
0.039746974
0.066946834
0.028373389
-0.04200124
0.027259447
-0.048567604
0.021187093
0.067945533
-0.081675716
-0.018521233
-0.024349617
0.01963182
-0.15201963
-0.18792751
0.079419792
0.10979938
0.11569981
0.12892672
0.036943357
0.11597585
0.07408952
0.19985208
-0.22581586
0.075865597
-0.024826366
-0.058001541
-0.026041232
0.033116281
-0.10465
-0.10540063
-0.0092844469
-0.01525233
-0.061044604
0.014656887
0.046782024
-0.11623704
0.091835074
-0.041479107
0.084454231
-0.0019079988
0.084103107
-0.068359435
-0.029523522
-0.081104442
-0.019761544
0.02861917
-0.16281694
4.9137743e-05
0.07612972
0.043461837
-0.015189217
0.075049534
-0.031383056
-0.078534536
-0.0014850025
0.062095061
-0.05256173
-0.0073198406
-0.0095768217
0.025829092
-0.040240843
-0.060160648
-0.078962453
-0.08474759
-0.053086977
0.02574788
0.10372284
-0.00062126794
0.11025548
-0.15966797
0.022196224
0.076562546
0.011660144
0.057782147
-0.071132176
-0.0051977434
-0.036097296
0.034694109
0.09708751
-0.093417995
-0.1817721
0.094868399
-0.031870581
-0.081549302
0.046534009
-0.029983003
0.022488488
-0.10241672
0.049392365
0.0042521041
-0.032660753
0.092991643
-0.081422411
-0.031940304
-0.036816895
0.022282008
0.062480025
0.031086126
-0.010037258
0.072972678
0.066441432
0.019064598
0.058626868
-0.11125228
0.059485707
0.04648469
0.00083453988
-0.001788915
0.045049861
0.011251361
-0.1051901
0.0020922399
-0.1003472
0.018297337
0.10486574
0.030795088
-0.040414754
0.091599852
-0.0072570224
0.046219919
0.178188
-0.019561742
0.019656241
0.085247807
0.0062066806
-0.021563802
0.019997679
0.029060874
0.051009282
-0.005127463
-0.0016524295
-0.04346646
-0.095554397
0.082483925
-0.049202152
0.023689279
-0.10694027
0.021640966
0.083349839
0.026177576
0.036820684
-0.073194265
-0.10657613
0.0181948
0.0039316388
0.029500388
0.053380787
-0.0046819537
-0.0046069538
-0.016156286
-0.017673204
0.020890845
0.050730895
0.053141106
-0.022026826
0.075524218
-0.042912181
-0.059175599
-0.13667727
-0.051621795
0.037018523
0.11543278
0.038676098
-0.022535283
0.015662497
0.08023075
-0.013919657
0.011583459
0.014838643
-0.022042373
0.038566221
-0.014428184
0.026431326
0.057141185
0.073764458
0.052983776
-0.0092986999
0.044579666
0.031640608
0.016400082
-0.048440043
-0.075639583
0.042995814
0.03769362
0.03958074
-0.0144624
0.0069929371
-0.028237972
-0.015479686
0.043303441
-0.05609804
0.019917196
0.043212153
0.023031252
-0.03237636
0.04473082
-0.00096608396
0.028999049
0.044050373
-0.041885335
-0.017878735
0.046504654
0.081775039
-0.029535115
0.028060442
-0.013713331
0.089932919
-0.060649682
-0.016832978
-0.021799415
-0.17116225
-0.061043646
0.012237709
0.040779486
-0.0058966107
0.026493723
-0.035952259
-0.0010119645
0.10040274
0.078927338
-0.041769017
0.038431983
-0.0038874368
0.052193478
0.021644168
-0.035375323
0.0091521768
0.042845659
0.0050389194
-0.094369762
-0.068580456
0.010513528
0.14539661
0.028173635
0.08721859
0.11097421
0.10349637
0.013044181
0.19626194
-0.065068454
-0.0196754
0.084753171
-0.13390158
0.038598448
0.084420115
-0.042569
0.026382813
-0.038639456
-0.0090760533
0.054790262
-0.074145414
0.07980065
0.13444242
0.0087743644
-0.017284183
0.0069606174
-0.052689239
0.065787591
-0.036224015
-0.089547001
0.094920687
-0.0077062887
-0.023475729
-0.013496844
0.064570159
-0.027711991
-0.035133846
0.12287544
0.1231648
-0.011231956
0.133835
0.0047805072
0.096158229
0.032899771
0.036230817
0.038285721
0.02791702
-0.019628659
0.137567
-0.055548739
-0.13369472
-0.075937741
0.11449438
-0.021399736
-0.013973048
0.057505537
0.13407883
-0.063348018
-0.0061279354
-0.026648201
0.067084394
0.10030171
-0.07225541
0.089606501
0.012641408
-0.11349474
-0.078554191
0.070967294
0.026479166
0.13855991
-0.09983781
0.081328191
-0.0031379468
0.014433155
0.14597459
0.15538807
-0.033893947
-0.017938547
0.12559341
-0.010643561
0.046341635
-0.092194594
-0.056283195
-0.081784956
0.059617653
0.020752065
0.02807511
-0.061584957
0.093444474
0.040041596
-0.045122799
0.15572141
-0.010872031
-0.010857685
0.034724925
-0.12118804
-0.07849329
0.10938989
0.06686227
0.12920795
-0.052772693
-0.071988702
-0.10663367
-0.048072755
0.083041534
-0.023745773
0.0016909454
-0.013369127
0.15888746
0.10316484
0.037523996
0.048874635
0.056743078
0.017984064
-0.11253823
0.025763337
0.095213518
0.030811196
-0.032770015
-0.00044263166
0.076058961
-0.028384401
0.055542115
-0.025872329
-0.25593552
-0.016821068
-0.094380163
0.024313824
0.095044747
0.03025711
-0.039700061
-0.037687264
0.10087743
0.0026971693
-0.046859056
-0.045084298
0.081349194
-0.048258629
0.060532894
-0.096193098
-0.12858813
0.069074973
0.060325004
-0.031969067
0.035260763
-0.073269486
-0.0130586
-0.017385883
-0.10528424
-0.0078513529
-0.019002188
0.023137432
-0.082069665
0.01571738
0.0020802747
0.066084594
0.047200836
-0.0047294209
0.028642049
-0.062250968
-0.014832838
0.031989027
0.027682872
-0.039202619
-0.019821081
0.072182253
-0.014767959
-0.012936668
-0.047879148
0.044200733
-0.010826616
-0.029626453
0.10225722
0.079959825
0.024411783
0.046463206
-0.040426653
0.0023992341
-0.038869664
-0.062102936
0.039417874
0.0058468455
-0.00091525208
-0.070238516
0.059538338
-0.091223024
-0.0004877013
0.012966549
0.00074068067
-0.081433386
0.011852489
0.010504599
0.1264891
-0.042628817
-0.063353635
-0.10722618
0.087817825
0.033000186
0.0030586112
-0.033681203
-0.082957074
-0.10018544
0.013062723
0.087157637
-0.084843174
0.030617751
0.077627726
-0.036802258
0.06335748
-0.011991372
0.043298777
0.049981318
-0.080296569
-0.019316979
-0.047886152
0.055788428
-0.079743527
0.0037890228
0.041425422
0.091189638
-0.0059871417
0.032258846
-0.079799511
0.055769037
-0.010233006
-0.01767143
0.068701483
0.01057275
-0.131135
0.080268368
-0.035331044
0.061753757
-0.021547636
-0.14975336
0.085519195
0.025779039
-0.058831103
0.086077861
-0.11067211
0.13362427
0.035758857
0.037823621
0.035260148
-0.028218126
-0.029443881
-0.022950603
-0.033705033
-0.031260855
0.081730947
0.020464707
0.044965051
-0.016444758
-0.040340982
-0.088547349
-0.016120488
0.081747524
0.031082243
0.12799123
-0.065395094
-0.1238785
0.025119266
-0.052745353
-0.0042854617
-0.025902532
0.040020816
-0.08733809
0.081864856
-0.012334661
-0.12726472
0.059265349
-0.06219336
-0.018624339
-0.063020602
-0.016127121
-0.11866964
-0.054716069
0.11160517
-0.026145658
-0.11324118
0.1087794
0.047598626
0.020147819
-0.0013330881
0.011484427
0.083443098
0.060652979
0.019817419
0.0083308313
0.1157785
0.11058208
0.045317203
0.092766218
-0.034318261
0.010651872
0.013412989
0.021105485
-0.01753344
0.012673467
-0.040757321
-0.0041108602
-0.050539315
-0.08138261
-0.031662386
0.090655513
0.10099889
0.065545708
-0.028467169
0.10521643
-0.035856675
-0.062947467
-0.064107418
0.054641105
0.055689499
0.096268862
0.040797267
-0.14149791
-0.09755215
0.041462425
0.014163129
-0.054039054
0.13664828
0.0035818941
-0.0095571382
0.025031127
0.028941689
-0.01793409
-0.024160987
0.11109965
-0.032831166
0.038473353
-0.073495604
0.026193695
-0.016135663
0.12950683
-0.016008982
0.048401248
-0.00271582
-0.025702512
-0.055124387
0.070097066
0.055140927
0.036679976
0.00302065
-0.013403408
0.059677325
-0.064199813
0.016152915
0.039059594
-0.057642493
-0.077383377
0.061521571
-0.041781813
0.052534863
0.11283461
-0.04777579
-0.029302254
0.01038286
0.052278966
0.026970806
0.099619336
-0.031872541
0.012950412
-0.0034086031
0.070456557
0.085750788
-0.012920336
-0.033298906
0.081151888
0.043439511
-0.028495187
-0.077858508
0.0036130478
-0.010553743
0.00075683952
0.025131701
-0.0039950451
-0.015258193
-0.074945062
-0.020073788
-0.015331998
0.04246261
-0.034521144
-0.018745251
-0.047039885
-0.13399485
-0.045091063
0.088542894
0.00018424485
-0.092037305
-0.04634013
-0.082712807
0.14010593
0.050616384
0.0067947055
-0.091693401
0.053898528
0.0074104569
-0.035002861
0.016984446
-0.014541126
-0.0017191458
-0.0096919136
0.046262931
0.066578746
0.016016971
-0.071639039
-0.021920133
0.026972903
0.044278871
-5.0552604e-05
-0.011481081
0.015694259
-0.032479525
0.080943219
0.053763285
0.11704396
-0.042403959
-0.045224424
0.096500888
-0.0708763
-0.00079435733
-0.042857222
0.051171042
0.01942886
0.066174284
0.086611167
0.030702364
-0.013588856
-0.040406011
-0.031779215
0.017181031
0.035260063
-0.028265864
-0.018065274
0.035027936
0.1077502
-0.0089574503
-0.018626895
-0.016494479
0.016440598
0.03178015
-0.079453744
0.026276965
-0.022672217
0.087016761
0.065961845
-0.12163544
-0.049750838
-0.073106349
-0.043883845
0.026889386
-0.012710482
-0.040242579
0.046769712
0.041219108
-0.018894194
0.072384089
0.05066653
0.02381525
-0.012780418
0.030576555
-0.10617727
0.076855421
0.035841513
0.00063560519
-0.10038938
-0.018438207
0.025131956
-0.041517545
-0.032473069
-0.022095675
0.0041960794
0.028165966
0.073022053
0.11241145
-0.023688786
-0.043172933
0.0063953134
0.024341285
0.10030493
-0.038099606
0.018053047
0.012494733
0.019258063
-0.020338958
0.039073709
-0.017016377
-0.067163646
0.021191323
0.07550773
0.0084440187
-0.14165275
0.010223342
0.10009786
0.034345627
0.12479638
-0.064739674
-0.0058298954
-0.097723439
-0.00093937566
0.019894106
-0.04809843
-0.023302643
0.046844631
-0.068930194
-0.00060858409
0.0094299549
0.0072905011
0.050261799
0.065370128
-0.0133484
-0.025826193
-0.037995771
0.065315619
-0.0063343891
-0.010964437
-0.14511572
-0.039421242
0.004059073
0.075055845
0.039536104
0.065512136
-0.11245592
-0.02744507
-0.13986899
0.0029474266
-0.016241765
0.10602362
-0.01623847
0.034302503
-0.063547619
0.085545607
-0.019348675
-0.020199604
0.012426184
-0.06185025
0.020389829
-0.0019279715
0.016352797
0.00075458287
0.011796639
0.031184666
-0.079382196
-0.023020551
0.00064104842
-0.0090723922
-0.13012454
0.097859643
-0.1941244
0.0072867121
-0.016726421
-0.046313807
-0.041232157
0.082660921
-0.065759651
0.027377104
-0.085266523
0.011210711
0.03423012
0.050493017
0.026733752
-0.0086846463
0.12634544
-0.015131154
-0.17338675
0.013180764
-0.050437488
-0.00044307078
-0.029944601
0.11523114
0.058333296
-0.038435236
0.003832879
-0.017386077
-0.068506166
-0.041912239
-0.15848935
0.013489
-0.0069427066
0.066434756
0.065801993
-0.038829934
0.0016529028
0.1389986
0.077333272
-0.0073957695
-0.080099352
0.024218015
0.069988616
-0.038689557
-0.041146595
-0.018400859
-0.19881542
-0.01354571
-0.094455995
0.14072973
-0.014384259
-0.024176259
-0.091151014
0.052607302
0.13899766
0.011791047
0.027969744
-0.055755686
-0.042669702
-0.059903823
0.0021675501
-0.0054374249
0.030527385
0.043331087
0.033288464
-0.1161858
-0.030099744
-0.036150634
-0.019649543
0.0038565616
-0.0023277337
0.042817116
-0.032046206
0.067110062
0.13413237
-0.067296468
0.07890781
0.071120612
0.084563375
0.03152135
-0.017803179
-0.034596268
-0.0062497966
-0.036529053
0.027607562
0.013813466
0.044018693
-0.027300555
-0.034319654
-0.062314171
-0.013907383
-0.05279192
-0.041370898
0.044492938
-0.012908665
-0.022819525
0.01139854
0.031082684
0.05503108
-0.0071708537
-0.00050538016
0.025449354
0.052180402
0.075040936
0.049410716
-0.00050227257
-0.062316205
0.062503584
-0.02615145
-0.096332125
-0.020134896
-0.019944327
-0.04822471
-0.064103395
-0.13705187
0.030355778
0.077683464
0.11383208
0.064202808
-0.015448431
-0.024485262
-0.044124473
0.085942626
-0.0058904001
-0.035358977
0.097606294
0.066312984
-0.019748537
0.12788716
-0.1326776
0.060460724
-0.026013056
0.045436017
0.031258028
-0.011947419
0.055182561
-0.016394218
-0.17996046
0.039651621
0.022855466
0.099902228
-0.12061731
0.03109747
-0.082397133
-0.070474871
0.030108677
-0.051237334
-0.016146692
0.046078861
0.10730688
0.0013406276
-0.1081095
0.032630086
0.017240267
0.011631568
-0.0060089068
-0.027323347
-0.0030566962
0.010842138
-0.095254242
-0.034089211
-0.061417513
-0.021619841
-0.0022233054
0.0057808063
0.0053234207
-0.027400326
0.049267098
-0.0092025232
0.0025665264
0.037991196
-0.16145411
0.063380584
0.076054648
0.049942624
-0.075061291
0.10880694
-0.06268207
-0.075324781
-0.037175458
0.084329538
0.046442911
-0.055739228
0.038098402
0.016983487
0.02520771
0.049774375
0.0014573605
0.0086233448
-0.01141313
0.049441375
0.08475893
-0.098480523
0.11664487
-0.044957951
0.015301015
0.064802572
-0.011437546
-0.036995653
0.02279518
0.091443509
-0.028962027
-0.033254799
0.039915197
-0.039077148
-0.091284588
0.0083595971
-0.037369817
0.052018646
-0.065540478
-0.020216951
-0.028041076
-0.022376643
0.17283775
0.074004874
0.032225918
-0.017886182
-0.035881829
-0.045695677
0.1137232
0.15014197
-0.098187342
-0.15385875
-0.0068935649
-0.017373884
0.036884982
0.059042111
-0.05472254
0.12587884
-0.13957807
-0.014368901
0.054687198
-0.142371
-0.11941282
0.097082615
-0.063596241
0.099640124
0.066090874
-0.066059463
-0.069643043
-0.11721707
-0.13690691
-0.01129894
-0.0023916275
-0.15612599
-0.054885257
-0.0028225915
-0.035704195
-0.071173593
0.04059542
-0.099438541
-0.12148366
0.091234691
0.081111379
-0.050568011
-0.072992444
-0.066651538
0.1219113
-0.0028808413
0.026204066
-0.14505816
-0.11697841
0.0027883826
0.040783945
-0.026267324
-0.0081997616
0.084033996
-0.08639954
-0.010494273
0.028328834
-0.040066425
-0.024724608
-0.057758238
0.10317925
0.18923131
0.1019981
-0.039129712
0.1638532
0.0019904415
-0.14554432
0.041788667
-0.15440689
-0.069897391
0.072529204
0.0014600474
0.046241593
0.073195502
-0.050990045
0.16471282
-0.0073295659
-0.098573409
-0.029924532
0.025991973
-0.087822609
0.068091452
0.10767858
0.10937115
-0.045038957
-0.13834414
-0.034303002
-0.098879293
0.045452889
-0.019447165
0.048698541
0.027976532
-0.18628088
-0.037371214
0.037253506
-0.0096523268
0.0033703684
-0.076772623
-0.0276307
-0.24150902
-0.047421381
0.095772758
-0.018858558
0.079855502
-0.11472158
0.00074502383
0.077589229
-0.14134172
-0.090405583
0.091883577
0.049337454
-0.11179455
0.046212129
0.090052679
-0.052340236
-0.1943519
-0.041067883
-0.039546881
0.055482551
-0.0093093747
-0.012232195
0.03141617
-0.053866085
0.045470838
-0.041965555
-0.0055299271
0.045662016
0.017910369
-0.0091895983
-0.058522008
-0.015711151
-0.049859907
0.023984773
0.029941276
0.083450869
0.0132301
-0.028079618
-0.03762912
0.012673891
0.059614301
-0.024591524
-0.10830222
0.029504154
-0.021819076
0.069967844
-0.0043282984
0.049478136
-0.075972773
-0.0018922096
0.063117176
0.017178984
-0.093267955
-0.042558387
0.027707191
0.026655909
0.021214526
0.036863845
-0.033081871
0.066109888
0.02069414
0.023408882
0.051810425
-0.066318631
-0.035646696
0.045846503
0.027879104
-0.0035654153
-0.097187728
-0.0023023151
-0.024246221
-0.0112008
-0.00067425449
-0.021309849
-0.069990665
-0.049490795
0.030283498
-0.046558768
-0.00085287035
-0.054844301
0.071596868
-0.036232177
-0.049600594
-0.052846525
0.037570879
-0.087101363
-0.0018033319
-0.056275584
-0.0099944007
0.033638403
-0.044016052
0.025658296
-0.016522244
0.056044582
-0.02032204
0.014164242
0.0083160093
-0.016867852
0.022661639
0.00073633541
-0.065336168
-0.029566918
-0.1196395
0.030199451
-0.026353212
0.079738408
-0.0001544038
0.044308156
-0.041444696
0.0085484013
0.038995493
0.087760076
-0.049235303
-0.0063258656
0.0010625951
-0.049177807
0.055940382
-0.04508204
-0.045548469
-0.051724169
-0.0087775365
0.0037067104
0.064460196
-0.0054295198
0.015827751
0.015910296
-0.034806285
0.067516848
0.017871503
-0.10232179
0.03506048
0.019741312
0.0050568916
0.020624636
-0.010698311
0.0015919229
0.044707667
-0.067831665
0.056074768
-0.040161092
0.041824419
-0.023935704
-0.0090509979
0.056190085
-0.11149547
-0.019290712
0.04003774
0.017623305
0.078814588
0.12607573
-0.078791082
5.2829841e-05
-0.033600807
-0.092118241
-0.036663696
-0.003976617
-0.14004579
-0.062756293
0.062994167
0.045212358
0.034385134
0.025482604
0.002244072
0.010637361
0.070244558
0.1758763
0.05280507
0.029624075
-0.074545629
-0.038826831
0.1078378
0.051124867
0.076124042
-0.11876338
-0.11787304
-0.13688387
-0.0018451527
0.036766157
-0.060964562
0.020503649
0.054243218
0.10261381
0.036360886
0.10085507
-0.090802833
-0.029197918
-0.0063974275
0.037303943
0.018135823
-0.034521639
-0.015747678
0.023997178
0.082457826
0.024279825
-0.083923273
0.069827192
0.072890446
0.034703404
0.0058118491
-2.9551727e-05
-0.015413146
0.087944776
0.061364166
0.0023903402
0.065666191
-0.0046182568
0.048469622
0.052316081
0.02135255
0.088413708
0.11730024
-0.04795574
-0.03073593
0.10370066
0.060637251
0.025486715
-0.031040773
0.091598324
-0.001304978
-0.02277134
0.07970269
0.17459555
0.054201849
-0.082726657
0.16319135
0.010286926
-0.095945045
0.0073739234
0.068524823
0.072663397
0.013173868
-0.034953747
0.058620881
0.033852365
0.040265564
0.023194678
-0.011653101
-0.047326747
0.070503712
0.048805621
0.16461067
0.097124882
-0.044610105
0.10685427
-0.039298978
-0.0078496179
-0.14049283
-0.026652485
0.092103295
0.034976818
0.0015207154
0.05551184
-0.017630169
0.11553678
-0.012708017
-0.02250313
-0.021172041
0.0075255954
0.0038231369
0.022794386
-0.03203392
-0.062152799
0.13194448
0.041470174
-0.10977544
0.052357666
0.040944181
0.021641647
-0.038965572
0.048547741
-0.039548084
-0.047947079
0.041184258
-0.025179887
-0.023277797
0.033943705
0.031713422
0.068589918
-0.0724793
-0.080059022
-0.051355503
0.030011397
-0.027818013
-0.050102759
-0.12058047
-0.10540784
-0.094311535
0.0039505088
0.043755613
-0.10246556
0.040508371
-0.0081247725
-0.073455788
0.13381863
0.021507878
0.012313812
-0.041907065
0.018502126
0.00010187635
0.019964984
0.05011652
0.0056747291
0.036451228
-0.023691196
-0.028058406
0.082056172
-0.024792941
-0.02310144
0.07271374
0.14497945
0.10892636
0.060735844
-0.0041141617
0.022503374
0.057879403
0.070757665
-0.11538425
-0.023082996
0.071597114
-0.039106358
-0.0028610567
0.054474264
-0.02711688
-0.11776361
0.046881396
0.029661054
-0.0093709966
-0.069829077
0.023209196
-0.035290938
-0.024335515
0.014128504
0.054910447
-0.074820541
0.092316002
-0.0029176113
0.079320885
-0.020627048
0.022071742
0.028534986
-0.016225806
-0.009928911
0.056602046
0.026426179
0.043773055
0.02695033
0.061916046
-0.0058493721
-0.0055201063
0.11838593
-0.060400199
-0.0057396716
0.076950289
0.01146457
-0.045828391
-0.088785514
0.0046704337
0.050757602
-0.071581326
-0.048680872
0.009075975
0.17277125
0.0070402385
0.14850926
-0.088893592
0.10042566
0.17149435
0.094105825
0.030564697
0.017107641
-0.023561314
0.082247116
-0.0058903182
-0.0678574
-0.090194121
-0.051815592
0.049970601
0.09721113
0.061365269
-0.086633854
0.041411988
0.14600261
0.068393923
0.031287152
0.074833274
0.026168218
-0.0011451797
-0.053100049
-0.066266052
0.10579758
0.021912893
-0.0036862921
0.02567826
0.14127611
0.026144285
-0.090070516
0.064398855
-0.030850595
0.041449018
0.0084746256
0.072447874
-0.062557869
-0.052662436
-0.09635374
-0.011067014
-0.021723375
0.0764466
-0.017595913
0.07358399
0.072121419
-0.015057278
0.08141984
-0.055084039
-0.087022617
0.0058524497
-0.0059959246
-0.057589348
0.018551342
0.054093126
0.013501558
0.024796262
-0.013229228
-7.2047333e-06
0.027704664
0.038087938
-0.022434924
0.0070885499
0.04360038
-0.10158199
0.019923855
0.0032981946
-0.055216298
0.046971288
-0.074360736
0.044246607
0.043742489
-0.0092444997
-0.053717822
-0.032317739
0.027969398
0.014310445
0.026964013
0.018078165
0.013503471
0.050472807
0.029608347
0.037729289
0.04743702
0.013236928
0.002596719
0.05317628
0.13549019
0.026287127
-0.035335403
0.032318313
0.082377523
0.011517124
-0.041496236
0.015926613
0.0096757021
0.022545204
0.047983903
-0.025159203
-0.029264584
0.028302427
-0.035618339
0.075880401
-0.01455112
-0.057835441
-0.040864971
-0.050513633
0.007319862
0.0049611982
0.0031521483
0.020342449
-0.026660802
0.037014034
0.00067783683
-0.029788794
-0.054344479
-0.081552565
0.0023567164
0.10234197
0.058815755
0.058188148
0.021658491
0.060671598
-0.0023660029
-0.058290869
-0.019264888
-0.023581579
0.082003951
0.066553801
0.0018413647
0.037141077
-0.036173567
0.0090263942
-0.012389948
-0.047769699
0.065285631
0.12969379
-0.066212282
0.0025057942
0.059474967
-0.01938108
-0.03211401
0.038272571
0.026833158
-0.0093956897
-0.12260536
0.031708062
0.06091103
0.065375842
0.020151414
-0.012629534
0.032821707
-0.067434512
0.014526502
0.018986708
-0.010296328
0.11876986
0.045008712
-0.019507287
0.070177317
-0.028612187
-0.011309218
0.031746738
0.054430164
-0.0006060623
-0.065220587
-0.053322848
0.092605606
-0.077911668
0.10096955
0.0076505016
-0.027604235
0.071283057
0.0096277967
0.091040432
0.053230572
0.027604096
0.035538323
-7.3499148e-05
0.020352282
0.005194243
0.046697836
-0.004733454
0.10133365
0.023400936
-0.11173122
0.0083451169
-0.0016946961
0.0062894998
0.041077245
-0.0018069192
0.027697485
0.090301462
-0.013911429
-0.006561846
0.11070846
-0.076430932
-0.0021925357
0.06607601
0.021059476
0.1277701
0.052482899
-0.035401251
-0.079900019
0.015660387
-0.015610656
-0.082671478
0.02526075
0.061982524
-0.035308257
-0.14676253
0.20741774
-0.095644861
-0.0023388562
0.021731878
-0.016352609
-0.016542295
-0.085837111
0.00061875174
0.01266204
0.0037523808
0.06435772
-0.046015903
0.067511208
0.097011827
-0.04806735
-0.079570398
-0.0015648013
-0.046601176
-0.022320405
0.11883376
0.031866271
-0.023218798
0.036327556
0.038972553
0.0059110392
-0.034947496
0.03169664
0.037293538
-0.039752729
-0.029303035
0.011099963
0.052472644
0.038660537
0.022142626
0.044443499
0.069370829
-0.032743827
-0.022176038
-0.019370878
-0.0079533653
0.080319203
0.0085991472
-0.10135899
0.084382005
-0.018554037
-0.023783496
0.034898713
0.0032766946
0.017957438
0.017159818
-0.040152986
0.087481238
-0.029159175
0.0059570251
0.030026892
0.070856988
0.094278313
-0.021986501
0.035615832
-0.034310382
0.13866282
-0.046793155
-0.010181835
0.035428002
0.0065311929
-0.070734367
-0.082089089
-0.015398814
-0.038428556
0.10113464
0.070438571
0.01154991
0.058732614
0.031548653
0.054610562
0.0040806034
0.04033687
-0.032643825
-0.13772435
-0.0056795836
0.033276621
0.075597487
0.083125368
-0.0025369031
0.019602142
0.070172638
0.067252204
-0.018534364
0.05418013
0.077739239
-0.084612481
-0.067652136
0.032452196
0.036321685
0.090945408
0.05825654
0.019781912
-0.0054130103
0.007869143
0.050249413
0.023446424
0.07124415
-0.0039523127
-0.066087112
0.025079941
0.12285613
0.0088477181
-0.066889554
0.071528338
-0.031702448
0.045362957
0.015233547
-0.05577901
-0.070231795
0.0017274884
-0.011045588
0.073718265
0.047946379
0.053013459
0.0092661716
-0.12529893
0.056308426
-0.073781423
0.056174763
-0.031638123
-0.084947266
-0.0058742673
-0.0031347042
0.0498068
0.0047279997
0.0082808444
-0.11390172
-0.0017625627
0.097725034
0.02240802
0.0186885
0.061092269
0.10655614
0.078832015
0.037049621
-0.048046302
0.045655202
0.094941176
0.055040523
-0.0066980962
-0.053678751
-0.03359795
-0.03534703
-0.070724636
-0.043962061
-0.0062614456
0.05004384
0.079874888
0.071797073
0.05007384
0.0022146949
-0.017927866
-0.031731233
-0.061530635
0.0057996139
0.12037746
-0.015963763
-0.091672607
0.064114533
0.082130551
-0.037127577
0.0019131663
-0.059824951
0.033830568
0.041100796
0.029053891
0.04210056
-0.059284505
0.025616067
0.029682411
0.058753476
-0.091865979
0.058882691
-0.04235822
0.054288648
0.023356324
0.10007858
0.058964845
-0.010038361
-0.05237408
-0.055953115
0.029499523
0.025220448
0.064946122
-0.036290366
-0.0090940092
0.066495739
-0.025198905
0.17125176
-0.050443549
0.0017498449
-0.012256655
0.010642509
-0.057198003
-0.065869972
0.0027897637
0.072605252
-0.040391076
-0.023556447
0.080614246
-0.028927224
-0.012592824
-0.013382911
0.11884826
-0.032926902
0.059186377
0.098580055
0.063104868
0.032438073
0.0036433006
0.086989217
-0.09502776
0.10132742
0.085172191
-0.040913563
-0.040670037
-0.16212243
-0.048102699
-0.0075546247
-0.10470997
-0.0053089298
-0.10050652
0.027205212
-2.8618882e-05
-0.070244566
0.11140454
0.0026271946
-0.0069022095
0.064646602
-0.037332334
0.050052393
0.021113522
-0.10876778
-0.066135973
-0.042477299
-0.032761261
0.040830683
0.026990341
-0.034411222
-0.0038620543
-0.022658905
-0.023026336
-0.080998838
-0.035820093
0.048976995
0.057667129
0.077432118
-0.010057154
-0.024276191
0.067592449
0.018532323
0.10913169
-0.022584088
0.092517011
0.09244667
0.087938607
-0.012951969
-0.041318547
-0.023295533
0.016062014
-0.0081136972
-0.0086646462
0.02102245
-0.041877329
-0.0088541191
-0.0069720959
-0.025363615
-0.0098052565
-0.019404111
-0.0081614852
-0.019502021
-0.024193689
-0.066902719
0.038698703
-0.090738505
0.048784669
-0.018005742
0.080253147
-0.10980681
-0.036285471
0.071257047
0.044660013
-0.029065743
0.037502691
-0.038472842
-0.016096624
-0.0075395899
0.060204219
0.04846241
-0.094114192
0.043443762
-0.066247739
-0.060870618
0.026284805
0.015796315
0.094581634
-0.0075803883
-0.1176568
0.060479484
0.0097472584
-0.12918417
-0.061901838
-0.034365639
0.0036202609
0.038500797
-0.061503585
0.011680834
-0.047744818
-0.0046297917
0.10365365
0.0040236642
0.00061283994
-0.04723759
-0.058487061
0.097625606
-0.002353366
0.10155932
0.038810067
-0.0051874542
0.033393878
0.016339405
0.088816576
-0.048469044
-0.038223144
0.086116701
0.030432247
0.0086024227
-0.0026794067
0.055230603
0.016352771
-0.012374615
0.072988361
0.035442241
-0.0057546394
-0.041765157
0.066038422
-0.03812499
-0.050643887
0.090146437
0.0074932217
0.015152462
0.096785799
0.0095490683
0.030125069
-0.041522231
-0.066597238
-0.047787569
0.041379545
-0.0069094435
0.028070625
0.029706849
-0.0050171893
0.036887188
-0.046665452
0.01909172
-0.011555593
0.080786258
-0.016135316
-0.0024343103
0.18595955
0.013712807
-0.048952356
0.046877015
-0.076121598
0.0059397295
0.036750939
0.01468059
0.015528933
-0.051925331
0.10808838
0.085938901
0.054157861
0.04073789
0.0010360077
-0.019586798
-0.022054018
-0.020420374
-0.014777642
-0.035509333
-0.026499886
0.10192557
0.027270908
-0.019594023
0.052527737
0.15466695
-0.046371862
0.012041254
0.097106732
-0.058105256
-0.041108727
0.0052177231
0.02547651
-0.060333584
-0.073655449
0.0093875164
-0.093706958
0.084584199
0.090591252
-0.020108359
0.069049068
0.022690253
0.11307789
-0.062208474
0.072043806
-0.0058418484
0.020580444
0.041702442
0.025946779
0.029220147
-0.1113743
-0.0088378498
0.032310296
0.031293593
0.024538314
0.025837535
0.01701875
0.039347775
0.049363647
-0.028532919
-0.027481874
-0.072984084
0.049522221
0.072491057
-0.0064520212
0.0054640053
-0.033577606
0.060702857
-0.014273441
0.044694647
-0.029220473
-0.029682992
0.058088832
-0.013142206
-0.029578483
-0.062260803
0.039044067
0.014462145
0.024312526
0.018800678
0.021465691
-0.0027771143
-0.09243127
0.0088079758
-0.055483401
-0.10423797
0.0064937626
0.087844506
0.098746456
-0.02413228
0.014654567
0.025052091
-0.015113898
0.031962939
0.017818028
0.048106689
-0.068665601
0.025189592
0.05165932
0.048328094
0.014011991
-0.067432046
-0.051524553
-0.0025463072
-0.066035666
-0.02734933
0.052910075
0.035748217
0.019378804
-0.041307516
0.013574823
-0.098127186
-0.010645235
-0.087497868
-0.023538489
0.029956071
0.033111822
0.045178354
-0.0018381488
-0.0087894136
0.053352822
-0.031296838
0.1189663
-0.0047901184
0.023066785
0.026591625
-0.0168004
0.011346413
0.044040166
-0.0057387953
-0.066794321
-0.014934734
-0.010033194
0.047896776
0.02887154
-0.060417518
0.10409603
0.0015517982
0.039149128
0.083560206
0.028533895
0.0099181728
0.0044845208
0.072127476
0.010513131
-0.020688415
0.088542953
0.03265227
0.030797213
0.035094671
-0.0052949269
-0.1009516
-0.0097796554
0.10469654
0.048748758
0.025578858
-0.071101472
0.035559025
-0.051000953
0.056598198
-0.038807034
0.040050264
0.10790528
0.082638994
0.062482391
0.042861637
-0.15198401
0.0073970063
0.054753397
0.047194522
-0.046196114
0.037341848
0.010762915
-0.019277364
-0.015742671
0.062069889
-0.050539728
-0.023165906
0.019042209
0.051762383
-0.04956783
0.033641379
0.0044610389
0.068652548
-0.00505277
-0.031591833
0.063090727
0.017307699
-0.012952289
0.04008162
0.1082918
-0.011851898
0.10605951
-0.063483559
0.093002997
0.075653799
0.047228277
0.079725102
0.017184058
0.034795962
0.070406906
0.05463111
0.012781662
-0.023242531
-0.17560101
0.030810738
-0.035816789
0.035834845
-0.0088080661
0.044964001
0.076677889
0.047801118
0.025824662
0.025254706
0.032626621
-0.074593365
-0.0089484733
0.0247625
0.021887844
0.0014879059
0.031835742
-0.067212187
0.1410577
-0.079240933
-0.027760137
0.0067852829
0.02425525
0.0082370853
0.020723209
0.017785929
-0.082426645
-0.051903166
0.019974025
-0.076319262
0.026278958
-0.013426442
0.020126777
-0.048046395
0.043706197
0.12294206
-0.031402163
-0.068872742
0.0025732964
-0.014338516
-0.0060775843
0.030452576
-0.011469499
-0.088071086
0.003660098
-0.048122432
0.026684919
-0.0029045239
-0.027759697
-0.020071417
0.093430407
0.036099613
0.050586533
0.026308529
0.016504738
0.085540317
-0.0085705696
0.032441936
0.06783542
-0.097149633
0.0065161637
-0.024746478
-0.012001862
0.058536351
0.044507746
0.074097894
-0.0052987854
-0.085029386
0.053896639
-0.052475151
-0.055725317
-0.072249718
-0.010960484
0.012018573
0.077693209
0.078578368
-0.069974907
0.04110451
-0.045482166
-0.069735698
0.036406022
-0.024853684
-0.010715757
-0.059219096
0.10776672
0.0056343544
-0.05655048
0.041797426
0.017084062
0.0056576431
-0.037197683
0.063315794
0.078515247
0.028440632
-0.04819357
-0.021453926
-0.11814611
-0.013042179
-0.094131231
-0.0047260402
0.044968963
-0.046008829
0.044357527
-0.016337916
-0.1268885
0.043251161
0.0080848346
-0.031976949
0.014088433
-0.021610782
0.041291546
-0.060040474
-0.08349175
0.0036603166
-0.067285672
0.054484729
0.10223688
-0.0029123651
0.021383785
-0.011688796
-0.0017479392
0.064738736
0.032778624
-0.073270276
-0.052579381
0.067359172
-0.024137903
-0.02524378
-0.016408432
0.037300076
-0.055217691
-0.052506834
-0.029536022
0.039809451
0.033882219
-0.0092709027
0.01019805
0.049896274
0.061190628
-0.038614191
-0.071513295
0.0084827375
0.00061685866
-0.066522785
-0.0041488209
0.031712726
0.025660316
-0.012659683
-0.091663122
0.017750906
-0.021735035
0.016241653
-0.053599831
0.044274349
-0.077383056
0.028139247
0.078569725
0.05187967
0.053306185
0.06589637
-0.092729077
0.0047537591
-0.018250229
0.0038316066
-0.010580619
-0.0044134948
-0.029629424
-0.010667188
-0.0062021599
-0.011434698
-0.022182163
-0.0015565655
0.028633619
-0.070913635
-0.016510924
-0.089641206
-0.026716754
0.081816591
0.055719275
0.019801231
-0.001902518
-0.022833705
0.067944445
0.037950668
0.050508339
0.0069095315
0.00059174543
0.0098245228
-0.015123831
0.022211665
-0.10010714
0.031515229
-0.011876944
0.023767829
0.024719944
0.0027098299
0.07082507
0.0010125091
0.06295114
0.0080899242
-0.013355922
-0.013793531
-0.041514158
0.0077894218
-0.0702383
-0.047753688
0.098581575
0.01606602
-0.075412378
0.044061717
-0.022676887
0.02969251
0.04430946
0.027630098
0.06096568
-0.044116609
-0.022343922
0.068326294
-0.13237847
0.0021457074
-0.024214206
0.11106861
-0.14568722
-0.070781857
-0.031021999
-0.0086921575
0.076260954
0.047206264
0.04241642
0.052536957
0.083238922
0.042142306
-0.027598154
0.037379097
-0.048671644
-0.020760354
-0.010455261
-0.11944361
-0.016096294
0.037443541
-0.016072201
0.066129044
-0.01404547
-0.037447125
0.096408159
-0.097069375
0.03775081
-0.0080720251
0.050584927
-0.003610722
-0.072892271
-0.016183861
-0.0076015303
0.11233684
-0.012256447
0.020518249
-0.020550288
0.010227901
-0.054951012
0.0096175876
0.049435478
0.095106333
0.082227692
0.011694597
0.0097770039
-0.0053566638
-0.030814189
0.088785082
-0.033175915
0.089020014
0.083839908
-0.082166322
0.10768177
-0.075340465
0.0011467551
-0.039060935
-0.0095964605
0.011933961
-0.018021785
-0.040006708
0.05474361
-0.0046382016
-0.035354018
-0.024288066
0.1171981
0.030710205
0.05403851
-0.041074928
-0.015534434
0.034135878
-0.011696303
0.087083966
0.08012256
0.069928192
0.026632069
0.06561891
-0.00064372964
-0.088722989
0.051225781
0.04000197
-0.023293009
-0.0014791228
-0.020150494
0.0080270804
0.082803331
0.043491833
-0.068021804
0.027125875
0.082152247
0.086906001
-0.065964766
0.085586205
-0.038904991
0.026834847
-0.11338244
0.026200155
0.081479371
-0.051842932
-0.077450842
-0.08046478
-0.14814596
0.018662212
-0.041406225
0.037656795
0.041953873
-0.03275067
0.090712048
0.047501858
0.035034437
0.031361684
0.012998898
-0.066471748
-0.0028860671
0.055052746
-0.021917352
-0.055856831
0.085437186
-0.0051358449
-0.012961399
0.076108612
0.019564722
-0.077898584
-0.030819537
0.047726054
0.0004079986
0.020715956
0.057431757
-0.15065286
0.068416968
-0.059453882
-0.060036488
0.040389717
0.041364498
-0.086886182
-0.032678332
0.0168487
-0.095950052
-0.01560918
-0.068835028
0.11328912
0.055085201
-0.025743328
-0.082471959
0.011018012
-0.018118793
0.079738557
0.00091918855
0.0044880807
0.041925583
0.019079393
-0.11639503
0.056564704
-0.04982755
0.061580647
0.075093299
-0.0092139952
-0.079891279
0.093606375
-0.10070643
-0.080589399
0.035698418
0.049601462
-0.058591772
0.041799381
0.082869455
-0.026143316
-0.069536358
0.092281111
0.053685084
0.015992252
-0.10830559
-0.011252865
-0.088720404
0.029578995
-0.0080390153
0.012686537
-0.048728362
-0.0085346662
-0.11261228
-0.025279099
0.0057354136
0.068979427
0.015938988
-0.074706584
0.0080915783
-0.06860441
-0.034862518
-0.0047654398
-0.072714828
-0.15262148
-0.011509501
0.10466565
0.083267651
0.01041401
-0.01567507
0.007111554
0.0062745782
0.016603528
0.040424019
-0.038487397
0.01600809
0.085458405
0.007455708
-0.090328969
-0.0023895169
-0.099297754
-0.060716841
0.014070328
-0.056572326
-0.027079236
0.059636362
0.023440119
-0.013811113
0.052955799
0.011879702
-0.00025532162
0.05377046
-0.0094967047
0.021420231
-0.018306596
-0.018260855
0.022965977
-0.054691747
-0.028782448
0.042400509
-0.11387762
-0.12390905
-0.045353752
-0.091101505
0.033334553
0.0080038728
0.0438889
0.0092802616
0.063008286
0.079329886
0.059345663
-0.076023139
-0.0074859196
-0.080328584
-0.063141331
-0.076389179
-0.073930681
0.026508482
0.00079673954
0.020642076
0.03846471
-0.094214559
0.048872638
0.06587854
0.080810837
-0.067633577
0.012820243
0.0051618186
0.062964968
0.022625288
-0.16769764
0.04230189
0.080928296
-0.0029456741
0.0067074876
0.045606095
0.044670749
-0.12026131
-0.068383455
0.00076799653
-0.013554527
0.038441278
0.050845649
0.062785767
0.0048193471
0.043187518
-0.0085486481
-0.12440559
-0.013404085
-0.047764432
-0.0065562925
-0.028149586
-0.022621093
0.010727894
0.039113127
-0.058918796
-0.074784279
0.098979756
-0.10633215
-0.12629543
-0.0082167964
0.025412492
-0.050271682
0.038938098
0.10308807
0.0073418668
-0.04511749
-0.039321143
-0.10481918
0.041198853
0.071970969
-0.093039468
0.088329263
0.036600914
-0.027595066
-0.03933781
0.044585992
0.021482229
0.03336738
-0.049780123
-0.0068308581
0.066083416
-0.074248455
0.037371319
0.019909987
-0.01186787
-0.082424052
0.022543591
0.035479628
-0.02431261
0.03644444
0.01739247
0.027361123
-0.012737746
-0.0022959507
0.027718721
-0.0345219
-0.032679759
-0.0095567591
-0.090771757
-0.031632204
0.07601992
0.022319974
-0.086294696
-0.12010187
-0.14698464
-0.011970236
-0.095351458
-0.0080360379
0.0047812825
0.048171379
-0.12112799
-0.02752986
0.098382823
0.058626905
-0.015271038
-0.051073462
0.040915046
-0.048216928
-0.037559964
-0.082798466
-0.047683295
-0.085275821
-0.0041245488
0.021394141
-0.030790886
-0.085950017
-0.019447716
-0.054220568
-0.0052457377
0.032655049
-0.009416285
-0.01398461
0.086609833
0.027376508
-0.036802389
0.010944325
0.10130689
0.076545142
0.00085681881
-0.019788602
-0.044600591
-0.050575156
0.086200222
-0.020581618
-0.063012153
-0.025599126
-0.023675101
0.0047474373
-0.04959321
-0.083103783
-0.00175005
0.069445744
0.03474848
-0.047600001
-0.011861896
-0.085554488
0.022111574
-0.067500271
0.016635913
0.01432804
0.057186544
0.00039915869
0.016280537
0.034405414
0.059282973
-0.063384503
0.028870175
0.05611046
-0.0080682421
-0.11134706
0.036057435
-0.038154326
-0.026957233
0.034662846
-0.0056616925
0.037364084
-0.090699248
-0.0053049736
0.040550698
-0.12954704
0.018938407
0.0098725008
0.020674966
0.051493295
-0.030406123
-0.00081242889
-0.047295731
-0.092577152
-0.00085928716
0.039980888
0.054918978
0.025917206
-0.010305425
0.013542449
-0.010020045
0.0069330055
0.074101314
-0.013080826
-0.015302379
-0.018246436
-0.011441887
0.01464119
-0.033557747
0.093665451
0.054215286
-0.042789709
0.032677609
-0.087314047
0.083781093
0.090880454
-0.082377248
-0.019626461
0.0020902031
-0.078340925
-0.021710318
0.10428492
-0.0045353035
-0.00098190329
-0.041872226
-0.05348954
0.0075192917
-0.010941703
0.01803261
-0.063477494
-0.062980115
-0.091307685
0.0595676
0.051942933
-0.021941157
-0.039207045
0.055688761
0.10169486
0.10929163
-0.057764065
0.035306085
0.043514516
0.032937922
0.05014699
-0.039509039
0.032153882
0.045539808
0.069014855
-0.041211091
0.020118067
-0.080544129
-0.055468272
0.0014459776
-0.020546081
0.01331387
-0.065396316
-0.062309761
0.045392849
0.0043930714
0.077619724
0.0055098371
0.010846903
-0.0081913099
0.023903074
-0.017637044
-0.012799567
-0.008426399
-0.02522707
-0.085299276
0.01745924
0.046521407
0.048646547
-0.042727619
0.036852214
-0.077222221
-0.13216066
0.025423616
0.066630043
0.042856257
-0.07445167
-0.054648332
0.05865933
-0.038728222
0.10943901
-0.042077448
0.059697252
-0.022968059
0.085966833
0.024374589
-0.048353232
-0.0027498913
-0.041221187
0.076702632
0.00031171477
-0.010091209
0.050327539
0.028981309
0.10029778
0.050131671
-0.036799632
0.0032961534
-0.078230925
0.035350114
0.041465092
0.015914112
-0.0074278093
0.021671733
0.059788313
-0.076549925
0.030493544
-0.03304765
-0.020750929
0.03867799
-0.051623344
0.0067660874
-0.022597883
-0.0089765051
0.030755175
0.038877703
-0.0047149397
-0.036596604
-0.028231638
-0.049398422
0.039202634
-0.032492958
-0.09012872
0.10271296
-0.029766046
-0.015288916
0.049146976
0.030156923
0.087421514
-0.043120813
0.010659738
-0.011878106
-0.033419207
-0.0077742492
0.093029261
-0.084590718
-0.092360906
0.026621306
-0.036267441
-0.008957129
0.064074032
-0.072046615
0.00012823055
0.01700508
0.067874245
0.040707178
0.037777927
0.020463943
0.0082032913
-0.016129842
0.058462363
0.0081330808
0.013281684
-0.10153814
-0.010537456
-0.032809924
0.061196372
-0.066725276
-0.031234009
-0.059977349
-0.0038828142
-0.040704921
-0.10422522
-0.10951093
0.054118127
0.022976235
-0.082166173
0.011005856
0.038180225
-0.03279243
-0.0078734504
0.12644893
0.10577888
-0.010044886
-0.049385946
-0.06179335
-0.015824491
-0.026821803
-0.11488207
0.0097736986
-0.085836299
-0.037218172
0.0467677
0.0062764934
-0.080768675
-0.028870245
-0.060453374
0.032929149
0.085965298
0.011813831
0.00084609038
0.0060836514
-0.065202422
0.073121935
-0.060616598
0.024965303
-0.0080576129
-0.078468941
0.082799099
0.063232616
-0.0005292322
0.0010019589
0.056394763
0.043337677
0.018777503
-0.0044381474
-0.049968921
0.078099854
-0.057774559
-0.041100182
0.041728232
-0.087966174
-0.021574618
0.098256156
0.025758266
0.08301574
-0.02369331
0.046858992
-0.0093250386
0.084232949
-0.093295336
-0.083808802
0.084430747
-0.0043177661
-0.061020933
-0.010519885
0.024384467
-0.023971902
-0.073128708
-0.10539964
0.035469893
0.014008041
-0.10253216
-0.10219383
0.071486033
0.0032738794
-0.0067021591
-0.051440261
-0.049106214
-0.046761356
0.070744306
-0.023111405
-0.009082133
-0.16638997
0.01098305
0.084454484
0.02155376
0.071874462
-0.011626485
0.071863793
0.016189335
-0.013645368
-0.08319968
0.027634326
0.12144871
-0.019413263
-0.091332085
-0.14803118
0.028474515
0.031784277
-0.091403931
-0.081428297
-0.02853189
-0.036440644
0.053079251
0.052317031
0.0032474932
-0.052552152
0.054588463
0.024746733
0.015088818
0.017952014
0.055817079
-0.01958327
-0.045052126
0.04113581
-0.0089929197
-0.15770678
-0.036183387
0.015273461
-0.1853209
0.018920837
0.0021752191
0.01105155
-0.031634599
0.03170222
-0.059863489
-0.027354039
-0.045497999
0.072500199
0.088300258
0.0704486
-0.068121836
0.060631402
0.042111095
-0.05418878
-0.042056441
0.019136878
0.042590152
-0.086405568
-0.056244515
0.039062932
0.014797287
-0.021145776
-0.018699836
-0.028800448
-0.030304363
0.10150121
0.026990687
-0.15670596
-0.14319183
-0.0021479079
-0.044322737
0.031514559
0.019410796
0.11032435
0.028790826
-0.045624338
0.017086843
-0.054590356
0.043254126
-0.051093396
-0.039781522
-0.018222729
0.002611994
-0.019347422
-0.0097568464
-0.12551741
-0.078363284
-0.030643009
-0.01045602
0.00044970587
-0.076872773
-0.12582448
0.039542586
0.075148255
-0.00094870292
0.1031402
0.067137666
-0.051617146
-0.049561117
-0.064091876
-0.10949366
0.013927705
-0.0253773
-0.056039322
0.031128919
-0.098216921
0.080965534
-0.018698297
0.11037589
0.0088140471
0.02933226
-0.027196277
-0.09178555
0.0060430588
-0.018653776
0.11531398
-0.013191643
-0.068499818
0.033122014
-0.0033994908
-0.06335786
0.041036788
-0.031690203
0.13564119
-0.029454503
0.014573005
0.092263915
0.020225078
-0.005949032
0.11927619
0.061596707
-0.071795605
-0.056988072
0.03792442
-0.026876653
0.10350982
-0.080257773
0.089258648
0.016080478
-0.045476831
-0.10507641
0.032528281
0.067795612
-0.010253917
0.043335337
0.1083839
0.08834482
0.0075123888
0.038197204
0.019196961
-0.084901877
-0.0010837966
0.012569245
0.052168854
-0.043424129
0.097117797
-0.025498426
-0.072332077
0.03385083
0.021961462
0.016128218
0.014929362
-0.013770673
0.061466992
-0.039597522
0.058897816
0.082887881
-0.12327983
0.0029597855
-0.040960398
0.022765767
0.053513847
0.080836535
-0.058447115
0.046634886
0.03335477
-0.022354916
0.10415205
0.036569349
0.092613548
-0.043381721
0.033018477
-0.0056114765
-0.01704861
0.13391426
-0.10221823
-0.028168075
0.013524553
-0.020411868
0.00074812461
0.12276661
0.089555182
0.073819362
0.024281021
0.055170853
-0.039723706
0.028301323
0.060552858
-0.021989051
0.072952427
0.02906649
-0.057509296
0.027724538
-0.054386467
0.001758743
-0.054501042
0.019577608
0.055295002
-0.051980749
0.0094928965
-0.032650366
0.047711093
0.12627539
-0.14743361
-0.23298895
-0.059170187
0.091029592
-0.06475883
-0.011936875
0.061129358
-0.010051583
-0.0010332153
0.097975314
0.05451183
0.020689745
-0.035619404
0.027418055
0.044775132
-0.051659662
-0.048008196
0.047268245
0.038780559
0.044524148
-0.070990212
-0.03052076
-0.065558814
-0.036843162
-0.011005986
0.088253707
-0.02614852
-0.097329445
-0.034884855
0.060646437
-0.032674789
-0.050923835
-0.049514525
-0.011042432
0.011812849
0.035571568
0.13028853
0.0049533821
0.038809262
0.0085725607
0.03545909
0.055123862
-0.053343594
-0.0087656826
0.052908391
-0.032094847
-0.13496679
0.095075116
-0.059361171
-0.04601337
0.026728166
-0.03429208
0.086045384
0.058229037
-0.028537925
-0.086734176
-0.1279085
0.020448737
0.034324303
0.057809629
0.005147317
-0.026724579
-0.014345959
-0.30186185
0.0028564979
-0.010047707
0.055361759
0.083659254
-0.065160044
-0.026250239
0.026027469
-0.031560186
0.10563514
-0.026242787
0.021674151
0.038954426
0.043220639
0.072218962
0.03119595
-0.013838631
-0.023686897
-0.083598673
-0.010524303
-0.056841124
-0.07883051
-0.0029241447
-0.05498895
0.067683913
0.072899491
-0.0014368736
0.018199924
-0.00018431849
-0.029859779
-0.068780661
-0.051863749
0.02017922
0.00074697775
0.024858844
0.016058264
-0.072735168
0.005409563
0.047389887
-0.070503823
-0.038507182
0.040077634
-0.013728892
0.046381518
-0.031924758
0.0016328158
-0.057218559
-0.0027169362
-0.06793575
0.016119439
0.039052367
-0.0036654845
-0.083709836
0.043284588
-0.023437647
0.0071575483
0.085044421
0.08373946
0.088390954
-0.0083944583
-0.052137587
0.04264129
0.10238945
-0.058101777
-0.048001241
-0.055168476
-0.092411712
0.055661816
-0.0294559
0.017735481
-0.024572048
-0.03323837
0.014987038
-0.1005772
0.04553793
-0.087980211
-0.023416324
0.023773918
0.0040542069
-0.022573028
0.018713908
-0.046274271
0.0095014209
-0.023100542
-0.025427973
-0.04073856
-0.034676038
0.047436014
0.052393258
0.070825212
0.029410519
0.090341814
0.0040602223
0.025321662
-0.10616573
-0.03465021
-0.059029032
0.0043170471
0.12299368
-0.085538305
0.034959458
-0.045953289
0.010143888
0.0055908798
-0.037052609
0.016923971
-0.054225773
0.021527322
0.017401235
-0.02633865
0.065337785
0.016303733
-0.08998394
-0.063955985
-0.010087678
-0.011257187
-0.029207235
0.038120147
0.0097247176
-0.011354766
0.0060223676
0.0026051081
0.035400059
-0.058130942
0.013563607
0.0043949499
0.0030548042
-0.078066207
0.085295856
-0.011324676
-0.04704931
0.043281242
-0.05907841
0.086431943
0.026283663
-0.079752497
-0.01705925
0.064601824
0.038452778
0.061276723
0.076743603
-0.073914282
0.02979343
-0.0022727735
0.018063346
0.0088315103
-0.062817536
-0.082341619
0.017432336
-0.022831965
-0.091942891
0.064687483
0.02564382
-0.053173311
0.0062208236
0.036668286
0.023424376
0.044728588
-0.065719254
0.0035051801
0.076902539
-0.037744917
-0.045418616
-0.0047839512
-0.037394591
-0.028970672
-0.0065455739
0.039617185
0.0086148232
-0.018386109
0.035115879
-0.054048259
-0.0033424841
0.010000005
-0.044558115
0.01258452
-0.029998608
-0.073367029
0.017318655
-0.030364819
0.042642508
0.043196004
-0.026680907
-0.045354612
-0.022773696
-0.10376962
-0.010404868
-0.10005306
-0.021850988
0.096081764
-0.00047131462
0.049025942
-0.06625741
-0.11519824
0.038705274
-0.051066782
-0.1188062
0.062169477
-0.026018335
-0.014344825
0.12231849
-0.010773868
-0.037879445
0.062769175
0.0096445065
0.016558422
-0.0049051186
-0.092995867
-0.071771689
-0.060444795
-0.061333578
0.023322683
0.020897932
-0.17558114
0.080177434
-0.12212922
0.10909756
0.057980757
0.024733942
-0.029386271
-0.053367458
0.04417317
-0.0037534712
0.038211331
0.018919244
-0.085352808
-0.02553165
-0.015471633
-0.058215413
-0.049408801
0.064123049
0.081459045
-0.038277242
-0.03717906
-0.0057154819
-0.059306577
0.0075044748
-0.011875503
-0.024702312
0.044412766
0.0049922578
-0.094202302
0.047148824
0.018665833
-0.070048466
0.10354643
0.013009645
0.088530488
-0.043664914
0.045334686
0.0057268008
-0.064088985
-0.059272241
0.09456113
-0.011725347
-0.091929533
-0.02032589
0.03851999
-0.035142127
-0.012976081
0.035856511
-0.024422431
0.065192297
0.010154563
-0.049270481
-0.029915094
0.040252768
0.060359303
0.11875965
-0.025933987
0.048305035
-0.036467716
-0.012023647
0.11787135
0.084444784
-0.058717117
-0.039716821
-0.021652408
-0.051102731
0.087620817
0.02787092
-0.046260007
0.096233793
-0.072571501
-0.034550257
0.044175066
-0.036478959
0.094147392
-0.012958091
0.021270255
0.015666865
0.10654207
0.050172616
0.0044559957
-0.023255754
0.024459451
-0.0029187056
0.085243143
0.0052092122
0.077274777
0.1091366
-0.00078910089
0.023020938
0.065167263
0.014008684
0.002284083
-0.045743618
-0.018772703
0.093155652
0.11436655
0.060596928
0.035195056
0.0024989133
-0.10859288
-0.070139699
0.030819109
0.043000106
-0.077650957
-0.1903908
0.052328374
0.042939503
0.00046101055
-0.05435618
0.049746946
0.078035153
-0.063171782
-0.063365251
0.044833377
-0.068622939
0.089521103
-0.0072393413
0.029008921
0.031934854
0.056893978
0.086825058
0.044809103
-0.054071195
0.091094308
0.060868513
-0.018420976
0.058328237
0.051173877
-0.007274034
-0.057223946
0.0059349225
0.045614108
0.042487469
0.047845758
-0.022817928
-0.017122261
0.032414537
-0.0030549464
0.097237825
-0.062483061
0.10339034
0.011677098
-0.031767402
0.081211284
-0.058713112
-0.0002637211
0.012022649
0.014856969
0.047301099
0.0091309501
0.038872257
-0.019343693
0.079174384
0.076463908
-0.016665952
0.03086466
0.029425845
-0.15901662
-0.053593528
-0.0013396411
0.03149442
0.049026471
0.0023917505
-0.049935009
0.017874673
0.13724074
-0.085216254
-0.044300672
0.089730024
0.066796258
-0.091620326
-0.019121962
0.0081720585
0.096887939
0.045067787
-0.093327649
0.015115584
0.0076459562
0.031720873
0.020924455
0.061718367
-0.0059552551
-0.049556632
0.028050082
-0.0053310096
0.062699616
-0.032837722
-0.013653191
-0.0048111081
-0.0034565993
0.045291387
-0.011738393
0.023769792
-0.048663806
-0.0055816299
0.037359215
0.060802177
-0.070513971
-0.085637107
-0.13359922
0.12233752
0.0019018388
0.082314692
0.023365799
-0.032266885
-0.041792806
0.023384569
-0.005384733
-0.0013746918
-0.012700187
-0.046015766
0.0054830993
0.10097011
-0.052481998
0.13154852
-0.17460059
-0.06069801
0.059027463
0.0095348097
-0.026127016
0.054667845
0.0080321794
0.079634547
0.042206138
-0.018390032
0.139192
0.013365201
-0.073000938
-0.012771451
0.10881959
0.10436279
-0.099962808
0.047569267
0.12674321
0.073765412
0.077747494
0.039939672
0.053787399
0.053741284
-0.029642818
-0.0036930316
0.12199255
-0.08397045
-0.0099351536
-0.074545659
-0.0013967582
0.0098597957
0.007628053
-0.040057607
0.10355741
-0.069969632
0.13875133
0.16589154
-0.072339207
-0.088186681
0.13495649
-0.011298065
-0.045069769
-0.094299413
0.098512292
0.07269524
-0.012398017
0.084424913
-0.021721914
-0.013294184
-0.063965984
-0.010530207
0.0017576837
-0.052666914
0.060680799
0.089115359
0.075451531
0.037132911
-0.02852061
0.12151014
0.0036225799
0.043300826
0.093490779
0.026343875
-0.19930527
0.02771946
0.038745467
0.008786316
-0.010468282
-0.049498986
-0.0077194311
-0.043332733
-0.012279716
-0.031652179
0.031006569
0.15300699
-0.028031975
-0.15242895
0.14276826
-0.10355674
0.032521464
-0.00084134494
-0.023810768
-0.10032741
-0.033872057
0.046349727
0.018267227
-0.015098597
-0.00065634446
0.10001481
0.0064774011
-0.054556977
0.0048749344
0.051645048
0.071541362
-0.063302852
0.0098579358
-0.0069509707
-0.086010009
0.09329135
0.021716144
-0.066188172
0.017546093
-0.034343306
0.061166901
-0.041952979
0.044086512
0.042475604
-0.07538458
0.056047332
0.0091675818
0.010424322
0.032110412
0.10508966
0.0021882886
-0.021577874
-0.046254747
0.040388137
0.02527508
0.085434705
-0.0061403299
-0.059425723
-0.0040220432
0.12186612
0.039967045
-0.039774444
-0.0035469765
0.024564138
0.036350232
0.067258224
0.051799189
0.01842293
-0.038315766
-0.013650611
0.043548007
0.028699491
0.048852433
0.021161022
-0.12430441
-0.0090359319
-0.10128801
-0.084417015
-0.0047953292
0.036800306
0.03424101
-0.0024006865
0.054971177
-0.060219575
-0.07240732
-0.068766981
-0.021006951
0.041413996
-0.004040122
-0.015681477
0.028712116
0.08425042
0.049419332
0.025766555
0.046176907
0.097984649
-0.058357328
0.048304606
-0.014617309
0.0041873902
0.13362037
-0.079649702
-0.021791231
0.010213409
-0.04085853
-0.0094914781
0.055601165
0.03280681
0.0017338848
0.061436202
-0.015902614
0.046384498
0.033598278
0.088336475
0.088583298
0.047110323
-0.074249841
0.025966864
0.011947337
-0.045941461
0.040187817
-0.14214747
-0.020446597
0.017486256
-0.044841997
0.07993342
0.0035759837
-0.035056505
0.061546568
0.06474445
-0.076084919
0.13251197
-0.035725616
-0.011533335
-0.094642371
0.024374962
0.044320274
-0.041562598
-0.02045933
-0.071026772
0.056764774
0.071471125
0.012004824
-0.0024720854
0.04146735
0.079807587
0.028927183
0.039953493
-0.041139312
-0.018700214
-0.062723331
0.14943497
-0.0077373995
-0.054352939
0.046919443
-0.0094884122
-0.05047518
-0.026257114
0.024546023
-0.0060052406
0.011469695
0.030593667
-0.0068518319
-0.081724063
0.060642749
0.064276204
0.11212457
0.033840191
0.063339762
-0.055437125
0.022124469
-0.008284945
0.01079808
0.025466129
0.0043128598
-0.0055059721
0.044212598
0.027290504
0.01626543
-0.022261938
0.045309663
0.036088601
-0.027984202
0.051570408
-0.096140876
-0.10645676
0.041045193
0.073949873
-0.050367411
0.034203224
-0.024216209
-0.025407825
-0.078843527
0.094366647
-0.0054572308
0.019910963
-0.018436117
0.031381063
0.06056026
0.0055307695
-0.041189909
-0.024350159
0.0084120128
0.045250155
-0.13412075
-0.024460873
-0.018697625
0.097977623
0.021314012
-0.048107635
0.035408106
0.062279396
-0.0080174003
-0.11905513
0.037537243
0.024417141
0.11330758
-0.057965733
0.04256466
0.055171754
-0.011491504
0.057725672
0.044633131
0.050135635
0.071435787
0.085638992
0.037288841
-0.088728115
-0.087025315
0.013830313
0.066804335
-0.056825764
-0.16985585
0.026512744
-0.10740291
-0.042151246
0.021151556
0.090259306
-0.09741538
0.017936183
0.072348639
0.067762889
-0.11155684
-0.058068026
-0.16154628
0.0042193802
0.1179847
-0.078253351
-0.0074064215
-0.013034075
-0.098546654
0.024332885
-0.03893831
0.014542315
0.044344131
-0.020793688
-0.0098222755
0.016895449
0.0091533111
0.060081549
-0.16486616
-0.022498088
-0.090987816
0.031560753
0.050829981
0.070855968
0.0047301562
-0.0049006054
-0.18823268
-0.038539976
0.070785135
0.026595952
-0.041963574
0.07693205
-0.054353304
-0.12241821
-0.0079098847
-0.082638115
-0.070640795
-0.031681139
-0.10041902
-0.014044764
-0.066941679
-0.065900519
0.083034426
-0.068465635
0.011413655
0.03883842
-0.0045971903
0.064021975
0.0009867195
-0.049558654
-0.0012327353
0.086387433
0.066114075
-0.075108856
0.041714963
0.021942317
0.0080982419
0.064101048
0.013629036
0.054371249
0.013273146
0.070412867
0.013037261
0.0094108833
-0.059667759
-0.02813362
0.050869931
0.096142218
0.024393016
-0.0075866599
0.040894195
-0.015997905
-0.030909721
0.14832884
0.0070793238
-0.13450326
-0.025863677
0.021168904
0.016649242
0.018592773
0.0083947508
0.037423752
0.063005574
0.053793788
-0.12541167
-0.075704172
-0.042216782
-0.034630373
0.012635253
0.078869142
-0.042459603
-0.045453865
0.0037506539
-0.0022879655
0.02548188
0.018345023
-0.057023644
0.011554168
-0.0075661899
-0.041031595
0.032600533
0.065926373
0.11540038
-0.11456922
0.020295851
0.02613594
-0.092042185
0.02160128
-0.081064112
0.040630203
0.057604503
0.078433603
0.055505391
0.036813375
-0.038786106
-0.024135821
0.040263776
0.036662452
-0.15918644
0.024974409
-0.10341369
0.0049594278
-0.0082459357
-0.0093255993
-0.00064451562
0.05762735
0.0010327195
0.067214206
-0.072699726
0.037249919
-0.0026802148
0.06920094
0.044527251
-0.036253694
-0.011016469
0.012091032
-0.063481003
-0.0033029965
-0.1038257
-0.073116958
0.017968155
0.026105836
-0.0027197378
0.0460901
0.12397527
0.042203195
-0.041553743
0.040539645
-0.1215933
0.072438546
-0.033805203
0.019818084
0.0075942967
0.048273988
-0.19885829
-0.056081228
0.021727096
0.027873602
-0.0024351715
0.068196796
-0.061066963
0.0077597299
-0.079360425
0.0079847081
0.0076691415
0.012582723
-0.068148457
-0.060287233
-0.048720822
-0.020682387
-0.014082045
0.022188494
0.00276932
-0.058256533
-0.10062408
-0.024391171
0.021744853
-0.015367664
-0.05812585
0.11175402
0.078987584
0.10072818
0.010093981
-0.01666433
-0.042544942
0.032674264
0.057019364
-0.056090213
-0.036174204
-0.10772689
-0.093272582
0.04292544
-0.081781104
-0.062968418
-0.04407927
0.007228896
-0.081516974
-0.087797865
0.1115732
0.026314352
0.045625847
-0.030203026
-0.02435172
-0.026352657
-0.053991944
-0.04018319
0.043603417
-0.17435342
0.046689659
0.027901061
-0.034845728
-0.12216868
-0.037635494
-0.051878225
0.030614449
0.036538564
-0.047977023
-0.0066065476
0.094767585
-0.0048493505
-0.028771257
-0.058255572
0.02738109
0.082791172
-0.0081527624
0.0090555726
0.019100746
0.017057555
0.057814937
-0.045771021
-0.076541781
0.05099662
0.045051828
-0.073908679
-0.019760439
-0.10404053
-0.01798624
0.031860042
-0.056269411
-0.12568142
-0.012082319
-0.090928279
0.036166124
-0.042751897
-0.045083739
0.05485126
0.066451758
-0.081550166
0.059801448
0.080451362
0.085624613
-0.18628028
0.020553648
0.03732352
0.043059282
-0.034473211
0.068353429
0.019927735
-0.04044326
-0.076917656
0.048520975
-0.020685749
-0.074488737
0.028726565
-0.12630777
-0.046228796
0.055540334
0.052481823
0.0041677835
-0.021027396
0.039220374
0.057115763
0.01294046
-0.11301698
0.012069893
-0.027675021
0.0444878
-0.012175362
-0.047226183
-0.022287266
-0.052402299
-0.0011413433
0.14854926
-0.023010317
-0.012736227
-0.095016941
-0.034635164
0.0074181473
0.042013887
0.11553077
-0.034908589
-0.019530822
-0.061705306
0.068661563
0.074459732
-0.015068754
0.045615721
0.054711919
-0.024263104
-0.061736077
-0.00080929935
0.11632951
0.077017121
0.036736343
-0.033132892
-0.05532106
-0.0088605247
0.0010412964
0.020892683
0.0024094896
0.028859664
0.028723652
-0.015300984
0.081659019
-0.013330098
-0.057014938
0.071506947
-0.014387645
-0.044788405
-0.062424861
0.058950175
0.10107359
0.061757997
0.013284122
0.018178128
-0.034931436
-0.062952176
-0.0034230261
-0.032774597
0.02331318
-0.091192663
0.048891246
-0.031565126
-0.080748565
-0.074520268
-0.022496572
-0.054656137
0.025443271
-0.027433682
0.043962572
-0.02110994
0.013495788
0.074255444
-0.013607631
0.043823171
0.003977994
0.065373786
0.091722086
0.016074719
-0.018084357
0.0032759733
0.032451015
-0.022933835
0.030184617
0.050822131
-0.078242958
0.059171546
0.05268256
0.044311598
0.062172368
0.065208897
0.021426793
0.015318953
0.0042939615
-0.041726295
-0.015292149
0.11583017
0.039897583
-0.024935335
-0.0051840628
-0.0042231013
0.03120295
-0.033107676
-0.098363422
-0.017207308
-0.02596717
0.039862704
-0.033169452
0.082086556
0.016450467
-0.044177897
0.014041508
0.047617801
-0.053499509
0.0049512526
-0.10071656
-0.010093694
0.078824803
0.018800337
-0.009737689
0.056753445
0.043790314
-0.0096759517
0.0020749571
0.078226924
-0.069107443
-0.032622274
0.012766257
-0.0530985
0.051998261
-0.038081843
0.029129414
-0.050604146
-0.016459875
0.06156661
0.037583452
0.048117749
0.021605795
0.010801572
0.012110446
-0.024513215
0.083808161
0.088683039
-0.040145937
-0.060620766
0.050148603
0.016565578
-0.031825658
-0.024594234
0.051609945
-0.0062029264
0.049712162
-0.031507999
0.012086229
-0.029346028
0.033670232
-0.010870238
0.062530793
0.0510225
-0.051486988
-4.636533e-06
-0.02349689
0.079064459
0.013811822
0.014226962
0.025704348
-0.016177459
0.020825135
-0.026162677
-0.030722894
0.019918457
-0.054219816
0.051422231
0.11765686
-0.019921871
-0.01785969
0.026294934
-0.02293181
-0.063096337
0.027812917
0.046917975
-0.066400036
0.017873382
-0.0097516188
-0.040953439
0.045834664
-0.0081927283
0.041298874
0.11559973
-0.043527655
-0.038354103
0.042636283
0.027524499
0.090634055
0.022908682
-0.064033456
0.054085672
0.0079090372
-0.050456621
0.016762767
0.030682247
0.010648108
-0.015079969
0.099134706
0.026667848
-0.085411184
0.010528697
0.038553193
-0.053865239
-0.14512278
0.05090034
-0.0077754515
0.011608806
0.01012715
-0.030004131
-0.034510311
-0.010320852
-0.019164328
0.0052724085
-0.0035204659
0.034202073
-0.075482056
0.086116359
0.012132058
-0.0079659987
0.058384515
0.058305189
-0.022371529
-0.026231123
0.0096909702
0.088321157
0.037638165
-0.021966156
0.024324512
-0.033512846
0.037935708
0.0034073191
-0.026675031
-0.0050360919
-0.026840672
-0.0051318402
-0.015031024
0.00074882148
0.0032610204
0.050777454
-0.028897256
0.027941627
-0.032073203
0.023014445
-0.075387686
-0.047442682
-0.02598713
-0.050155822
0.089365318
0.053839207
0.010547697
-0.018901424
0.045085307
-0.0089605339
-0.014680274
0.016303677
-0.010218712
-0.0144101
0.0043177567
-0.10532443
0.016145438
-0.022072198
-0.057965707
-0.052904151
-0.042972721
0.055386465
-0.021393996
-0.0068074726
0.045104522
0.070172228
0.0082527483
-0.040806215
0.00097923214
0.036179554
-0.076440461
-0.019115746
0.020845754
0.034840528
0.058309235
-0.020484947
0.053298224
-0.091054171
-0.047243822
-0.06148731
-0.005671869
-0.038247868
0.049786516
0.024833838
0.028703963
-0.0014679022
0.065390617
0.034545705
0.096800603
-0.024767322
0.04849666
-0.041664403
-0.002507722
0.055522401
-0.015873516
-0.023611816
0.0017724322
-0.030924927
0.0015292496
-0.0021971071
0.099056982
0.036391646
-0.0039088717
-0.061464351
-0.079503104
-0.035219193
0.12427521
0.055404384
-0.09316092
-0.047447059
-0.016857229
0.043348949
-0.031921778
0.083111212
-0.052218895
0.036687039
0.069581382
-0.012567477
0.0085160434
0.011266328
-0.014456469
0.038935058
0.092704609
0.053147838
0.061631694
0.017922621
-0.011461946
-0.0052045104
0.044958994
0.063644476
0.025336742
0.030448083
-0.038129188
0.11725986
-0.028886575
0.00090061728
0.045944348
0.078391008
0.036765616
-0.040613551
0.020624276
-0.062544167
0.0017233737
0.078824468
-0.019909659
0.029145004
-0.027172895
0.024929153
-0.015208521
-0.035866279
0.07741347
-0.028085351
-0.025786055
0.015722239
0.00012335401
0.077428915
-0.018818952
0.035635795
0.058817364
-0.0085054161
-0.060677748
-0.010753771
0.040446632
0.0080895284
0.094889186
0.06854371
-0.0053686546
-0.037568122
0.022078509
0.042548675
0.013954776
0.014514115
-0.021138305
-0.062720485
0.067618258
-0.05693306
0.047656965
0.080101937
-0.044565119
-0.033005543
0.10055908
-0.083638892
0.02576788
-0.037887637
-0.01206024
0.0055324002
0.038125779
0.085806668
0.014265294
0.058237135
-0.043363158
-0.064984947
0.031695712
0.080730483
-0.011124497
-0.1055185
0.07283093
0.012838044
0.070040479
-0.0017253696
-0.00057125877
-0.00025932005
0.025488883
-0.022975685
0.039546274
-0.0096195852
-0.05784693
-0.026235757
-0.047368288
0.06880156
-0.050790619
-0.076632276
-0.060021296
0.01809762
0.010599254
-0.035699863
-0.016784212
-0.0045052404
0.065512985
0.048028577
0.054508407
0.047309265
0.016955631
-0.035375122
-0.0743028
0.035287604
0.0061774962
0.026832635
0.0047612204
-0.08013843
0.052262437
-0.096704453
0.07730516
0.060923431
0.062131722
-0.019935418
-0.0018915826
0.019604072
-0.093688391
0.0049955049
0.071389623
0.058002703
0.048266981
-0.027022965
0.0093643274
0.066110998
0.023686828
-0.0070228991
-0.048261534
-0.005826653
0.013222132
-0.0075695491
0.063101374
-0.050703671
0.0749375
-0.049158279
-0.061483126
0.050266754
-0.02143994
0.01749544
-0.0400647
0.089464068
0.007596653
-0.12465286
0.03056515
0.075748727
-0.0041463594
0.03201982
-0.048756201
0.032933775
0.029054768
0.093426049
-0.02186456
0.044386875
-0.0017962984
-0.036288302
0.00014386368
-0.0091364635
-0.0063332287
0.019787027
0.032097712
-5.388166e-05
-0.016197396
-0.05793051
-0.015650943
-0.0078448327
0.03927248
-0.081236996
0.07338579
0.036615472
-0.10232259
0.0025522006
0.06691803
0.037423924
-0.0028401308
-0.04546782
0.011271987
0.046981741
-0.020148179
-0.021301588
0.043013055
-0.020102503
0.081571728
-0.011713011
0.009619996
-0.03789822
-0.075671904
0.008689099
0.033651501
0.065479726
0.078873537
-0.035518471
0.028210266
-0.037426598
-0.1141243
0.040816586
0.065594122
0.036556762
-0.0052799955
-0.089376032
0.081694812
0.056912787
-0.0094697783
0.0068858718
-0.050308809
0.062990285
0.026186014
0.053200502
0.042414032
-0.034297291
0.049624622
-0.019548902
-0.038322426
0.071110517
-0.062660061
0.065296941
0.037058663
0.033917386
0.044906635
0.055567406
0.082355365
0.046211716
-0.043985616
0.046240121
-0.032815788
-0.04848009
0.051439088
0.052303214
-0.01260489
0.019827552
0.0077186674
-0.11889753
0.03290223
0.020567732
0.0057178987
-0.00096933683
0.047880672
-0.023401748
0.060796946
0.052719675
0.10797755
0.069703996
-0.096620508
-0.014219918
0.020876348
0.14912763
0.058697864
-0.047101147
-0.004771478
0.033631176
-0.002387722
-0.053567111
-0.030975828
0.1192336
0.0075211674
0.017236231
-0.0014427477
0.025293063
-0.0041820295
-0.06233814
0.0037027891
0.0028102139
-0.018851971
0.025907634
-0.010018941
0.0022877527
0.099602781
-0.024718951
0.0026748793
-0.10860185
-0.061090913
-0.13873275
-0.02812738
0.06674096
-0.001456082
0.072947673
0.099523708
0.031740021
0.062536851
-0.046564817
0.0099063581
0.0023924853
0.033543624
0.079302646
-0.040628973
0.026527366
0.034639794
0.067633569
-0.0012730376
0.041023858
0.059070241
-0.0068896278
0.065793119
-0.0029835959
-0.02847323
-0.067163005
0.0031556117
0.026117329
0.021421814
0.056134325
-0.05464131
-0.12646677
0.13639341
0.079866424
-0.013490491
0.039898384
-0.017717283
-0.042961352
0.1096466
-0.11481747
0.031643286
0.14023581
-0.015665876
-0.03198301
-0.015203784
0.040697828
-0.038144082
0.11910954
-0.1197711
0.0039298125
-0.011166785
0.073994696
-0.019991796
0.052188139
0.06233925
-0.08275266
0.043492481
0.081483558
-0.022242239
-0.084548913
-0.065892011
0.071755469
-0.022144085
0.037521586
0.01424587
-0.020503031
0.0087096291
0.046144143
-0.026313853
0.026466519
0.024080919
0.0046857209
0.021540543
0.077663839
0.028845733
-0.032273881
0.054903146
0.075718172
-0.029901257
-0.053306393
0.011292687
0.088729106
0.018672112
0.05483754
-0.010598044
-0.14875302
-0.06078453
0.052293181
0.065944165
0.10691792
0.026056226
0.067814521
0.016241748
-0.034070577
0.078136928
0.015586252
0.087864518
-0.026241556
0.040823478
0.062417712
0.046711463
0.061796293
0.037530139
-0.030937469
0.093817696
0.025223209
-0.033886008
0.032445218
-0.029120848
-0.083476387
0.073234357
0.079598181
0.022039624
-0.023573207
-0.082804821
-0.083235346
-0.0057223211
-0.10179485
0.052191131
-0.0078885108
-0.057726588
0.062686518
0.13887343
-0.058700871
-0.09891244
-0.032644182
-0.031705625
-0.075397208
-0.091657996
0.10176317
-0.028684935
-0.050528087
0.1624444
-0.034884106
0.049894661
-0.015872046
0.032140933
-0.020185657
0.038825631
-0.0059580989
0.057791214
0.0078614438
-0.11152395
0.0075671226
0.027474269
-0.0980969
0.059956439
0.07024233
0.01852677
-0.019660508
-0.00051851792
0.039389666
0.026357643
0.14100681
-0.022030294
0.068946287
0.034047671
-0.037804309
-0.060921341
-0.075986028
0.011374251
0.061355811
0.048590355
0.057372309
0.013039102
-0.033347901
-0.01722965
0.024816189
0.037744328
0.16591939
-0.056437075
-0.0015454313
-0.013525429
-0.071606919
0.016147869
0.022442214
0.047735285
0.079362907
0.0061540632
0.062968165
-0.12062252
0.026832301
0.070249766
-0.043152537
0.069183923
0.10446266
-0.041720338
0.0019620173
0.00038365045
-0.015040875
-0.01535374
-0.084139928
0.047100339
-0.033146583
-0.049977697
0.10816034
0.00042256239
0.024365868
-0.035548348
0.087651044
0.011831684
-0.076023735
0.067503005
0.053170763
-0.083124839
-0.023188014
-0.027365526
0.028395144
-0.015217992
0.057120137
0.047153663
0.069444589
-0.068420686
0.055772055
0.064028621
-0.0062232725
-0.14894141
-0.031786609
0.082061112
-0.013397221
0.012841134
0.0032940726
-0.039775964
-0.0017733064
0.020641236
0.08993575
0.059678674
0.019631727
0.019355591
-0.0099715479
0.068245322
0.027480762
-0.031647231
-0.0041862857
0.0018882315
-0.0033163051
0.044513408
-0.070207916
-0.098804042
0.06886889
0.03406528
-0.049768087
0.0040942896
-0.016815146
0.011420716
-0.011344814
-0.07566648
0.058446534
-0.019766549
0.087632649
0.039204974
0.031408634
0.062092211
0.061986495
0.07002259
0.047235068
0.012219976
-0.01778199
0.08393985
0.029576652
0.095804669
-0.04187692
0.045092285
0.048600286
-0.0028320076
0.012087503
0.018975385
0.073950909
0.037329994
-0.040824078
0.061141256
-0.041660693
0.019521823
-0.041328836
-0.031506315
-0.028471805
-0.13063955
-0.013816266
0.040794268
-0.082017027
0.051819175
-0.035648264
0.039583296
-0.10847861
-0.029411238
0.0098353103
-0.0052467794
0.011971641
0.044691868
0.01431931
0.067120247
-0.071132548
-0.014389528
0.024264608
0.032752674
0.065766551
0.040635943
-0.12830536
-0.005834253
0.011357095
0.033559602
-0.0027004678
-0.090954661
-0.074506119
0.05835861
-0.0018446493
0.0062266923
-0.032894049
0.04665764
-0.058383424
-0.065665707
0.0017761132
-0.011449317
-0.014494661
-0.095820695
0.067959912
0.09537439
0.029735025
-0.016913263
0.024642615
-0.047163613
0.011808079
0.026296778
-0.044203371
-0.010931342
0.090095185
-0.085335374
0.021369206
-0.014024529
-0.062109582
-0.054407664
0.026150757
0.056271717
-0.081814453
-0.049557839
0.10280059
-0.037484232
0.081959225
0.01122718
0.015752614
0.030496852
-0.019137016
0.0081226211
0.02696358
-0.094060339
0.012406393
0.028850099
0.001964031
-0.018646929
-0.0085009895
0.027591642
-0.050935838
-0.0020369017
-0.0778981
-0.01050234
0.057559021
-0.03432491
0.033603266
0.02704942
0.026129922
-0.054875609
0.071996599
0.040091995
0.017958077
0.10348873
0.034427434
-0.077857003
0.027327567
0.030567853
-0.0070871855
-0.0017372596
-0.089332096
-0.044152338
0.052943546
0.066818491
0.0037725337
0.022739483
0.038137861
-0.02459101
0.018271841
0.025939913
-0.026221465
0.002859297
0.059022453
0.010306383
-0.056681015
0.037013534
0.065758377
0.011267374
0.076417908
0.020501483
-0.013068721
0.042413816
0.069542833
-0.019916052
-0.019688576
-0.0058207405
0.095975205
0.027535636
-0.053905666
0.056433637
0.065539144
0.061370097
0.068677813
-0.025324078
0.0044265804
-0.015936313
-0.038846426
0.019979034
-0.084704384
0.044592537
0.080821157
-0.0065158154
0.018713553
-0.025686987
0.047089417
0.032368135
-0.049949102
-0.0043048882
0.028245065
-0.058702268
0.046317313
0.03218054
-0.11217674
0.036636081
-0.036923863
-0.063260756
-0.086894333
0.040693104
0.016390439
0.055393256
0.098486029
0.022566127
0.024824215
-0.041710783
-0.013931915
-0.050854277
0.0058365758
-0.02843737
0.023793273
0.00030426981
-0.062534057
0.046610288
0.039435465
0.0024871919
0.075261481
0.015123823
0.0046728482
0.043334793
-0.0042842734
0.0099091493
0.066380978
0.009668841
-0.096059658
-0.055735003
0.0091398247
-0.010768123
0.070787624
-0.045510199
0.049116194
0.036207162
0.096343391
0.034930572
0.025508227
0.032609235
-0.068412766
-0.034346711
-0.0027400008
-0.055198811
0.14084983
0.0724518
0.049265329
0.036393903
-0.047082022
-0.031686909
-0.031373382
0.016659316
0.030855207
-0.011903168
0.059870977
-0.056314383
0.059589844
-0.040354759
0.0038292953
0.0083362376
0.018127907
-0.074276783
0.067611307
0.0062207892
0.031232564
0.025825134
-0.087161548
0.052366666
-0.012345203
-0.0074272915
0.049845938
-0.11432707
0.029751712
0.056909159
0.089223519
0.072600186
0.092598826
-0.027496722
0.050371692
0.0033671018
-0.061347973
0.043895029
-0.10154985
-0.040451948
0.01878766
-0.032022104
-0.086528488
0.01096864
0.0065713492
-0.024678821
-0.058876187
-0.0581083
-0.02933141
-0.06830328
0.069850154
0.015026747
-0.099484131
0.046427388
-0.025253719
0.070017651
-0.017157277
-0.077596724
0.010794638
-0.019014183
0.01435672
-0.038865771
0.038058814
-0.081938088
-0.10073455
0.032729596
-0.097760908
0.046399448
0.05674025
0.087065041
-0.11499308
-0.0096084327
0.016244117
0.033754103
-0.0021242895
0.054753289
0.038534768
-0.077788495
-0.14324048
-0.01874627
0.060332451
0.011875801
0.045379188
-0.017409025
0.053612746
0.070210889
-0.047688108
0.015333191
-0.025631543
-0.10686415
0.041766372
-0.0030590373
-0.17842038
-0.022318494
-0.022919899
0.03713106
0.011605372
0.034343883
-0.079894289
-0.03808764
-0.0072553311
-0.03466972
0.030201714
0.091916956
-0.019636918
0.083173275
-0.021016773
-0.049974866
0.045764983
-0.049990863
0.0033296717
0.12129176
0.027290333
0.029469086
-0.19150656
-0.091853142
-0.033004012
0.022686655
-0.045013357
0.0074448399
-0.066536002
0.072717473
0.037652731
-0.000413139
-0.02064316
-0.0044954573
0.062894538
0.00030642407
-0.02057679
0.10212336
-0.09817864
-0.018150914
-0.039197877
-0.0030289947
-0.017222205
0.004426593
0.02477314
0.0092520071
0.088925801
-0.017790101
-0.017798757
0.026830902
0.028338537
0.00069266773
0.03939832
-0.012048851
0.029692974
0.072845362
-0.027604662
0.028000869
0.018414615
-0.017863199
0.044631932
-0.043633893
-0.067255117
0.03232367
0.049672782
0.015841531
0.043731004
-0.033113662
0.019479483
-0.071063139
0.021289792
0.047142323
-0.034573335
-0.16566719
0.059746023
-0.063324288
0.078173593
0.096220061
0.057896245
-0.04356217
-0.1005876
0.027488999
0.063577838
-0.1366774
0.048911501
-0.085413635
0.041850571
-0.095696375
0.01748541
-0.022073524
-0.015099774
0.0041457764
0.011364129
0.073811591
0.032682177
0.030528817
-0.0060999547
0.054582808
-0.022393951
-0.034341481
-0.023850633
-0.072320968
-0.021887397
-0.029799547
0.034825381
-0.053627662
0.0064138286
0.070265159
-0.059941679
-0.015917584
0.020563455
0.028656939
0.043169983
-0.058652967
-0.0037698667
-0.026492281
-0.071997896
0.096871577
0.00081939664
0.036787488
-0.024745155
0.051567022
0.089136146
-0.090667471
-0.00057430228
0.02411052
-0.090127908
-0.05699338
-0.1151138
0.015195744
-0.0098333964
0.011610862
0.0092056226
0.021897059
0.082169376
-0.075517319
-0.054938566
3.459146e-05
0.067814879
-0.060958069
-0.045231208
0.038747385
-0.029450819
-0.018919818
-0.0047694538
-0.033789203
-0.035973612
0.011377267
-0.073187977
0.023408066
-0.054728385
-0.086212911
0.013167477
-0.043314748
0.0062848381
0.03162149
0.061980978
-0.017184185
-0.041126098
0.05150364
0.019818015
-0.055602919
-0.091018714
-0.079632461
0.051596802
5.4300548e-05
-0.071694426
-0.019093061
-0.0057627764
-0.002142089
-0.15064204
-0.16149782
-0.053243477
0.096483022
-0.017087881
-0.045632087
0.06346456
0.065689325
0.1089242
-0.056706272
-0.048786588
-0.058408089
-0.037728626
-0.057858959
-0.0548217
-0.17766598
-0.078304656
0.058998819
0.0031680856
-0.056398869
-0.076891974
-0.070049904
0.022659758
0.029878201
0.07834398
-0.071887404
-0.011664611
-0.025075113
-0.013762918
-0.061708525
-0.11553612
0.031516064
0.056525357
-0.019508354
-0.027722415
0.1233585
0.044453245
0.0096308207
-0.080615409
-0.054760337
-0.041593384
-0.18702756
0.057639021
-0.032490298
-0.035172403
0.03516265
-0.098329812
0.029521076
-0.039702591
-0.027801828
0.034795918
-0.054946501
0.058982305
-0.077260502
0.096240543
-0.022842126
0.043282747
-0.0071046879
0.037402678
-0.094736904
-0.074116096
0.025765615
0.0043694153
-0.12511894
-0.044796109
0.12307017
0.017222704
-0.014373043
-0.056513656
0.032471854
-0.043971349
0.017992938
0.0034301046
0.0037545173
0.01791901
0.021034278
-0.038876496
0.023635225
0.015631378
0.087716267
0.013207857
-0.056508474
-0.00033822504
-0.0057537197
-0.0011051663
-0.017428471
-0.03262496
-0.12413191
0.045347661
0.072719552
0.17334031
0.01279602
0.0018397042
-0.0060667233
0.0079315444
0.11393879
0.050341986
0.15631656
-0.03319503
-0.017552072
0.034906976
-0.012558643
0.038704365
0.0073000733
-0.017199209
0.096739233
-0.043216854
0.069733001
-0.0471371
0.028190453
0.037108798
-0.019449411
0.033346646
0.060282309
-0.026648261
-0.04390623
-0.034942862
0.040271595
0.013798064
0.078117065
-0.056533229
-0.02596296
0.12288892
0.064998552
-0.019295676
-0.055815917
-0.10425466
0.012995454
-0.058141109
-0.089265369
-0.034807567
-0.00098269491
-0.084698088
0.016708117
0.0048958128
0.012738221
-0.026535541
0.024970056
-0.00094231515
-0.057148345
0.09727972
-0.018904315
-0.015058727
0.025171278
0.053671818
0.10121461
-0.032004617
-0.0004098473
-0.030958397
-0.078375794
-0.083403707
-0.02996223
-0.037851449
0.031654619
0.005240635
-0.042460445
-0.027537847
0.048942499
0.036727779
-0.010376639
-0.037449509
0.034247581
0.055005439
0.030810244
0.060182527
0.01670778
-0.057602696
-0.00644129
-0.015683653
0.023294209
-0.0095924372
0.035814222
0.021836525
0.024795661
-0.016722424
0.034810632
0.011346072
0.049110323
0.069035895
-0.023798645
0.03719056
0.036348298
-0.015397913
-0.036572184
-0.056295376
-0.10107999
-0.073354304
-0.0072245509
-0.095334798
0.090105176
0.005801226
-0.0073011415
-0.10599786
-0.023785319
0.070996724
0.03166917
0.034984354
0.064850092
-0.032490786
0.027972423
-0.089753956
0.014896545
0.00061449665
0.052941632
-0.01923012
0.090266965
0.023853792
-0.038018454
0.0052162181
0.096371539
0.081793979
-0.039469045
-0.046448562
0.084177196
-0.071189001
0.050808735
0.025803734
-0.0025683248
0.057960782
0.039876562
-0.064677447
0.025411589
-0.04212451
-0.073877744
0.0025231608
0.066424496
0.020143945
-0.0084387222
0.030992182
-0.070494227
-0.087672256
0.035895832
-0.001462878
0.13743888
-0.010956708
0.0079730302
0.014025751
-0.038506955
0.016709123
-0.01062393
-0.018440548
-0.012013002
-0.017513154
-0.037905253
0.021632019
-0.047924027
0.066829503
-0.083819821
-0.068378821
-0.070983268
-0.083045818
-0.0086696418
-0.016628306
-0.023361778
-0.015072685
-0.05150675
-0.049534328
0.040809255
-0.082344532
-0.026787635
-0.0031786896
-0.044242613
0.11167724
-0.0065961285
0.011559924
-0.0047035231
-0.004245345
-0.033911828
-0.12877057
-0.034790996
0.023945536
0.029773096
-0.042338084
-0.012152644
0.022458233
-0.048534892
-0.074580334
-0.06054331
0.0048692659
0.063179843
0.055723395
-0.043532241
0.076584563
-0.0088620242
0.024248395
-0.092023738
-0.0018381404
0.051253434
-0.030888051
-0.091385715
-0.0080092819
0.056848247
-0.046892788
-0.039851986
0.11490437
-0.0093151731
-0.1107716
0.051620137
0.053790517
-0.12284313
0.019829571
0.0060981838
-0.02202674
-0.0077256868
-0.076738581
-0.081283092
-0.098778099
-0.060118828
0.02372108
0.0078329621
-0.077858016
0.072597586
-0.026383704
0.0071784453
0.027213439
-0.10155354
-0.10640547
0.031044401
0.088419043
-0.046636779
0.021197753
-0.018908789
-0.066464439
-0.028243301
0.063606866
-0.066325486
-0.041116342
0.013824508
-0.067601912
-0.018106421
0.061983835
-0.0064599137
0.033766709
-0.0060528433
0.054691974
0.066572748
0.027273262
-0.049665447
-0.10378979
0.01136277
-0.031634007
0.010875947
-0.026029447
0.048189659
-0.063716501
0.021343255
0.040989891
-0.020852741
0.017875094
-0.017622052
0.092426106
0.11576607
0.054668929
0.013226492
-0.018913561
-0.056387704
-0.090833917
0.015145347
-0.017642321
-0.01257099
0.027912391
-0.032239743
-0.012121902
-0.078949265
-0.09166164
0.070942037
0.0012075655
0.043687228
-0.022481838
0.037420981
0.032911297
0.016086884
0.054651868
-0.025823802
0.081153326
0.053284872
0.032596845
0.057888418
-0.020447563
-0.021539701
-0.027524676
-0.033682514
-0.049584147
0.050173398
0.0032894432
0.012212594
-0.013573742
-0.018909708
0.091013849
0.072157271
0.029092519
-0.069787607
-0.012549051
0.0018014174
0.034689881
0.074246384
0.062827654
0.040399674
0.021346133
-0.039552648
-0.030095773
-0.066122741
0.057393301
-0.065638281
0.083539598
0.098590851
0.053254623
-0.0002119627
-0.020512082
0.072316825
0.04836588
0.096739091
0.066491105
0.014928074
0.048002865
0.053258102
-0.0037036485
-0.011808524
0.11300952
0.054993596
-0.018634181
0.065918677
-0.051882327
0.01439351
-0.037650831
-0.023621663
-0.036606543
-0.056009348
0.026127797
0.047576677
0.013000698
-0.11665522
0.028674608
0.048636109
0.071116112
0.072539456
0.0058198841
0.016295286
0.083077438
-0.096160159
0.040774379
0.0059158686
0.057594765
0.028606165
0.032571416
-0.046757791
0.082863167
-0.011784447
-0.035740662
0.029934721
-0.047285873
-0.057596385
0.098358184
0.055330884
-0.017179992
0.046360925
-0.12253766
0.096878849
0.087532103
-0.01026912
0.0046186615
-0.057649519
-0.010582554
0.0087069115
-0.011739008
-0.065047391
0.036360316
-0.099004135
0.016988823
0.040332656
-0.032561067
0.0099731823
-0.071963578
-0.048563421
0.032892272
0.019535184
0.12078074
-0.028510591
0.069106884
0.043558914
0.014491422
0.031144297
0.088123962
0.086718768
-0.023489062
0.086981714
0.037439559
-0.0029516148
0.13139354
0.022617338
0.056008566
-0.027433833
-0.032485835
0.038166795
-0.024308132
-0.0051474008
0.052162237
-0.041853685
0.016828408
0.016243346
0.021104751
-0.032703441
0.094969332
-0.078177422
0.068194129
-0.13659839
-0.025032202
-0.022555556
-0.0062834332
-0.22723484
0.15221491
0.045021512
0.20252649
-0.094214723
0.11841991
-0.035018809
0.017682932
0.15408824
-0.0080679944
-0.11783893
0.051941961
0.11457178
-0.10090637
-0.055983603
0.086494513
-0.029245645
0.11313535
0.006094886
-0.080929942
-0.040820293
0.091057993
-0.1074806
0.067933954
0.13294289
0.087954834
0.18807012
0.06495145
0.039639682
-0.085897543
-0.091074452
0.022078391
0.049040198
-0.071446292
-0.019454801
0.035671528
0.1544022
0.0014212019
-0.14247493
0.070907943
0.21034381
-0.045349356
-0.12849107
-0.097556792
-0.0027988045
0.0099217203
0.015763201
-0.048932504
0.14436115
-0.041059677
0.053495247
0.20225911
-0.12922978
0.019881811
0.10792428
-0.0068418593
0.0037470548
0.11377127
-0.1028025
-0.17938128
0.10621665
0.10822147
0.11305343
0.086717963
-0.0069290949
-0.11426178
0.0053263875
0.0040047723
0.047041703
0.039723344
-0.051679861
-0.022824861
-0.014251631
0.14035691
-0.095866635
0.15872689
-0.04229787
0.16407973
0.10246851
-0.0096761594
-0.034390159
0.011588905
0.034642834
0.07147789
0.18051891
0.19187211
0.046086736
0.011475478
-0.19694738
0.13072999
-0.10884994
-0.094623573
0.11220302
-0.0040942351
-0.21515259
0.15471636
-0.049189404
0.018476073
0.048874903
0.18339157
-0.026861873
0.023394573
-0.16956276
0.084367
0.052338921
-0.13627797
0.086849712
-0.060821254
-0.10509979
0.029081687
0.057980269
-0.073085435
-0.11215083
0.0052126073
-0.01775815
0.22897066
0.049665414
-0.21678174
-0.10106795
-0.08301682
-0.10602033
0.10503402
0.046467058
0.026329221
-0.059766002
-0.076611124
0.039181471
-0.028308587
0.058081008
0.0057863826
0.036861848
-0.055553112
0.020296587
0.00085360627
0.014548368
0.030616114
-0.018887997
0.019490795
-0.098549835
-0.025895191
0.070631035
0.10456078
-0.014204752
-0.024841651
0.0067524179
0.15265065
0.040832046
0.084557742
-0.11933608
0.090030372
0.023856396
0.056684487
0.0035596883
-0.029905461
0.066171132
-0.068145767
0.053529885
0.029277129
-0.025981685
0.055183582
0.010270832
0.07189244
-0.031629562
-0.039200213
-0.086239718
0.023798641
0.0345782
0.0049941866
-0.025374813
-0.0021093395
0.031808354
-0.12866095
0.0024929023
-0.0087544415
-0.00099240616
0.010151625
0.086595111
-0.062927313
-3.0502906e-07
0.039306305
0.060475491
-0.023609046
0.078670003
-0.026454505
0.062996008
-0.057855222
0.0033955791
-0.052116439
0.057903141
0.037749417
-0.058680464
-0.011824023
-0.033309605
0.03551355
0.026760366
0.02702174
0.068671167
0.041168664
-0.1014211
0.031805564
-0.07932017
0.053936113
-0.055210989
-0.005727177
0.024761854
0.00026619475
0.049455885
0.020047376
0.0054171826
0.05991897
0.02782524
0.10305513
-0.081873901
-0.062336303
0.019298611
-0.049327955
0.043878935
-0.019115316
0.00076847977
-0.041846365
0.020281464
-0.062481567
-0.035506193
0.013973687
-0.021190822
0.11033612
-0.017052632
0.050000634
0.0098073315
0.0091364328
0.021869281
-0.067972258
0.028297644
0.1049161
-0.024245966
0.10709301
-0.089919128
0.042349871
-0.049410865
-0.010501998
0.09012194
0.014613397
0.039995849
0.07301794
0.042270608
-0.067948677
0.036816906
0.077967018
0.035006665
-0.0018634568
-0.023308814
-0.017678615
-0.027137432
0.00073526031
0.0061493199
-0.044604108
-0.015999455
-0.0049518775
-0.0069157989
0.085771747
-0.010753448
-0.011379786
0.053008854
-0.043090653
-0.078192487
0.083222434
0.064827614
0.13008396
-0.051797174
-0.075314373
0.02620679
-0.051979367
-0.018296449
-0.10173416
0.0067260023
-0.031814471
0.084836133
-0.0023318625
-0.024733163
0.024637466
-0.011123519
-0.047526605
0.0022149987
0.026809389
-0.076324895
-0.088021122
-0.065912545
-0.070537567
-0.011661113
0.0067428891
-0.0036030503
-0.0075960155
0.0098283114
0.0041152169
-0.0057080328
0.044630587
0.039093077
0.011687123
0.02306306
0.012044827
0.035512697
0.0016729117
0.014260492
-0.0012221374
-0.0012933468
0.041022655
0.0051172208
-0.033393908
0.017530812
-0.071878441
-0.044022519
0.041591093
-0.037467625
-0.13209207
0.10466933
-0.029775066
-0.040314611
0.061777458
-0.016663963
-0.061757229
0.080560319
0.081451416
6.4120642e-05
-0.015635364
-0.026843449
-0.061086055
-0.014649651
0.013811669
-0.023002472
-0.02309544
0.084304921
-0.087246306
-0.013540532
0.038318519
0.050149351
0.078544006
-0.041044947
0.01001068
-0.028996708
0.044767816
0.01076153
-0.062385321
-0.085019797
0.046363525
-0.0058805631
0.060503516
0.025074307
0.00217044
0.083251305
-0.027163254
0.078773022
-0.043864027
0.018627709
0.010304875
0.02199172
-0.043409508
-0.021063358
0.048617821
-0.025836227
0.015893575
-0.020974325
-0.045977436
0.0026642673
0.01766046
-0.04672474
0.032372449
-0.02449923
-0.02139416
0.026923059
0.069493353
0.045308053
-0.10680512
-0.020674504
-0.02793253
0.045777183
0.015809072
-0.0062066927
0.01624793
-0.023737339
0.027510853
-0.014148525
-0.076070815
0.014374482
0.013943335
0.11405683
0.068489194
0.021811178
-0.022109147
0.041517019
0.070632674
-0.049503934
-0.013465314
-0.0056151813
-0.070075899
-0.027599391
-0.04749129
0.093807109
0.041914172
-0.074695759
-0.056482892
-0.031150306
0.050966211
0.030796299
0.053367943
-0.020298399
-0.050046161
0.142465
-0.061334755
0.030909527
0.015064445
-0.059503116
-0.055066209
0.0067011435
-0.15112972
0.0094347401
-0.082245693
-0.077634856
0.041235019
0.014501584
-0.040876091
-0.015461273
-0.006827564
0.079020254
0.028117467
-0.14534219
0.11522768
0.016179286
0.032431293
0.15691991
0.0095617305
0.050640136
0.046729628
0.012505898
-0.0054195109
0.066520602
-0.0025714324
-0.00019399587
-0.085150741
0.024215799
-0.040497128
0.062841333
-0.075528257
0.056059469
-0.14814173
0.097884879
-0.010816717
0.03339744
0.062349427
2.2903439e-05
0.087493792
0.06303712
-0.0081284093
0.0073770457
-0.034054808
0.082174979
0.017196998
-0.096668966
0.016174035
0.040712748
0.036608309
-0.022004597
-0.081230223
-0.0053015053
-0.12002853
0.046028327
0.028729122
-0.023385536
0.07131435
-0.012969324
-0.15657623
0.068283021
-0.017836904
-0.031400286
0.052563004
0.11529432
0.068482839
-0.014207651
-0.12827826
-0.068482995
-0.021293495
0.028698295
-0.016302289
-0.030449066
-0.0049354308
-0.094207048
-0.045230467
-0.013520821
-0.0037262882
0.011497092
-0.015881035
0.0089302734
-0.01059488
-0.095522724
-0.0037242258
0.072201036
0.051956013
-0.017667664
0.0053039845
0.013360941
-0.016203847
0.01299492
0.019229721
0.10478534
0.04732687
-0.007801604