-0.053093452
0.040254455
-0.0019218804
-0.011607285
0.014058445
-0.019103538
-0.032668401
0.027465897
-0.03173044
-0.051862746
-0.016609028
-0.0068674916
0.031982597
-0.053134512
0.025094004
-0.082181677
0.0098159183
-0.0039875512
0.044433814
-0.033852272
0.017871229
-0.055937387
-0.023171214
0.047270864
-0.063956141
0.027486796
0.0060257283
-0.08005897
-0.047286037
-0.12085336
-0.051048353
-0.10695525
0.046424225
0.0767425
0.031095449
-0.0093141645
-0.052524898
0.0047604963
0.080430903
-0.086910009
0.036566943
0.045631338
-0.026044166
0.047250301
-0.040842731
-0.059196819
0.055323705
-0.096104875
-0.089255452
-0.077959463
-0.024765018
0.065926209
0.087815866
0.044660207
0.032387286
0.063280381
0.0510347
0.021947505
-0.09426342
0.070274688
0.034502596
-0.037734319
-0.095454656
-0.04497087
0.056255721
-0.045923647
0.013206713
0.030495085
0.013407958
-0.075299807
-0.0033415752
-0.036084846
-0.078084372
0.0048645753
-0.061394114
-0.042433009
-0.026754158
0.079835288
0.015214197
-0.0087125972
-0.058485512
-0.022047184
-0.11587682
0.013945581
-0.0068696132
0.023083344
0.049958043
0.040150102
-0.04562426
-0.026680365
-0.0096263587
-0.02639213
0.039819811
-0.06819164
0.025996052
0.019286688
-0.072444774
-0.05107493
0.048776407
-0.032128152
0.015393171
-0.06858094
0.09313333
-0.025942681
-0.034805026
0.0079900976
-0.042629432
0.0081915837
0.11227432
0.0017879867
0.10481274
0.08856561
-0.068174362
-0.025034696
0.045070969
-0.032148562
0.11036383
-0.0058415858
-0.017599715
-0.06707418
-0.05785729
-0.0083611356
0.037381664
-0.042019416
-0.0031371375
0.075466149
-0.041353151
0.084794685
-0.040563852
0.020802205
-0.07835073
-0.0081589799
-0.1166615
-0.0015307467
0.0097016394
-0.068374947
0.11302588
-0.039546918
-0.18779497
-0.00073771388
0.080250308
-0.093585029
-0.050746057
0.075718217
-0.054174591
0.0083691506
-0.025041426
-0.076518513
-0.054822389
-0.049210887
0.024002299
-0.05630995
0.090247683
-0.0071804225
-0.046206415
-0.022404293
0.086929582
0.035904836
0.053981781
-0.055199251
0.048974622
0.023208043
0.063738972
0.034134991
-0.017943611
-0.15365753
-0.031880837
0.003345829
-0.091941945
-0.060753658
0.054776981
0.054468274
0.02700443
0.067666426
-0.04466477
0.11864218
-0.046313934
0.090996876
0.041909575
0.076509021
-0.040505659
0.064987972
-0.0088129966
0.0049892534
-0.0042954748
-0.017645746
0.0019608559
-0.11384908
0.013395554
0.0065928018
0.019565389
-0.026226457
0.01357695
0.027629102
-0.04911191
0.042039987
-0.059887096
-0.037371125
0.0072564753
0.02934847
-0.046793289
0.051141892
0.075291336
-0.015551654
-0.029230794
-0.034985092
0.035442457
0.090923123
-0.0077508236
0.017240709
-0.022529406
0.020755183
0.086782657
-0.038652446
0.046304233
0.011627173
0.032266382
0.023756597
0.029202426
0.060544867
-0.026626047
-0.019446628
0.031782743
0.0022151056
0.095508814
-0.050614096
0.080432177
-0.054824702
0.068067968
0.10770568
0.036389738
-0.10317767
-0.063172296
-0.027427293
-0.026129736
0.12909994
0.062913202
-0.048549
-0.0020941931
-0.034124468
-0.06631691
0.032582127
-0.11187396
0.086532965
0.0083674928
0.032118555
-0.017941371
-0.083356969
0.04305448
0.0019921383
0.031525102
-0.029128797
-0.010486929
-0.073285505
-0.0056971754
0.028527377
-0.033771817
0.074196063
0.047467314
0.072221518
-0.041409548
-0.011748113
0.052085135
0.035862807
0.0065769227
0.016484849
-0.029958917
0.061801732
0.031823929
-0.02292446
0.0088770762
-0.00016675309
-0.040672593
-0.025282776
0.04842148
0.034444194
0.011713188
0.090682454
-0.018387472
-0.034458898
0.061034318
0.074826404
-0.067790315
0.080263302
0.076792993
0.00020591702
0.041031238
-0.042464186
0.018454209
-0.032304525
-0.072029181
-0.064281181
-0.086824387
0.044908985
-0.032229539
-0.093571186
-0.009226515
0.011163578
-0.064599968
-0.0088818613
-0.012495003
0.023505501
0.052575819
-0.021372441
0.055926543
-0.013136624
0.077687517
0.018012922
-0.014739445
-0.02677843
-0.0071627903
-0.0037345323
-0.071962252
0.13119659
-0.0073148864
-0.081712209
0.051788643
0.029480234
0.029785233
0.044024415
-0.098950468
0.050616682
0.10476852
-0.031075483
0.01009171
-0.12614898
-0.044999857
-0.065898977
0.057999473
-0.0058392282
-0.034197398
-0.11694355
0.036206748
-0.0024247391
-0.04057236
0.011864144
0.0039365832
0.017634524
0.013952198
-0.0087341536
0.0036833605
0.099898174
0.098592632
-0.054311167
-0.020904405
0.039888695
0.052465495
0.013270083
0.0078496654
-0.059019979
0.058181506
0.035785437
0.083966121
0.13519788
-0.034509532
-0.033425387
-0.0044691316
0.018285133
-0.0489005
-0.066354558
0.069216095
-0.036895715
0.015076172
0.0062999232
-0.097289674
0.069249712
-0.11667193
0.029306326
0.062553361
0.0054635061
-0.040951576
-0.041217189
-0.073724106
-0.16748364
-0.015172109
-0.082692012
-0.074347802
-0.0091964118
-0.028943587
0.053029556
-0.032036696
-0.16539313
0.037295107
0.043306272
-0.026428228
-0.086637624
-0.047657177
-0.011469787
-0.046473056
0.077220939
-0.077713221
0.016499026
-0.062880389
0.01060571
-0.036663298
-0.047789905
0.023612879
0.021781873
-0.016001102
-0.071695887
0.012256441
-0.0092005488
-0.00054362352
-0.073786713
-0.050097875
0.022452725
-0.077677786
0.045577519
-0.024670094
-0.096161529
0.0132989
-0.072781064
-0.051500276
-0.055919409
-0.017616199
0.06399969
0.065868877
-0.0061336276
0.063167684
0.0013661213
0.0060714325
-0.078472793
-0.10508774
0.036044188
-0.086163037
0.067319527
0.083407581
0.10051865
-0.061533593
0.070469685
-0.001626414
0.0038404192
-0.14748552
-0.16191144
-0.0040161689
0.067156225
-0.0079179052
-0.14154093
0.0085023921
0.084242269
-0.051673755
-0.0093125412
-0.089414701
0.067512393
0.026316244
0.037618726
0.0028856213
-0.08460097
-0.026965261
0.047016717
-0.018024573
-0.0086205034
0.11907673
-0.012684526
-0.023444226
0.019588389
0.018225593
0.064167611
0.071889602
0.053183276
-0.00022979885
0.0051166061
0.10257701
0.066531412
0.022794493
-0.0065684333
-0.059749827
-0.075429663
-0.0039157295
-0.048299689
0.046999309
0.045410469
0.042406969
0.014160673
0.0095263608
-0.02111649
0.068373345
-0.13146725
-0.034424305
0.010891305
-0.085591339
-0.020423969
-0.021827994
0.076641634
-0.017674312
-0.057441037
0.051796865
0.083351538
-0.042621333
-0.051381096
-0.045377798
0.059397988
0.044584904
0.02472551
0.069516197
0.13656485
0.016280551
0.058485612
0.081461333
0.0050221547
-0.0023705899
-0.037377559
-0.061884835
-0.01279006
-0.061642174
0.10540406
0.017505398
0.016122675
0.095371075
0.08530625
-0.0024614024
0.027713692
0.024089186
0.012773093
-0.0032919561
0.093690455
-0.077028818
0.10741636
-0.0045272401
0.06292443
-0.095406212
0.004623617
0.02078918
0.013134332
-0.0051033003
0.01339666
-0.014273582
0.030279417
-0.076430783
-0.02646656
-0.036472887
-0.034698959
0.014056267
-0.019333934
0.071695559
0.027144849
-0.077015661
-0.029822428
0.011473515
0.010267527
-0.012805176
-0.019632258
-0.11885788
-0.021862091
0.022496276
0.068189457
0.013001972
0.073061816
-0.030151606
-0.034886379
-0.048736088
0.018155118
-0.0077716089
-0.15871246
-0.037838917
-0.029421017
0.051923621
0.080366403
0.015313408
-0.014355209
-0.088850781
-0.06370768
-0.048795279
-0.037354738
0.023805242
-0.0020377492
0.010972008
-0.076734923
0.079382107
-0.091243513
0.049004767
0.097073875
-0.00067663816
-0.005894355
0.011469141
-0.077180684
0.053411085
-0.054986171
-0.025195336
0.0051963273
0.047140058
-0.032977737
0.052828353
0.070666648
-0.087648995
0.00036963593
-0.12285554
0.058174189
-0.014067908
0.016739557
-0.014190528
0.042663652
-0.034841754
0.037260715
-0.029150618
-0.083644658
0.036157116
0.059302308
0.028428631
-0.014728598
0.018724598
0.12226631
-0.045807451
-0.014390547
0.034329612
0.054818518
0.031920213
-0.088424288
0.028492682
0.058159363
-0.035864562
0.0069573121
-0.078674652
-0.092886016
0.088867098
0.063964352
-0.0074081416
-0.017272279
0.029820083
-0.016170055
-0.019500477
-0.0054438226
0.040098112
0.033883825
-0.036670901
-0.014323473
0.027401635
-0.057654243
-0.0285758
0.058436878
-0.16654576
0.0058564544
0.088074327
-0.0038281828
-0.10102237
-0.040538911
0.020139523
0.038007971
-0.0077740848
-0.098996483
-0.051977132
-0.029010948
-0.003129269
-0.052374773
-0.009417424
-0.060596786
0.010278157
0.040446054
-0.043518391
-0.089132473
0.075983234
0.034377575
0.047654595
-0.01337451
0.057861682
0.026509998
0.0080982279
0.029061215
0.044868652
0.05687438
0.081402265
0.053812545
0.0018853848
-0.026186559
0.023895252
0.019674335
0.042363092
-0.0076376325
-0.034152981
-0.030847015
0.007652089
0.051793858
-0.0074516796
-0.065010257
-0.12365639
0.0067300512
-0.084273085
0.069123819
0.005198658
0.067708641
-0.030226858
0.031727113
-0.074690402
-0.07007809
0.0040208339
0.097720265
0.095572352
0.071052521
-0.030418165
0.0059979162
-0.049875911
0.047943179
0.039713841
0.054824289
-0.0043870825
0.047167704
0.054899253
0.029509192
-0.034177497
-0.021747561
-0.04414678
-0.0093399985
-0.039128661
0.035541393
-0.052785113
-0.029100219
0.04327127
-0.019739918
0.013683995
-0.0014704962
-0.028804274
0.053535026
-0.047252622
0.039187338
-0.046519026
-0.041934431
0.053548601
-0.056809168
0.067891873
-0.088199362
-0.13077933
-0.042715862
0.015994629
-0.023534846
0.048724201
0.095388196
-0.077047355
0.081905618
-0.027978772
-0.0078037949
0.018652644
0.04206197
0.067185156
-0.0038742481
-0.031562597
0.042153254
0.02745524
0.0074837878
-0.016631095
-0.084356621
-0.015458492
0.01705003
0.043067981
0.066159464
0.05181139
0.051508959
-0.050506365
0.037037116
-0.066230834
-0.048166022
0.044706669
-0.034647886
0.055939045
0.045942005
-0.051027868
-0.041424416
-0.019729309
0.021844072
0.076384567
-0.065619223
0.062684588
-0.027858265
0.018304378
0.01434639
-0.045858786
-0.041285347
-0.087219425
0.037693944
0.014063733
0.019576045
-0.072043739
-0.043140557
-0.036262777
0.011686302
0.0090012094
-0.010196804
0.023698363
0.013388486
-0.014991849
-0.0078023039
0.019158395
0.0039291889
0.069734558
-0.018083826
0.053447388
0.05806775
-0.080792226
-0.036605138
-0.034009676
0.069094352
-0.01102816
-0.044572603
0.026115127
0.01534706
0.0024292669
-0.011582454
0.078678675
-0.0085982019
0.033254173
-0.093066685
0.077260211
0.087722912
0.037057277
-0.017097238
-0.034163911
-0.028124755
0.024930416
0.07240469
-0.050267007
-0.094960682
-0.04182611
0.072661616
0.014326454
0.015583703
0.10127955
0.032943584
0.064281255
0.095306195
0.05997574
0.030150058
-0.0016006371
0.064769201
0.03712967
0.049249362
0.038433246
0.074000821
-0.0061463076
0.037334647
0.014457751
-0.022024928
-0.092573807
0.080346115
0.023640417
-0.012309928
0.017812358
0.06466192
0.024630675
-0.093776442
-0.055350583
0.090010501
-0.026394771
0.002322379
-0.025506323
-0.077096231
-0.093493074
0.055576149
0.010738932
0.047731202
-0.038373541
-0.063274771
0.020628218
-0.066547327
0.066450864
0.078152902
0.036655042
0.039956614
-0.054510623
0.072985768
0.061196595
-0.069680557
-0.013879294
-0.070437506
0.016884804
0.032977186
0.04566256
-0.057829458
0.041178286
0.019036185
-0.029665668
-0.0076353988
0.025254693
-0.053514998
0.088994607
-0.0017832534
-0.031285841
-0.054347228
-0.013058658
-0.033497699
-0.021886716
-0.072263464
-0.044144318
0.013949066
-0.041384932
0.0012684757
-0.09701132
-0.085846402
0.097405963
0.010367242
0.02881795
-0.026008515
-0.060451131
0.020373676
0.047793329
-0.093867429
0.046021137
-0.022563975
0.026702479
0.032489032
0.033282347
-0.06988655
0.039949514
-0.046079766
0.064310856
-0.053444125
0.056297757
0.047162313
-0.025054645
0.029995516
-0.01952013
-0.043684833
-0.020723058
-0.04665786
-0.0050354619
0.049575295
0.014853853
0.023770731
0.084951669
0.034669094
-0.00084719289
0.0072794431
0.019922111
0.052845281
-0.03427881
-0.10103849
0.036640149
-0.049167316
-0.0093212016
0.00050069182
-0.0395859
0.051231477
-0.015745975
0.016345132
-0.028427999
-0.050542857
0.041713551
0.096948005
-0.010413919
0.025865128
0.0061812182
0.065186359
-0.01123755
-0.030366197
0.0061520394
0.034708921
-0.046750557
0.080041803
0.0013360108
-0.036864635
0.024159037
-0.013438853
0.10498711
-0.062245775
0.0079662492
-0.045941088
-0.034408092
-0.016250912
0.13225947
0.087899916
0.064725868
0.081213407
0.064604826
0.051979497
0.059712451
-0.066876978
-0.017186517
-0.040133253
-0.047011133
-0.030990185
-0.029504435
-0.022232063
0.068286791
0.0082960939
-0.054471061
0.060656402
0.027721284
0.12086152
0.05427992
0.019165466
0.085751913
0.043972369
0.047708508
-0.026009481
-0.077034242
0.042195849
-0.011767634
-0.0014015001
0.039964288
0.10271115
-0.0095947366
0.05281138
0.037420955
-0.06982787
-0.040433418
-0.0079174619
-0.038663369
-0.046034675
-0.010611702
-0.037946705
0.083604917
-0.045703389
-0.019765265
0.051936083
0.028496094
0.034601204
0.077769823
0.063660033
-0.072919786
-0.025924768
-0.040034119
-0.061197296
0.035735719
-0.035316132
-0.059011299
-0.034388561
0.016597969
-0.054092426
-0.024824321
0.068245538
0.021378973
0.068042845
-0.042454295
-0.016440362
0.020594312
-0.049031883
-0.021149697
-0.019341066
-0.051434446
-0.015207688
0.077669948
0.054966535
-0.071957842
0.10885885
0.017812982
0.090225317
0.11902148
-0.033768706
-0.068444438
0.019691871
-0.015492251
-0.0036615818
0.10210788
-0.010956412
0.0073734499
-0.060107343
0.00013924787
0.0039744824
-0.065785199
0.028404471
0.058874164
0.008247328
-0.032734849
-0.043430202
-0.0793202
0.027798388
0.070362724
0.010361568
0.04950073
0.087441474
0.020803303
0.0024135024
0.046539716
0.044333309
0.0097934259
0.040062781
-0.0017051927
0.016061869
0.038581092
0.071880959
-0.041143287
-0.058980007
-0.036603533
-0.058570907
0.031654641
0.026805479
-0.015016898
0.029543929
-0.064155839
0.011627924
-0.012688255
-0.067814521
0.026516771
0.056664743
-0.027804561
-0.0038886042
-0.038115837
-0.039067242
-0.039963368
-0.028097298
0.062324733
0.043389879
0.043058261
0.049209133
0.018585615
0.048828609
-0.060928941
0.027361775
-0.019100443
0.043567665
0.047183756
-0.0077450825
-0.019081708
-0.063280895
-0.12783307
-0.071774192
0.059653066
0.053842701
-0.035626799
0.047237705
-0.031137472
0.013775822
0.023460435
0.021623759
-0.083385378
0.017614732
0.087390549
0.018568983
-0.0085312389
0.007252987
-0.038397267
0.026611434
-0.09146557
0.035360478
-0.0072507984
0.046240676
-0.053925015
-0.0082038697
0.058025047
-0.056793261
-0.017189162
0.033297397
-0.047728408
-0.010428987
-0.059112933
-0.038744863
0.061251305
0.074342623
0.00076189596
-0.012281461
-0.07641045
-0.044061366
-0.070889592
-0.0051053795
-0.027622681
-0.019417772
0.014164239
-0.025519934
-0.076459169
0.095953502
-0.00091084244
0.056648325
-0.020567289
0.041571185
0.092716008
-0.024157239
0.062094007
0.025118247
-0.023058997
-0.050676167
-0.051323827
0.05273892
0.046659853
0.017478263
0.023718568
-0.011873321
-0.046804611
0.087978519
-0.051352199
-0.028238675
-0.041737203
-0.10557871
0.10077102
-0.04980392
-0.038863473
0.0400461
-0.043592717
0.04284149
0.027511712
-0.041731652
0.041033991
0.055306781
0.10011326
-0.0024712365
-0.10925452
0.059194937
-0.023425911
-0.11070493
-0.031938441
-0.0051071784
0.0013909403
0.0041846498
0.069577396
-0.09665674
0.056947682
0.010664864
-0.087632187
0.018045042
-0.073577501
-0.02462435
-0.012498851
-0.10310355
0.032708939
-0.11537214
0.010805383
0.051327549
0.024189446
0.0059709321
0.0089566242
0.095716663
0.062076472
-0.034306809
0.047347907
-0.057688672
-0.080817163
0.032806899
-0.040480811
0.016708186
0.046928339
0.018829305
-0.01802616
0.043029655
0.012134854
0.020133538
0.045511391
0.042495485
-0.090911761
-0.044379681
-0.095187776
-0.084163159
-0.021429673
0.087548606
0.0063346508
-0.041599315
-0.11724834
-0.038018879
0.029606918
0.06464456
-0.11336965
-0.045920767
-0.082222626
0.058335844
-0.066706017
0.031650756
-0.097658627
-0.020823132
-0.036496338
0.02670324
0.12369112
-0.048171654
0.072561219
0.052518602
-0.15432668
0.025525561
0.045837589
0.12629798
0.043865245
-0.064768776
0.10638233
-0.10098739
0.015033193
0.069612056
0.066481717
0.11591867
-0.0099562975
0.11690575
0.026190944
-0.01095075
0.0044689751
-0.020376934
-0.010742893
-0.014533409
0.052472636
-0.068686783
-0.031395707
0.039057877
0.072986662
-0.014825283
-0.05686745
0.030625876
-0.11873186
0.016796118
0.014620241
0.020284571
0.0012975935
0.0018545977
-0.077030562
0.054907091
0.023434205
-0.003783107
0.060709734
-0.047592122
0.024208406
0.066059276
-0.031387426
0.028848251
0.055742051
-0.036922995
-0.0072349682
-0.0038773813
-0.01828908
-0.10691153
0.044279803
0.036614884
0.0084024202
-0.040388089
-0.0086108586
0.025646761
0.027620535
0.044330236
0.018147375
-0.023025099
-0.033948742
-0.012553496
0.01944734
-0.025481204
-0.0028638842
0.014898244
0.072839983
0.075662836
0.047036745
0.050380714
0.070276201
-0.036126725
-0.024102634
-0.076339535
-0.026597992
0.020514727
0.044668175
-0.10220852
0.031073373
0.029658653
-0.059498593
0.10133252
0.0087921908
0.10373727
-0.015812403
-0.002027428
-0.055253174
-0.0082620159
0.018985672
0.00078375038
-0.012498528
-0.011648985
0.016523451
0.030598944
0.0087769097
-0.0038438472
0.016048675
0.030530205
0.032950744
-0.08298146
0.063440487
0.070581414
-0.053141434
-0.027665693
-0.097082719
0.017494857
0.084021345
-0.068984367
-0.055507332
-0.047431864
0.063818581
0.020776205
-0.0045671277
-0.028916923
-0.06348855
-0.0019978744
0.04751474
0.018573267
-0.058637373
0.030701039
0.0013572691
-0.038282678
0.005454144
-0.0030238095
0.010527477
0.043691762
0.070514709
0.072746746
0.030067898
0.089687489
-0.050874222
-0.033046868
-0.075301461
0.07689026
-0.019299479
0.031363744
-0.072388344
-0.01831086
-0.049683414
-0.14001557
0.036589947
0.040436916
0.0045717447
-0.04158761
0.0055359523
0.07634268
-0.0050602043
-0.11497477
0.039058574
0.0082705133
0.024257442
0.025406893
-0.068472937
-0.078438595
0.043742996
-0.044686671
-0.048866309
0.016336089
-0.095126182
0.11860239
-0.032443032
-0.047270808
-0.0021075225
0.051652484
0.01410568
-0.068667136
-0.099964239
0.033270057
-0.07324367
-0.06298583
0.04934597
-0.064202696
-0.046708755
-0.018458471
0.013134998
-0.1153171
-0.03332673
0.030064611
-0.039559018
0.093354255
-0.039516874
0.015437862
-0.039784174
-0.15763493
0.083075911
0.043305103
0.027501155
-0.071481779
0.040715113
0.038589951
0.030919392
0.052985229
-0.070548728
-0.060876552
-0.1401369
-0.089982994
-0.039664458
0.0393131
0.03431217
0.065719046
0.10235877
0.029353142
0.040832367
-0.067044638
0.035280764
-0.0050490662
0.054583915
0.010208888
-0.044801012
0.029308584
-0.048531905
0.0076475488
-0.064794257
-0.026146688
-0.070751995
-0.0030132746
0.086634643
-0.056138359
0.056677774
0.08110363
0.053258654
0.094300412
0.010607357
-0.093037412
0.12105435
-0.058111176
-0.0292175
-0.052741576
0.11720497
-0.089990579
0.047772527
0.026779477
-0.00042814555
0.091161668
0.016734721
-0.023859978
0.068127163
-0.11428013
0.11530698
-0.042885058
0.0023949095
-0.049824446
0.016588237
0.077194139
0.099319398
-0.12570426
0.073074244
0.047878593
0.0085980473
0.093555138
0.064925417
0.036757138
-0.080550529
0.034091815
-0.046892893
-0.0073636407
-0.066994667
-0.017735945
0.056715205
-0.051788993
-0.017981863
0.024973599
-0.065476865
0.061948415
0.085166469
-0.055523325
0.043675531
0.05140749
-0.054129086
-0.046668872
0.039576069
-0.063168183
0.10245626
0.080736987
-0.05324702
-0.027939985
-0.013932737
-0.027794305
-0.0013511814
-0.089563519
-0.0061348509
0.027009327
-0.035649352
-0.071881853
0.060708713
-0.0032678822
-0.010145193
0.068062261
-0.039584823
-0.035958488
0.087271109
-0.074667186
0.051527899
-0.094891638
0.013530213
0.087990955
0.016460951
-0.038139723
-0.040608589
-0.0046728901
0.034784835
-0.037412997
0.11006182
-0.095289469
0.012841958
-0.02546362
0.062724121
0.16083863
0.040620193
-0.033606734
-0.0069721248
-0.23776144
-0.038161278
0.084304519
-0.015664738
-0.0098593412
0.053949736
-0.00034498476
0.057698369
0.12496226
-0.086327262
-0.023903579
0.032737907
-0.044291079
0.014871337
-0.012079402
0.12993988
-0.020606164
-0.019235985
0.035970271
0.017532382
0.089679949
-0.087389231
0.08260677
0.044489995
-0.065059252
-0.037835605
-0.011869931
-0.0678562
-0.055094257
-0.016693043
0.020109011
-0.14201279
0.061883502
0.024744237
-0.021314185
0.052586775
0.0059955851
0.13292007
-0.0073768683
0.02701512
0.043911874
0.0053666313
-0.05894288
0.00018186112
0.03629294
0.080676928
-0.13317245
0.052909967
-0.12180603
0.046024222
0.084790356
-0.04805949
-0.051462438
0.089068577
-0.030076994
0.0047208355
0.056348108
-0.058266364
-0.057793126
-0.10201357
0.078631319
-0.078632906
-0.066003121
-0.0069784997
0.044217855
0.023183931
0.12934473
0.083045706
0.13786609
-0.05990456
0.012300697
-0.036420185
0.015948327
0.059513729
0.020984275
-0.02157319
0.058565721
0.057983212
0.10365231
0.039838683
-0.049783789
0.095960379
-0.063553065
0.0038679373
-0.038891565
0.014670456
-0.057486646
0.090018563
-0.088282131
-0.10760138
-0.00074528652
0.012689605
0.048471302
-0.27897516
0.058925696
0.048603997
-0.03785586
-0.03799611
0.055252723
-0.10256721
0.1123371
0.083667494
-0.069606312
-0.072077386
-0.040162876
0.045083288
0.010555835
0.0041454239
-0.047626857
0.019930344
0.034365229
-0.066330075
0.093864873
-0.048411407
-0.035237174
-0.04774053
0.017563127
-0.03646443
-0.090340935
-0.0094977412
0.053416353
-0.039422855
0.12089512
-0.053407606
-0.016196242
-0.014690661
-0.062220693
-0.019004099
0.076530486
0.051813439
-0.0675539
0.078782581
0.089785069
0.06860631
0.014892298
-0.045539901
0.039787814
-0.026109414
-0.0086988006
0.016878555
-0.02062059
0.043377724
0.014913076
-0.012870769
-0.016664527
-0.065494545
0.074181646
0.080916636
-0.07346192
-0.01204583
-0.041204873
0.030573752
0.074664861
0.056082562
-0.0066173887
0.086252384
-0.063803211
-0.030705374
0.039036117
-0.054070074
0.035962544
-0.0095646735
0.06537357
0.034113683
-0.021680225
-0.073536322
0.070257939
-0.033011571
0.040388357
-0.027513096
-0.0044169202
0.082257323
-0.067090541
0.020470882
0.034843434
-0.0054415166
0.031453118
0.089351557
-0.013604832
0.03095676
0.078854263
0.051473793
0.040468592
-0.080992818
0.077243038
0.022077285
0.067496859
0.060314428
-0.0075373612
-0.05804773
0.032018591
0.019921204
0.042543791
0.011733408
-0.012168162
-0.087060861
-0.03020652
-0.0032681471
0.0031174852
-0.060137708
-0.10488877
-0.056011148
-0.016479366
-0.029777739
0.11663487
-0.031278182
0.03579843
0.010717113
0.03581797
-0.037480857
-0.043983277
0.06466724
0.10801797
-0.049980942
0.090548649
0.017221816
0.028456468
0.0083405674
0.020890962
-0.025592096
0.0031629675
0.065507665
-0.017479768
-0.0097145364
0.077455498
-0.018653003
0.039419502
0.044443347
-0.013743231
-0.010304312
0.013013616
0.014357366
-0.0033977062
-0.088756189
-0.065544166
-0.013882151
-0.039735869
0.068537794
0.0021475707
0.064938694
0.035546508
0.02030392
0.035497576
0.072505832
-0.082149506
0.035674166
0.045010585
-0.048857685
-0.093287632
-0.042564828
0.051152159
0.0011353282
0.020963769
0.0089682294
0.09926632
0.0060627717
-0.12256081
-0.11653309
0.084494293
-0.06233624
-0.0007435435
-0.082445331
0.03763834
-0.025852347
-0.051096149
-0.11575251
-0.028891183
-0.050220922
0.071022436
-0.0042023091
0.037084982
0.079912454
-0.0048594465
0.0014916066
0.045692943
0.035655998
0.1073149
-0.057223335
-0.01143653
-0.064315982
0.016090026
-0.024841348
0.12700653
-0.047817308
-0.072008967
0.065926
0.016742894
0.11571758
-0.1190278
-0.052019663
-0.10891549
-0.064155161
-0.032834359
0.044143956
-0.0077790478
0.02588583
-0.11063991
-0.049876116
-0.030802054
-0.02915442
-0.060557593
-0.0099624489
-0.0034628131
-0.0077828602
0.049976435
0.060141526
0.087723196
0.03166721
0.0089832991
0.039927918
-0.1236007
-0.07535664
-0.054828841
-0.048754524
-0.057955269
-0.081072733
0.03749207
0.076164529
0.073973387
0.082856268
-0.0051831999
0.061902229
-0.047493368
-0.043894324
0.017225984
-0.047450263
-0.015940785
-0.026727621
0.031364456
-0.024033193
0.066702671
0.019129403
-0.048161678
0.046136554
0.040731627
0.10506708
-0.071873821
0.0032609412
-0.042367999
-0.0036775195
-0.066121735
-0.038059384
-0.030361062
0.02937394
0.090233348
-0.084545478
-0.067257531
0.048089273
0.058687966
-0.10046371
0.01618371
-0.028341571
-0.027878303
0.082085691
0.0028662828
-0.089381829
0.00523138
0.019392369
-0.026873788
-0.072825797
0.030362295
-0.019014155
-0.080447502
0.024680285
0.031535409
-0.0086139552
-0.010361278
-0.1739835
-0.045910146
0.03363736
-0.0030152602
0.019617276
-0.014709685
0.15351178
0.0088270735
0.05865426
0.007774197
-0.00057923479
0.085349463
-0.042361949
0.049739614
0.016835473
0.022834836
0.03918089
0.038025435
-0.025115376
0.012952467
0.020738814
-0.067128718
0.050642226
-0.065934613
0.090256251
-0.053283151
-0.11036925
0.012607725
-0.014583196
-0.037807595
-0.061966337
-0.050638065
-0.058199562
0.0094180992
-0.040855166
-0.017950889
0.071579546
-0.089733861
-0.039267845
0.053769961
-0.0065277936
0.077609569
0.072909355
0.044971779
-0.048044443
0.06121549
-0.065790161
0.0066052107
-0.051487021
0.059130289
-0.10675323
-0.10017825
0.095612794
0.019683668
-0.063121051
-0.014390981
-0.09634193
0.037718236
0.10532194
0.098647475
0.035717085
0.038219959
0.016291784
-0.019962555
-0.072266795
0.053749155
-0.032459989
-0.042851172
0.058921028
-0.020405831
0.0096196225
0.069583267
0.010531905
-0.056985956
-0.051641736
-0.017636223
0.0022846663
0.10185406
0.038915053
-0.060173705
-0.030029561
-0.018766569
0.057025354
0.015746856
0.056896064
-0.07986179
0.015570955
0.030786026
-0.070838012
-0.011259967
-0.034233045
-0.066714443
-0.047511429
0.0075917924
0.11551725
-0.039934654
-0.061312437
-0.016590374
-0.018637594
-0.0081350971
-0.0039407429
-0.031258889
0.0091663171
-0.062832214
-0.0019832002
0.0099889608
0.028329646
-0.011964398
-0.052039903
-0.054538999
0.062678993
-0.066890635
-0.10065074
0.067653313
-0.043396406
0.013884458
-0.047217064
-0.10427298
-0.12033857
-0.056983978
-0.0015584863
0.042429246
0.0025901343
0.02133381
0.0028050654
-0.014943952
0.018440463
-0.0094477003
0.01836971
0.016502514
-0.094141707
-0.11567517
0.064140595
0.055743221
0.098916702
0.074623555
-0.024188913
-0.035799876
-0.027380396
-0.11309417
-0.0022454972
0.062621377
-0.1068677
-0.13951489
-0.0028198513
-0.13244368
0.069524132
0.038719464
0.057056002
0.0050716791
0.037775856
0.054671075
-0.091711283
0.068758145
0.04512009
0.0097126737
-0.10296247
-0.039935365
-0.03232621
-0.077483527
-0.033447418
0.048900314
-0.032197986
-0.032368068
-0.035434186
-0.028452352
-0.079848237
-0.010999622
-0.065573424
-0.059669744
-0.019924199
-0.015423333
-0.01508785
-0.023699364
0.048814584
-0.0020929312
-0.0064899041
-0.065238543
0.046338331
0.045015223
0.10478711
0.040577013
-0.032042164
0.055496581
0.055429049
0.07005091
-0.034987383
-0.016483748
-0.097631127
-0.0015863967
-0.033485115
-0.05352737
-0.051983111
0.00043133617
-0.078436293
0.011715479
-0.0097724609
-0.039437745
-0.013392285
0.0077065239
-0.085873909
0.052737061
0.042021044
0.063395843
-0.0083917696
0.089490779
0.044529732
-0.073276848
0.012602496
-0.021783438
-0.043237496
0.021428965
-0.011529667
0.040139485
0.035865922
0.071157388
0.062006392
-0.039069012
-0.067429848
-0.10241286
0.050606992
-0.047436189
0.066958494
0.082267009
-0.15790671
-0.039302405
0.073780373
-0.054910284
-0.059390403
0.059139676
-0.020689297
-0.011504131
0.093537271
-0.019010425
-0.0026267378
-0.034963299
-0.027905088
0.016512848
-0.0059668603
0.026710715
-0.11139295
0.038516793
-0.022777913
-0.10292161
0.035488948
0.082420073
-0.0089218225
-0.017487982
0.07563322
-0.053375781
0.021410476
0.0073474376
-0.04516165
0.037869167
-0.0057243719
0.068783201
0.035004806
-0.027761517
-0.12201009
0.0867045
0.03235916
-0.018294254
-0.01281057
0.021522982
-0.042466342
0.078871086
-0.027034666
0.089920111
-0.091449395
-0.073145218
0.094177082
-0.059156653
-0.035211928
-0.040111613
-0.0515651
-0.081422046
0.082517184
-0.042431306
-0.0083274478
-0.046294361
0.01717657
-0.036421031
0.017647196
0.016399946
-0.10334882
0.0020733338
0.017506201
0.058182515
0.037358895
-0.10181753
-0.01651147
-0.099839337
-0.017771346
0.0052953302
0.042703953
-0.051752478
0.071486965
0.077954248
0.036338083
-0.025055557
-0.0058489237
-0.085768744
-0.084230788
0.0042024734
0.038339499
0.039075073
-0.022906313
0.080012761
0.044332836
-0.074847981
0.011194202
-0.038341936
-0.0037972881
-0.085309274
0.041714873
0.037255466
0.0049748686
-0.062600635
-0.10913431
0.069741897
-0.078890115
-0.0067385607
-0.14821142
-0.084638603
0.0066199242
-0.056379344
0.093686827
0.092648774
-0.0040110615
0.062308822
0.13401695
-0.004644617
0.061431829
-0.090855509
-0.093553022
0.032842595
0.13339226
-0.005309049
-0.095149249
-0.099463493
-0.047722258
0.0031116069
0.067359939
-0.077851951
0.0014691909
-0.084136397
0.031307492
-0.081353724
0.054029729
-0.043176185
-0.054299861
0.064820878
-0.011596858
0.13620093
-0.044311084
0.040401354
0.076892175
-0.050147649
0.033878997
-0.0043167565
0.047640149
-0.0023756237
0.0051610521
0.040591788
-0.12824249
-0.080151156
-0.099783167
-0.12255792
-0.013498681
0.040714297
0.056849461
-0.11147524
0.0099984342
-0.10515448
0.06193392
0.054952271
-0.10008937
0.07424894
0.10472894
-0.067044161
-0.052722771
-0.042057786
-0.078871168
0.037853647
-0.072433397
-0.014552651
-0.019747186
-0.030509921
-0.023570959
0.056301337
0.049365807
0.064759158
-0.047486834
-0.14090392
0.056108017
-0.080865607
0.04349561
0.011561272
-0.15421259
0.069621831
0.06709978
-0.059840862
-0.014308985
0.10247918
0.029993279
-0.0016450039
0.036423624
-0.020141309
-0.016507855
-0.094659038
0.013475328
0.013402501
-0.079533361
-0.010344181
0.013788371
0.0059962287
-0.087545156
0.019893952
0.0055895434
0.065399699
-0.020652175
-0.04809045
-0.12524953
-0.0054067057
-0.0010847336
-0.040578075
-0.029894929
-0.0017386923
-0.08708486
-0.0062367674
-0.021920322
-0.056646761
-0.12833883
-0.018813038
-0.12821764
-0.24306269
-0.027995374
-0.0002258514
0.017815793
0.036864847
-0.064921908
-0.066291273
0.058699835
-0.013100448
-0.0050291596
0.0098253312
0.0035759609
-0.019916529
-0.098137558
0.081044741
0.067484938
-0.043682933
-0.029454477
0.07598912
-0.046311479
0.043980274
-0.11935554
-0.024222257
-0.0055871024
0.032999445
-0.037447087
-0.010959398
-0.052563947
0.049286932
-0.070203573
-0.023729414
0.011083014
-0.0042717848
-0.079480484
0.064762935
0.016066451
-0.0087528247
-0.027780253
0.038893953
0.061913833
-0.054628294
0.10040253
0.042974353
0.01482485
-0.11337498
-0.043598838
-0.077608548
0.10669458
-0.0084491372
0.051881548
0.0092472481
-0.028870445
0.094983779
0.027452905
-0.037809633
0.042563245
-0.061085507
0.066989928
0.016425347
-0.014604815
-0.14652662
-0.080906123
-0.06765797
-0.014026085
0.025988542
-0.059718892
-0.17353575
-0.0053181341
0.035513967
-0.15219566
-0.0029838383
0.024391901
-0.070940413
-0.01415025
0.098431006
0.0030024722
0.04651168
0.070110075
0.059193674
-0.062020332
-0.039854579
-0.035764005
-0.024595493
-0.07002905
-0.0072704148
-0.031625889
-0.095342003
0.014407796
0.12273636
0.012773553
0.053616513
0.067910157
0.011779532
-0.049438506
0.093868546
-0.023694303
0.002259023
0.028215453
-0.021310003
0.059647791
-0.13897553
0.10370679
-0.015212919
0.012057488
-0.042117979
-0.15333873
-0.050440121
0.064975359
-0.039732423
0.097017035
-0.007481643
-0.10808835
-0.017941933
-0.014314288
0.017472431
0.1229124
0.029344205
0.1744618
0.0391679
0.063374266
0.093043432
0.043799914
-0.036324989
0.031399012
0.059433907
-0.024631614
0.047748283
-0.041475639
-0.019565107
0.010957821
0.1725723
0.052499931
0.11727855
0.043701604
-0.028615499
0.048262563
-0.00034700404
-0.0023904564
-0.11696608
-0.019066215
-0.087133899
0.051559858
-0.090346217
0.022244241
-0.16842227
0.022176014
0.059928309
0.024229633
-0.016888937
-0.096296884
0.016451938
0.036033936
-0.059993695
-0.023458613
0.010361142
-0.091598272
-0.0047637546
-0.065814741
0.13277327
-0.12037802
-0.04478322
0.13713142
0.09629105
-0.01261535
-0.047638465
0.035967603
0.021733029
-0.1111658
-0.070132002
-0.096225768
-0.0088901063
0.012452018
0.017840493
0.079594791
0.053817157
-0.037800424
-0.10459758
0.017590079
0.0036176299
-0.060840111
-0.078554377
0.083865017
-0.0081077525
-0.00023984651
-0.13106614
-0.12532751
-0.078553379
0.14078219
-0.069386445
0.026259689
-0.10375389
-0.074032694
-0.082206279
0.0082944958
-0.065024853
0.06659086
0.028629106
-0.047998499
-0.060707614
0.0085761724
-0.019415142
0.11956303
-0.028809248
0.11768434
0.029080912
0.0066019837
0.072002761
0.012248521
-0.028482972
-0.1090581
0.081654802
0.0069259927
-0.030735679
0.072127454
-0.047023267
0.0018534985
-0.044415295
0.080802225
0.14803918
0.039738961
-0.031602222
-0.12990804
0.033367652
0.096000597
-0.064316168
0.10812234
-0.002537861
0.028005585
-0.040006973
-0.036954165
0.090693623
-0.024423534
-0.048055187
0.15678827
0.052689243
-0.061130639
-0.045958608
0.13387173
-0.052994028
-0.11462127
-0.12359279
-0.016212067
0.056633081
0.12054385
-0.14879146
-0.023610303
-0.0075713624
0.00032834048
-0.05252488
-0.048419859
0.032863192
0.025379978
0.083218418
0.019234236
0.065923281
-0.054729056
-0.098904014
-0.05455019
0.084077142
-0.044360977
0.13155223
-0.052403454
0.19233051
0.058614027
-0.024378685
-0.037030235
-0.026706517
-0.039528489
-0.011229615
0.14187737
-0.098030381
0.016231742
-0.16756347
-0.0090371985
0.036278576
-0.011596926
0.028430153
0.099853739
0.13166729
-0.042331874
-0.0048222886
0.099198908
0.04936951
0.07955844
-0.058595475
-0.021267569
0.020607628
-0.096220315
0.0083380435
0.1836514
0.01218923
-0.051372815
-0.038968816
0.034832541
0.066019513
0.01327855
0.11778318
-0.018741049
-0.01220076
-0.05200386
-0.030781033
-0.037214588
0.015659532
-0.085449263
-0.09620098
-0.11190289
-0.10406153
-0.10505784
-0.031224253
-0.11223582
-0.055667669
0.040766854
-0.064218566
-0.081991784
-0.01182922
0.062034231
0.1307435
0.059320066
0.05687445
-0.032566939
-0.031675968
-0.0057677184
-0.11203711
-0.076489434
-0.061524156
0.077325687
0.0064200792
0.054710817
0.0010974689
0.013384807
0.072926708
0.052056551
-0.015226823
-0.033864755
0.0039470154
0.087233067
0.046798069
0.016705245
-0.044882398
0.01459791
-0.079449944
0.0094199721
-0.11200632
-0.027382592
-0.089371912
0.069759794
0.0012502135
-0.034776565
-0.038769379
-0.12777671
0.091299795
-0.011507105
0.017808937
-0.063394107
-0.07136967
0.045859367
0.083611101
0.014681989
-0.028493492
-0.0057826126
-0.01276712
0.084153846
0.047199536
0.030265775
-0.00073902786
0.06933973
-0.0528186
-0.015702518
-0.029042453
-0.099985987
0.021679725
0.096582308
0.00022824242
0.043644931
-0.062814154
-0.00060536154
-0.058904096
-0.0914516
-0.098513409
0.057015844
0.099436417
-0.051313914
0.047669161
-0.049885832
-0.096689329
0.031845726
-0.016534382
-0.088144459
-0.0092257336
0.10228159
0.0092024785
-0.0090191578
-0.030455828
0.089741372
0.049236231
-0.084895693
-0.01301109
0.098843098
-0.08627487
-0.058177218
0.099615328
0.01143984
0.026921008
-0.0841645
0.020722441
0.034995764
0.094487213
-0.019622983
-0.016756047
0.054627482
-0.16464166
0.088772684
-0.025128443
-0.045062672
0.030965911
0.068235628
-0.031262923
-0.066642962
0.069904715
-0.078161635
0.049896054
0.027045036
0.018936478
-0.0035601049
0.10985363
0.0089421049
-0.042997584
-0.024216047
-0.0060226112
-0.011360636
-0.068189122
-0.028682847
-0.044541448
-0.042434592
-0.12710615
-0.080468439
0.036584247
0.027352303
0.032621581
-0.075414173
-0.070795156
0.068555512
0.017280981
-0.022395503
0.066275179
-0.070368901
0.03393862
0.017323315
0.01713613
-0.039936729
0.12454633
0.085097156
0.055518001
0.044497684
-0.033819173
-0.060583711
-0.024369413
-0.01725385
0.028608466
-0.015510805
0.023968449
-0.046517007
0.014763113
-0.099519491
0.089357808
-0.0013360044
0.029586092
0.053068493
-0.16770415
-0.056207158
0.064751111
-0.094647996
0.10175454
0.0067434474
0.10251682
0.023114176
-0.01203318
-0.13473515
-0.048930313
-0.021055123
-0.038674034
0.079869486
0.046026751
-0.072417855
0.0085909925
-0.031401988
-0.013344959
0.05011443
0.014935361
-0.070390202
-0.023603724
-0.0091185877
0.032134853
0.045903906
-0.00058736262
0.076793715
-0.032475557
0.099159107
0.030666655
-0.024379542
0.022683706
0.034684688
-0.036232207
-0.036357924
0.11148391
0.096152365
-0.028633352
0.034710735
0.041501228
-0.012042612
-0.034902044
0.099484153
0.1122424
0.028143749
0.026206998
-0.065881975
0.10335207
0.010606119
0.03277871
0.068844758
0.046140231
-0.0083661843
-0.089907117
0.059819523
0.10123142
0.050614413
0.028706362
0.033062585
-0.059722867
0.087438166
-0.040455364
0.022050412
-0.14058141
-0.033771168
-0.090402432
-0.047107108
-0.020437999
0.05295426
0.077738404
0.011800608
-0.016673153
0.032854944
0.041364681
-0.046928465
0.040861718
0.019377178
-0.057958268
-0.01220177
-0.016285745
0.047516752
-0.078041725
0.013429944
-0.033362444
-0.074637786
0.06346608
-0.050521046
0.060951479
0.083027631
0.048874591
-0.063537002
0.072930284
-0.036961865
0.061448324
0.062691681
-0.017941656
-0.028941739
0.0046126838
0.12871923
0.056372542
0.044989303
-0.017305536
0.025956377
-0.06330727
-0.030533474
0.035970159
-0.080435373
0.03210618
0.068743251
-0.018101899
-0.025427034
0.021120615
-0.041357491
0.078659482
-0.0095536923
0.052387036
0.00075841468
-0.10646844
0.075988777
0.084222279
-0.097562432
-0.018311704
0.02841861
-0.045957122
0.04290526
-0.1065296
-0.09419775
1.087582e-05
-0.025124554
-0.037440009
-0.018230736
0.017291931
-0.00056930614
-0.069370441
0.055881627
0.06534455
0.063748181
-0.14089492
-0.079647474
-0.012348769
-0.028813012
-0.018395508
0.064218953
0.06391874
0.079043053
0.052207246
0.0013779382
0.07916417
-0.012208782
-0.12267095
0.047668438
-0.032720137
-0.056314807
0.099980809
-0.0021391485
-0.0012272141
-0.022311702
0.04370461
-0.032743003
0.015114711
0.068003081
-0.043940052
0.069955669
-0.12089694
-0.11826554
0.035604972
0.0032498636
-0.091098823
-0.039565071
0.0082466668
0.04268162
0.0024902178
0.024058081
-0.04818622
0.080827266
0.026330104
0.056459121
-0.01972858
-0.002147367
-0.00076793821
0.036217723
0.02550124
0.021046078
-0.025558708
0.018305384
0.063231975
0.0056470158
0.087512657
-0.059469145
-0.00187403
-0.022123009
0.092999168
-0.015846331
0.023364836
0.01245348
0.081113517
-0.11606399
0.034279663
-0.045032788
-0.038191859
-0.04443315
0.027117983
-0.026599538
-0.043232929
-0.044687323
0.047878549
-0.080322392
-0.020750253
0.068460397
-0.064335369
-0.030633826
-0.01268144
0.0015325317
-0.0094110146
-0.018241016
-0.059567519
-0.054637533
-0.020378565
0.066396564
-0.068375483
-0.034832198
0.02427749
0.0032320062
-0.071823999
0.024513705
0.0088009387
-0.036369987
-0.0079635102
0.0032939392
0.066797286
-0.06488207
0.040330797
-0.055692077
-0.017556962
0.092951208
0.043229736
-0.02432273
0.10852695
-0.04446464
-0.071679689
0.022582255
-0.0057828994
-0.058462854
0.02911788
-0.017700396
0.058169369
0.10683966
-0.040572356
-0.036046989
0.076220542
0.0087670563
0.087143764
0.096963122
0.019704197
0.026523994
0.022914102
-0.010043834
0.055129074
0.078927532
-0.0077693192
0.030421216
0.023040367
0.063319378
0.045958593
-0.00058821577
0.03081136
-0.010743322
0.073334634
0.022128146
-0.059619442
0.010786724
0.086152568
0.11070499
0.026475262
0.0092175519
0.0012514117
0.037941821
-0.032501508
-0.053412728
-0.029863223
-0.084411949
-0.022843149
0.00097979093
-0.064729005
-0.0072076907
0.085741051
0.062128417
-0.010417881
-0.063131332
0.043929566
-0.013417592
-0.023642143
0.00037892893
-0.014257798
-0.050199974
-0.046524208
-0.053432122
-0.045620158
0.070229411
-0.036531504
-0.016525671
-0.010886582
0.0063851727
-0.00025030811
-0.019392295
-0.026668984
0.0022602165
0.017193627
-0.064694479
0.027449081
0.017922284
-0.065882944
-0.038601983
-0.062827818
0.074690245
-0.014406865
-0.0086137904
-0.063129298
0.033659182
-0.081077605
-0.049714278
0.057519183
0.073394284
0.070991278
0.052066177
0.01901654
0.099738151
0.0028861344
-0.063053615
0.13290332
-0.052993421
0.057426382
0.034597874
-0.12963955
0.086529195
0.019893399
-0.079238907
-0.018340837
0.037376627
-0.012907292
0.047683492
-0.051378421
0.13176417
-0.0025236497
-0.020743214
0.018498525
-0.032366652
0.039108936
0.11999333
-0.0076790685
0.050188508
-0.073633581
-0.0091542518
0.03397854
0.032585856
-0.026721494
-0.043120503
-0.028035445
0.035619531
-0.00046135634
-0.079405338
0.082514338
-0.00088801846
0.047397587
0.081469998
-0.019262208
-0.013770913
0.046495046
-0.040189486
-0.014671851
0.0041337847
-0.026358329
-0.054439079
-0.022979589
0.046763338
0.010591376
0.020477954
0.10343465
-0.025873577
-0.050333843
0.064421028
-0.1294934
0.077532843
-0.035249636
-0.056593668
0.046265882
-0.11036144
0.028638951
0.042171486
0.054430183
-0.051368073
-0.054565009
0.058758128
-0.081179976
0.048949488
-0.04604489
0.030559855
-0.017395837
0.013742159
-0.04749814
0.054519352
0.0089760255
0.038787328
-0.016510267
-0.013026962
0.044077363
0.060640626
0.056652751
0.10485748
-0.11519273
-0.04714939
0.077434286
-0.088783488
-0.054418325
-0.0043218057
0.057341192
0.059673
-0.013867687
-0.045104776
0.048322596
-0.036671247
-0.051394772
-0.057036392
-0.022378469
-0.015291207
-0.0321647
0.11168378
0.063776016
0.0037381742
0.039635338
0.041155227
0.12689422
0.092716411
-0.12400804
-0.0060631474
0.028462855
0.091568716
-0.032308374
-0.12684366
-0.0027318478
0.02626266
0.097145289
-0.10161337
-0.012035727
0.062154826
-0.00058989524
0.039133836
0.052670937
0.024011711
0.11860467
0.073542774
-0.056202855
-0.060592141
-0.010551067
-0.081799634
-0.034440372
-0.022927167
0.029339578
-0.10692018
0.023508653
-0.029150063
0.068719186
0.085166015
0.060366593
0.023813939
-0.025206607
-0.02520257
-0.15569788
-0.06183587
0.060706295
-0.017099449
0.070348457
-0.019795155
0.1125372
-0.0082120942
-0.060060501
-0.017405972
-0.0059847124
-0.015957784
-0.051281884
0.09018822
-0.095152698
-0.017829733
0.10609895
-0.15502346
0.077562638
-0.0982586
-0.012304971
-0.035109784
-0.16071433
-0.064708449
0.076178752
0.070831448
0.059921104
0.018854311
0.020507284
0.093170568
-0.022523182
0.052250817
0.025266958
-0.064861953
-0.017483588
0.0019223943
-0.049113654
0.0016109373
0.04950244
0.0034599639
-0.049258161
-0.019081375
-0.016760154
0.085154526
0.030481296
0.063950963
0.028594019
-0.030262113
-0.051386416
-0.058391344
-0.035902407
0.026440559
0.042893495
0.032271933
0.025741586
-0.016788203
-0.026910424
0.091601454
0.0038669112
0.0083928471
-0.061062034
-0.063910276
-0.059003025
0.076529026
-0.024384361
0.006732089
-0.020064665
-0.036418442
0.015305459
-0.1037109
0.0058221659
-0.043771476
-0.11655318
-0.074844122
-0.0087100742
-0.036647107
0.056524474
-0.0051409821
-0.031768963
0.010767671
0.0013491968
-0.03600591
0.018087875
0.083478577
-0.075862989
0.13636866
0.033808332
0.032390058
-0.057257269
0.035318457
-0.02160411
0.012487612
-0.10779818
0.073177665
-0.012787838
-0.028806219
0.018638492
-0.073133126
0.073950015
-0.050346769
-0.037242338
0.02187432
-0.031647198
-0.11116467
0.071576595
-0.038502302
-0.011668567
-0.052081972
-0.07652209
-0.0057576187
-0.054206472
0.03967113
-0.011476901
0.070897341
-0.079319902
-0.069485791
0.041498389
0.057903122
-0.030198416
0.027213449
-0.088430442
-0.063360006
0.07934992
0.023154411
0.073335558
0.024439609
0.013467521
0.0073707295
0.030488733
-0.0079343077
0.044587575
0.029614272
0.047724366
-0.035781343
-0.023334537
0.076894432
-0.087603457
0.049790137
-0.052329767
0.049142733
0.073656775
0.057963226
0.007030718
-0.10529865
-0.0081298072
-0.066926904
-0.056792688
-0.072330624
0.029065279
0.025773723
0.0074049998
0.040042076
-0.0002961272
0.014263637
-0.02959205
0.070259139
0.03837464
-0.088847719
0.050083615
-0.021370409
0.038763583
-0.0093194721
0.041903675
-0.015462047
-0.020917011
-0.053678434
-0.043977585
-0.038046066
-0.035527442
0.040382832
0.021359323
-0.031369742
-0.031102743
-0.068745755
0.023591733
-0.1428466
0.017048024
-0.041043088
-0.045845654
-0.0095322337
0.042047013
-0.014793241
0.022546383
0.062348843
0.035688013
-0.022351367
0.090668716
-0.070825562
-0.02938344
0.08950302
-0.074917912
-0.031988475
-0.0054919361
0.039746642
-0.084908836
-0.027892681
0.0681495
0.017935736
-0.051082607
0.011500021
0.024217285
0.078155093
0.02390888
-0.088752575
0.04338976
0.0088806367
-0.073798031
-0.068855338
0.072077163
0.0043730922
-0.02826497
-0.022188824
0.09611021
-0.14541225
0.024946341
0.066914238
-0.012196052
0.067573696
-0.027114853
-0.043666419
0.036479283
0.066933356
-0.0040163198
-0.0024200878
-0.0081539545
0.072892994
-0.04356464
0.07401257
-0.021446681
-0.0019093869
0.016069958
0.069063827
0.05947531
0.020555412
0.083960377
0.042869549
0.050910931
0.065439753
0.054711096
0.002239235
0.040437698
0.035891145
-0.059067491
0.01887602
0.048320774
-0.065082744
0.028078735
-0.01877863
-0.024715906
-0.073493592
-0.09467981
0.015123133
-0.033169586
0.014124162
-0.01624799
-0.036458522
0.060515244
-0.057555389
-0.049907945
0.030935522
0.10704666
0.084090292
0.00017617883
0.033506617
-0.049713716
0.069941692
0.056109253
0.00048578472
0.060864452
-0.031453494
0.023850279
0.11299307
0.030659975
-0.022767669
0.035919368
-0.028443294
-0.047208037
-0.016259015
0.089552723
0.0033694396
0.077741995
-0.032995988
0.073253751
0.034683302
0.095734827
0.0047709113
-0.069436282
0.025499607
-0.082011119
0.078606471
-0.023983054
-0.059848733
0.048518967
0.012049389
0.0054227575
-0.030209366
0.041825343
0.0084972549
0.041810799
-0.072349817
0.054270521
-0.034073863
0.0085694129
-0.041727282
-0.029593026
0.09487994
0.044623323
0.028027946
0.041059915
0.058580283
0.045071065
-0.066885896
0.026963132
0.015620042
0.013369299
-0.0031720356
0.045743749
-0.035110723
-0.05931044
-0.048979998
-0.0011068335
0.018751169
0.019523023
-0.010326113
0.066171505
-0.00089477428
0.023600828
-0.068517692
0.022982312
0.034729674
0.07839489
0.015430039
-0.012128754
0.037381407
0.014722285
-0.018302605
-0.0089432392
-0.053404067
-0.0643856
-0.028076356
0.03199771
0.031663325
-0.07692308
0.0017179444
-0.0048836782
-0.030791258
0.02686494
0.00098415744
0.025531955
-0.039213214
-0.041118566
-0.07990694
0.029124096
-0.053504549
-0.057299629
0.058489725
0.024634589
0.027140889
-0.02046792
0.04010253
-0.030364757
0.057487089
-0.011009341
0.070898734
-0.024695957
-0.031287406
0.069326714
0.030139485
0.028432865
-0.033340771
-0.04227078
-0.012097418
-0.0020033468
-0.0084782615
0.070826024
-0.011945962
0.023569867
-0.042283457
-0.0019578841
0.036630642
-0.027324429
-0.068736233
0.06943205
-0.015699673
-0.029213879
0.0064200368
0.0047782557
-0.067951754
0.0072522429
0.053616449
0.046909098
0.060677107
-0.082353257
-0.055201404
-0.032951713
-0.045398086
-0.042727716
0.048005771
-0.045541931
0.056308914
0.065840527
-0.04555279
-0.048278216
0.047790937
0.07574264
-0.028481474
-0.013979902
0.030886265
0.0070022824
0.021673083
0.0010060875
-0.067692734
-0.025929807
-0.047768787
0.051175877
-0.037275024
0.0071183178
0.055783711
-0.020686138
0.010143535
-0.010477886
0.026139488
-0.054914046
-0.092309907
0.027313692
0.04296498
0.025392158
0.038577504
0.06579943
0.02894773
0.049007729
-0.044713978
-0.06313128
-0.04659313
0.0013619142
-0.057553846
-0.11814426
0.040869672
0.016989117
-0.046433039
-0.063914388
-0.0058934111
-0.015345474
0.032786597
0.0019271281
-0.074879549
0.10932332
0.073286921
-0.066554956
-0.056595743
0.021905445
0.0076020863
0.029278386
-0.030900929
-0.013720841
0.050161436
-0.062204272
0.0031708912
-0.056456909
0.056349427
0.067247868
0.015389312
-0.018468592
-0.097154416
-0.03205695
0.061729569
-0.035235371
0.094215371
0.062849008
-0.038684729
-0.026866158
0.057924755
0.028597167
0.020225842
0.017653294
-0.025462061
0.11764994
0.10510017
-0.00099035259
-0.016369645
-0.090032265
-0.10386614
0.018705383
-0.021590022
-0.025482528
-0.0063860421
-0.028404936
-0.10691905
0.012983821
-0.013461599
-0.045521602
0.010214825
-0.017117856
-0.15058866
0.023418682
0.0020076176
0.029368261
-0.03525646
0.066258051
0.06644439
0.039438091
0.022043431
0.016392317
0.0035096814
0.017187942
0.073939092
-0.052545846
-0.056122173
-0.06643445
0.0025949134
-0.0046279039
0.012671446
-0.066766188
0.040574718
0.026155069
-0.029340642
0.031215534
-0.081507169
-0.044280536
-0.059411142
0.0092413751
0.071222797
0.057809472
-0.054327291
-0.036746085
-0.055408902
-0.0016218225
-0.10189422
-0.071695857
-0.034363441
0.00078274985
-0.047839731
0.079080857
0.040645879
-0.085258782
-0.044650678
-0.089727558
0.055403523
0.056099154
0.037126694
-0.032391462
-0.028969126
0.0043014721
0.036559742
0.074827395
-0.01511798
-0.085585818
0.041710064
0.074901596
-0.14946088
-0.060680751
0.014463198
-0.015288148
-0.065341569
-0.0091573074
0.01023426
-0.010515094
0.03777289
0.0077440687
0.087792262
0.086820744
0.065716565
-0.080726475
-0.02058159
0.049693517
-0.0099743428
-0.020490013
0.035627145
-0.053021342
-0.061331611
0.087849937
-5.8400685e-05
0.052555792
0.0082337381
-0.05331156
0.028148774
0.042736597
0.0011471867
0.052400719
0.072090492
0.034885213
-0.091360547
-0.048633087
-0.11857963
-0.063289434
-0.0064506484
-0.023837429
-0.046886913
-0.024134776
0.030417949
-0.0041036764
-0.04313866
-0.036775153
-0.021097835
0.069311224
0.046760857
0.078834847
-0.030031843
-0.062361661
-0.047869548
0.082260318
-0.039140474
0.042431019
0.062075723
-0.11209346
-0.048368186
0.04062143
-0.031878971
-0.072934218
0.017556807
0.010337507
0.05266203
0.056993384
0.030161906
-0.022411559
-0.016320163
0.086127631
-0.069058754
-0.015193255
-0.013936093
0.046084389
-0.015316969
-0.096871726
0.050360039
0.022521796
0.042526159
-0.018971805
-0.12833336
0.035876602
-0.050314773
-0.0013623922
-0.037658285
0.029395167
0.067020729
0.070654027
0.0026880277
-0.048211031
0.025778834
-0.0075163888
0.094221726
0.0052750087
-0.0024286266
0.013410537
-0.033640023
0.090244628
-0.043913625
0.075493619
0.088686019
0.052332509
-0.13425149
-0.023050221
-0.018245909
0.010612035
-0.025085745
-0.076297976
0.021711813
0.036546897
-0.055840071
0.052565731
-0.065893061
-0.010796485
0.054380279
-0.11867639
-0.11929769
0.0072165919
0.015002836
-0.028169479
0.031559441
-0.038276587
-0.013863669
0.029780297
0.0778341
0.0097835623
0.059086584
0.030046796
-0.054734163
-0.025196237
-0.0047565429
0.0015971025
-0.024293799
0.052705653
-0.096334457
-0.0051732087
0.033139057
-0.0059004501
0.067817368
0.11786488
-0.029464979
0.0023204598
-0.017715394
0.024100589
-0.028801609
-0.063430972
0.099931963
0.0208827
0.017013697
0.050048802
0.066042036
0.004980247
0.028652616
-0.041721262
-0.041883972
-0.017745724
0.030019365
-0.079969764
-0.046068881
-0.01198717
0.076659642
0.019775826
-0.066275403
-0.11921567
-0.012311982
0.114085
0.094053999
-0.030848097
0.032944735
0.017951244
0.016398221
0.089303114
0.029690519
0.044942938
-0.020714324
0.022519602
0.13086689
-0.04421483
-0.00059395947
-0.0051652966
0.068329036
-0.047910243
0.023268472
0.048137538
-0.038925219
-0.0007339117
0.034891844
0.011487472
0.010007136
-0.0072277328
-0.02327976
0.013922111
-0.041887451
0.10682963
0.097993545
-0.095366828
0.063703552
-0.033841487
-0.059532292
0.018266104
0.029071685
0.09201207
0.0035066265
-0.061597664
0.054915931
-0.01379814
0.13070986
-0.018372593
0.045471936
-0.010369307
0.019817136
-0.064170919
0.030501215
-0.044675939
0.031670317
0.06897188
0.020378483
-0.065558255
0.030419165
-0.02676614
0.078740761
-0.016745185
-0.015848998
-0.024861075
0.0059239594
-0.084320985
-0.050583702
0.047744185
-0.04819376
0.052862994
-0.017179275
-0.052967086
-0.011837273
-0.064079538
-0.053197712
-0.040575553
0.065881908
-0.10453351
-0.043446098
-0.028559344
0.11559097
-0.030605575
0.030083507
-0.07189513
-0.022128191
0.021099512
0.079276711
-0.030451706
-0.07444343
0.0023045414
0.077268094
-0.10999239
0.070358776
0.063095391
0.014544102
0.036874168
-0.037954289
-0.032133531
0.092384085
0.033901293
0.11352127
0.0025576479
0.015452234
0.025976351
-0.064420521
0.0061679194
0.093076833
-0.038730778
-0.032849316
0.027214805
0.069692142
-0.042874958
0.10318813
-0.0098322071
0.028910825
0.0052912543
-0.013128546
-0.032754052
-0.17550072
-0.063804798
-0.00055824121
-0.0038790922
-0.038077533
-0.037003763
-0.023190994
-0.054065175
-0.017777903
0.039598633
0.047460038
-0.13975377
-0.024858452
0.02642953
0.0004435727
0.044048753
0.0063205906
0.12871985
-0.05876353
0.004715329
-0.062669784
-0.12979421
0.024139613
0.036666583
0.045663852
0.062306218
0.033471424
-0.037874945
0.011768536
0.0078905839
-0.032658152
0.080435768
-0.089278258
0.019110996
-0.036533475
-0.036678214
-0.089124613
0.02497215
0.042445879
0.03500947
0.051565707
0.030902691
-0.042764679
-0.0058192783
-0.0074644317
0.0093163596
0.060151372
0.04121406
-0.07346487
0.048616841
-0.066838086
-0.022041686
-0.10257979
-0.11675495
-0.046883211
-0.074924082
-0.072550617
0.047623038
-0.017777728
0.036545526
0.078604467
-0.029705932
0.1261697
0.015780868
-0.0094430894
-0.044605613
0.039650332
0.10801083
-0.0097244522
-0.029056119
-0.052457321
0.053764075
-0.038813017
0.031985357
0.034831896
-0.083871774
0.0044243271
0.024267996
0.085552759
0.069398344
-0.064840734
0.008591326
0.05704473
0.0070968964
-0.021588992
0.020799091
-0.017893482
-0.040202264
0.032825999
0.076554
0.011057679
0.051769599
-0.020478837
-0.057638206
-0.010481413
-0.06444338
0.081854671
0.014420222
0.083454706
0.042954937
0.13614334
-0.036521554
0.10955337
-0.0064763315
-0.033961251
-0.07077466
-0.060019877
0.017023183
0.059491016
-0.039533406
-0.032212742
0.10474427
0.036528058
-0.055495977
-0.0035711899
-0.029860131
0.027195241
-0.037142988
-0.019407518
-0.027788023
0.054774705
-0.0080306605
-0.010785397
-0.02689513
-0.036439653
-0.03669706
0.12672435
0.061245631
0.052697882
0.011681903
0.1115121
0.012170885
-0.22049357
0.045593027
0.050571851
0.010806722
0.038566802
0.028862653
-0.063127428
0.051180538
0.0055730049
0.013260089
-0.013297128
0.014516327
0.097933583
0.035823628
0.027054211
-0.10310609
-0.062954634
-0.0075928853
0.048259165
0.0064783758
-0.060705576
0.048842363
0.035169899
-0.078109711
0.056971427
-0.11318624
0.023397388
0.039477311
0.033143882
-0.031184139
0.050135855
-0.029061049
0.06125984
-0.053744778
-0.031257614
-0.034032971
-0.023023911
-0.04737968
-0.012025413
0.047360718
-0.049964659
-0.010976922
0.03154476
0.0062450459
0.092445284
-0.07883089
-0.007047439
-0.0051234723
0.011425964
0.041561536
0.06611681
0.0083597489
-0.00095573266
0.048124224
0.043117527
0.0026885103
0.07839004
0.015723752
0.042825155
-0.036899019
-0.03689659
0.015501888
0.015606662
0.050876684
-0.055733267
0.0042066849
-0.08603473
0.045736551
-0.037017271
0.038630806
-0.061932545
-0.036485586
-0.12651417
0.0012943369
-0.045172837
0.0073041753
0.069035277
0.060900513
0.019546136
0.070415832
-0.015146278
-0.041130513
-0.076029927
-0.01185075
-0.0084518073
-0.043548606
0.023366777
-0.00093254505
-0.044401281
-0.02958273
-0.043210413
-0.014214569
0.063108236
-0.0032195759
0.11292215
-0.030162379
0.09371119
-0.093080387
-0.027279723
-0.021671947
-0.0016910213
0.072036162
0.0010462441
0.065519959
0.032533959
-0.067379855
-0.043558959
-0.013604413
0.075735174
-0.0019533022
-0.0048649129
0.017632358
0.043296006
0.068431832
0.040978409
-0.039139681
0.013571036
0.05775883
0.022616491
0.013942045
-0.12623964
0.034747321
-0.0061033107
0.026405387
-0.13292831
-0.071100213
0.044152923
-0.0081489477
0.019490769
0.059731461
0.096081287
0.072134726
0.037751947
0.074578986
0.012437253
0.0074819475
-0.039220445
-0.031530939
0.022439614
0.07727889
0.026759485
-0.006890771
-0.03166192
-0.15688272
-0.066586494
-0.067502633
-0.026681852
-0.040142126
-0.030151395
0.08108864
0.015045812
0.044509742
-0.10294284
0.047955301
0.028311046
0.080296308
0.0082506472
-0.02663322
-0.0383575
-0.045955673
0.030191408
-0.029542208
0.087317936
-0.021941641
-0.065244995
-0.044250749
0.024927551
0.041440591
0.031648077
0.096484788
0.087118194
-0.018776475
-0.10630622
-0.012217489
-0.021992369
-0.035756875
0.086263306
-0.074530244
0.090061791
-0.068279967
-0.038276386
-0.010363623
0.10819938
0.056330893
-0.1054133
0.013764074
0.052986417
0.015745739
-0.023797894
0.00031803554
-0.0020502962
0.016928498
0.0088779749
-0.038964573
0.031933252
-0.016806057
-0.092983916
0.0093922773
0.058829393
-0.019329058
-0.010776038
0.10705408
-0.070293888
0.079909481
0.09298376
-0.0246967
0.068197608
-0.0067282766
-0.11773849
-0.029296981
0.0252918
0.011908104
-0.039342348
-0.11709885
0.073327452
-0.046287749
0.064589068
-0.094683237
-0.073660962
-0.0015162127
0.019474141
-0.08713416
0.058425531
-0.054442327
0.042628489
-0.080626301
-0.019283211
0.056593999
0.021019442
0.027487403
0.028248681
0.068601228
0.016022373
0.035241928
0.0030052231
-0.074136861
-0.04600095
-0.024867415
0.010792282
-0.067083865
0.02454265
-0.043529741
-0.017920783
-0.17399356
0.039879207
-0.020668477
0.087387845
0.0084118387
-0.011430584
0.038626689
-0.0095128231
0.064474322
0.03407843
0.0053225979
-0.088670172
-0.015839165
0.084856443
0.023309195
0.030931033
0.072740227
0.06958098
0.10420006
0.038065147
-0.0990135
0.067055769
0.0091813561
-0.068227984
-0.079017624
0.0049314145
-0.038597103
0.058570914
-0.049772363
-0.09108007
-0.027185071
-0.068547316
0.043061867
0.044515062
0.019651914
0.0030457207
-0.068238609
0.042715102
-0.077458985
-0.014576799
0.011906757
0.107168
0.093014672
-0.11331672
0.062626056
-0.075169608
-0.016703404
-0.01378357
0.045829259
-0.012979375
0.014878571
-0.020481402
-0.02161672
0.00020924429
0.067138724
-0.0074480819
0.046218619
-0.028444966
0.078607
-0.1691878
0.021761715
-0.04770216
-0.052392259
0.0095144259
-0.060019482
0.090305418
-0.013982701
-0.050788675
-0.063520841
-0.036872335
0.10976779
0.055633623
0.091125853
0.097992003
-0.071218207
0.11773501
0.031868368
0.025980974
0.043891445
0.050055195
0.10356173
0.01789932
0.013569134
0.056449898
-0.087630764
0.079878174
-0.028664146
-0.062187202
0.029919758
0.058471791
-0.003016023
0.018680248
0.018457739
-0.0930923
0.10438753
0.018876616
-0.069751941
0.068638638
-0.055619814
0.05928323
0.056775395
0.052611187
-0.0093481699
-0.019055536
-0.058293063
0.014260568
-0.025299408
-0.12541835
-0.01621642
-0.090533681
0.052418124
0.061691377
-0.038187422
-0.073774129
-0.0018648916
-0.034208074
-0.0029722264
0.02704153
0.053079523
0.1110228
-0.04265184
-0.040088352
-0.019545788
-0.005679443
0.059086856
0.05448474
-0.068348579
0.085265853
-0.010391383
-0.016741551
-0.0002712867
0.041227195
0.04685637
0.047103647
-0.022574851
0.015890813
-0.076986171
0.030256258
0.03119768
0.044540431
0.00014608544
-0.0022826558
0.081551075
-0.015885707
-0.082599781
-0.012189612
0.088228062
0.031302981
-0.034190506
-0.060658544
-0.0144151
-0.0060970546
-0.020750772
0.059999935
-0.016697371
-0.074413523
0.12014067
0.070460729
-0.075900517
0.029986558
-0.034616377
0.036753267
-0.053751528
-0.0044832015
-0.075285763
-0.022710459
0.061895724
-0.04661452
-0.054437846
0.012713355
0.026548132
-0.019822573
0.024636706
-0.042945024
-0.031649817
0.064432941
-0.042753432
-0.028491998
-0.017966408
-0.093469284
0.018129494
-0.037043013
0.042857632
0.054324958
0.015957624
-0.056806341
0.078457259
-0.069650531
0.021313477
-0.048955701
-0.081469841
-0.018894572
-0.0094318436
-0.047303777
-0.043611843
-0.10158793
-0.11162814
0.0023624985
-0.027470604
-0.048908439
-0.065403372
0.080717586
0.054773297
-0.021672124
-0.058974706
0.048180848
-0.014513791
0.035152294
-0.030027142
0.0039869924
0.13933742
-0.02126327
0.028485797
0.044205785
-0.058789439
0.047189463
-0.018610967
-0.066897213
0.04440181
0.035544135
0.062348954
-0.021309236
0.092185922
-0.057637386
-0.0047560385
0.070899993
-0.0056115007
0.015670987
-0.015248919
0.073720858
-0.0073698168
0.071182862
-0.068028316
0.062521048
0.041296981
-0.0101668
0.076748952
0.087388352
0.010423744
0.018891171
0.094571017
0.085262746
0.0044023856
-0.058501467
0.00083235494
0.073412299
0.022720756
-0.026645537
-0.062473733
-0.027530808
-0.055174116
0.035693929
0.027165739
0.035182167
-0.02967288
0.011586773
-0.01748107
-0.079577267
-0.020135004
-0.019186039
0.049862128
-0.012542141
0.0019603448
-0.10534428
-0.030524297
-0.0090844585
-0.059974
-0.034179974
-0.012594097
0.10662621
0.069314905
0.090769492
0.026806859
-0.047483314
0.041938327
0.038786314
-0.031366933
0.064978749
-0.0078510735
0.0074937134
-0.0038340946
0.011619756
0.057303924
0.038618758
-0.019267434
0.038934223
0.081025973
0.01645573
0.031946462
0.039834246
-0.0077891666
-0.037097305
0.035234891
0.037538856
0.11226285
-0.014010907
-0.019325165
0.065642931
-0.051489986
0.058432192
-0.038816877
0.023256347
-0.052382428
0.12003998
-0.030571239
-0.026621686
0.034611229
-0.036910895
0.024051405
0.07282839
-0.017282948
0.022048136
0.025769494
-0.046203155
-0.036783181
0.0661567
0.015766069
-0.045037549
0.056961335
0.041879583
-0.029561471
-0.0033010899
0.081228912
0.045022111
0.017334944
0.10253742
-0.089426242
0.031067526
-0.012225339
-0.022472277
0.009677412
-0.035320602
0.069823407
0.068022162
-0.046626732
0.010354013
-0.039151486
0.036023349
-0.051356345
-0.025497952
0.0081881024
0.10089941
0.046829585
0.033620667
0.011650648
-0.082672127
0.013638168
-0.017540352
-0.075241022
-0.046962649
0.047541272
0.0024451024
-0.048050296
-0.0032948139
0.018040853
0.039153047
0.062814057
-0.051505189
-0.026488284
-0.059630282
-0.034690917
-0.054500736
-0.062166292
-0.020138951
-0.047832444
0.028161481
0.0013087008
0.030882591
-0.049117722
0.020083845
0.055992007
-0.048928041
0.011548248
-0.087419726
0.044098951
0.10018467
0.071469955
0.044077568
0.012677989
-0.021249399
-0.047398038
0.063576043
-0.085054986
-0.0057776999
-0.060875285
0.11114515
0.02828142
0.015192362
-0.10502248
0.13638188
0.001983956
-0.11212497
0.042596705
-0.041304108
-0.094317392
0.18846613
-0.13596809
-0.059728973
-0.0094245076
0.039430082
-0.052279562
0.098016515
0.0067354636
0.019102983
0.025303805
-0.057813741
0.038963251
0.044532746
0.001087314
-0.046175826
0.045286067
0.074900776
0.0076467898
0.012955486
0.054116085
0.064283065
0.089148439
-0.024308084
-0.10533564
-0.13605578
-0.035396572
-0.076132178
-0.011158013
-0.11082781
-0.1144434
0.052299485
0.17622332
0.058036845
0.041341275
0.028312178
0.050469466
-0.00043344777
0.10184695
0.076768845
-0.097270153
-0.0010137667
0.014962118
0.017720867
0.057108715
-0.053609654
-0.10863612
-0.0072811265
-0.1685908
-0.087178335
0.011669246
-0.066061765
-0.04843333
-0.045423899
0.024312017
0.012870062
0.047806673
0.091502652
-0.01237872
0.073738419
0.065950327
0.1078326
0.031290866
-0.034500744
-0.0636409
0.022239091
0.076428063
-0.12763475
0.082487822
-0.18285553
0.092386343
-0.041972324
0.025480043
0.047766604
-0.081362948
-0.050496906
0.024883438
-0.03717716
-0.018786948
-0.069184072
-0.081100248
-0.050432656
-0.015191077
-0.03340815
0.099919274
0.016379682
-0.049648266
-0.056536008
-0.088094518
0.02848863
0.053534631
-0.085277401
0.0023352604
0.057471797
-0.011210787
0.019359244
-0.077408537
0.14283794
0.14459588
0.07258828
0.058590185
0.055899981
0.064085774
0.047218084
-0.015680123
-0.10280441
-0.058234062
-0.040132739
-0.0098772841
0.0056825387
-0.055850714
0.060451385
0.04323148
-0.018057166
-0.022944465
-0.049207076
0.0045466535
0.019605577
-0.018415207
-0.042547174
-0.020418413
0.048289753
-0.010043724
-0.016063523
-0.03367487
0.038223855
0.03842378
-0.04996286
-0.0089976201
0.054273725
0.039323948
-0.0028919871
0.043199927
-0.01723111
0.092786685
0.036211081
-0.0098428214
-0.045775652
-0.031235058
-0.08806029
-0.13693179
0.055397864
-0.016545748
0.05400309
-0.06878525
-0.017723413
-0.039110649
0.069075644
0.052104332
-0.011707775
-0.072081774
0.067653835
0.022729242
-0.031663042
-0.10170368
-0.059457675
0.082210921
0.015755957
0.023070272
-0.015389546
-0.05337283
-0.004664572
0.014658941
-0.058159657
0.00069828256
0.10923875
0.047047634
-0.086767904
0.019370284
-0.059753723
-0.034435473
-0.012684239
0.070415199
-0.075683042
-0.019111054
0.012209773
-0.037029866
0.04598726
0.0057262862
-0.0053982744
0.071310185
-0.0066840146
-0.0061365552
-0.089297816
-0.033873077
-0.10216203
-0.13805893
-0.038860288
0.024295824
-0.013213988
-0.013152286
-0.068931364
0.011521743
-0.048063792
-0.032386273
0.08898329
0.069584779
0.075319454
0.066265702
-0.033388671
0.022469621
-0.050928831
-0.035578251
-0.0043501128
-0.023392076
0.0042064749
0.065133668
0.037696075
-0.027045898
0.0024257377
0.0026132676
-0.052371237
0.0092489962
-0.060001392
0.057911221
0.028375264
0.0085483342
0.020609979
-0.044783007
-0.019853378
-0.041793041
-0.099393822
-0.088243127
0.065954648
-0.065387465
0.040459473
-0.074253879
0.075855941
0.036416203
0.068034589
-0.0020307885
0.056162
-0.011648567
0.062265117
0.028881287
-0.044117339
-0.0099874074
0.02591118
0.028757533
0.0060746181
-0.024582265
-0.0037745445
-0.034227766
-0.030398352
-0.06009797
-0.021862559
-0.056897748
-0.021724051
0.0030314818
-0.036677234
-0.056442652
-0.077730827
0.0086378213
0.052598733
0.0038626071
0.00703177
-0.021688228
0.068510823
0.059788164
-0.070846267
0.0067716232
-0.0099386862
-0.034383863
-0.026748488
0.03951801
0.047311049
-0.075675197
-0.054338932
0.07385277
0.0052796183
-0.026952
-0.027619392
0.074656814
-0.032430369
0.020665614
-0.030936342
-0.082835928
-0.0011084747
0.018128278
0.040305857
0.035149984
0.027966907
0.02570897
0.087819889
-0.039344244
0.078578509
0.048804272
0.049113378
0.039429002
0.010311267
0.006616924
0.027127223
0.016183738
-0.05460313
-0.049970649
-0.0090613235
0.070385799
-0.081606105
0.049018934
0.074802324
-0.0077126608
-0.0064695049
0.065934256
0.039374851
0.026085274
-0.0036665683
-0.019248087
0.02334056
-0.023521397
0.04121967
-0.054468915
-0.13533859
-0.0072272657
-0.062648728
0.054000799
0.087774545
-0.026452415
0.046688914
-0.074280545
-0.029398536
0.05596957
0.039343562
-0.033631124
0.00027267984
-0.11959441
-0.035134099
-0.013950203
0.0083029205
-0.0079429541
-0.014037274
0.034773171
0.041767247
0.079969645
0.077750184
-0.015603658
0.053678937
-0.12323622
0.063367188
0.0036255762
-0.045935016
-0.0404438
-0.082767285
-0.07915011
0.01065337
-0.043115716
-0.085466415
0.049486171
0.015331513
-0.026294699
0.018241078
0.073461644
-0.008161122
0.054800622
0.066001713
-0.03268417
-0.069686703
-0.039935179
0.00058027997
0.0056553278
-0.037257332
-0.00054699881
0.040492952
0.042658329
-0.024247538
0.010594517
0.029664829
0.015944533
0.043194104
0.025116719
0.026202209
0.006926686
-0.018680044
-0.016746586
0.0044548362
-0.047967646
0.044355832
-0.033824556
-0.039513372
0.042219553
0.061407458
0.023308592
0.10690373
-0.0047583794
-0.035527993
0.036926925
-0.087873563
0.005887208
-0.02792705
-0.037226599
-0.080130577
-0.064607151
0.057632241
-0.052818723
-0.067849182
0.045648694
0.019544901
0.042903654
-0.024553576
-0.055065971
0.0064950157
0.079860218
-0.072233096
0.050244316
-0.060899645
0.0301941
0.020956185
-0.013541408
0.0079916371
0.019081099
0.029426653
-0.021418743
-0.029101636
-0.083265454
-0.066420756
0.015188392
-0.055257015
-0.043452572
-0.02933627
-0.01018082
-0.0068057883
-0.024999529
-0.080217689
0.035216108
-0.066077225
0.01366169
0.064706691
-0.050896455
-0.044821326
-0.025934961
0.030337714
0.069441214
-0.015839947
0.0048106471
-0.057546854
-0.081363931
0.033078939
-0.031366602
-0.0073436005
0.12176829
-0.011827436
0.00054012967
0.0088958638
0.029916497
-0.088836223
0.094430715
0.018683396
0.035749093
-0.037948038
-0.0053148139
0.096685238
-0.058397207
0.051562745
0.033608384
-0.037047278
-0.030125171
-0.0089061307
-0.041975342
0.084501013
-0.022424418
-0.01158766
-0.021366552
0.062501945
9.365291e-05
0.068014376
0.013237679
0.018281339
-0.010902259
0.076961577
-0.029816382
0.019668363
0.048128903
0.047341324
0.054778393
0.040511061
0.079175621
0.031001549
0.013370454
0.014269346
-0.0097086122
-0.031615898
0.068521895
-0.051087067
0.023569703
0.05558262
-0.018228715
-0.053328779
-0.030049732
0.035603236
0.013304034
0.028846787
0.028391512
-0.073170438
-0.08520636
-0.084517166
0.08253099
0.043161586
0.049538072
0.094808891
-0.0432343
-0.076987118
-0.0051425304
-0.0071975794
-0.042010006
0.046731949
-0.022199225
-0.11563304
-0.080274642
-0.052310608
0.02028637
0.062514909
-0.0023039042
0.082534201
0.045349654
0.043820672
-0.022582214
0.0044978098
0.066578753
0.032504983
0.054426152
0.017754167
-0.027385345
0.0080676619
-0.041370355
0.0020051668
-0.01176245
-0.053685792
-0.036633316
-0.14568461
-0.064477183
-0.0037282915
-0.098570213
-0.056059625
-0.035964854
-0.031712975
-0.0536975
0.028832935
0.025105225
0.055055894
-0.024202498
-0.087913387
0.071797878
0.048017394
-0.10325491
0.021587558
-0.050003935
-0.028621566
0.07372009
0.024998732
0.10858583
-0.030105606
-0.053838473
0.021578914
-0.085305937
-0.063776933
0.011875222
0.04173331
0.022936812
-0.078922279
-0.042046785
-0.015933177
0.014786106
0.063165717
0.077809758
0.055222757
-0.035062116
-0.045118634
0.063130789
0.0020362211
0.04301447
0.058056287
-0.0034646941
-0.0019142403
-0.098618895
0.035091717
-0.0043017059
-0.013621603
0.10890262
-0.041191682
0.06456387
0.072708078
-0.056786198
-0.1240445
-0.049102664
-0.0097684963
0.030708289
0.047863428
-0.043539625
-0.036834247
-0.044800095
-0.0083135795
-0.069838583
0.0085310545
0.068733074
-0.050460272
0.048839979
-0.048412383
-0.034128517
-0.11186471
0.030079113
0.029826762
-0.096970022
0.030012067
-0.066980779
-0.13030583
0.050776776
-0.0050758785
-0.074241705
-0.082797512
-0.097401261
0.019913023
-0.037930831
0.031942926
0.02116953
0.049549647
-0.040226668
0.055681724
-0.0046144067
-0.032696836
0.021018447
0.049260456
0.049524214
0.11155865
-0.055053275
0.019564234
0.051385678
0.052047182
0.052219044
-0.025642546
0.019232508
0.034621608
0.025900008
0.0099726701
-0.0090979403
-0.044188786
-0.0028560366
-0.00098998239
0.061521683
0.054503951
0.042281263
-0.0016879833
-0.017131647
0.037309527
0.050505213
0.049634337
-0.028474629
0.049326003
0.079742134
0.0065130186
0.03801645
0.039688073
-0.064308621
-0.033554345
0.03076987
0.029175511
-0.0088301441
-0.01696345
0.069573745
0.077464968
-0.10945151
0.01382659
-0.0039735646
0.036926195
0.020598719
-0.058607593
-0.00059919996
0.0035243926
0.056451809
0.027775809
0.028323423
-0.060254678
-0.047071379
0.055192087
-0.075673498
-0.040825579
-0.014081069
0.057047319
0.048401359
-0.0014908431
0.058037072
-0.087396294
-0.011322353
-0.047321398
-0.076494366
0.0022411917
-0.050027631
0.0083086053
-0.00097176211
-0.047240593
0.090874277
-0.066510864
0.072029024
0.12333278
0.11544204
0.058976281
0.042202968
0.076983549
0.043642256
0.0020505528
0.037695792
-0.0061644656
0.03266057
0.035048243
0.072269887
-0.06999094
0.043540806
0.054501563
0.05184995
0.027750593
0.011685281
-0.035137497
-0.019612707
-0.020493375
0.054506294
-0.0018640236
-0.069973409
0.074864604
-0.026369516
-0.049080469
-0.017740471
0.044168629
0.043666642
0.0098320656
-0.073165879
0.014550623
0.0068556597
-0.095787622
-0.073728718
0.0025075707
0.045339622
-0.016331365
0.0010030125
-0.11981981
0.076556087
0.070674174
0.060063187
0.0074273008
-0.024701068
0.007017279
0.023101574
0.10045639
0.060709931
0.028002132
-0.060633156
0.049916565
-0.0019387786
-0.035121698
0.043164395
0.029203087
-0.0043455726
-0.051367942
-0.0082487622
0.083410271
-0.019883124
0.062350813
0.1162748
-0.10386381
0.10096484
-0.091193318
0.067111909
-0.063904665
-0.060034268
-0.013528492
-0.058274519
0.087253541
-0.0023756577
-0.042229954
-0.02038656
0.062908426
0.0067773419
-0.10655231
-0.09370964
-0.009721552
-0.12202091
-0.01759905
0.030591568
-0.091289699
0.040332939
0.11639487
-0.0057640956
-0.022616383
-0.046710111
0.077112943
-0.023812819
0.053587604
-0.065350674
-0.074413165
0.01359964
-0.032164939
0.072326712
0.073064506
0.079601318
-0.06236805
-0.055579286
0.0045902384
-0.039567173
0.049159147
-0.062603556
-0.065759428
0.049846563
0.0430508
0.040610246
-0.0044671958
-0.043532398
-0.013614099
-0.077699408
0.0010443272
0.068292342
0.06231004
-0.041591067
-0.061777305
0.054131161
-0.045607418
0.13445544
-0.10966646
-0.069160827
-0.0019969554
0.048241995
-0.032782421
0.0081153288
-0.015839631
-0.030031562
0.10574569
-0.033882987
-0.050348736
-0.0483074
-0.063775413
0.058340821
-0.019288663
-0.026555043
-0.040820744
-0.099415734
-0.05282627
0.017181505
0.10509904
0.0038656811
0.051259752
-0.074599795
0.084273137
-0.065345339
0.11469913
0.075690344
0.047848228
-0.035132553
-0.013658189
0.12755217
0.078303523
0.031707473
0.031211095
-0.099727653
-0.15637113
-0.020980295
-0.044188213
-0.018495634
-0.019328112
0.060840543
-0.076997705
-0.14516366
-0.075485505
-0.07244733
0.031203754
-0.017848419
0.023106104
-0.0075417119
0.019028855
-0.076242849
-0.0092847114
0.078493655
-0.0091677681
0.049582455
0.011468465
0.047888704
0.027698141
-0.049559917
0.041740309
0.031425182
-0.17534873
0.043647185
0.05678425
-0.049568467
0.02429447
-0.016834306
-0.0081087826
-0.057358429
-0.10236394
0.040636111
0.011346476
-0.097238444
-0.050545789
-0.099388823
0.052778576
0.028996428
0.012904152
0.0059295134
0.090871833
-0.028416701
-0.033515077
0.068680599
-0.01004437
0.066773072
0.036887877
-0.064649031
-0.025128862
0.065018356
0.023772636
-0.040392801
0.025184292
0.051668234
-0.088931814
-0.028680423
-0.088182352
0.032041542
-0.02297326
-0.033730526
-0.086540803
0.11611228
0.0027287852
-0.018427795
-0.066081785
-0.088409565
-0.033333626
-0.022449201
-0.017147535
0.027806589
-0.10030525
0.022313572
-0.097071879
0.0076405909
0.021955661
0.025247006
-0.0058663241
0.032846425
-0.060396537
0.061393581
-0.043858573
-0.043954361
-0.039016057
0.04187471
-0.0055262642
0.05862584
0.015631855
-0.02475442
-0.03498761
0.032925013
0.0020145897
0.058274623
-0.0019371388
-0.013466343
-0.0091342609
0.029244399
0.033468954
-0.012729337
-0.023455789
-0.069180481
-0.098548822
0.029767975
0.10750424
-0.031998761
0.014879431
0.11038373
-0.043788757
-0.066357292
0.0014700365
-0.095706522
0.051087908
-0.0010927152
0.027147232
0.077401385
-0.05481565
-0.095816545
-0.057800032
0.10337181
0.011148362
0.028197724
-0.010787525
-0.019046281
-0.0032674165
-0.21012197
0.014193252
0.008154125
0.083319634
-0.0091885198
-0.056124572
0.0041190647
0.02794897
-0.053382728
0.067962997
0.059259906
0.11640953
0.046994403
-0.058928847
0.021147229
-0.0015615412
0.029672058
0.017997025
-0.047172952
0.0092027429
0.083687119
0.03255773
0.025107585
-0.033983655
-0.051967029
0.10043085
0.04926626
0.024890603
0.092819847
0.056532133
-0.03241251
-0.0195958
0.039432034
0.077445976
0.036407758
-0.029337751
-0.013298775
0.103972
-0.017615046
-0.0069672526
-0.044983003
-0.10385401
0.11221759
-0.061327618
0.042372208
-0.02947771
-0.099484652
-0.15423177
-0.012535116
-0.0035755984
-0.058091946
-0.032884706
0.041661769
0.025924617
-0.04271698
0.087242559
0.10334183
-0.012849766
-0.0080785137
0.035333883
-0.065815903
-0.021091094
0.015888067
0.023013722
0.015906412
-0.17053929
0.11273883
-0.027183428
-0.079596825
0.0045544161
-0.082109727
0.0045359023
-0.0018273112
0.036931314
0.089546062
-0.02210643
0.0013639767
-0.14570251
0.0012710368
0.014431336
-0.050018784
0.022678694
-0.11042491
0.10749131
0.075645596
-0.066429481
0.028677441
-0.10676719
0.11660527
-0.0045431918
-0.049988445
0.024203423
-0.039253034
-0.070842169
0.069156229
0.11055299
0.040325005
-0.028220141
-0.032947373
0.081152976
0.0022794018
0.025225498
0.0021225393
-0.15133832
-0.037757631
-0.052686766
0.0093838526
0.021014161
0.10767373
0.012390093
0.13860041
0.03346929
0.061355017
-0.013348205
0.10140764
-0.036119688
0.060907211
-0.070563495
-0.04087254
-0.12824078
-0.015443126
0.042248484
0.072310187
-0.025924154
0.019252509
0.010851488
-0.064800441
-0.046515048
-0.068620428
-0.0039626313
-0.14628404
0.019763401
-0.13102084
0.055259876
-0.0047778278
0.0063624512
-0.0098095471
-0.11117524
-0.018407099
-0.066378012
-0.043694984
-0.072906084
0.13433953
-0.0010408729
0.028668353
0.081454426
0.04184841
0.13368535
-0.068017863
0.02213829
0.030179461
0.032777738
0.0022473198
0.046515748
0.066903122
-0.0088794148
-0.1317433
0.02808761
0.076188505
-0.048236907
-0.030568482
-0.031840518
0.093272805
0.066833645
-0.0020084279
0.047699571
-0.037148409
0.016023157
-0.022524115
0.011666077
0.070365399
0.060568567
0.00018254686
0.020570403
-0.016146667
-0.052289706
-0.019959697
0.026509473
0.019775229
-0.0034924687
-0.023411917
0.13018191
0.043098409
-0.035464555
-0.047072157
-0.043820612
-0.018761225
-0.010977178
-0.060997579
-0.074820869
-0.00421646
-0.03702284
0.08082322
-0.015812427
-0.038440753
0.047315393
0.051733185
0.058016408
-0.09514764
-0.011620158
0.099848665
-0.0084019359
0.062855013
0.059275322
-0.029936191
-0.047822364
-0.03884596
0.022293579
-0.08744771
0.063350849
-0.047097392
-0.037283957
0.048391443
0.020063024
-0.037862632
-0.0086630723
0.11333614
0.0095423171
0.070868835
-0.01807569
0.031949773
-0.091562644
0.071387075
-0.07709296
0.0034562671
-0.029363779
0.046112988
0.012164546
0.072643459
-0.0050798641
0.011063929
0.073933519
0.044524234
0.026484666
-0.050843444
0.04174795
-0.0095961159
0.04343164
-0.0069518453
-0.033564981
-0.020021094
-0.033956073
-0.0038124248
-0.0266826
0.047773227
0.031847749
-0.042354371
0.090963498
0.019960379
0.032335181
-0.00604907
-0.033406399
-0.028846882
0.068941116
-0.0096657444
-0.019186188
-0.017765505
-0.034466948
-0.045005072
-0.063179873
-0.054656863
0.028678797
-0.10419178
-0.081964292
0.006740897
-0.10336194
0.018682661
-0.048632529
-0.055300176
-0.028991789
-0.044147182
-0.045091972
0.0083370395
0.036485467
-0.085011862
-0.073757321
-0.023140119
0.069389604
-0.037101962
-0.045535516
-0.024286695
0.040825378
0.031663764
0.0093936091
0.11674649
0.0029313578
-0.043747995
-0.055023063
-0.027693491
0.028528998
-0.051408958
-0.067977615
-0.020874774
0.080821455
-0.066359974
-0.03774064
-0.062482536
-0.036581356
0.081184849
0.00049523375
0.017893789
0.054004375
-0.025261851
0.062209524
0.095675707
-0.087865017
0.091326445
-0.06125867
-0.053270843
0.03021094
0.048951335
0.049550507
0.024460297
-0.0015908494
0.045707975
-0.0051635522
-0.013636802
0.058356311
-0.023711499
0.01741519
-0.02111684
-0.045901097
0.035826571
0.095102854
0.065716401
-0.040582038
0.042049039
-0.004528536
-0.034965333
-0.05161136
-0.065835014
0.021386735
0.027378734
0.011806884
-0.016129822
0.044214427
-0.0075228103
0.016933398
0.014681906
-0.019720331
0.080843769
0.053596742
-0.027652938
0.044301059
0.029108044
0.02160348
-0.026135772
-0.027746694
-0.022414258
0.017006621
-0.047791779
0.092560641
-0.0047523011
-0.078742221
-0.02163966
0.0059040175
0.047123533
-0.047803488
0.015429357
-0.022419609
0.00027089386
0.0056343181
-0.1324961
0.014089057
0.090050057
-0.052811198
-0.023892865
0.03324629
0.049974445
0.063941576
-0.018339096
0.08476159
0.0016616936
0.087853238
-0.033594456
-0.021891741
0.023764214
-0.034802981
-0.006932273
0.023876917
0.0087581072
-0.036460608
-0.065419152
-0.0054832278
0.0015872904
-0.011923732
0.020559762
0.039518159
0.060660422
-0.029057678
0.082004227
0.0019646501
0.065630458
-0.0081745964
0.020104412
-0.026325481
-0.026239933
0.022462206
-0.047418408
0.01973588
-0.04129209
-0.1187669
0.034868702
-0.11770926
0.0154963
-0.045046315
-0.047580831
0.051597603
-0.049131006
0.061485339
-0.0055311872
0.021582237
-0.10433837
-0.026358254
0.074305765
0.057179965
-0.00050294521
-0.051920537
0.069338307
-0.080246739
-0.02786261
-0.020510631
0.03855421
0.012843161
0.042787172
-0.033760175
-0.0094969682
0.05515806
-0.012871221
-0.10054799
0.031979013
-0.082413957
0.074739203
0.10456441
0.0094751399
-0.045776241
0.015631579
0.086148255
0.011184962
-0.088799968
0.051880956
0.041278344
0.096849129
-0.030195076
0.0014665057
-0.02627668
-0.023592137
-0.016209351
0.050933603
-0.019785363
0.063491382
0.054912753
-0.018760188
0.077446856
-0.042548049
-0.012930545
-0.066664048
-0.0033738315
0.033140332
-0.041330807
-0.0072564515
-0.1147055
0.020193458
0.079257064
-0.063147344
0.062549144
0.048467487
-0.046048027
-0.043733265
-0.045057263
-0.056227408
-0.058110386
-0.00046133509
0.051156044
0.083045714
-0.033254761
-0.012116644
-0.034785997
0.01532972
-0.0023380599
-0.010389375
0.014177741
0.0048269783
-0.041304994
-0.091504134
-0.020623196
0.032029703
-0.071657203
0.10148295
0.071098633
0.047272306
0.063125223
0.028274432
0.084259667
-0.014906882
0.013072648
-0.061282244
-0.0065215505
0.012607274
-0.056645531
-0.032256294
0.0045468151
-0.040550701
-0.020690553
0.073742591
-0.032801755
-0.043951564
0.035263125
-0.10743578
-0.032157715
-0.097835757
0.026727825
-0.049409628
0.012820852
-0.075431272
-0.03430729
-0.036869407
-0.083779
-0.023435842
-0.046034981
0.049952116
-0.029740453
0.018063925
-0.0035607922
-0.026483446
-0.050347425
-0.0037540747
0.057522014
-0.085079744
0.11814284
0.053204745
0.026654774
0.023015626
-0.015860632
0.023356942
-0.05380895
-0.057929654
-0.056414176
0.010951122
-0.01738428
-0.028374149
0.068624459
0.021817096
-0.055044465
-0.0017285467
-0.050090749
0.0051265317
0.03543935
0.0047349022
-0.0018154824
-0.020386077
0.035858154
0.0087615466
0.0040236809
-0.057161998
0.030914079
-0.018874779
-0.062735684
-0.00085589162
-0.034260567
0.021664884
-0.028453175
-0.022182364
0.037854411
0.046772994
-0.010805224
0.019640807
0.038400058
-0.012714066
-0.063973255
-0.013024135
-0.017047605
-0.028794389
0.079488061
0.05742301
0.063314095
0.048692312
-0.0006224055
-0.011431346
0.071092792
0.063273408
-0.015570112
0.038125083
-0.07803344
0.0013155604
-0.018647568
0.026586631
-0.032665595
0.090993859
-0.098881878
-0.0048053819
0.00022214797
-0.0033849408
-0.054692037
-0.065523803
-0.086026601
0.034430567
0.10404605
0.038417891
0.052366927
0.048846718
-0.039076164
0.065900318
0.074876837
-0.079663582
0.10237278
-0.042717025
0.019999886
0.0011523073
-0.067612626
-0.073811851
-0.041902158
0.035792649
0.046463661
-0.050675705
0.015849929
-0.047960665
0.0047449609
-0.0021195486
0.0064158295
0.01205683
-0.010294747
-0.00013923949
-0.012374831
-0.09253107
-0.038968056
-0.052186202
-0.018111739
0.065381855
-0.0071707168
0.059019219
0.01847264
0.048064359
-0.017075796
0.050848082
0.082165919
-0.022044335
-0.049293537
-0.045512524
-0.13760412
0.038071394
-0.031245844
-0.027511127
-0.049475372
0.049138442
-0.050261427
0.069474757
-0.066699766
0.040008694
0.0026475301
-0.0033711263
0.0083537493
-0.028653916
0.028366093
-0.037317168
-0.065144554
0.023626754
-0.027484484
0.071723498
0.07838092
-0.076159753
-0.047662556
0.12893447
-0.012374146
-0.12828037
0.13803424
-0.021627927
0.02386941
0.064072199
-0.045661531
0.078796357
-0.026607303
0.016149085
0.083871029
0.0017766247
-0.0027839369
-0.08982189
-0.0023952385
0.066982582
0.023422943
-0.007399607
-0.10237534
-0.013884178
-0.042067233
-0.042777024
0.055174947
0.030463859
0.0075088888
-0.0081347581
0.04389815
-0.039832182
-0.052487623
0.045307621
0.016570527
0.049134314
-0.040787105
-0.064286567
0.033382282
-0.019330371
-0.0079755625
-0.038945533
-0.034611065
0.042913295
-0.039705664
0.029834175
0.074076362
-0.09399946
-0.015652495
0.028381545
0.050880674
-0.11240116
0.057100113
-0.061418857
0.13226338
0.024648102
0.027499845
-0.024606537
0.034512881
-0.056300037
-0.032758057
-0.122977
0.032011073
0.090214327
0.072251752
0.016794544
-0.016313763
-0.036107663
-0.039855167
-0.074672423
0.056938861
0.065799512
0.014433952
-0.06046265
0.029142452
0.076178782
0.0014378442
0.038459044
-0.021859445
0.037348662
-0.031225381
0.035215601
-0.082708411
0.066889584
-0.03431027
-0.0073147528
-0.037119642
0.06813021
0.025218109
-0.067248732
-0.0539877
-0.038506668
-0.016329128
0.0090450868
0.05035381
-0.038489744
0.091052704
-0.0094407527
-0.0073995627
0.0098709129
0.072882824
-0.077765264
0.087707795
0.0038536459
-0.0068000364
0.006135093
0.027109664
0.09917032
0.059308268
0.10122946
-0.070027553
-0.068871133
-0.027835624
-0.04307523
0.082411215
-0.024784787
0.012701606
0.012375772
0.034925528
-0.11359172
-0.07934761
-0.055486612
-0.0045451275
-0.015733404
-0.078722425
-0.13419068
-0.053533107
0.02594102
-0.07431718
0.062487219
0.036820441
0.058686018
0.093014911
0.010807659
0.015911793
-0.0052586207
0.044024732
-0.034826599
-0.0019233663
0.0083513977
-0.0092983525
-0.02066383
-0.077656969
0.053711943
-0.034704689
-0.059733819
0.028820598
0.037717048
-0.0049194084
0.071437001
-0.084010631
0.090272941
-0.061409213
-0.037167288
0.0034747173
0.049245775
0.054212391
0.01780363
0.049796477
-0.0071745124
0.053801883
0.00052931206
0.053392068
-0.0048933686
-0.0291184
-0.051421277
0.0052515669
-0.05708025
0.079468042
-0.0138969
-0.057946123
0.052695349
-0.10890638
0.079895444
0.091114566
-0.052927691
0.0020632008
0.035581015
-0.036427889
-0.014369152
0.049400311
-0.033654429
-0.019885246
0.08794263
0.014581537
0.021289807
-0.097346626
-0.099316619
0.033848621
-0.064677797
0.016762186
0.085369691
0.097805887
0.032624591
-0.017860861
0.033150721
-0.014062779
-0.065750405
0.010361605
0.036971591
-0.068502441
-0.032745939
0.089393169
-0.13246508
-0.03887083
0.01099773
-0.076992087
-0.047929525
0.070396192
0.021833206
-0.063549876
-0.059076544
-0.0063021323
0.028619187
0.022923078
0.04593318
-0.01128514
-0.052999448
0.035865169
0.045884956
0.015950004
-0.029798411
-0.072584175
0.090524971
-0.005673511
-0.020422466
0.043050986
-0.041002914
-0.0088659702
-0.066697992
0.038679343
-0.059738901
-0.00014238263
-0.048858739
-0.068291396
-0.14097434
0.00067551015
0.021475155
0.045018621
-0.069287352
0.099477582
0.029574504
-0.029291432
-0.017963754
0.00013970707
-0.1290203
0.086472072
-0.075128898
-0.12917203
0.016974382
-0.027121505
0.087478288
-0.019857982
-0.14768739
0.029493397
-0.025261126
0.05083229
0.075025782
-0.060317792
-0.10875486
0.06537582
0.064858593
-0.029609134
0.01605368
-0.099648632
0.063375019
0.035850018
0.063521557
0.092344537
-0.058806963
0.044436038
-0.042657483
-0.0086011579
-0.067280896
0.012782287
-0.12356742
0.0097081466
-0.027880084
0.03251769
-0.018961104
-0.028369585
-0.015280377
-0.073195502
0.013578479
-0.035140928
-0.10838433
0.066912279
-0.08310993
0.0012396956
0.032269817
-0.090950243
0.01022946
0.029790336
0.014164457
0.031376991
-0.12310638
-0.077885374
0.040151805
0.063522875
0.042706564
-0.039946008
-0.065546311
-0.028840814
-0.079104878
-0.036388535
-0.23066306
-0.029559718
-0.025965584
-0.01723589
-0.012345185
-0.091741614
-0.09181124
-0.13973296
0.013963677
0.013787009
-0.050833203
0.027172601
-0.089817911
0.065063074
-0.090528645
0.00078376691
0.06127717
0.036225513
0.044180136
0.015976625
-0.033545218
-0.021345127
0.0031652884
0.047538362
0.070654437
0.016523041
0.030669065
0.053657737
-0.052380178
-0.051897999
0.013876408
0.034890842
0.065016977
-0.082750954
-0.037943508
0.019290481
-0.048977524
0.10966347
-0.066063508
-0.12610634
0.098596945
0.020185895
-0.0071555497
-0.10388057
-0.085740358
-0.045958102
0.070597559
-0.123257
0.075788781
-0.003922821
-0.058086213
0.072982304
-0.12830412
0.10768412
-0.063779742
-0.03742677
-0.034742173
-0.029508721
0.034748405
0.018645788
-0.030389147
0.1039011
-0.0071900333
0.013895568
0.0055807042
0.08761394
0.075909145
0.094657965
-0.083144613
0.033998702
-0.055278983
-0.033992384
0.028555196
0.059376627
0.00012045116
0.0081001576
0.057991095
0.061463509
0.021736583
0.022523213
0.016205691
-0.045794785
0.037281416
-0.0056516081
-0.012418808
-0.026700845
0.075348556
-0.023124488
-0.083803415
-0.0037463764
0.087145731
0.037295714
-0.046662789
-0.023825429
0.090736464
0.030317906
0.021361342
-0.10598378
-0.02281935
0.037105884
-0.097027346
-0.081960618
-0.038206529
-0.031467974
-0.0015918075
0.02315465
0.043531328
0.033527873
0.015218398
-0.040920109
0.041590165
0.039478242
0.031345773
-0.056414951
-0.039192092
0.087257385
0.017369645
-0.018044019
-0.052836545
-0.044724364
-0.017731367
0.021909943
-0.053567205
-0.031195361
0.016514927
0.086640693
-0.027986061
0.030561727
0.00021648285
-0.014766171
-0.003080776
-0.069332361
0.036204781
0.056720629
0.073343463
-0.074803315
-0.018148525
-0.028151643
-0.022453694
-0.053215809
-0.05988783
-0.071154937
-0.10721537
-0.020314883
0.052169926
0.042035826
0.048127569
-0.0015940566
0.051441606
0.0024251135
0.087508723
0.050596751
0.0093496647
-0.0021839151
0.04714343
0.039438102
0.00036620526
-0.088023201
-0.032029856
0.089186102
0.02953482
0.03250524
0.002425395
0.041617349
-0.11320908
-0.021017004
0.0044829967
-0.090964399
-0.0048280568
-0.028692009
-0.079893693
0.0042834985
-0.062353797
-0.0016959497
-0.013592131
-0.044202354
0.044668067
0.086242318
0.071987242
-0.015686028
-0.021380503
0.010273612
-0.024604494
0.029118707
0.060385831
-0.043456301
-0.036698923
-0.041640054
-0.041752189
-0.080425844
0.032260373
-0.055324797
-0.066011824
0.14197719
-0.053109266
-0.028017689
0.077138074
0.058073729
0.073035464
0.0066951849
0.0002227506
-0.018261457
-0.0036358219
0.073190391
0.027123854
0.0084852036
0.040731303
-0.065348521
-0.057123974
0.020509465
0.033873811
-0.058225002
-0.082339957
0.052286811
0.021595798
0.07555832
0.036327116
0.059481241
-0.008651712
-0.049698561
-0.008057815
-0.089416526
-0.11116751
0.092332549
0.047272816
-0.0033682792
0.02764456
-0.038810186
0.076439813
0.007891709
0.025813263
-0.072776772
0.00023251298
0.11065147
0.075600766
-0.017438728
0.18641528
-0.034357585
-0.11298503
0.032661289
-0.041364413
0.0052365176
-0.007031254
-0.087789074
0.039389078
0.049644038
0.023077274
0.012123982
-0.043246087
0.042996962
0.077580884
0.058333624
-0.057919398
-0.037321273
-0.069283865
-0.02959878
0.029390713
0.031213988
-0.078859918
-0.063580364
-0.04277049
-0.13667835
0.07614436
0.055508438
0.019897185
-0.036219221
0.0077462206
0.01513179
0.095527455
-0.17027611
0.040915288
-0.084407024
-0.027581079
-0.00042883167
-0.069211125
0.075021133
-0.044633161
0.063758567
0.079766355
0.0074506863
-0.030752812
0.012285325
-0.1190809
0.059219461
0.045644816
0.0097166356
-0.017458405
-0.022917666
0.058920298
-0.071606778
-0.0012379844
0.08759018
0.037830893
-0.077062316
-0.069425583
-0.03301511
0.09462177
-0.044042118
0.087575682
0.081957825
-0.06294468
0.045467407
-0.087217771
-0.042157453
-0.064121068
0.13344765
-0.054288756
-0.20936973
0.073939115
-0.035592999
-0.06481804
0.020555517
0.0074339551
-0.10825621
0.068632856
0.014483104
0.03120432
0.00049649074
0.018670572
-0.045426212
-0.030350732
0.036544889
-0.03616745
-0.027421165
-0.068063393
-0.057836302
-0.10039704
0.10576303
0.034827273
-0.0033105339
0.095394388
-0.072932743
-0.078136779
-0.1102621
-0.063301168
0.051237997
-0.048570737
0.027183294
0.11217729
0.10022021
0.02466909
-0.023902372
-0.027872102
-0.0046068789
0.00068705331
0.093796633
0.038703728
-0.0085090511
-0.054976713
-0.051490188
0.017560832
-0.02337043
-0.0047103581
0.15169422
-0.062579706
-0.00042170665
0.039392371
-0.05764202
0.022262774
-0.04151763
-0.032045115
-0.03021328
-0.063777171
0.036089581
0.10350004
0.061460655
-0.033984803
-0.059743796
0.060995415
0.0084246304
0.068982802
-0.064002313
0.076109752
-0.044727582
-0.044755988
0.012067444
0.043152131
0.073780783
-0.013473765
0.086944297
-0.035550307
0.048357323
0.0068998267
-0.023427751
-0.098502494
0.02160213
-0.064718448
0.086333051
-0.01191523
0.048367869
0.012621113
-0.044113446
0.054417241
0.045671862
0.030563815
-0.023340829
0.026318943
0.050283313
0.057547323
0.035039939
-0.016440531
0.030864986
-0.042403691
-0.023257989
0.044641197
0.029500749
0.046816424
0.036177143
0.021142974
0.09893699
0.041620784
-0.010777612
0.023571355
0.028140308
-0.068818778
-0.011697499
-0.0342291
-0.11773846
0.021747572
-0.11343962
-0.0076918919
-0.036327649
0.035899639
-0.037304532
0.025603989
-0.035577126
0.026500044
-0.033083856
-0.091085687
-0.01518683
-0.027343528
0.039669599
0.014674914
0.098172918
-0.053497255
0.0016282776
-0.0045237993
-0.017885057
0.069006808
0.041024812
-0.10309545
0.02496483
-0.030142022
0.074520946
0.036385015
0.12360022
0.010628383
-0.016700601
0.058378592
0.074521795
0.064516932
0.059638977
-0.10113212
-0.065963231
-0.009780637
-0.04673823
0.01389347
0.092871636
0.0089741079
0.011964291
-0.060277607
-0.072534226
-0.0063847452
-0.0070935814
0.023938658
-0.015233427
0.063402824
-0.011406496
-0.009953103
0.017548198
-0.044112209
-0.0083271395
0.034867983
-0.044752102
0.079474181
0.050784223
-0.038354207
0.060620207
-0.019621469
-0.024302319
-0.026362155
-0.10051168
0.018805338
-0.013114336
0.024212716
-0.0075168284
-0.077590525
0.011317901
0.054458339
0.0038666029
-0.040860921
-0.032172497
-0.040611252
-0.061883856
-0.0086889686
0.047397669
0.095437802
-0.022868816
-0.047348283
-0.058404014
-0.025514482
0.081635907
0.058543403
0.059013925
-0.035143487
0.038281117
-0.054876979
0.038453374
-0.036798302
0.025406022
0.086598478
0.034024641
0.049918
0.058104478
0.065359384
0.037880823
0.037594665
-0.017055513
-0.044418186
0.039262328
0.011264677
0.013515358
0.015830278
-0.05694297
0.066954993
-0.088483386
0.050041217
-0.064032063
-0.030062955
0.084755182
0.050723277
0.095820867
-0.013352128
-0.06752304
-0.035889693
0.022206863
-0.038798388
-0.030111026
0.016735116
-0.0042540878
0.038832076
0.0064370818
-0.046687059
0.059115935
0.0019089538
-0.051917803
0.0049645063
-0.0089559443
-0.028393166
-0.051822439
-0.02664589
0.00894491
0.019805988
-0.11265489
-0.090826236
-0.0037927879
0.022652315
-0.026336106
0.033278435
0.045436781
-0.029391525
0.032345712
0.063236289
0.00056536816
-0.016376702
0.067474633
-0.05337793
0.058930535
0.012575267
0.047496501
-0.025571091
0.054417197
0.074229643
0.027270798
0.12429938
0.071621731
0.0021888844
0.046140917
0.023523401
0.041091919
0.05048975
-0.041677929
0.068046652
0.072828256
0.04185145
0.040551297
0.020561125
0.0022408725
-0.04959546
0.00079909625
0.092499167
0.079684168
0.018137492
0.026190853
-0.033060897
-0.035600543
0.058940317
-0.098271504
-0.0044934084
0.031995889
-0.042258829
-0.0038089105
-0.014801551
-0.029882511
0.082681745
0.082215846
-0.014143539
-0.061364684
0.080146149
0.019375512
0.092921078
-0.033040624
0.021431927
-0.029182451
-0.022078529
-0.028827818
0.010619217
-0.055340905
0.0015355276
0.030978648
0.026808748
0.046029862
0.00084287755
0.031580392
0.0022687803
-0.00075423857
-0.038358986
0.064364865
0.093566239
-0.038058709
0.0015624169
-0.031126792
0.075073533
-0.066155024
-0.049103234
-0.069528207
0.014777304
0.065008856
-0.026821982
0.014519757
0.075158417
-0.038426649
0.032685768
0.027924949
-0.028344678
-0.00051731832
-0.06388855
0.0084733618
0.027242895
-0.054905538
0.03580844
-0.012484292
-0.046099253
-0.063363247
0.0063087614
-0.045713
0.045491461
0.066196799
0.068161003
-0.078587264
0.034460459
-0.014441182
0.022669703
0.0054566441
-0.065464944
0.029801609
0.009838162
0.051157352
0.060497336
-0.017755812
-0.01811957
0.048497517
-0.018540522
-0.032240037
-0.052093502
0.10902017
-0.047065675
0.068950616
0.051390909
0.017825482
-0.053990174
0.07190299
0.0432228
0.063801058
-0.078498714
-0.023894811
0.01956228
0.002580897
0.081727877
0.010878628
-0.06758631
-0.0059981975
0.012582674
-0.016865002
0.0014182116
0.05325029
0.085938983
-0.09143281
0.05506479
0.042320196
0.027823616
0.040837143
-0.045288321
-0.030895045
-0.010441917
0.031388823
-0.049954195
-0.066930979
-0.036346707
0.030587209
0.0011360392
-0.080994919
-0.045841429
-0.0052305344
0.046098132
0.011106443
0.006276018
0.044082575
0.019928396
0.019136664
0.00021922021
-0.012480879
0.0088593233
0.036065064
-0.051079486
-0.03672507
0.04965486
0.20384695
0.12086434
-0.079915613
-0.048191696
-0.028793456
0.046496693
-0.00010123879
0.039686941
0.021648476
0.048802923
0.028153574
0.042658985
0.049451556
0.070712797
-0.041831333
0.032423653
0.017071234
-0.01774592
0.00083027809
0.019568589
0.14548253
0.014646286
0.020423073
-0.13651216
0.072153382
0.0039704074
0.028151814
-0.068855055
-0.020834323
0.072831973
0.01385987
-0.052878864
0.054542579
-0.063379653
-0.10857283
0.026078863
-0.026153021
-0.058437016
0.03841773
-0.013985178
0.048317857
-0.051977374
-0.019206144
0.054435801
0.064096235
0.026422372
0.057747476
0.03277982
0.089293852
0.060662128
0.029366385
0.0011195231
-0.036743164
0.15427841
0.067008622
-9.2272079e-05
0.017127465
-0.070142113
0.022602022
0.0021504818
-0.026335027
-0.060296789
-0.053744249
-0.063770726
-0.026902655
-0.068540774
0.10291243
0.034762613
-0.063859314
0.12034387
0.027269201
-0.036447808
-0.002005056
0.0984952
-0.061000708
-0.020455852
0.094213821
-0.06832514
-0.068741709
0.039407764
-0.020644393
-0.051908586
0.048717901
-0.10205813
-0.079861343
0.068496481
0.024216395
-0.021046465
-0.021027964
-0.0098492419
-0.079964131
-0.018370235
0.0036493971
0.053152278
0.01662701
-0.03345963
0.11422404
-0.088296995
-0.042412139
-0.0037031556
0.073627815
0.12483139
0.0026789983
-0.088744417
0.042647533
0.096779458
-0.096328832
0.013483353
-0.058759347
0.051151846
0.09587086
-0.0096443137
-0.036406428
-0.07364399
8.8041161e-05
-0.040324099
0.048678998
-0.032406937
-0.063974574
0.011565815
-0.066507079
-0.064530805
0.020315016
-0.06563054
0.045081396
-0.083789192
0.026219733
0.074120469
-0.023470111
0.003556628
0.051454697
0.032484636
0.085605323
-0.033571247
-0.037577864
0.059802745
-0.0042314655
0.06580352
0.022726469
0.010467574
-0.0030403773
-0.047575559
0.052670889
0.086758666
-0.0075939465
0.06054556
0.035686675
0.069952816
0.0050168387
-0.0023697603
0.029476725
0.049695563
0.013858938
0.027471922
0.021631427
0.098513357
-0.02421242
0.024057321
-0.040546417
-0.012640714
0.036459554
0.037871972
-0.0082829306
-0.0028221216
0.037205983
-0.054583337
0.038213905
0.011265001
-0.025198752
-0.044068806
-0.089710511
-0.044575337
0.0073602777
0.030401027
-0.016242953
-0.01683188
-0.084289655
0.0058840886
0.063764133
-0.037999235
-0.042437773
-0.02851552
-0.038969677
0.039198413
0.023596862
0.055897545
0.056602728
-0.034643032
0.018996077
-0.015325571
0.09848848
0.047132354
0.037117183
0.0040662745
0.0042205909
-0.048092369
0.06631057
0.00074749009
-0.060916137
0.012453087
0.10632156
-0.0035042635
-0.028610157
-0.016415007
0.015727423
-0.0388401
0.0066349804
0.033905223
0.019745599
-0.02164546
-0.067301013
0.017324565
-0.085592151
-0.018291973
-0.079284251
0.014321293
-0.047335435
-0.072813682
0.02159071
0.039688796
-0.0014799178
0.059052307
0.018836925
0.028709142
0.034435794
0.041694142
-0.109084
-0.0053927763
0.0043686293
0.090128392
-0.063760385
0.033521935
0.018205879
0.064516693
0.024625171
0.006269766
-0.016210509
0.083801419
-0.047070891
0.033578012
0.0044527431
0.039768711
-0.051467538
0.074705482
0.030689763
0.048329268
0.001643942
0.072167777
0.10895627
-0.12379316
0.0095905801
-0.025765125
-0.064283296
-0.037058454
0.06459491
0.067207135
0.057894044
0.063426457
0.02381753
0.079540007
-0.026025815
0.02148789
-0.036493775
-0.0074994415
0.016944181
0.037560843
-0.014151723
0.029850606
0.09720917
-0.053275149
0.091333143
-0.073918186
-0.021230642
-0.048051588
-0.14376174
0.01851978
0.020525606
-0.072850108
-0.021092733
-0.044204812
0.066956662
-0.012522653
-0.055970587
0.048170064
-0.071659565
0.052878592
0.06849765
-0.076572619
0.04102882
0.01063981
-0.050685965
-0.062819868
-0.0076341932
0.14520775
-0.11283655
-0.065608121
-0.057446692
0.040829465
-0.064155281
-0.13831027
-0.025029974
0.0073698941
-0.034352288
0.0030950727
0.004146568
-0.0084553091
0.090508834
0.055153903
-0.059647132
-0.14443566
-0.066712081
-0.024034424
0.065438978
0.0089723328
-0.023014868
-0.010642358
0.070703633
0.053552441
-0.095413364
-0.053623494
0.10315343
-0.089831181
-0.00090898178
-0.036147188
0.091442198
-0.10260872
0.08803837
-0.036003049
-0.038759917
0.081422552
0.062654391
-0.00017912335
0.10260256
0.061194103
-0.0019432285
0.013906076
0.017955182
0.022930302
0.02846439
0.10093079
-0.019539502
0.050276786
-0.019536296
0.06449917
0.00045501729
0.010792176
0.031650912
-0.034819588
0.050402753
0.049218591
0.058742344
-0.057270743
-0.035502136
0.038898807
-0.069581822
-0.013955439
-0.018504353
-0.026963139
0.080193803
-0.12146141
0.05046086
-0.065006413
0.12039802
-0.053568304
-0.08487241
0.022135977
-0.042437531
-0.023363823
-0.015142356
-0.003475647
-0.11823101
0.071659811
0.020612143
-0.056026116
0.020893879
0.032972574
0.041764446
-0.03851781
0.034360275
0.075298004
0.091017336
0.0040170942
0.087750562
-0.016132558
-0.042278226
-0.038549121
0.074384786
0.031325851
-0.08241538
0.090175837
-0.0020510962
-0.068780296
0.057343829
0.010232296
-0.02907986
-0.09596286
0.020069322
-0.01682662
-0.010177085
0.028190656
-0.031067222
0.10742763
0.024550263
-0.025023676
-0.020155761
0.087272651
0.055618342
0.048656013
0.013334949
0.073300004
0.046695199
0.038274474
0.091715068
-0.074406222
-0.054347262
0.077460527
-0.025045596
-0.035571065
-0.13727276
0.067600831
0.079365119
-0.042117134
-0.0030454213
-0.095479682
-0.026793124
-0.050299663
-0.032524563
-0.061830916
-0.07424479
-0.076364353
-0.0098734451
0.02230363
-0.032281283
0.028716004
-0.13855502
0.034366719
-0.061841924
0.059757538
-0.12562032
0.03028102
-0.124696
0.055798247
-0.039125931
-0.11052724
0.071172826
-0.0019935248
0.10139854
-0.056104667
0.078762501
-0.034855593
0.14620556
0.039270975
-0.097715721
0.088712603
-0.14878158
0.035489943
0.075877525
-0.015108648
0.038933173
0.058861017
0.063829467
-0.10527512
0.030365519
0.055922151
-0.091170982
0.015830582
0.021126438
0.028672606
-0.010442411
0.0075720209
0.031390008
-0.066462405
-0.028773867
0.034670811
0.064927988
0.012054773
-0.16301756
0.063736506
-0.02422617
0.0093829082
-0.0056717475
-0.07140556
-0.034748595
-0.019365098
-0.040025219
-0.17359078
-0.059262004
0.021185074
-0.04433218
-0.0087424405
-0.048598353
-0.066386372
-0.058753457
-0.035753366
0.073527232
0.061624486
0.07164602
-0.120051
-0.10252145
0.027844407
-0.046882857
0.074847788
0.041620769
0.043592226
0.010388996
0.063058838
0.022088893
0.01608533
-0.0046034167
0.0075579355
-0.050486792
-0.0020393836
-0.019189026
-0.0012527577
0.036754869
0.044593371
-0.024864422
-0.042334929
-0.017347388
0.027556205
-0.047942735
0.0094766337
-0.072522394
1.1377044e-05
0.021754032
0.092012718
0.044498291
-0.00086979609
0.018246062
-0.045428257
-0.057523545
0.057161633
-0.020507338
0.048451804
-0.0065421117
-0.052316252
-0.046108227
-0.039163619
-0.054475226
0.068041056
0.016286086
-0.0029133288
0.0063679907
-0.010600721
0.073906802
-0.0020159439
-0.0025907501
-0.018043716
0.032465842
0.093623683
-0.029857583
0.030496018
-0.038827755
0.02323927
0.04290482
-0.0093551399
0.02094643
0.057504367
-0.11876154
-0.035144649
-0.080801398
-0.048098929
0.082850762
-0.017847346
-0.014705888
0.075315706
-0.014627343
-0.052485425
0.028428558
-0.024920322
0.12164956
-0.0011840735
0.045171682
0.053322393
0.019556908
-0.020606825
-0.03868518
0.023150403
0.038575392
0.071835302
0.093278103
-0.060736421
0.014262267
-0.030440873
-0.096343488
0.01623345
-0.051353812
0.040527828
0.083204865
0.030545587
0.034622431
-0.0097823413
0.10470872
-0.022870762
0.024809768
-0.075707003
-0.040836196
0.026405269
0.013652897
-0.0044598212
0.048021704
0.10234357
0.034121394
-0.080224857
0.073995486
0.0044416352
-0.059140768
-0.033527989
-0.038306847
-0.057450008
0.084325336
0.11611871
-0.020306211
0.054786414
0.0028152044
0.021121956
0.09554068
0.05570275
-0.064115383
-0.024669528
0.055825282
0.038495857
-0.017355524
0.070392549
-0.020403961
0.052752998
0.032448143
-0.039509699
0.032139592
0.044025943
-0.031531572
0.06610027