0.047335036
-0.0027398933
-0.028253492
-0.021620214
-0.0054115937
0.038753182
-0.023240255
-0.081989631
-0.04803063
0.028071554
0.025139133
0.074386477
0.033696197
-0.03528085
0.038269773
-0.05484277
0.061593469
0.090256631
-0.05317102
0.014199806
-0.017132405
-0.0044150357
0.094636358
0.083257571
-0.085059062
-0.11955839
0.06155178
-0.099566832
0.013593437
0.111829
-0.027600423
0.023290142
-0.0025883249
0.06698247
-0.074994162
0.062388364
-0.074596785
-0.072038412
-0.0083386647
-0.038523193
-0.013433718
-0.075989895
-0.096043676
-0.1073965
-0.066089742
0.020424057
-0.068552352
-0.0065878918
0.022924816
-0.052750293
-0.052889202
-0.031551689
0.015788183
-0.033741329
0.080876939
0.0061839516
0.096786357
0.098184079
0.057615254
0.11084603
-0.0098583475
-0.025465403
0.046002831
-0.12627789
0.054707345
-0.17403655
0.068613157
-0.013638679
0.049993921
-0.03542085
-0.028388161
-0.021761514
-0.010972667
0.0034910552
-0.0031506144
-0.064516298
-0.02253646
-0.058418363
0.025467895
-0.021622417
0.042014025
-0.045288008
0.010829436
-0.060523059
0.025416084
0.04313143
0.026154669
0.059426218
0.076829463
-0.078989953
0.039628331
-0.012365111
-0.11886708
0.013874227
-0.038336162
-0.084061451
0.0024249456
0.077514023
0.064432144
-0.049733523
-0.070137337
0.082127564
-0.0089745447
0.062432773
-0.04240901
-0.00787294
0.079532847
0.056676973
-0.028469129
0.1107472
0.024338456
0.056843624
-0.0027941451
0.03450495
-0.069767535
0.014914238
-0.11092107
0.053653702
-0.05954675
0.049360178
-0.040244434
-0.072487332
-0.20494451
-0.10370294
-0.033291355
-0.072700113
-0.037932809
0.025851863
0.013589408
0.001222309
-0.026681082
-0.009507034
0.053340949
0.015566815
-0.035671916
-0.023062164
-0.055219192
0.050050721
-0.041030895
0.049317405
0.061511882
-0.11514362
0.017951807
0.049562369
-0.013154839
-0.024741996
-0.068899602
0.0054711341
0.022701154
-0.00080443284
0.016517159
0.07378225
-0.051698025
-0.0092287632
0.086899616
-0.043456681
0.01180072
-0.029585028
0.0074085225
-0.011169578
0.024637537
0.066363193
-0.028531235
-0.023507984
-0.026182136
-0.012278977
0.059818465
-0.076102756
-0.065848805
0.064048059
-0.095466748
-0.041552056
-0.069121361
0.051514897
-0.01480046
-0.073638059
-0.010868336
0.013462837
-0.0096693104
-0.036388978
-0.013123511
0.048866775
-0.01566962
-0.082942717
-0.063600793
0.046946436
-0.035477165
0.07017941
-0.015041253
-0.064081967
-0.0087960484
0.028430291
-0.0098891268
-0.033829473
0.04653196
-0.11274152
0.0062323143
0.082815297
-0.018545471
0.094000928
0.007540375
0.013928294
-0.053669181
0.069675028
0.020926824
0.075409465
0.0981379
-0.0086631998
-0.011455435
0.014743638
0.062886909
-0.0081760129
0.047104497
0.05146325
-0.013604841
0.041562371
0.0036010419
0.0014269494
-0.080839731
0.050531089
0.036454406
0.063560978
0.085739866
-0.076835148
-0.051148053
0.002577465
0.080949254
-0.086487748
-0.031469498
-0.066479392
-0.012541013
0.010596108
0.045206703
-0.033313625
-0.033314627
0.038597025
0.067483209
0.14397149
0.056040034
0.061292958
0.0018190732
0.078198999
0.069245085
-0.02608656
0.018553907
0.048234724
0.050514784
0.062548913
-0.044097587
-0.054850459
-0.074813113
-0.080464065
-0.031557389
-0.046933975
0.069540307
-0.11406614
0.0035533647
0.016817756
0.012086056
-0.076099493
0.045208361
0.10016987
0.019357422
-0.15325989
-0.050988723
-0.066879869
-0.0053833816
0.00031925793
0.0046334821
-0.055827867
0.021680912
0.030826665
-0.042572804
0.094423681
-0.0052137095
0.01915735
0.098454937
0.11036299
0.1473833
-0.17045815
-0.018613221
-0.032672692
-0.034448106
-0.06569735
0.038553964
0.091691703
0.069012024
0.020075716
-0.044359677
0.0059826048
0.047591683
0.12987673
0.016240088
0.070062116
-0.017261602
-0.039237447
-0.0075277369
0.12015787
-0.063052736
-0.014549161
0.034844968
-0.015351782
-0.066294633
-0.013275499
-0.0067807036
-0.048240297
0.096682504
0.010592726
-0.091165118
-0.011683765
0.029561428
-0.056556292
0.026585648
-0.11488959
0.086798012
-0.023763198
0.11936043
0.069621496
0.0026652953
-0.0064574452
0.033205044
0.035296809
-0.17164472
-0.021458337
0.12919484
0.073295608
0.093051545
-0.015574085
0.084746666
0.020310095
-0.06337259
-0.081665881
-0.057762653
-0.10828572
-0.055904798
0.04285574
0.036110576
-0.024264855
0.008509309
0.008574415
-0.00074554421
0.017943552
-0.039831541
0.011813323
0.086816244
-0.105033
-0.039227955
-0.05139304
-0.11904472
0.095452063
-0.10345878
0.11883233
-0.017515929
0.10332731
0.094424315
-0.10601708
-0.065036632
0.048186049
-0.052876577
-0.087239929
0.053565707
-0.094167307
0.020153247
-0.067630462
-0.046887971
0.0047731055
-0.016331879
0.028541448
0.061305877
-0.087152399
-0.16423281
-0.059395574
-0.099972337
-0.0032460326
-0.012090187
-0.03879261
0.016747482
0.080757454
-0.10331891
-0.020789737
-0.040071227
0.11455633
-0.06091303
0.02946496
0.014775804
0.025063803
0.022197647
-0.048998527
-0.018052422
-0.081128724
-0.025992729
0.063438244
-0.058666963
-0.026080372
0.029095743
0.0043702517
-0.079239614
-0.024909312
-0.076128229
0.052814148
-0.0063480716
0.07371857
-0.057869416
0.063539729
0.03387351
0.057450086
-0.033356618
-0.038186692
0.072689831
0.020336295
-0.026687067
0.019141877
-0.031135364
-0.034162611
0.080749266
0.05765982
0.01692407
-0.088938043
0.021297604
-0.069113545
0.085620843
0.071065985
-0.036189344
0.032324877
0.071596056
-0.011552955
0.11387109
-0.049726654
-0.088889927
0.097514242
0.058709588
-0.030062964
-0.0042228573
-0.018075163
-0.028038139
0.09603931
-0.067298032
0.092621945
0.0042027156
-0.0091650318
0.02677469
-0.13476634
0.080733843
0.12352426
0.05864298
0.096972443
-0.054912113
0.038585983
-0.032311246
0.044307817
0.055577029
-0.049066734
0.059436772
-0.024121791
-0.080527611
0.031772226
0.095534295
0.089602239
-0.016860247
-0.082526892
0.05246665
0.015552376
0.086885177
0.037816193
-8.3294937e-05
-0.048866883
-0.043969437
-0.061693866
0.07551945
0.008429612
0.011273
-0.019840539
-0.019555688
-0.028974852
-0.041452963
0.027108319
0.063502967
-0.055293512
-0.054813474
-0.015180302
0.061662346
0.011673567
-0.03879879
-0.068819083
0.0052180639
-0.056119595
0.033012096
0.079216264
0.019449709
0.035977077
0.10717149
-0.04456066
0.011217372
0.064270243
0.11609697
0.039875589
-0.099097684
-0.11630473
0.014989671
0.087203547
0.055480152
0.10107832
-0.00089813111
0.049113784
-0.033632677
0.033603925
0.061558343
-0.023813156
0.083471261
-0.058889791
0.053620331
0.039358489
-0.040544894
0.056005903
-0.038251206
0.046439253
0.0020059326
0.061803084
-0.046658326
0.068321481
-0.019435948
0.034681272
-0.025326004
-0.031025203
0.043853644
0.029524602
0.01134619
-0.02757708
-0.032715302
-0.064573973
-0.031864602
0.050709579
-0.028399348
0.078256577
-0.007452968
-0.023612337
-0.031230954
0.017004495
0.031941682
0.01081143
-0.057208352
-0.084261015
-0.044482578
0.036225062
0.071418531
0.075108923
0.020130375
-0.044474304
-0.068690181
-0.049904015
0.051061761
0.07288751
-0.10512337
-0.037394032
-0.05622765
-0.055941623
-0.038263138
0.033887226
0.068878569
-0.074715756
-0.059844248
-0.010396568
0.048927996
0.061918262
-0.077740602
-0.020665465
0.05139368
-0.042929895
-0.0051637865
0.011328664
0.015907872
0.052965526
-0.010947455
-0.094973631
0.097373582
-0.020131461
0.024806567
0.049505871
-0.073418543
0.020515202
0.0164955
0.070237398
-0.047307272
-0.033328149
0.052073315
-0.031361315
-0.091016173
0.037709337
-0.039227195
-0.077828616
-0.049446844
-0.04021696
-0.066532061
-0.046021838
-0.057422739
-0.011748548
0.053669136
0.0350556
0.057611018
-0.044901837
-0.07780695
0.0077910656
-0.091971859
-0.024043038
-0.0015430506
-0.048678752
0.010185131
0.084637843
0.061158519
-0.083781049
0.029027423
0.097830892
0.032676563
-0.0028214552
0.017108073
-0.034792237
0.056234136
0.082020558
0.066588983
0.059105296
0.037367228
0.026220016
-0.019107487
-0.045508768
0.040394165
0.036937762
0.0076886481
-0.045932591
-0.066534907
0.062572703
-0.025813444
-0.066845104
0.090107977
0.094788395
-0.002141343
-0.052063353
-0.066890568
-0.03248392
-0.049289998
0.041555155
-0.019608289
-0.063221835
-0.027421085
-0.0089922659
-0.069469437
-0.0082291914
-0.020016516
-0.0025008
0.039321184
0.013172205
0.089094825
0.068546854
-0.15678535
-0.041672178
-0.024296051
0.0099336794
0.011304594
-0.0068398905
0.080827177
-0.001446387
-0.028815337
-0.00074218243
-0.10032419
0.068237036
-0.0028407057
0.075817689
0.10325561
-0.072152644
0.096906893
0.010229893
0.032659743
0.10864246
0.060657654
0.034634724
-0.080645621
-0.061763175
-0.064430207
-0.008765718
-0.079436094
-0.052005596
0.0052330969
0.0098130153
0.14148952
0.099767879
0.070478462
-0.034276057
-0.010816189
-0.05293775
-0.040065378
0.04540927
-0.024685277
-0.034445088
0.019178309
0.10450688
-0.020344853
-0.081193574
-0.0021910099
0.058889691
0.033461455
-0.0097488482
0.012456565
0.080958575
0.037460066
0.028219787
-0.011464108
0.036471277
0.022541877
-0.030351572
0.0083270781
0.04963579
-0.065266237
-0.058332119
0.015769161
-0.030452404
0.014058226
-0.08583197
-0.070562944
0.070331134
0.062221311
0.027981676
-0.0041152923
0.024625294
-0.094961256
0.059330318
0.042013165
-0.056580223
-0.032531597
-0.052064355
0.081031226
0.037288606
-0.022485869
0.037416995
0.064842358
-0.039429255
-0.014263324
-0.056756683
0.012564627
-0.023138845
-0.067930996
-0.037945118
-0.031626206
-0.0018697378
0.087105565
0.029074967
-0.078733034
0.039049633
0.037663348
0.050924916
-0.036580689
0.014478003
0.014999353
-0.019540863
-0.05392519
0.10252654
0.084427223
0.11703856
0.051484171
-0.072176039
0.013580941
0.0038647403
-0.093159959
-0.0053242869
0.057927713
-0.022100931
0.067914404
-0.012664197
0.052690849
-0.11236561
-0.0150052
-0.10852569
0.045709841
0.081006154
0.034625608
0.09836214
0.094705194
-0.1255205
-0.16002329
-0.013214652
0.081782274
-0.0050113336
-0.0044795331
0.046442471
0.05054149
0.00086401671
-0.017006794
0.027871976
-0.097761415
0.0044926535
-0.017894462
-0.0047333487
0.0053000278
0.051562935
0.013635122
-0.01146537
0.051680639
0.12242138
0.010933139
-0.0077227238
-0.07292299
0.039913382
0.074316919
0.10345884
-0.054461505
-0.048294436
0.048946373
0.12727083
0.039384179
-0.11041746
-0.01992034
-0.021639084
0.045646112
0.072442755
-0.067846619
0.15530217
0.0099641467
-0.062772073
-0.04163995
-0.0094038425
0.13763584
-0.048445214
-0.019796267
0.088757187
0.04868583
-0.020404151
0.045589801
-0.085830487
-0.019122399
-0.076600522
-7.4223724e-05
-0.012761509
-0.028313598
-0.1033392
0.12900853
-0.081334174
0.090934232
-0.099276133
0.019644793
0.0071138325
0.096599743
-0.041562669
0.044511095
-0.05422093
-0.030160882
0.058814522
0.032771468
-0.068892971
0.04472116
0.003874334
-0.05859571
0.027204746
0.013777566
-0.056775369
-0.12131228
-0.021877818
0.035735473
-0.011900349
-0.079205766
0.020817319
-0.010198634
0.08868818
0.023013275
0.026181897
0.036424644
0.028016455
-0.022087894
0.038967773
-0.028164431
0.015460249
0.062591247
0.043197278
-0.030321648
0.054147813
-0.083730578
-0.18002659
0.0103457
0.0016632165
0.012314633
0.019720644
0.044437442
-0.056051195
0.010136637
-0.011903815
0.016782528
-0.059696421
0.0242381
-0.001969527
0.10416576
-0.083234772
-0.0082963957
-0.061412588
0.011418417
-0.1372821
-0.015354844
-0.031046866
0.055917375
-0.092480145
-0.0010747586
0.011645244
-0.057686802
-0.011890945
0.14202894
-0.0043579913
-0.01591179
-0.19433799
0.023571905
0.098601811
-0.050512359
-0.029938366
0.020991025
0.16356917
0.097185075
-0.065190159
-0.11924694
0.021774394
-0.0083685573
0.093566895
0.040317673
0.065041393
0.1661851
0.024753226
0.040934816
-0.026705826
0.14077018
0.11323161
0.017361024
0.06825339
0.026185658
-0.15075684
-0.067351557
0.011269345
-0.029810853
-0.0059780097
-0.083281063
-0.058892339
0.046477616
-0.053637061
0.0018584323
0.03297041
0.011535526
-0.00026365186
0.05020776
0.13448009
0.027910873
0.069650583
0.0096749198
-0.042504594
-0.086168878
-0.052842129
0.067258723
0.021805804
0.048608307
0.031880688
0.064171098
-0.024546094
-0.027415399
0.047610808
-0.047074005
0.018084053
-0.011464853
-0.084109172
0.021299234
0.067953616
0.073808037
0.11981507
0.05044334
-0.074479297
-0.042410936
0.083176821
-0.026772469
-0.0435718
-0.039750066
-0.018158203
0.040702067
-0.023888478
0.084948443
0.098048106
0.065597713
-0.0073020635
0.1033654
-0.053952474
0.057754412
0.075761408
0.10375408
0.13525003
0.10212354
0.03116191
0.070457101
-0.011196867
-0.071533069
-0.12278015
-0.083457217
-0.01570865
0.13433814
-0.024510169
0.095986001
0.058704089
-0.015529176
0.084462211
0.089422472
-0.068288036
0.0054575857
0.029869929
0.03590792
-0.031275991
-0.03710207
0.10885166
0.045833331
-0.0057559903
-0.019027004
-0.029450916
-0.099842273
-0.072405912
-0.014296576
0.054359153
0.042556688
0.076170012
0.047963083
-0.11050417
-0.043095596
-0.083389774
-0.065906368
0.047351994
0.049419746
0.021354057
0.059784207
-0.0092985099
-0.028089918
-0.049772311
0.010615738
-0.015540564
-0.0061166594
0.022462197
0.065192789
-0.0042049708
-0.050413709
0.010383251
-0.0084453449
0.064138278
-0.058654416
-0.022016615
0.015799645
0.069357194
0.047423918
0.039921355
0.010119629
-0.066938795
0.018559143
0.021258041
0.071425349
0.0030076951
-0.077339761
0.086862683
-0.12369474
0.017066082
-0.13385743
0.050282769
-0.02578447
-0.00389747
-0.010715917
0.052492358
0.025236107
-0.0056068483
-0.054285113
0.014576697
0.06260407
-0.015303204
0.028122239
0.081899665
0.065097451
0.046015304
-0.020570152
0.017340835
0.026223963
0.030020433
0.049113527
-0.079244033
-0.018248439
-0.13697058
0.026694445
0.050409015
0.084473632
0.097930036
-0.02047177
0.0058904998
0.1049992
-0.033345614
-0.04544216
0.11946261
-0.045441821
0.015896903
0.089305416
0.14040482
-0.025678279
0.027488748
0.032313269
0.097705707
0.048297323
0.010636727
0.020660257
0.080124468
-0.03348789
0.035468657
-0.073268764
0.032516263
0.10932086
0.011478969
0.079241417
0.054247059
-0.00012258373
0.057910386
0.025883514
0.084025085
-0.045761444
-0.018731253
0.022902317
0.017137941
-0.063010477
-0.016114317
-0.079533093
0.021321919
0.098275021
0.040472236
0.05613761
-0.071059585
0.096029036
-0.041808423
-0.031266652
-0.030950317
0.013449445
-0.063857153
-0.013048531
0.04703024
0.10052377
-0.023068432
-0.060614262
0.01660932
0.038367394
0.085581347
-0.089971848
0.027960027
0.12090214
-0.086646944
-0.016740438
0.080132961
0.063286997
-0.017419744
-0.044511538
0.12580791
-0.009563379
-0.038717374
-0.077462554
0.13173787
0.027944161
0.031511445
0.02574756
0.090050399
-0.095349729
-0.056203838
0.043864224
0.057289828
-0.0028905149
0.038936302
0.014202951
-0.033429414
-0.045312889
-0.066736259
0.0023966453
-0.023491994
-0.020402825
-0.10728028
0.043061506
-0.18304688
-0.028198656
0.029316017
0.017058622
0.11222193
0.048220068
-0.054191429
0.072902396
0.034483835
-0.03277009
-0.077381425
0.016586181
-0.18220426
-0.0059562223
0.1051468
0.035550799
0.063168526
-0.027441896
-0.12496796
0.029365784
0.033653375
-0.026257873
0.083100788
-0.04394776
-0.038569558
-0.056750104
0.032182761
0.0053055235
-0.074964248
-0.0063977595
0.033958659
0.026773117
-0.11760499
-0.030100331
0.048794206
-0.10552748
-0.069271758
0.12904835
0.018168651
-0.022902269
-0.025845731
0.064206928
-0.0459534
0.1044255
0.039938506
0.051609837
-0.02664561
-0.0015345583
-0.090464897
0.093067728
0.070900396
0.055635761
0.031900879
-0.013887049
-0.15715273
-0.0016626284
0.034803852
-0.016908616
0.080337867
-0.078461066
-0.054350447
-0.19831018
0.053374916
0.053571932
0.08694873
-0.090058006
-0.038034815
0.086482808
-0.066998877
0.0058062999
-0.059025228
-0.041448623
0.046288032
0.07183066
0.048424456
0.093333274
-0.011235262
-0.012170326
-0.084341027
0.016631892
0.055340141
0.07169468
0.028152071
-0.011483286
-0.062636606
0.06714306
-0.050763417
-0.11615644
0.098283596
0.05711741
-0.12255554
0.036808077
0.022103364
0.06789729
0.011135856
0.011982083
-0.020918319
-0.071114838
0.09803652
0.036978669
0.1024939
-0.038784079
-0.054978263
0.055310063
0.012276634
0.02999693
0.013107186
-0.042653024
0.039669361
0.061890449
-0.040597524
-0.062108234
0.05190932
-0.016020119
-0.013901328
0.067135252
0.21825492
0.017971268
0.070116811
-0.064984784
-0.086587392
0.05147459
-0.065333322
0.020197602
-0.033727176
0.0073636258
-0.040878225
0.013722498
0.026156867
-0.074034184
-0.0003484397
-0.034174539
-0.035493329
0.037998229
-0.026379412
-0.02332568
0.02601652
0.0025890609
0.058339119
0.026689352
-0.042479288
-0.074448958
0.036483336
0.052980851
0.046925656
-0.074875273
0.0029444552
-0.077970713
0.10852595
0.056385335
0.085031889
-0.057992715
0.048978206
0.051997837
-0.025937321
-0.12127686
0.0014778684
0.011977651
0.0038348434
-0.10150933
0.025276609
-0.046820033
-0.016502375
-0.0096507827
-0.003080968
-0.019488001
0.034176134
-0.049256079
-0.034239102
0.032191388
-0.030321382
-0.045350563
0.13304043
0.043946907
0.0052913055
-0.037969548
0.042176683
0.032687783
-0.084415816
0.053674724
-0.10958368
-0.070351005
0.0059837797
0.075315632
0.050887451
-0.10561531
0.091455318
-0.012292545
-0.0039352216
0.052016072
-0.057194058
0.077697016
0.15721817
-0.011722322
0.041310053
-0.0209023
0.026903203
0.10682491
-0.0089454772
0.0682621
-0.05329508
0.12838316
0.056403171
0.011338106
0.051691771
0.019514723
0.087573081
0.025577199
-0.020483078
0.0019780966
-0.013502881
-0.11364637
0.036919624
0.024930667
0.003331458
0.069661506
-0.042933095
-0.094170935
-0.20981477
-0.098215073
0.067405723
-0.043358296
0.063951246
0.055176623
0.043986853
0.10836872
-0.0028110913
-0.0084763803
-0.01724943
-0.053130787
0.057119321
-0.076944068
0.081314497
-0.028608812
0.02213107
0.0059581674
0.082286827
-0.00081928138
0.06994386
0.10077293
0.09851183
-0.20503046
-0.099541992
-0.0083669797
-0.069351204
0.0053759841
0.026686799
-0.087616831
-0.069924578
0.10731029
0.025111532
-0.036304686
-0.061896075
0.13780133
0.17763136
-0.041043233
0.15900965
-0.05123245
0.073289543
0.15129769
0.0083253104
0.12100835
0.045727715
0.019387789
0.012401363
0.11200415
-0.0046015191
0.0048585762
-0.066529348
-0.14703949
-0.054893713
0.093867905
-0.0091932006
0.11991426
0.099818721
0.043377347
0.075475924
0.1035985
0.1734577
0.060596526
0.10029564
-0.0094940942
-0.042821739
0.046721242
0.045545321
0.021085696
-0.024836453
-0.093141407
-0.060841877
0.0238478
-0.0089449435
-0.036266647
-0.019638827
-0.16444665
-0.18579988
-0.0036375858
-0.024124276
0.1377185
-0.0023470279
0.051191527
-0.016115619
-0.019080643
-0.019525874
-0.13349625
-0.0055643828
0.074045189
-0.072853304
-0.00174124
-0.045779139
0.036554117
0.05854414
-0.14569421
-0.11658496
0.021892305
-0.0091807069
0.092832945
0.11247458
0.018116007
-0.0022287928
0.15062231
-0.11014197
-0.1007857
0.062404584
0.13256684
-0.0099392803
-0.040332507
0.018835789
0.039939925
-0.042513996
-0.035256479
0.08003401
0.068227619
0.10024261
-0.00088932773
0.029034819
-0.1001202
-0.087780088
-0.10436205
0.031674456
-0.05969169
0.0088625858
0.056133911
-0.053615119
0.0043688994
-0.12458189
0.032716967
-0.086955629
0.079660319
0.15281916
-0.0013043286
-0.076724976
0.0068822233
-0.028285036
-0.034058936
0.043121099
0.045675281
-0.076918922
0.051790304
0.090775207
-0.14725128
-0.047591057
-0.011572804
0.043166414
-0.15200061
0.088107325
-0.033221032
-0.17677931
-0.11408839
-0.0013321376
0.038893152
0.055889271
-0.079167672
-0.0025201549
-0.0081879543
-0.061281685
0.011712908
-0.1441792
-0.060915403
0.10213815
0.10367529
-0.0012762167
0.051438391
-0.016864954
0.045217253
-0.1081362
-0.019970482
-0.030285284
0.035123881
0.06151985
-0.024258921
0.042393148
0.053497333
-0.069042601
0.021205202
0.082617238
0.0117883
-0.029269027
0.091307044
0.084107898
0.028742423
-0.011162532
0.038927834
0.010849292
-0.035225585
0.075023361
-0.10505875
-0.0066452315
-0.011375384
0.034549721
-0.01188596
0.095024496
-0.014957579
0.022739958
-0.042927202
0.042476822
0.032093666
-0.074660502
0.028620638
0.026698552
0.023409676
-0.064120658
-0.023476809
0.10706551
0.048087064
0.020986959
0.014213345
0.036266148
0.048327476
-0.033975985
-0.090311445
0.076471098
-0.025823822
0.023861589
-0.13936771
0.059482478
-0.013569213
0.026593186
0.065086655
-0.10013628
-0.027664319
0.010938624
-0.071411431
0.056943882
0.017649164
0.00044317704
-3.8694194e-05
-0.034238216
-0.01598715
-0.015650727
-0.06492877
-0.031368695
-0.12974143
0.039424893
-0.031271212
-0.10234183
0.06256821
0.029437149
-0.026597405
0.015997987
-0.12809013
0.042385776
-0.061187912
-0.045898803
0.065224722
0.050581738
0.027183607
-0.015606694
0.004764
-0.046434358
-0.10127319
0.072681554
-0.059973981
0.078558058
-0.046849985
-0.019795612
-0.05287436
-0.077460848
-0.0015227059
0.093117714
-0.028363954
-0.047390398
-0.060093597
0.025286013
-0.11567274
0.050714578
-0.043591082
0.055743534
0.054964785
0.04703689
-0.010351718
0.061140526
0.11379297
-0.0013446433
0.039980136
0.095508628
0.01760341
-0.11059134
-0.068364941
0.085193336
-0.052646562
0.01020131
-0.010726199
-0.10323784
0.028792406
0.099242352
0.085590385
0.041904505
0.0094557079
0.043686587
0.0092071351
0.0029592959
0.040552083
-0.050541796
0.078460306
0.0046216673
-0.016106011
0.057023678
-0.064807162
0.071799912
0.0085510835
0.010867878
0.052805323
-0.068411946
-0.047879744
-0.082801983
0.05498429
0.035586342
0.079671592
0.10467898
-0.0041265287
-0.021320339
0.086388126
0.0083942739
-0.026804298
-0.085596606
0.019699922
-0.067209549
0.10362235
0.038137045
0.014423936
-0.075612456
0.068212159
-0.0018815395
0.059166618
0.0046780724
0.013544002
0.0122552
-0.018438876
-0.093982212
0.097094931
0.10450226
-0.0094169471
0.014967037
-0.021609198
-0.011316489
-0.016477792
-0.0014470976
-0.050859906
0.031529374
0.055269338
0.066253953
0.0048441039
0.092971906
-0.012309014
0.10804067
0.027767844
-0.034081094
0.039363027
-0.076344505
0.0070292526
0.001648636
-0.043604579
-0.014934481
0.098022379
0.027518548
-0.074587971
0.033288136
0.051513024
0.03497497
-0.090067253
0.072161011
0.040935967
-0.048155382
-0.043203045
-0.05361389
0.02610819
0.029617339
0.07501173
0.099785671
0.021934669
-0.11394663
-0.012400282
-0.011927304
0.036151815
-0.043645773
-0.029174363
0.049799614
-0.020785892
-0.034661192
0.040491678
0.11828222
-0.0016900114
-0.049228676
0.051835828
-0.012559976
0.022849692
0.14683163
0.059611622
0.014246036
-0.058179099
0.029513799
0.058381356
-0.0017950619
0.007909786
-0.067850657
-0.054107565
0.0014369276
-0.01332095
-0.011453939
0.061665248
-0.095702499
0.064374745
0.061025679
-0.0011708674
-0.045946412
-0.014263
0.010229843
-0.013261718
-0.013004033
0.03255577
-0.034651231
-0.034166589
0.05841291
0.0062628239
-0.035234157
-0.035794217
-0.04163868
0.025744881
-0.030440288
-0.073787689
-0.058806248
0.026520085
-0.036704823
-0.061285593
0.085798621
-0.040219288
0.062483814
0.00681167
0.08650966
-0.040383819
-0.011904401
0.010895187
0.051638518
0.095477954
0.059700083
-0.014223143
0.08607205
-0.074620232
0.037904784
-0.016982466
-0.016054103
0.060929265
-0.07057821
0.077825621
-0.0086447038
-0.010386761
0.11330274
0.02807164
0.019998712
0.032080635
0.1035418
-0.0059491084
-0.0034314166
0.020034101
-0.014924802
-0.013955037
0.033006497
0.02862007
0.083425649
-0.058007892
-0.018754972
0.02314798
0.03789949
-0.072124571
-0.024868667
0.035588708
-0.093428709
0.10005376
-0.0030105892
-0.12624982
0.04970916
-0.07930962
0.045785777
-0.059409235
0.082004733
0.079391159
0.036084391
-0.012310523
0.00015743943
-0.040250737
-0.025784848
0.024905404
-0.07640297
-0.056715127
0.025063327
-0.0080003645
-0.0320778
0.053293377
0.018865161
0.0075045167
0.057733782
0.0095140189
0.062507533
-0.038090605
0.012392682
0.0095140096
-0.065202959
0.039035764
-0.054583114
-0.05500583
0.084385104
-0.0054964162
-0.020654215
-0.034224462
0.052444804
-0.095294505
0.037869819
0.016369699
0.01962667
0.08555387
0.073749818
-0.003492289
-0.10702722
-0.092508338
0.082948551
-0.021777922
0.094485141
0.0028519668
0.012107463
0.032867372
-0.033087194
-0.00037063283
0.00016341612
0.015063393
0.06133429
-0.028735707
-0.10632007
0.056501869
-0.093428567
0.0064889449
0.094993815
-0.0029023376
-0.030128965
0.039054573
-0.0072813318
-0.0064692623
-0.10801431
-0.0025981623
0.0037862477
0.015547919
0.099819355
-0.084952608
0.15131541
0.12594235
0.080145597
-0.033876196
0.029645979
-0.052026264
-0.0039017764
0.06739483
-0.064458281
0.083181985
-0.0081644505
0.12091827
0.035243869
-0.038019601
-0.0045698592
0.012664237
-0.028140144
0.011382146
0.039969418
-0.03485214
-0.058278475
-0.060405362
0.091041103
0.08800301
-0.056797195
-0.095989779
0.0089294827
0.14529064
-0.025990091
0.09038268
-0.043509021
-0.03778081
-0.049622677
-0.0059119142
0.012385598
-0.038534541
0.070912831
0.04649879
0.0072885649
0.010720625
0.054203041
-0.092204213
0.052006777
0.057982396
-0.030540083
-0.03799735
0.097670607
0.045542307
-0.022742691
-0.059539005
0.039636876
-0.068927906
0.0083813732
0.003916542
0.028678259
0.058767781
-0.056924623
-0.058282062
-0.0067623192
-0.017523097
0.050453156
0.054105841
0.006313297
0.058568627
0.022363035
-0.066029921
0.02265585
0.083226427
0.18063952
-0.05028832
-0.010461167
0.10848197
-0.041840799
-0.0056875236
0.023574742
0.13023801
-0.04486683
0.043577556
0.031687398
-0.0025825237
0.05896534
-0.049178146
-0.10019791
-0.0084653711
0.11923553
0.10645511
0.086838402
0.0016052109
0.030344049
0.033805326
-0.014982093
0.01589698
-0.05485604
-0.0425754
-0.027143899
0.058932837
0.067305379
-0.041700277
0.023621334
0.057623226
-0.081353121
0.070700355
-0.033123419
-0.016603665
0.1078022
0.073624492
-0.030556431
0.011113473
-0.079757996
-0.013904039
-0.004236117
0.088369533
0.055430453
0.01529932
0.031163516
-0.0090102898
-0.12549153
0.026764182
-0.0457495
0.027947597
-0.082805105
0.065778524
0.017292747
0.011115216
-0.0088319099
-0.056347828
-0.1381491
0.069533288
0.0093962112
-0.028732911
-0.11037929
0.027167687
0.0708175
-0.0075366315
-0.12441515
0.050455865
-0.044299059
0.083829656
-0.070107803
0.0095546693
0.024107216
-0.046786409
-0.098143592
-0.032726448
-0.01144961
0.054614354
-0.1190294
-0.047928885
0.086526141
0.031784665
-0.099771246
-0.015866188
-0.088737071
0.086363919
-0.011848309
-0.047873046
-0.096927755
0.052167922
-0.07465034
0.0054224664
0.0093156993
-0.05958239
0.087326862
0.055932585
0.015638698
0.027727177
-0.03204127
-0.084748842
-0.059018977
-0.0099917427
-0.011587114
0.032605875
0.0296691
0.10054062
-0.042969674
-0.063766249
0.0553234
-0.0063957307
0.03448258
-0.093865857
0.0004883178
-0.0031032015
0.055782132
0.0004959511
-0.048591983
-0.070747793
0.020482216
-0.0395643
-0.084924661
0.024825789
-0.068388373
-0.00011357407
-0.052295219
0.012265456
0.068356343
-0.080441304
-0.026581731
-0.026156645
0.00049916672
0.024717176
0.11136559
0.035351817
0.077522606
0.10212833
0.040450968
0.0866298
-0.075611159
0.039177809
0.057440177
0.020357136
0.03298559
0.018847939
-0.049874224
0.031777721
-0.029124806
-0.10603081
-0.0093451617
0.066625781
-0.066060551
0.026853796
-0.011517169
-0.060714625
-0.014731148
0.010420476
0.11396605
0.014552427
-0.0099250386
-0.021177862
-0.0025948077
-0.019240219
-0.079070307
-0.067588486
-0.15589841
-0.08394333
-0.060770649
0.033298817
0.011584657
-0.0099920314
0.059453674
-0.021498661
-0.074540921
0.0043763528
-0.050299574
0.0013328798
-0.043980569
-0.069627091
-0.030902894
0.042642336
0.041755177
-0.10665525
-0.031750154
-0.076747932
-0.037394043
0.037973944
-0.10264645
-0.12092349
-0.011090052
0.068143182
0.063364327
-0.12670566
-0.13205503
-0.026532466
-0.095839694
-0.012081674
0.019106233
0.061012339
0.033756956
-0.029471718
-0.034656994
0.086677819
0.04767891
-0.024076214
0.026973706
0.041301891
-0.050115965
-0.031105295
0.039558683
-0.044906411
0.047201768
0.0071325363
-0.018651258
0.033595219
-0.0094345175
-0.071235113
-0.16821696
-0.094202422
-0.12345638
-0.026554946
0.024651287
-0.023697572
-0.04841546
-0.057273917
0.021126145
0.063765623
-0.021225268
0.048942327
-0.049471729
0.10019804
0.058289595
0.081448063
0.11703318
-0.016976597
0.059122533
-0.20774882
-0.029448636
0.036073871
0.083525144
-0.017169997
-0.012806202
0.13246869
-0.056985985
-0.096943416
0.12801334
0.076193415
-0.051915642
-0.023874462
0.0055189193
-0.053122222
-0.0037834742
-0.042911131
-0.0046129851
0.011119019
-0.0051643816
-0.23980159
-0.023374468
-0.051477827
0.057278186
0.077900685
-0.024067065
-0.1461897
-0.0254867
-0.11006948
0.024269437
-0.092186041
0.1210881
-0.033936117
-0.013649401
0.044251882
0.041917499
0.0060012927
-0.050132304
0.048317999
0.12046106
0.007183908
-0.095492169
0.0454937
-0.019642472
0.048507649
0.080174372
-0.10442986
-0.016588684
0.069537036
0.037224483
0.064765915
-0.01226237
0.021972854
0.1027253
0.071745358
0.033044506
0.078337081
0.040795207
-0.027574332
-0.096560173
0.054402065
-0.0036544465
0.060417112
-0.0031454086
0.031547155
0.028475417
0.048343863
0.030657539
0.067731097
0.014319784
-0.020391053
0.040324736
0.084828183
-0.060915377
-0.021527961
-0.046141826
-0.027054146
0.11602505
0.049663264
0.050755478
-0.043204308
0.10250442
-0.0089601204
0.10528056
0.024205973
0.045362644
0.021413509
-0.071498863
-0.070202224
0.08398816
0.044194665
-0.016666401
-0.034913551
0.0052095549
0.012659332
-0.044354238
-0.037704788
0.016904708
-0.089736216
-0.074332565
0.025286084
0.063840538
0.002583991
-0.036559694
0.056038711
-0.06996914
0.0044811764
-0.054433092
0.022239717
-0.094047204
-0.017089525
-0.21932968
-0.28373691
0.093605541
0.017518507
0.072722271
-0.01716581
0.069330178
0.052384716
-0.041651718
0.0049436809
0.034648944
0.00091695221
0.020463232
0.092085503
0.029001482
-0.069015577
0.065691978
0.021990538
0.019056048
-0.020246765
-0.021222163
0.022335622
-0.010834198
-0.0097564878
-0.0040303264
0.036867414
-0.0022057316
0.0053354679
-0.069017917
0.0098093655
0.022887714
0.040384017
-0.0097013162
-0.1007265
-0.055105932
0.0644833
0.042490799
-0.022844881
0.067832999
0.095809229
0.077348284
0.018839046
-0.062925689
0.14642629
-0.0030645593
0.17007139
0.00049377052
-0.054144047
0.084171057
-0.032447848
-0.078142963
-0.020354144
0.049541652
0.013743981
0.081302121
0.013899155
-0.058451649
0.049720038
-0.012688036
-0.11081658
0.060171761
3.9014267e-05
-0.088382088
0.058498874
-0.020078767
-0.055156071
0.030591626
-0.06057848
0.0041066138
0.051651783
-0.093605794
0.026179014
0.038697392
-0.10555042
0.062916763
0.069820441
-0.098229684
-0.066503242
-0.025241293
0.05160407
0.024472039
0.058747973
-0.07651335
-0.022492653
0.051473022
0.021260088
0.068592973
-0.017566772
-0.059031151
-0.011546504
0.01003618
-0.086941615
-0.026295278
0.0038369631
0.085046433
-0.041883782
-0.010813191
-0.08511091
0.0050997576
-0.020389305
0.086639047
0.051354069
-0.053000815
0.072158851
0.098070949
-0.020205682
0.092036739
-0.023626039
-0.03599399
-0.089146584
-0.05537691
0.064471334
-0.095926367
0.018265637
-0.0079406593
-0.012633241
-0.10894946
-0.051593013
0.020717727
0.06361489
0.096000783
0.0013419138
0.065868013
-0.01455701
-0.012389578
0.00800067
0.086456887
-0.058015976
-0.026176836
-0.0034096371
0.015448447
-0.056082964
0.00089831871
0.057882994
-0.026528541
0.011001702
-0.045985375
0.080808029
0.076603927
-0.020986909
-0.061965078
0.047014348
0.050806943
0.014220222
0.0093444446
0.058932848
0.069625564
0.068091139
-0.0015809111
0.0030110765
-0.057672769
0.025991749
0.0046658795
-0.081355423
0.17217889
-0.036349382
-0.077145882
0.050983138
-0.044286348
-0.069104455
-0.075638168
-0.062232498
0.074567907
-0.024329936
0.025790172
0.034226663
-0.054947577
-0.038533304
0.066260464
-0.019673692
-0.0044804225
0.0074307416
0.061905261
0.12294346
-0.0097247642
-0.091551401
0.012322684
-0.074608684
-0.019726776
0.064763092
-0.065021157
-0.057304908
-0.02191148
0.0016838376
-0.0032763539
-0.061874855
-0.036238495
-0.086737365
-0.027963625
-0.020912416
-0.10804157
-0.020916719
-0.06474898
0.048781238
-0.024237551
0.042530946
0.0020888036
-0.13473134
0.015621526
-0.059965886
0.14080356
-0.065318137
0.02398047
0.13433561
0.024365783
-0.046449065
-0.10199676
-0.097123399
0.048477467
0.02667265
0.016899692
-0.058568571
-0.06721174
-0.039083328
-0.10831249
-0.0014060992
-0.078992121
-0.039282568
-0.00063852855
0.052744985
0.025754545
0.082593128
-0.023923907
-0.029033327
0.067619942
0.024529003
0.057710588
0.046190865
-0.12418843
-0.01089962
-0.041543338
0.054934163
0.041231781
0.037105061
0.025349058
-0.028478958
-0.066154614
0.099606857
-0.001859522
0.09922158
0.0026761608
-0.018659849
0.0074537615
0.10961463
0.033434778
0.082594544
-0.063072152
-0.066509731
-0.029388614
0.017642908
-0.03366721
0.038377915
-0.057532281
0.077012859
0.09584827
0.10907274
0.035780095
-0.0045726323
0.061506052
-0.025385153
-0.0024585705
0.013871511
0.038835943
-0.05534837
0.023891965
0.00094466435
0.039887547
0.067124344
-0.036208004
-0.11889134
0.018093942
-0.016413379
0.12411681
-0.057335872
0.062878631
0.0031305943
0.041230671
-0.11838507
0.08362864
0.041713294
0.020543238
0.026136648
-0.094372205
-0.049747631
0.028087813
0.034527205
0.10027872
-0.045307115
-0.14177659
0.015461942
-0.012083025
0.0200126
-0.099883154
-0.0091467304
0.030505275
-0.073257774
-0.11664962
0.068656132
0.083471864
-0.10779957
0.074150361
0.0096019544
-0.018427236
0.031397317
0.052131291
-0.028162049
-0.044930279
0.022465121
-0.093409277
0.088406175
0.017463047
0.019662954
-0.032458827
0.060301423
0.058148112
0.047266733
0.12017737
-0.069517665
0.13821061
0.093601771
-0.03744404
0.057513438
0.045196462
0.061164308
0.033008616
-0.07520429
0.027977001
-0.0060618808
0.073715307
0.053982191
-0.043602291
-0.065609589
-0.11443824
0.038058128
0.085778937
0.063648552
-0.11306269
-0.06195676
0.047445942
0.071747869
-0.036258794
-0.038817044
0.12410223
-0.03325082
-0.11016273
-0.043041982
-0.031703658
-0.038289573
0.10452306
0.065296263
0.040575106
-0.090798967
-0.010554265
0.032309327
-0.10604966
-0.095095135
-0.065601379
-0.0064320373
-0.097490162
0.0074625169
0.071271688
0.078299016
-0.041997861
0.066335589
-0.015106767
0.035712589
0.024844287
0.10439815
0.0022464828
0.0012619739
-0.062355146
0.024684912
0.0016055048
0.012265913
-0.042113625
0.001918598
0.032627065
0.043950051
-0.083924189
0.084795304
0.10100785
-0.0079907523
0.1094917
-0.074941933
-0.092681743
0.13306186
-0.094111197
0.052025113
-0.047757976
0.11045296
-0.057651181
-0.038469374
-0.013127737
-0.055281214
-0.10067322
-0.029160272
0.0088759335
-0.014133819
-0.029797619
-0.007108626
-0.0045417468
-0.013908241
0.048486404
0.017385427
0.12928416
-0.047663569
0.0060354876
0.034757998
0.09738151
-0.0025312398
0.012459524
0.01192541
0.097006857
0.030565163
0.030472705
-0.010693706
-0.1067971
-0.015418067
-0.016210737
-0.019361209
-0.019183178
0.050702687
0.029756442
0.052862965
-0.034557261
0.028836947
0.023734191
-0.0021754557
0.035467353
-0.13641438
0.043789059
-0.038221784
0.0056167799
-0.019365814
-0.061222166
0.035810307
0.029100124
-0.023503941
-0.070190646
-0.013095101
-0.050386172
0.10633063
-0.080463283
-0.0088887764
-0.0080656717
0.030164294
0.040982828
0.048881598
-0.033641491
-0.0077582123
-0.014311401
0.061642762
0.0065703569
-0.036671054
0.00086909981
0.022059439
0.0074620051
0.024459101
-0.12378774
-0.043188609
-0.041092299
-0.03195177
-0.030475603
0.049858324
0.076572463
-0.073595189
-0.037311375
0.023038909
0.071823671
0.077501826
0.032507624
0.0440588
-0.012742285
-0.041583851
0.039319772
0.056850582
-0.025872052
-0.019353673
0.049654115
0.048628602
-0.02173345
0.092182159
-0.073751502
-0.019667929
0.07369002
-0.09513469
-0.0020980495
-0.043862224
0.017029526
0.054556739
0.13629505
0.085649714
-0.13575026
0.0081886575
-0.11795341
-0.06218404
-0.017977681
0.021716071
-0.013363467
0.018211167
-0.075402662
-0.020236604
-0.05130256
0.093787156
0.069007248
-0.002048332
0.014877824
0.048852526
0.018076096
0.0055764117
0.040390626
-0.032045957
-0.058217496
-0.13319883
0.020988904
-0.036800727
0.0031797346
-0.092528306
-0.043409027
0.11094647
0.10710245
-0.0032995979
0.011668651
-0.074022241
-0.06156588
0.029808816
-0.0061478228
0.0072418903
0.039818544
0.028950945
-0.011202108
0.083241314
-0.031746686
0.0058984463
0.04407905
-0.05923434
0.0012371542
-0.0046337117
0.023600923
0.1036032
0.0038803499
0.036340065
-0.033624865
-0.055958331
-0.039872564
-0.0024300395
-0.045892246
0.010834565
0.01965587
0.09802819
0.015219001
-0.053303678
0.066082411
-0.029291498
0.030214062
0.034422059
0.0751426
-0.0107962
-0.082937844
-0.011359351
0.006722942
0.062876098
0.0097719338
0.038356464
0.11954786
-0.014581677
0.10222476
0.050180763
-0.023411609
-0.050027508
-0.017880088
-0.06181344
-0.066990376
-0.063894324
-0.0055934163
0.044996411
-0.096785292
-0.0078706918
0.012396473
-0.10628323
0.07378339
-0.020063326
-0.067923382
0.019284848
-0.049423065
-0.044964492
-0.0148771
0.033633251
-0.024187755
-0.031128809
-0.057439826
-0.049896114
-0.016703315
-0.018713482
0.020283971
-0.13010867
0.06208466
-0.0033950701
0.063356437
0.076381393
0.060978562
-0.0064900229
0.063974671
-0.027568491
-0.0034754814
-0.034078732
-0.020238802
0.10832677
0.04838606
0.066199102
-0.049833685
-0.070768423
0.00059570611
0.057617202
-0.0016938229
-0.055243652
0.046261009
0.02830361
-0.032937225
-0.01463163
0.107693
-0.048964947
-0.04973295
0.063270397
-0.032038629
-0.036908511
-0.00074644369
-0.038872838
-0.10509021
-0.071124636
0.055401769
-0.01959141
0.061208554
-0.070663549
-0.0084470697
0.035367068
-0.018885005
-0.021364635
0.068472467
-0.060529593
-0.021744197
0.04626343
0.0087462477
0.055629924
0.037956577
0.12091774
0.054181546
0.019950798
-0.046570286
0.085796468
-0.010666927
0.034063991
0.015430413
-0.0086350348
-0.016956029
0.012589542
-0.017086113
0.044995092
-0.047206681
0.048385359
-0.03248423
-0.063442111
-0.027459806
0.09171363
-0.10314198
-0.052861162
0.038767137
0.0086098826
0.023281947
0.028009845
0.03007495
0.016228115
0.022678765
0.056867644
-0.027172936
-0.056758665
-0.033414289
-0.10957554
0.035436824
-0.030740997
-0.00088142813
-0.10348311
-0.044849813
-0.095711999
-0.036566637
0.0029165242
-0.0013806869
-0.07928659
-0.039314061
-0.044668056
0.00076867826
0.11466072
0.056565545
-0.010177962
-0.055213451
0.071409345
0.095397845
0.087825924
-0.013874856
0.0044801701
-0.011858802
0.028621774
-0.09472651
-0.022635629
0.089046046
0.09758649
0.055989634
-0.018075902
-0.077647917
0.055819955
0.064771011
-0.066477008
-0.057226438
-0.0078987582
0.076294906
0.046981875
0.089681305
-0.031869255
-0.091467194
-0.072553374
-0.066130444
0.045385942
0.034754701
-0.038605534
0.077163622
0.017121222
0.11639723
-0.014822638
0.023900816
-0.059593689
-0.069578074
-0.077434793
-0.058496192
0.0020998965
0.0079274736
0.039743535
0.18155563
-0.016510468
-0.067854673
-0.079116546
0.065353036
-0.10814179
-0.02734104
-0.015247866
0.056174677
-0.042707305
0.036654297
-0.036550399
-0.039624445
0.0050135511
-0.060505603
0.036036357
0.025958335
0.0015630996
-0.13005002
-0.0061998228
0.0870208
-0.02020677
-0.071168244
0.062009856
0.032762237
0.038873095
0.0018102307
-0.03056388
0.042515185
-0.013423706
0.10304523
0.014691234
0.04647271
-0.01404882
0.0064093159
0.053999592
0.0013838287
0.038181141
0.014624497
0.11464341
0.06295488
-0.038072266
0.044378806
0.032982089
-0.073915809
0.038635526
0.029307228
-0.051501971
-0.021498606
-0.035438169
-0.079729959
0.14461908
0.033204857
0.0088607557
0.09067218
-0.024694042
-0.068012364
-0.071786575
0.085613422
0.038426902
0.025016725
-0.032306794
0.038354047
-0.012263003
0.085598402
0.13943911
0.058257636
-0.075294502
0.024662981
0.074843742
0.0035233682
-0.099207036
0.062524721
0.11685567
-0.089283541
0.057641473
-0.057106387
-0.018278692
0.097818896
-0.094175339
0.15724032
0.12256143
-0.064378403
-0.004609636
0.078848556
-0.028156783
0.014476925
-0.13517995
0.11876272
0.14260997
-0.032989223
0.077351131
0.13237941
-0.053235356
0.031870887
0.087645546
-0.011964573
0.018564079
-0.035091419
-0.014066892
-0.0022751668
-0.039367955
0.005344206
0.058208175
0.12864652
0.08634077
0.018270997
0.12875172
0.037634142
-0.07192494
-0.017769948
0.079926446
-0.040443599
0.027565274
0.0066469549
0.086446866
0.039776318
-0.023081442
0.029382966
-0.050125886
-0.034140944
-0.093732528
0.068291493
0.043132268
-0.049511962
-0.010899313
-0.0038913805
0.049300779
-0.06282597
0.10890358
-0.080867104
-0.016544538
-0.012022262
0.072206803
-0.057670683
0.010739407
-0.031574667
0.0092036268
-0.067634426
0.01926174
0.08982043
-0.030985495
0.027810777
0.091068052
0.047019549
0.04303807
-0.060368408
0.088518672
0.069927491
0.0223542
0.017288873
-0.0041214628
0.089849763
-0.085707657
-0.036034163
0.11392532
-0.019604659
-0.051191967
-0.020911936
-0.10745667
0.059273958
0.032869626
0.021707462
0.090081058
-0.026060445
0.092799768
-0.0032943769
-0.014996863
-0.036278307
0.055049565
-0.081029549
0.005582402
-0.012789368
-0.058217086
0.08153405
0.061185617
0.030224107
-0.054701172
-0.067376785
0.013303431
-0.084901348
-0.10611846
-0.063494362
0.043836631
-0.021449745
-0.061564669
0.064841054
0.015559657
0.031594411
-0.011808516
-0.015458427
0.013038174
-0.063534141
-0.018053306
-0.073042706
0.00034167134
0.00012126528
-0.067922436
-0.051360287
-0.07412041
0.035293747
0.013517581
0.0051997988
-0.096397169
0.055441689
-0.05497627
-0.0034013181
-0.16134101
0.03527775
0.022561895
-0.048486318
0.074650563
-0.0032336807
-0.025548279
-0.064079516
0.050204031
-0.032957159
0.039408464
-0.078820169
0.029394101
0.063067511
0.056773573
0.0046254792
0.095107302
-0.057948634
0.07294751
0.012888127
0.035362571
0.028121516
0.011446727
0.12673809
0.060597483
0.081106424
-0.010542041
0.013246007
-0.0071500163
0.079908483
-0.03184732
0.070260212
-0.086844549
-0.0042201253
-0.024791781
0.10798331
-0.031046383
-0.023784509
-0.062467091
-0.0074210349
0.024483295
-0.0076576862
-0.14019984
-0.025023287
-0.038263343
-0.027728848
0.0595291
-0.12673657
0.0093449969
0.019376688
0.014697889
0.034980591
0.0093131093
0.045627154
0.0064123222
0.064967722
-0.054953609
0.013489143
-0.057737995
0.045233246
0.052016493
-0.029772114
-0.046400778
0.059418373
-0.07029172
-0.050620068
0.030274453
0.040988397
-0.051191069
0.03457693
-0.0027973116
-0.062549114
0.09210781
-0.026870873
0.016489211
0.11003283
0.018112415
0.0090731308
-0.084182277
-0.0037189731
-0.010097073
0.10195984
-0.054563772
-0.12082835
0.057990652
0.044477161
0.037113398
0.036071949
0.062165797
-0.025759503
0.018409099
0.0075113033
-0.019195378
-0.034363147
0.011483133
-0.09719111
0.032873508
-0.079472139
0.025619708
0.036475863
0.088517994
0.033279303
-0.018016528
0.045100886
-0.035854563
-0.0037425824
0.037159905
0.038674198
0.091666728
-0.042413231
0.061941464
-0.067185126
-0.083846778
-0.070188321
0.042896889
0.033793002
0.05443427
0.056709614
-0.080731332
-0.016811047
-0.058117818
-0.071508847
-0.11662846
0.049727213
-0.080155849
-0.13294858
-0.12853423
0.052525699
0.0064561665
-0.059477162
0.044880219
0.072704352
-0.0091161048
0.040660683
-0.1183822
-0.020650871
-0.086601615
-0.032381371
-0.016996324
-0.041010004
-0.0026859634
0.062504038
0.059239134
-0.056484859
-0.12147193
0.071167037
0.0045298021
-0.20018867
0.018425984
-0.0030333817
-0.031433824
0.019299943
0.027610438
0.095727727
-0.039245252
-0.1379454
-0.045572069
0.056154799
-0.041439708
0.031099975
0.095986046
-0.015344002
0.10137022
0.047140833
0.043460213
-0.0048751873
0.019297291
-0.035025124
0.01309154
-0.085612401
0.1393605
0.01571798
0.027295306
-0.025444131
0.054616973
-0.0055549438
-0.01066429
-0.080694161
-0.017098906
0.054565012
-0.084443718
0.054451644
0.020686856
0.052818757
0.056498814
-0.10224203
0.07229998
-0.053099483
0.049735766
-0.066341661
-0.0059220484
-0.0014316214
-0.006861065
-0.015080988
-0.011990078
-0.089571267
0.035736557
-0.10537405
-0.066934355
-0.0069420123
-0.040844623
-0.077326387
0.023145283
-0.027367873
-0.071671166
0.065148167
-0.038906872
-0.07144729
0.0025231242
-0.02121174
-0.04708669
0.019979361
-0.081988156
-0.021903556
0.045657594
0.02051064
-0.078457393
0.05046929
0.02131477
0.082385838
-0.025070015
0.022403747
0.093486674
-0.051407292
0.099493049
-0.010737029
-0.081381358
0.020158237
0.045235727
-0.044415254
-0.029138418
-0.069588095
0.0021587645
0.022799293
-0.065197803
0.0028823069
0.035837293
-0.10516956
-0.064877167
-0.07963942
0.069866829
0.065445043
-0.029703027
0.085673057
0.026864905
-0.015191646
-0.07694491
0.05567497
-0.013465601
0.049220178
-0.041674495
-0.075646304
0.11786336
-0.051841188
0.071133971
-0.0059373863
0.018678438
-0.013439267
-0.083242074
-0.014724827
-0.0048739528
-0.13368034
-0.044163492
0.0561646
-0.072239518
0.080485642
0.013548354
-0.0033330307
-0.0040326566
-0.014333644
-0.069980294
-0.071220048
-0.042108636
-0.049016807
-0.038635813
-0.059140563
0.026062174
0.017782064
-0.039754625
0.00027157975
-0.026335971
0.025993062
0.019467965
-0.11458638
0.012774942
-0.01529122
0.045563739
-0.019426214
-0.014819884
0.016912414
0.086627729
0.00096079573
0.0074657449
0.015694022
0.069350258
-0.017541129
0.056884304
0.10044732
0.041246977
0.0094845835
-0.037696157
-0.055480801
0.034945808
-0.046402864
-0.046275347
0.029858984
-0.012691033
0.039444551
0.080528222
-0.016034065
-0.040253986
-0.087209925
0.080640621
0.020549465
-0.045307402
0.065384127
-0.089420997
0.021219185
0.043647494
0.069707856
-0.085464604
0.026681621
-0.057215862
0.022762483
-0.060871314
0.063740216
0.042665061
-0.082614511
0.00035722094
-0.010987096
-0.02339093
0.13850819
-0.025671054
0.0019532682
0.042560592
0.064730704
-0.05773722
0.036624376
0.076350093
-0.15800148
0.077670492
0.041642051
0.018628038
0.041794851
-0.010668034
-0.06819351
0.091620378
0.00036694389
-0.05960682
-0.064245231
-0.1122627
0.068738788
0.024967289
-0.13855684
0.12006588
-0.030274427
0.10561255
0.0019347393
0.093575962
0.11097029
0.035155825
-0.0053406316
0.082418509
-0.053698607
0.089836195
-0.023506904
0.026427606
0.052230015
-0.055941116
0.013542958
0.0489229
0.075123064
0.017059002
-0.013677088
-0.066899434
-0.056959189
0.051007066
-0.079349853
0.0028948954
0.041662227
-0.014642992
-0.054292992
-0.11827264
0.034752894
0.073762521
-0.026911657
0.07271523
0.084781811
0.053357083
0.062761441
-0.073285036
-0.035671081
-0.053066026
0.029827569
0.052519571
-0.015073074
-0.062757552
0.022431307
0.11528248
-0.035835683
0.02395789
0.013103733
0.052097056
-0.19300663
-0.055562425
-0.036615107
0.045814481
0.0016139256
-0.030339712
0.017762573
0.017290797
-0.026651725
0.041321624
0.018156169
-0.11655791
0.033788506
0.028384041
-0.11518479
-0.082876585
0.069207348
-0.010563541
0.014494923
-0.010901587
0.020813508
0.031945791
-0.021109218
-0.21278952
-0.056327563
-0.024493404
0.029163469
-0.067703292
-0.095318474
0.063268922
-0.017472444
-0.065784872
0.0091839097
-0.042170804
-0.056758236
0.12242625
0.027290678
0.058288932
0.029544737
-0.003908094
0.03546872
0.050295077
0.05909602
-0.090982549
0.0001497662
-0.07421498
0.064138971
0.037352722
0.032537524
0.063691802
-0.039532512
-0.016582323
-0.068117209
0.066542223
-0.015916405
-0.036824774
0.047632962
0.021177026
-0.062978074
0.066147149
0.061205193
-0.0065096365
0.12234819
0.12499175
-0.078318097
0.083497308
-0.058625162
0.049005464
0.047578845
-0.060936619
-0.045282472
0.021099364
0.00041230128
0.080038711
0.018426152
0.0040219366
-0.032628313
-0.060463149
0.016118094
0.059731778
-0.012634039
0.063290574
0.063374721
0.03872744
-0.072104119
0.0055074324
0.090559334
0.031482078
0.071891457
0.030560223
0.038333096
0.0061409455
5.2553452e-05
-0.042768329
-0.031308033
0.0062328638
0.036046535
-0.034975097
0.033673309
-0.010620511
-0.021469301
-0.1129478
-0.0044304417
0.036147412
0.020173173
-0.13949612
-0.012643257
-0.073604584
-0.073682092
-0.022073383
-0.06631171
-0.0044672126
0.055125132
0.021887831
-0.06656225
-0.0059230141
-0.024832565
0.027759461
-0.040495798
0.034284767
-0.015079704
0.05999947
0.032151014
-0.019002901
0.051803436
-0.034035876
0.022554226
-0.041750446
-0.10003068
-0.081675507
-0.069296904
-0.085269675
0.0949338
-0.06003141
0.10035935
-0.034554765
0.046931002
0.040870443
0.095742397
0.081778817
-0.027252123
-0.019104118
-0.027892435
-0.042025484
0.070435397
-0.082036436
0.008605035
-0.0015040669
0.065732688
-0.0055296384
0.029776638
0.11673725
0.0087192962
0.088236116
0.06207132
-0.0062886123
0.070310719
0.081925251
-0.00047227484
-0.055012781
-0.16302976
-0.06319993
0.0042486191
0.021750489
0.008600343
-0.055035703
0.0092592239
0.073663034
-0.041604105
-0.14819437
-0.057803333
0.047736399
0.057617106
0.039604258
-0.031336963
-0.13811642
-0.098062105
0.044358671
0.074644156
0.025465114
0.028276244
0.052254058
-0.051841378
0.05398348
-0.013047244
0.0012644064
0.094251066
0.040508099
0.029568646
0.082551204
-0.040428333
-0.050250351
-0.015215686
0.014211029
-0.0564765
0.054748926
0.062781148
-0.016967528
-0.076464422
-0.082565047
0.082372636
-0.074237444
0.02636723
-0.059083324
0.028943561
-0.038173195
0.013911632
0.021857185
0.019958615
-0.055455428
0.010206182
-0.064776503
0.004081226
0.01121092
-0.083654761
0.0027732498
0.053325951
-0.056786496
0.071326271
-0.075274572
-0.072576493
0.080287106
-0.012720771
-0.025440965
0.014219699
0.076912716
-0.031579722
0.068698101
0.052073862
0.070894219
0.10118136
-0.096935101
0.014476593
0.044189077
-0.020555796
-0.0012832447
0.0082744723
0.064530589
0.017303631
-0.0087812301
0.010793223
-0.036216497
-0.00139583
0.019802453
0.024932776
-0.11210041
-0.017177962
0.027767966
0.0040539522
-0.050916106
-0.026497271
-0.039450202
0.001650571
-0.054131206
0.064858705
0.069662094
-0.059528857
0.095541388
-0.0096133938
0.0074936929
-0.044304889
-0.015101826
0.005308399
0.053253155
-0.10637701
0.040278487
0.041772038
-0.011329464
-0.10001892
0.081213541
0.069207646
0.13571282
-0.016758796
0.16010056
0.0021954598
-0.070066512
0.019556893
-0.045586035
0.062005717
-0.021085737
-0.066260889
-0.046949573
-0.082936786
0.055582147
0.051881034
-0.10293852
-0.096654192
-0.014055409
0.11104382
0.019691117
0.042879395
0.074607044
7.1764371e-05
-0.034033787
-0.089119427
0.027422542
-0.053883076
0.12434632
0.05716788
-0.046044413
0.051510304
0.0020237144
0.065289818
-0.024551271
0.0097445026
0.07275068
-0.017830107
0.068688504
0.055651594
-0.026666889
-0.056362439
0.066029571
-0.026577681
-0.004059691
0.018885693
0.0033449328
-0.080405131
0.014423589
0.060937252
0.058580816
0.0099556679
0.10422372
-0.072626822
0.063980669
0.032643039
0.0013247485
0.041379012
0.014477162
0.028833866
0.049887192
-0.027645703
-0.049103573
0.037965424
0.10431553
0.054777246
-0.10339899
-0.0019815774
0.030484388
-0.061572593
0.0096087353
0.085948989
0.0701361
-0.007790104
0.03601845
-0.033132147
0.017826615
-0.052553792
0.0089063467
-0.061258994
-0.12062414
0.052811079
0.0048173331
-0.01041183
-0.031558063
0.11519971
-0.17334203
0.069845915
-0.056585573
-0.085748896
-0.039472912
-0.072486386
-0.023278749
-0.056264427
-0.12735727
-0.023434421
0.0072511854
-0.01301701
-0.0748097
0.039023254
0.041961312
-0.024989087
-0.0037065982
-0.091079138
0.0082745282
0.11694852
-0.046042532
-0.0032508643
0.070180841
-0.023271613
-0.03018282
0.0071435831
-0.10115546
-0.032796688
-0.067554474
-0.064375341
0.099436782
-0.062229637
0.051893093
0.049035542
0.03480823
-0.036627866
0.0054688682
0.054031868
-0.010600603
0.0084916847
0.050329275
-0.01593513
0.0027884655
-0.1488784
-0.01455618
0.063949928
0.087469161
-0.042547051
-0.036900863
-0.034207489
0.047322236
0.065635309
-0.11623207
-0.02750643
-0.037772294
0.11776526
-0.0093152579
-0.041336458
0.087117955
-0.052253116
-0.024946287
-0.14351851
0.041679293
0.082769386
-0.011528864
0.023332883
-0.011724005
-0.012205919
0.014070953
0.13644779
0.06909883
-0.083454072
0.020021487
-0.020897074
-0.029621778
-0.046820119
0.047796018
-0.028314067
0.071890093
-0.027982464
-0.015235129
-0.017052343
0.046117645
-0.0025427153
0.050289996
-0.019045915
-0.052409649
0.11522177
-0.032917581
0.0068720123
-0.020449441
-0.031813741
-0.060889862
-0.019786064
-0.052370001
-0.018880889
-0.097564518
0.055791523
0.13899723
0.069880195
-0.038140483
0.012794721
-0.0099482713
0.021297164
-0.093003176
-0.034310754
0.087841131
-0.065765209
0.011544502
-0.016537651
0.040709391
0.032067221
0.064689733
0.076589406
-0.053588077
-0.076005772
-0.02920202
-0.026003212
-0.0071998043
-0.059425004
0.077559926
0.093692861
-0.048588656
-0.082457647
0.078488663
-0.051315565
-0.018081963
0.0155561
-0.049237028
-0.077468015
-0.065962106
0.065772414
-0.026161456
-0.02083591
0.065093242
-0.054522697
-0.073785178
0.06566342
-0.077878572
0.096115299
0.052346837
-0.052094221
0.041415129
0.016600765
-0.0027382872
0.079589784
-0.089275748
-0.083545379
0.039399222
0.083697282
-0.07882902
0.052445162
-0.047793705
0.010954279
-0.017240383
-0.012948642
-0.044497527
0.013596148
-0.0072032525
0.057142355
0.076311335
-0.05715109
-0.014100669
-0.041787475
-0.042536579
-0.026896443
-0.042511608
-0.063285507
-0.027880253
0.025314251
0.013706406
0.032615762
0.072112292
0.0067227553
-0.03659502
0.062130488
-0.036126319
-0.0086366571
0.083243661
-0.077698439
-0.11689582
0.1532021
-0.11654205
0.027508626
0.031109342
-0.11557606
0.031341363
-0.013898333
0.0049987775
0.091856807
0.13188308
-0.0080714729
0.026057307
0.0032916015
0.088109046
-0.017671259
-0.021863807
0.052586604
-0.062010653
-0.00084744726
0.087084949
-0.11486232
-0.055502452
-0.014361055
0.12204466
0.0029837748
0.0049386919
0.07867898
0.072018065
-0.047454648
-0.02950958
0.11420498
-0.065202825
0.055077061
-0.098292194
0.0055121696
0.061589889
0.025615115
0.094298355
0.011713585
0.010891452
-0.094348654
-0.097650923
-0.01551926
-0.072194606
0.036820438
0.042829838
0.064464651
0.17844249
0.0048236353
0.017132709
0.068625279
-0.086141102
0.13052562
-0.018764533
0.026224457
-0.044450536
0.012087596
0.059735872
0.015373211
0.12015248
-0.052977439
-0.046606421
-0.029472815
0.015167117
0.016288357
-0.077176221
-0.051013667
0.013843045
0.063408099
0.0083056334
-0.029162297
0.009205631
0.062116098
-0.075006187
-0.066619016
0.048081152
0.031765096
-0.065394133
0.088007592
0.080060132
0.00085433718
-0.031568434
0.071229421
-0.041406062
-0.041795202
0.069418415
0.015143139
0.047952529
0.05221191
-0.15760094
0.033748433
-0.022254026
0.074585989
0.051615637
-0.11935335
-0.065052532
0.1657656
-0.076140508
0.027649261
0.073972993
0.070599385
-0.017115651
0.010429431
0.057526182
0.087647177
-0.042532634
-0.021350326
-0.038524177
-0.052363392
0.094947025
0.076781541
0.010482652
0.0041163848
0.047615144
0.024919365
-0.083226621
0.12402231
0.042819753
-0.034205191
-0.053651597
0.06202849
0.042734895
-0.030086782
-0.0018672271
0.031954452
0.035780706
-0.014329257
-0.03436045
-0.020345882
-0.075887546
-0.050299358
0.02063806
-0.084291734
-0.040228199
-0.025250072
-0.16512497
0.018096691
0.089460969
0.065447345
-0.038099259
0.12163007
-0.001217789
0.097181246
-0.049918164
0.078657448
0.047259066
-0.00057515688
0.051501874
0.063645966
0.03473746
0.070217445
-0.0077732275
0.084170565
0.043420959
0.0046178037
-0.016472964
-0.003402658
-0.0018724204
-0.037317079
-0.00085920311
0.087344706
-0.12641388
0.081899367
0.081643499
0.036560453
0.12462887
0.014817274
-0.042281576
0.036960118
-0.074378148
0.027635263
-0.054749727
0.033152811
0.14536552
-0.0027154912
0.0049269977
0.04904934
-0.056388274
0.055354469
0.058892731
0.0055107526
-0.0075276657
0.061518405
0.037474826
0.02524264
0.11960607
0.0061121145
0.11794499
0.015693143
0.019979974
0.04923325
0.013399031
-0.044838749
0.047750253
-0.044934388
-0.049202122
-0.01880238
0.039859395
-0.017726019
0.027529679
-0.024554489
-0.044772387
0.052842632
0.060822118
-0.0076592797
-0.019932546
-0.019825116
0.10573336
-0.12974191
0.084067076
-0.039031304
-0.033690173
0.022386711
0.03983935
0.090412565
-0.061699945
0.0056834449
-0.17609502
-0.029344432
-0.029717887
0.07832773
-0.051917888
0.061855856
-0.03521686
0.21427536
0.034215987
0.00039159376
-0.053760286
-0.020985264
0.062914744
0.057629041
-0.0093581984
-0.027781378
-0.11064795
-0.066617161
-0.00022305141
-0.038076445
0.021735497
0.10731433
0.0038212426
-0.04933057
0.14706084
0.024196073
0.098576725
-0.0098085068
-0.012941983
-0.10004003
0.11684401
0.068249509
-0.013542066
-0.017733417
0.0073098522
-0.053017326
0.044263102
0.052501414
-0.027298147
0.017801408
0.037446305
-0.00066810113
-0.049828261
0.057872254
0.010362042
0.051059876
0.11340012
0.059306975
0.04163491
-0.061174024
0.058925204
-0.028224172
0.058893219
0.037226688
0.044645909
-0.0025366396
-0.0089094881
-0.13044108
0.09038958
0.00035165565
-0.0099200327
0.05346486
-0.0078550978
0.090266362
-0.022337552
0.029898243
-0.0092614917
-0.044232383
0.015333585
0.023593297
0.0053707999
0.074718602
-0.013141783
-0.038752742
0.081490867
0.016726371
0.098491803
-0.017020546
0.058261849
-0.032819949
0.0041869236
0.13826507
0.0053502456
-0.019610576
0.025019959
0.062415641
0.030120736
-0.037321493
-0.020110313
0.053241543
-0.050770033
-0.12429384
0.004256133
0.031693216
0.062050935
0.13824466
-0.098481275
0.019623006
0.033935599
-0.030018868
-0.00098860706
-0.031754795
0.071509272
-0.09931007
0.057413388
0.049891114
0.032070849
-0.053821143
-0.011659372
-0.017191881
-0.046680324
0.019259254
0.047701713
-0.065572143
0.030633891
-0.014095425
0.10120507
0.0090705343
-0.046051353
0.088851608
0.060023267
0.007243922
-0.018205252
-0.025625121
0.031382106
-0.059495896
0.0030360059
-0.036566924
-0.086907372
0.09316425
0.039436549
0.014080905
0.099261768
0.00099427253
-0.044676427
0.054299615
-0.013840601
0.042545695
-0.077651806
0.070956409
0.010109056
-0.069516711
-0.033726763
0.0089355139
0.044918001
0.11002821
0.020499012
-0.073509827
0.01407058
-0.037367705
-0.064001031
-0.022808757
-0.053011097
-0.015153456
0.086905718
0.028456308
-0.031961378
0.034965649
-0.071879096
0.052577227
-0.048758261
0.083168469
0.034321893
-0.0240718
-0.022131724
-0.064614199
-0.072948016
0.03438656
0.079721674
0.039897185
-0.0032666866
-0.030114288
0.02374268
0.025489254
-0.095809624
-0.050209071
-0.055206519
-0.035953082
-0.12912235
0.066228412
0.022714548
-0.14026749
0.028036676
0.019230127
0.0080284094
0.03913131
-0.058474474
-0.082911283
0.0087380828
0.053383678
0.01823356
0.022734575
0.014273464
-0.024415303
0.074316546
-0.064388774
0.089750148
0.016535232
0.041788317
0.023701437
-0.046244133
0.032089997
-0.019534871
-0.10889233
-0.063998856
-0.096017919
-0.09300296
0.01848861
-0.067818448
-0.047885209
0.003122021
-0.014333775
0.074279107
-0.061080188
0.063616395
0.04554249
0.023804007
0.083306551
-0.042567637
-0.020182211
0.054122448
-0.054669719
-0.066311277
0.042650074
0.06529174
0.031333465
0.013592207
-0.055730846
-0.028434293
0.089889891
-0.081281535
-0.0032298926
0.065305538
0.017298099
0.010856179
-0.02238748
0.074896842
0.013257854
-0.10160998
0.093245126
-0.0044266097
-0.057351574
0.03473356
0.085759252
-0.015854968
0.10013526
0.062953629
0.010602216
-0.036806434
0.068182103
-0.056050461
0.0062061823
0.029107289
0.013095057
-0.057339076
0.038469788
0.036919713
0.059784539
0.0012577827
0.055974815
0.070324026
0.038944386
0.0015214762
-0.035179239
-0.0081881229
-0.044513289
0.0051473333
0.0030095025
0.016139574
0.002508688
-0.094009183
-0.022645345
0.012650799
-0.03361401
0.038141064
0.1290208
0.019591404
0.039412215
0.026474003
-0.087857142
0.0006201925
0.065770961
0.1010778
-0.13411102
-0.029764131
-0.043692924
-0.0036836746
-0.078677081
-0.047937028
-0.0017291218
-0.021210516
0.052728508
0.059577353
0.037627459
0.012459868
-0.074700318
0.071758606
0.046657957
-0.050413523
0.099682108
-0.0838897
-0.0054035364
-0.0097749019
-0.026530432
-0.037399828
-0.12060399
0.0015130454
0.079414509
-0.043143768
0.046870679
0.016840242
0.057884842
-0.016906466
-0.09882006
0.087422669
0.015123348
-0.1226082
-0.024576657
-0.013303433
-0.048270531
0.0010769599
-0.074241601
0.032313075
0.0024003058
0.097851537
-0.033845633
0.077210374
-0.029149016
0.035951588
0.11993034
0.087175488
0.042195767
0.075564198
0.097829804
-0.025491064
-0.04412517
-0.0015935425
0.090152934
0.077610478
0.02203377
-0.046499722
-0.017533431
-0.058420919
-0.036032625
-0.059320349
0.059393477
-0.097986676
-0.11207152
0.073066019
0.089017749
0.030746333
-0.020258656
0.034505244
0.11648954
0.028075216
0.10800332
0.0060687326
0.0064201388
0.11907626
-0.074016266
-0.024890373
0.036082078
0.059102591
0.11851867
-0.013924862
-0.036769573
0.065733284
0.0049645258
0.059525665
-0.0097514316
0.06955757
0.057217952
0.087202705
0.027653791
0.0064140172
0.068864316
-0.032044202
0.056053746
0.073813289
0.015329094
0.016468609
0.040049747
0.025778763
-0.0052989754
-0.084957443
0.023638645
0.014793329
0.09239608
-0.059693776
0.037250996
0.017847443
0.05208835
0.0043854336
0.05610951
0.089177363
0.059964616
0.044469412
0.019377444
-0.061865181
-0.040819496
0.049852058
0.10322452
0.096308351
-0.15798672
0.003199392
-0.076545693
-0.031443533
-0.035539169
-0.11553476
-0.031161433
0.023205832
0.035394572
0.044408154
0.04901018
-0.00095999514
0.032953687
-0.05411566
0.075243212
-0.012840807
-0.050367013
-0.048910797
0.072987236
-0.15080893
0.10051297
0.005725103
0.043935869
0.096929863
0.045277111
0.051160187
-0.053687368
0.014618921
-0.051289123
0.015774662
0.085007325
-0.12962931
-0.028844714
-0.085558161
-0.1144824
0.0069012796
0.031099968
0.020339292
-0.038348213
-0.047104381
-0.076287128
-0.007650259
-0.034234833
-0.059722908
0.024375174
0.054992381
0.045609303
0.14108521
0.062425654
-0.10956532
-0.051860381
0.050793372
-0.032150127
0.033817407
0.043743495
-0.11711487
0.020900153
-0.089652345
-0.057000145
-0.036739707
-0.022023059
-0.065245733
0.0051569766
-0.12438501
0.029264132
0.17483048
0.059338678
0.03034376
-0.047597159
-0.0036251838
0.041669108
0.07479535
-0.032225363
-0.0012634824
0.036495246
-0.026949251
-0.012714937
0.098507024
-0.0011993785
-0.019964127
0.13085243
-0.063615009
-0.05490512
-0.11113724
-0.042839002
-0.12105787
-0.087624364
-0.068730228
0.034577709
-0.084291361
0.089135937
0.12914976
-0.1211262
0.018756451
-0.066987887
0.054315079
-0.0074965255
-0.029177329
0.043540973
0.056656066
-0.024966756
0.062257282
0.0078264698
-0.030862682
0.083742194
0.044922382
0.078323886
0.060649477
-0.035593864
-0.029707564
0.15627529
0.087029584
0.06734997
0.029362665
-0.023111174
0.06499891
0.02084884
0.056107502
-0.10716756
-0.093011081
0.13184637
0.011089546
-0.01402319
-0.056231301
0.063856453
-0.014606167
-0.0092007322
0.10302494
0.0065313205
0.049744155
-0.10542263
0.079920374
0.067237578
-0.15446405
-0.077170596
0.014655377
0.018316278
0.10835153
0.041258909
-0.003234349
0.13650633
0.088667057
0.0038188105
-0.040513057
-0.12040977
-0.015462714
0.086585231
-0.0033276016
-0.010108941
0.030092089
-0.039921526
0.017010573
-0.0090258392
-0.014238837
0.074299827
0.043986861
-0.0078162188
0.020908907
-0.038286485
-0.036805727
0.074283883
-0.044644665
-0.07829342
-0.057287894
-0.017937904
-0.001223552
0.032771297
0.06528952
-0.040581014
0.017083555
0.024059039
-0.063932776
0.063108221
-0.045334235
0.015585599
0.016544314
0.06392552
-0.013702651
-0.021125332
0.022938333
-0.065551646
0.065002799
-0.093714617
0.015231295
0.052237719
0.052643534
-0.01062237
-0.0090972483
0.0071816426
0.052390337
0.039666131
-0.032119688
0.044951849
0.049161483
-0.070425399
-0.018148785
0.0493498
0.045074847
0.064574316
-0.051256645
0.015731957
-0.040589929
-0.065804198
-0.015766736
-0.12789778
-0.078519285
-0.081253342
-0.042478357
-0.02412333
0.016218571
-0.031721104
0.016470918
-0.11409884
-0.017195571
0.017146533
-0.10528676
-0.0011424153
-0.027846653
0.030132426
0.064121284
-0.038087461
-0.018133374
0.020823084
-0.086241521
0.049374115
-0.051742207
-0.0042067314
0.048095286
-0.027494175
0.070031874
-0.029561322
-0.043146443
0.053930778
0.029347535
0.034658223
-0.029934799
-0.00325369
-0.02244311
0.091192372
0.063730292
-0.046012286
0.053811591
0.082772821
0.095504157
-0.025921537
-0.0016517574
0.030613681
0.030092383
0.018385792
-0.051864255
-0.023912273
0.10724911
0.0053096446
0.010014731
-0.050787803
-0.0048176204
-0.059664831
-0.078209378
-0.093784273
0.012745961
0.059926111
0.0042822286
-0.030367764
-0.011305213
0.026241612
-0.089325808
-0.039060306
-0.036141302
0.09068802
-0.022052174
0.0029448122
-0.055586629
-0.096267484
-0.028936591
0.0064269863
-0.0241006
0.0013475372
0.072256349
0.079002813
0.013669328
-0.050501864
-0.027409872
-0.086978242
-0.045449793
0.0089652045
0.052406084
-0.098615378
0.048959073
0.011611928
-0.0027026082
-0.046697769
-0.020122314
-0.10845742
-0.083641142
-0.023802372
-0.007721568
0.051020462
-0.026642043
0.052304406
0.0037444618
0.027007738
-0.010903363
0.0043703765
-0.01224297
0.081778988
0.05673432
0.041333832
-0.010507277
0.040302683
0.041431297
-0.031475954
-0.015054509
-0.055563152
-0.034867864
0.062513143
-0.011971193
-0.01962045
-0.081985556
0.078363687
0.033476409
0.074192502
-0.043962639
-0.04216513
0.043552414
0.078071192
0.011491804
0.078263938
0.0017152173
0.013103614
-0.027835557
0.021189349
-0.011336149
-0.06427177
-0.075066075
0.10452218
0.0055948282
-0.054543208
0.11215242
0.052066404
-0.011644014
-0.02622468
0.024881992
0.032164481
-0.05921657
-0.0040273312
0.067299172
-0.022430124
-0.095209785
0.043251324
0.056431942
0.017854307
-0.12105123
0.014466329
0.0112432
0.027093416
-0.072547458
0.04549323
0.0041116569
0.024735965
0.0096565504
-0.092392892
0.039301168
0.02330358
0.046159923
0.063218147
-0.06339927
0.0046506519
0.02965633
0.034047589
0.024698174
-0.00592429
-0.012010867
0.0043562842
0.023001716
-0.094200216
0.044281036
-0.034857832
-0.10478569
0.030777602
-0.012633513
0.02647702
0.070577845
0.0058064242
0.09883634
-0.042153757
-0.066026807
-0.0026536086
0.053967439
-0.028837858
-0.04298329
-0.072486371
-0.026806986
-0.068464503
0.062983021
0.051436625
0.062886022
-0.05870932
0.072810508
-0.050766218
0.03472634
0.088091731
0.074542627
0.019180253
0.16951035
-0.00013754165
-0.00057810883
-0.013677362
-0.058020681
0.063089512
-0.047285829
-0.059008405
0.0085392641
-0.0040936442
-0.083233103
-0.045552593
0.037125453
-0.14086501
0.068410255
-0.0076936712
-0.011362633
-0.046336472
-0.012800355
0.080441646
0.03555223
0.078164309
0.01513737
0.00096461782
-0.047802541
-0.096176922
-0.026727881
-0.025045708
-0.019046467
-0.099991776
0.043733407
-0.02210832
-0.029078079
-0.02319362
-0.021563683
0.048805043
0.1012674
0.094513386
-0.071810275
-0.00094357022
0.015311444
-0.049032602
0.020831833
-0.034804124
0.095902465
0.041373827
-0.076050833
0.0052094739
0.025634332
0.022934355
-0.1131473
0.018526286
0.071138129
-0.021733852
0.022416253
-0.066517442
-0.034728616
-0.077519678
-0.01878354
0.035553746
-0.049756121
-0.10522424
0.0050619636
0.097641118
0.0046707308
0.056647461
0.026914962
-0.0065616607
-0.057623357
-0.11743505
0.12841582
0.18339786
-0.066711731
0.039180338
-0.082992055
-0.018371798
-0.020926965
0.026543416
0.049818035
0.062931322
-0.096719548
-0.053687483
0.036538981
0.059092768
0.031693809
-0.001922688
0.10490384
-0.075732544
0.053894635
0.03151416
0.071256407
0.061003715
-0.10856614
0.039558955
-0.050186023
0.046127599
0.043181341
0.021716097
-0.10009969
-0.041264277
-0.030896451
-0.083286792
-0.024445815
0.050387982
0.037970476
-0.081539057
-0.040807918
-0.0076066214
0.012108554
0.06826175
0.039025776
0.038077857
0.026527643
-0.034422167
0.063973568
-0.02169792
-0.09187042
-0.017242799
0.017406929
0.1214339
0.039220169
-0.078615755
0.029034199
0.081357352
-0.02467273
0.065692358
0.130134
-0.048183735
-0.081470512
-0.026469355
0.044834841
0.0012378495
0.036056846
-0.037254468
-0.16419336
0.12444813
-0.02886989
0.0098859062
0.078151487
0.056425128
0.03613906
0.12665802
0.0038497262
0.15284641
-0.05956538
0.080213107
-0.048264608
0.081651509
-0.001284836
0.11337845
0.010371262
-0.016037967
0.11991799
-0.051303383
-0.014916955
-0.080660209
-0.0080964006
-0.080680512
0.068811581
-0.020651083
0.096158177
0.1863247
-0.071689248
-0.0091309389
0.11043786
0.11402923
0.014976243
0.1235543
0.041989826
-0.035160739
0.055770949
-0.048350863
0.08085946
0.057461642
-0.067289665
-0.048363108
0.031536821
0.052651897
-0.026559483
0.028999515
-0.042888716
0.0012181277
-0.032194361
-0.014391865
0.073277593
-0.050058644
-0.060730487
0.06015354
0.0088940263
-0.096712321
0.019371601
0.05526882
-0.01218237
-0.081151582
0.095962934
0.015985921
0.11740617
0.097873539
0.015876578
-0.061406054
-0.0063047577
0.083668567
0.018213985
0.14009628
-0.014219822
0.13004115
-0.022826711
-0.091060549
-0.033852205
0.038127929
-0.079094581
0.0016738243
0.030438481
-0.11288135
-0.042631075
0.049757119
0.053564984
0.088401258
0.076984316
0.0019062413
-0.11165583
0.017277492
-0.0028350777
0.044490434
-0.071929678
-0.096108176
-0.024264187
-0.019836184
0.13843039
-0.10290958
-0.021425948
-0.049554035
0.12569085
0.063390248
0.093091547
0.029938217
-0.10547546
0.044210531
0.14375682
-0.010165856
-0.014665012
0.16898422
0.071442917
0.082243986
-0.026532752
0.043346059
0.030139891
0.010798454
0.017633727
-0.010167807
0.065989792
-0.0052066175
0.036699716
-0.065159321
-0.019893734
-0.058460142
-0.080932759
-0.055388406
-0.0037315988
0.00865818
-0.033631075
-0.010884459
0.0065417029
-0.050603494
-0.02045396
-0.038517501
-0.1280123
-0.061748136
0.05959319
-0.0012001664
-0.091190256
-0.016221451
0.074515104
0.078926951
-0.013125507
0.00020745855
-0.01786481
0.045281406
-0.060759556
-0.032810327
-0.033033818
-0.034386147
-0.030794142
0.035997402
-0.054463208
0.061645225
0.031235088
0.052402589
-0.094880842
-0.015532997
0.076469615
-0.01598594
-0.011656509
-0.041807286
0.030345531
0.083336301
0.042307228
-0.016981266
-0.022029996
0.044718001
0.0087986626
0.020122427
0.024582291
-0.05193273
-0.08382304
-0.0032360575
0.017024839
0.093131162
0.041175161
0.072068222
-0.0093220463
-0.0025416366
0.017696761
0.026600333
-0.071691677
0.015564813
-0.047074188
-0.0069766752
0.006189317
0.054026566
0.062843993
0.061392609
0.074701317
-0.0047801156
0.0080166915
-0.030220157
-0.08408764
-0.07744962
-0.060919277
0.019247489
-0.02076805
-0.037103444
0.062482219
-0.076028101
-0.0074993782
0.080369145
-0.064123869
0.022593359
0.03812474
0.09245301
0.045399278
0.042883493
0.044249609
0.00035938388
-0.0022267175
0.049613044
0.033247299
-0.022863586
-0.01384048
-0.00082872045
0.066858903
-0.051612034
0.037026361
-0.018957321
0.039012149
0.0173446
0.0012167617
0.0072101578
0.022970123
0.083223678
-0.036546696
0.062726222
-0.037307099
0.015717851
-0.015279836
-0.024187349
-0.0050563109
0.0018740984
-0.094270438
0.044472694
0.044703044
0.01724676
0.077074841
-0.039925843
-0.021759044
0.072219327
0.06649024
-0.035912972
0.050337102
-0.059904259
-0.00096751936
0.14759153
0.044269849
0.052870844
-0.026346117
-0.067841411
0.033700276
0.00043406885
0.010083518
0.11810295
0.063112088
-0.013362154
0.060539912
-0.22474493
-0.1075168
0.0013802249
-0.0055001471
0.079395734
-0.035498757
0.10796478
-0.032722261
0.022387916
0.030509997
0.00077481079
0.02020764
0.063019522
0.033244587
-0.016333824
-0.021617167
-0.088634923
0.03063144
-0.048818558
0.0089921057
-0.091334745
0.093359597
0.065546356
0.009646141
-0.017563395
0.1054082
0.050876297
-0.022767497
-0.030353479
0.039203588
-0.0086800111
-0.027906494
0.051022321
0.13338323
-0.074254058
0.076901428
-0.020904822
-0.045786552
0.047155261
-0.11183257
0.03137001
-0.026148075
-0.080962121
-7.5030352e-05
-0.1255006
0.013641146
0.067324981
0.018489081
-0.013824309
0.056989852
0.014337643
-0.053000305
0.034242924
0.0069702845
0.092898622
-0.03341106
0.059105176
0.016320491
0.070704505
0.036984082
0.037554257
-0.014285143
0.064368419
0.052479398
-0.044832688
0.022745365
0.019714916
0.054024249
-0.029903119
0.10309666
0.01631151
-0.059454106
-0.055166107
0.099958725
0.033689771
-0.016654985
0.017320476
-0.095339939
0.0089471554
-0.057994179
0.035959102
0.1301773
-0.027993191
0.00767715
-0.084115215
-0.077198461
-0.015368936
0.062502019
-0.081949905
-0.0078911912
0.036159724
0.060240652
0.029794294
0.051787529
-0.032569703
0.014333718
-0.006719701
0.096486643
0.17037483
-0.004604775
-0.098460622
0.012421708
0.031748343
-0.0020408251
-0.10084296
-0.022691812
0.031291287
-0.032942973
-0.00435788
0.013496794
-0.024082426
0.053807877
0.0098276753
0.091814563
0.021434261
0.020562932
-0.048342511
0.074754335
-0.037977986
0.025843687
-0.024068119
0.071389191
-0.019027796
0.043972611
0.04668675
0.086118698
0.068965472
-0.010771309
0.086185597
0.094496027
0.030877028
0.021953885
0.022300625
0.0037007208
-0.11281382
-0.034691349
0.015357854
-0.074886762
-0.0075964201
-0.0036054165
0.11066692
0.044416592
0.088846162
0.033874553
-0.036501303
0.05397521
0.029873321
0.13239673
0.019856567
-0.061229404
0.032644335
0.035741046
0.076149702
-0.01026372
-0.08683975
0.038213905
-0.066191651
0.027039746
-0.0099783204
0.0071185445
0.043625284
-0.0042636618
0.023970401
-0.091211304
0.006391902
0.081334241
-0.027377304
0.0387909
0.10093303
-0.0063313348
0.025475753
0.052433208
2.6734444e-05
-0.051661402
-0.058445305
0.022680491
-0.17975417
-0.00035416597
-0.025153123
0.075617447
-0.021740044
0.01262166
-0.070553139
0.12197062
-0.025730031
0.074775591
0.052682061
-0.027895387
0.0024334036
0.092782237
0.030477338
0.061974194
-0.062922977
-0.086616553
0.015121647
0.016937397
0.019757368
0.061263859
0.025835451
-0.05026092
-0.052680813
-0.0017742884
-0.067457728
-0.029821765
0.066730097
-0.054723304
0.049183909
-0.011329519
0.0065530282
0.0028317177
0.096930377
-0.0027416071
-0.06203673
0.017560333
0.029598245
0.070227861
-0.025622571
0.044619303
0.022178704
0.081426397
-0.075466737
-0.051097948
0.071248502
0.097769216
0.075566702
0.0076211262
-0.04977721
0.033019245
-0.078495815
0.093559101
0.088161238
0.074914806
-0.057692803
0.047870427
-0.12569344
0.0013883981
-0.061857618
0.10842853
0.03351748
-0.084685996
-0.083241351
-0.022883052
0.028421212
0.047753889
0.051154949
0.11869871
0.085374638
0.096878529
-0.037714433
-0.11234869
0.041316606
0.050652105
0.14098902
-0.0014087004
-0.016748054
0.052005898
0.10160509
0.030104609
-0.027397668
-0.026901366
-0.0058571999
0.083739333
-0.032412712
-0.087468281
0.070121445
0.03700332
0.096418433
0.036580332
-0.0047990987
0.042546216
-0.022718022
0.08406575
0.034345541
-0.0011593576
0.010873169
-0.053739738
-0.0065181768
0.036201101
-1.9538809e-05
0.04755912
-0.097170338
-0.012194586
0.020681741
0.084694847
0.20406002
-0.051543754
0.072006255
-0.027333735
-0.13013521
0.13140452
-0.05966207
-0.040586162
-0.12929635
0.0035367212
-0.096814387
0.068831362
-0.083418243
0.0076632327
0.054465316
0.044684626
-0.036942057
0.0099838981
-0.0075786426
0.16066262
-0.079371169
-0.16091469
-0.0013089452
-0.02164904
0.12054309
-0.020551272
-0.019342072
0.10659435
0.011233059
-0.055578046
-0.059050336
-0.036125626
0.022051614
-0.07132183
0.10214831
0.065449938
-0.052788224
-0.14482297
0.030146692
0.06144673
0.085405454
0.16410911
-0.090378694
0.054589793
-0.048261024
-0.057738412
0.10181541
0.1071728
0.079367295
-0.043813694
-0.055184197
-0.1266879
-0.0090600466
0.090220571
0.025499981
0.014729958
0.055923779
0.12041478
0.057264429
0.078657612
-0.089066222
-0.030620648
-0.0014671041
-0.014483691
0.01971313
0.033781197
0.0041023106
0.10276851
-0.079059616
-0.052983698
0.0060176244
-0.061394941
-0.10691254
0.05040076
-0.043441284
0.14610927
0.16914372
0.025984319
0.080181405
0.056667306
0.10879168
-0.1547585
0.044132683
-0.092935234
0.11993324
-0.12710933
0.028851941
0.084455609
0.017685179
0.0039652949
-0.054188684
-0.064523198
0.08156237
0.050070085
-0.068892099
-0.021036327
-0.062557973
-0.1264403
0.077745333
0.033812106
0.096203312
-0.041638803
-0.078745037
0.0028586125
-0.048134599
0.078172661
0.0085304761
0.065432176
-0.030907936
0.04635654
-0.022588782
-0.10357884
-0.021621943
-0.065780431
0.14725198
0.080915965
0.010134162
0.063529395
0.049230523
0.060289171
-0.057143155
0.080340914
0.058023933
-0.071640298
0.007258886
-0.077556439
-0.056404185
-0.058838759
-0.18149811
0.062015545
0.029916486
0.01179617
-0.027980696
-0.031851701
-0.0074011032
-0.0018446979
-0.022850402
0.12492441
0.092593893
-0.026180152
-0.038911849
-0.0092831552
-0.14153272
-0.091183454
0.08023002
-0.016754108
0.11298018
0.063980199
0.06816978
0.0073359245
-0.065409653
0.010827673
0.059203759
-0.10165264
-0.015693959
0.037765227
0.034242343
0.094852209
0.048845612
0.038319457
0.12099022
-0.0050851307
0.058679696
-0.015939515
0.0069344616
-0.027579982
-0.051585414
0.064961448
0.012103032
0.020018268
0.023447193
0.07010711
0.031892389
-0.0040969732
0.0085719116
0.093351237
0.035462361
-0.10680623
-0.036002472
-0.019429477
0.047081023
-0.051463604
-0.013143865
-0.0049799415
-0.089496888
-0.025102006
0.074235506
-0.0030547015
-0.0012690623
-0.03107713
-0.019472117
-0.069982238
0.079376496
0.092501462
0.01027692
-0.082577884
0.012013673
-0.036750574
0.070004828
-0.0090657389
0.0321532
-0.031713422
0.12400823
-0.087297864
-0.11666685
-0.1152171
-0.019878926
0.023758054
0.098344773
0.043584935
-0.028647903
-0.074174009
-0.097173437
-0.083386384
0.030283462
0.029160252
-0.064369284
-0.083507873
0.091706894
0.030774597
0.033403747
-0.11498024
-0.16123079
5.2013591e-05
0.037144504
0.021487473
-0.030011564
-0.11299672
-0.060196396
0.13117482
0.065875307
0.048100002
-0.13479061
0.029336385
-0.043197665
-0.012927823
0.059264038
0.073610105
0.080294482
-0.078105271
0.14973287
-0.033636518
-0.032934435
-0.0093517797
-0.0084921597
0.053422902
0.013639272
-0.035698183
-0.021152761
0.051888011
-0.041674644
0.099734798
0.029661095
-0.011670752
0.044459205
-0.10488125
0.059406772
-0.00067151443
0.095661417
-0.085969992
-0.053264633
0.046486534
-0.034701273
-0.016508557
-0.044315342
-0.086477943
0.046195056
0.12614103
0.046828512
-0.0064676823
-0.039450385
0.04065581
0.058031619
0.072717994
0.059765052
0.053030327
0.057594355
0.039534263
-0.093573049
0.031678028
0.034907658
0.091538988
-0.14091627
-0.077898055
0.067604005
0.0030904063
0.013399275
0.057109941
0.081824087
-0.034844663
0.042632148
0.05160436
-0.039233837
-0.03386268
-0.0021072233
-0.088814892
-0.00078692276
0.0070823329
-0.10200019
-0.030618777
-0.056035109
-0.054511875
-0.047646195
-0.066206776
0.067924753
-0.020707469
-0.00048577401
-0.0045033894
-0.0088590113
-0.067654677
0.030472517
-0.067446753
0.0010912642
0.06198322
0.080700189
3.3574503e-05
-0.048142854
0.030332793
0.1086588
-0.043909725
0.061580274
-0.023304939
-0.0062698056
0.035674877
0.055302568
0.039819267
-0.069867216
-0.025292594
0.063002974
0.0944677
0.04023248
0.026940776
0.11338194
-0.010363922
0.053986493
0.0010548979
0.038905919
0.10936456
-0.10320944
-0.0056556044
0.045420878
-0.057676051
-0.080647968
-0.01152012
0.0036720652
0.065645687
0.044194881
0.052184977
-0.059481818
-0.080039203
-0.01964331
-0.040820982
-0.073911197
0.04812346
-0.0068175052
-0.010900136
0.033047967
-0.034928415
0.082542382
0.046937741
0.0066784876
0.030613514
0.18224461
0.0042985328
0.084749393
-0.039299633
0.030079719
0.018454621
0.078359187
0.051565289
-0.01658114
0.086568743
0.047160301
-0.034160182
0.0033544363
-0.18449919
-0.038586091
-0.037693933
-0.041214477
-0.02157861
-0.069602385
-0.035258487
-0.045837723
0.14148401
0.14398208
-0.04840406
0.086486422
0.051015455
-0.039333355
0.025892142
0.042741157
0.11800671
-0.079255521
-0.054506082
0.016626755
0.082714371
-0.0049189106
-0.0057490296
0.05186566
0.11690663
0.012953044
0.089927427
-0.016093811
0.16870472
0.0064470433
0.080841258
-0.042452846
0.02674127
0.021904739
0.047650028
0.11711667
-0.055655424
0.056340668
-0.055348422
0.078638382
-0.011385697
-0.020312248
-0.021439569
-0.027319433
0.031903595
-0.026689813
-0.076698877
0.082971841
0.11933979
0.028066076
-0.036209203
0.0011666517
-0.030944029
-0.012679345
0.011497683
0.024722885
-0.029894415
0.01871831
-0.017864751
-0.0062107025
-0.01695358
-0.0050144
-0.041702483
-0.047552586
-0.023976192
-0.043227047
0.02465062
0.00035621659
0.13457389
0.048810754
0.069140814
0.030390767
-0.053340163
0.019603156
0.093700655
-0.028047057
0.050959371
-0.12552419
-0.096671797
-0.0123333
-0.088984884
-0.089238845
-0.083059102
0.058482345
0.15823278
0.11415678
0.16798723
0.12231335
0.053935446
0.033560213
-0.10914709
-0.095804147
0.032576833
0.094139718
0.048935849
0.059917953
0.083530195
-0.11173772
0.046851091
0.01388468
-0.22725971
0.074170753
-0.042751543
-0.0023899493
0.08230859
-0.071517825
0.0031252347
0.0014961569
-0.091861136
0.084127501
0.065372609
0.081591666
-0.0068798307
-0.068796583
-0.0083655436
-0.029244356
-0.012406669
0.066977285
0.031907879
0.00057452515
-0.021338945
0.046315212
0.00045810471
-0.066833727
0.049364682
-0.04052344
0.03325076
-0.056601081
0.077124409
0.045781046
-0.029546302
-0.049952775
0.088760413
0.036967076
-0.021999814
-0.011274368
-0.086555786
-0.071603708
0.019023465
0.056185689
-0.067386754
0.061592165
0.017337052
0.041441798
-0.078607298
0.0041658962
0.022392033
-0.070559569
-0.056131754
0.01623561
-0.11472508
-0.016052311
0.020563174
-0.15183952
0.053382281
0.048414361
-0.051674727
0.08468733
0.0015083274
0.01801936
0.085137434
-0.037966657
0.056120273
-0.05621279
0.010252243
-0.10890742
-0.018237153
-0.054099701
0.1202527
0.0090844957
-0.090247713
-0.0075983237
-0.069968089
-0.019811744
0.040619701
0.033018187
-0.13219869
0.077707142
-0.026671795
-0.10125046
-0.001716971
0.010064825
0.042915795
-0.00077187485
-0.10435829
0.0019219472
-0.034892913
-0.055310655
0.017081719
-0.022199389
-0.019592285
0.038075361
-0.11200866
0.089319058
0.012151781
0.084931798
-0.020757731
0.064194791
0.071688861
-0.0024188515
0.074087732
-0.067447275
-0.011375216
0.011666837
-0.033056259
-8.264077e-05
0.10415385
-0.067619443
-0.0099611562
-0.11004905
0.021560628
0.044072967
-0.041142188
-0.025255824
0.022311041
-0.015406628
-0.00027983935
-0.00061199034
0.079015836
-0.013623271
0.070619971
-0.085125059
0.039318383
-0.074024521
-0.10969101
-0.022400087
-0.068619139
0.016765509
0.12196866
-0.063750952
0.077371292
-0.015921263
0.0056821639
-0.083905809
-0.091845624
-0.12546894
0.014610285
0.044430662
-0.037619278
-0.098338932
0.010388011
-0.0075219418
-0.056264713
0.0268114
0.017198849
-0.046452906
0.030227492
0.0038034632
0.0071505778
-0.04299894
-0.10611617
0.026238719
-0.038062729
0.015089063
0.053491093
-0.045275457
-0.075317875
-0.036903027
-0.017295048
-0.052989628
-0.032182544
0.031446844
0.049442872
0.086520515
0.052172229
-0.035737656
-0.00027827086
0.068967402
0.1203002
-0.10837867
-0.0035243847
0.072622485
-0.059434526
0.032361899
-0.046005975
0.10823985
-0.030119333
-0.076138966
-0.038474068
0.020230513
-0.051522169
0.03513905
0.037600614
-0.044930581
-0.089382716
-0.053944785
-0.054282345
0.12325957
0.06140672
-0.0034780561
-0.0081777992
0.0041382886
0.044892367
-0.09898188
0.10904129
-0.073558807
-0.060983818
-0.081027515
0.027495105
-0.03036158
-0.083208188
0.0078300256
-0.01299163
0.04845104
0.057877183
-0.01937967
0.017510189
-0.035495192
-0.034163684
0.0086107869
-0.0084787514
0.0070711784
-0.10485983
-0.058712322
0.069062918
-0.084775865
0.01050696
-0.006540061
-0.063861422
-0.0062618572
-0.06877552
0.04263474
-0.058368944
0.00088778569
-0.021547191
0.048946057
0.069984876
-0.072163373
-0.01504007
-0.00049500598
-0.073079303
0.054056153
0.025202462
-0.060290009
0.02201274
0.051354535
0.078890353
0.055752099
-0.091173053
-0.08023902
0.021017382
-0.12073962
-0.057533439
-0.070452861
0.044295724
-0.018855637
0.012636483
0.031646498
0.030628068
0.091386892
0.01725773
0.10547908
-0.046909217
-0.056094341
-0.061453633
-0.093988344
-0.026005613
0.056769904
-0.021780293
-0.011325735
-0.024517633
-0.085127242
0.01541243
0.0026735445
-0.041984823
-0.014874612
-0.07114432
-0.011576454
0.040387068
-0.014602986
0.053304076
-0.058253851
0.11191725
-0.084463328
-0.040399808
-0.038120814
-0.073309354
-0.02560189
0.046420559
-0.038041525
-0.0055338433
-0.0077363658
0.08173722
-0.035783507
0.11882255
0.031714283
-0.033687834
-0.054956671
-0.11685794
-0.0070633609
0.03919832
-0.04542648
0.021455748
-0.087126613
0.071899556
-0.022802878
-0.0072248573
0.071852274
-0.065533057
-0.033707391
0.075460739
-0.039727516
-0.029989619
0.070408463
-0.10682814
-0.00094339979
0.0044931173
0.047145072
-0.011886856
-0.029567806
-0.027233027
0.0027495613
-0.10899769
0.06715095
-0.077372931
-0.033949587
-0.023227865
-0.014733356
0.0083915032
0.027083337
0.017921487
0.015417155
-0.014185629
-0.039880272
-0.0036321552
0.010434357
-0.052848332
-0.051987566
0.0047983779
0.063173495
0.0031066651
-0.023188844
0.011272615
-0.10766888
-0.037776176
0.05860424
-0.0060004755
0.03975495
-0.050292507
0.011227466
-0.083872773
0.037865147
-0.031546559
-0.048092578
0.063243575
0.017469479
-0.012320447
-0.09638755
0.075944439
-0.027094536
-0.042106666
-0.012401236
-0.08082784
-0.038272891
0.060007002
0.011036041
-0.087775707
0.042471636
0.076017238
-0.0098883854
-0.06757354
-0.031825397
0.015575035
0.036630891
0.035249263
0.082677715
-0.031743485
0.064010985
0.02891285
-0.073885493
-0.0082399826
-0.094529971
0.084080517
-0.047244184
0.03514532
-0.016067725
-0.054881908
-0.094575763
-0.074295923
-0.078881361
0.042383831
-0.010526216
0.12120427
0.068978108
-0.1345351
0.042031523
0.090181202
-0.039980568
-0.034068167
0.043467596
0.02573612
-0.043671396
0.040787503
0.03746818
0.083169118
-0.054729581
0.065410487
-0.02721666
0.11613107
0.015512651
-0.079445451
-0.0742134
0.044351246
0.033658054
-0.062629312
0.00063992967
0.048127644
-0.07962244
0.11063991
0.11800956
0.1513665
-0.0093560386
-0.030523907
0.053410787
0.054092448
-0.0045403731
0.040023841
-0.016062813
-0.045309875
-0.018023023
0.11197616
0.031866495
-0.10129119
-0.022678448
0.055084668
0.1183842
0.0029126683
0.073025927
0.034627058
0.010023375
-0.089914903
-0.0046307896
-0.026934151
-0.05018672
-0.11979703
0.041124493
-0.052397877
0.0037392685
0.072196931
-0.028230632
0.10812737
0.16292356
-0.0076293
-0.061707072
0.062315524
-0.077759035
0.0095585398
-0.0018975149
-0.0093408208
-0.016365822
0.071370803
-0.053573396
-0.017673461
0.061627343
0.0044150632
0.058584522
0.059824724
0.085545003
0.081916712
-0.038356375
0.037290748
0.075658761
0.014729551
-0.053988487
-0.05565206
0.10231839
-0.063643314
0.078667261
0.058898114
-0.0018364448
-0.014613085
-0.016127972
-0.055432089
0.1290613
0.065953188
-0.0049188109
0.022354564
0.058113772
0.17454059
-0.11631396
-0.002980513
-0.014854771
-0.10937101
-0.12855352
-0.026437439
-0.037806116
-0.084336594
-0.051469006
0.063833773
0.085722849
0.070549466
0.057250518
0.055741038
0.0071158805
-0.029815054
0.032154981
0.016970558
-0.007924567
0.0050654695
0.13897333
-0.093339637
-0.063108847
-0.10243177
-0.064642064
-0.082339346
0.061111078
-0.049392138
-0.041300628
-0.10831493
-0.053061001
-0.055133387
0.024710001
0.0014808902
-0.027302777
0.023201827
-0.078230798
-0.06854596
0.04371009
-0.037590243
0.060645908
0.024022629
0.065250605
0.084066458
-0.013032242
-0.10492829
0.0062833801
-0.0073385136
-0.026651843
0.028267957
-0.074891634
0.021067165
0.011026771
0.016238855
0.056623239
0.051531088
0.094178148
-0.081136569
0.08802589
0.091930561
0.094293937
0.10055058
-0.038929559
-0.038065009
-0.015479866
0.10672591
0.089800537
-0.01107865
0.010742586
-0.045467041
0.073282979
0.10299533
-0.099771217
-0.10731052
0.051463395
-0.0052032536
0.010320196
0.015316589
-0.0047699562
0.049443889
0.010642635
0.077967055
0.028667942
0.045588948
0.064416982
-0.020811358
0.041728579
-0.022187566
0.02853499
-0.037879005
0.034146748
-0.054565333
-0.080620646
-0.0015885615
0.056661949
0.10673347
0.019160103
-0.14362621
-0.14493951
-0.021787774
-0.026926272
0.061468586
0.045042176
0.010351706
-0.06507498
-0.011054375
0.032768991
-0.008014923
0.002826714
0.080717027
0.038366955
0.048120983
-0.035958096
0.013100551
0.058469504
-0.010860026
0.058087446
-0.010644517
0.067317583
0.019074664
0.10184421
0.068205915
-0.026370844
0.05295907
-0.06797456
0.092129745
-0.0022636398
-0.037797134
-0.011614833
-0.024899246
-0.040804572
-0.036371253
0.072475366
-0.030375803
0.088985078
-0.061587106
-0.087393649
0.038990956
0.089298353
0.083053008
-0.013412755
-0.023157563
-0.06937208
0.06203616
-0.020781603
-0.017635873
-0.15276016
-0.052604456
0.070461057
0.031847756
-0.050461438
0.089003585
-0.046089459
0.03223715
-0.014076334
0.091086872
0.011258858
-0.0030996068
-0.056701802
0.107443
0.0032514527
0.0032721169
-0.020049106
-0.031320021
0.047387537
-0.020020116
0.04518171
0.039631937
0.033571433
0.10684978
0.043482985
0.078365237
-0.039257862
0.0047799675
-0.027694117
-0.018461052
-0.049900245
0.01604254
0.00024396068
-0.025211845
0.08001411
0.15556291
-0.031512935
-0.076912299
-0.039541405
-0.00059709139
0.12025777
0.06112951
0.0067872843
0.050000649
-0.010255617
-0.060227096
-0.022579221
0.0077021639
0.10811987
0.010487597
0.0064916019
0.072847493
-0.012847905
-0.050904401
-0.024403669
0.034501698
-0.023135619
0.018923614
0.14283098
-0.015210215
0.071650349
-0.042181604
-0.027275365
0.099307179
0.063945517
0.017870823
0.11794142
-0.075250991
0.0099759279
-0.050082035
-0.021614568
0.079956971
0.063633651
-0.019154985
0.11462239
0.0606464
0.061339702
0.11638577
-0.053845376
0.0030382231
-0.1420325
-0.064661227
0.095484503
0.0032524066
0.076112375
0.038946785
0.02828013
0.1130972
0.058789127
0.13927573
-0.10269721
0.065176539
-0.012371092
-0.0085010864
0.013944135
0.1111067
0.10940744
0.0085787373
0.085606672
0.071736433
0.035109885
0.060610253
0.024633182
0.08204218
0.054357439
-0.03638522
0.045451134
0.088529848
0.12097434
0.084299237
-0.0019713214
0.023434449
0.051846806
-0.074985914
0.01495439
-0.015061627
0.024428507
-0.0092711309
-0.021089375
0.090990461
0.14448239
-0.018561065
0.013933784
0.0039647096
0.021189898
0.093740001
-0.061885029
0.021732664
0.0687306
0.01324995
-0.016073102
0.04782474
0.05044774
0.026311981
0.03775616
-0.019779382
0.083454065
-0.012907732
0.0033093805
-0.020003468
0.0017107362
0.044009551
0.00032020654
0.085416518
-0.093365714
-0.003691572
-0.046486653
-0.021034623
0.081081472
-0.062380057
-0.061470743
-0.044066831
0.0067171189
-0.070114069
-0.091902494
0.05987205
0.042872339
0.0061986344
0.069663309
0.067528315
-0.031645026
0.022851678
-0.1070523
0.013343769
0.013839575
-0.078296393
-0.068398409
-0.033365399
-0.0028113602
-0.0035866785
-0.026370158
-0.076847255
-0.00012222181
0.0080770021
-0.0017692004
0.03953981
-0.0031867749
0.0035735266
0.021646045
-0.0019725617
-0.12643856
0.079696819
-0.045986567
0.072450794
0.046295218
-0.07704366
-0.040411774
-0.054231565
0.014428935
-0.024063982
0.097008504
-0.097161084
-0.0088964263
-0.077116735
0.0082697887
0.027561458
-0.057112902
0.034074798
0.063177563
-0.035737563
0.055370532
-0.045313608
0.11897206
0.047930617
-0.01068926
-0.017628802
-0.027684042
0.073880665
0.012696262
0.065077461
-0.089260571
-0.00470661
-0.048494317
0.027673995
0.014934466
-0.062503904
0.017346598
-0.036925454
0.057577319
0.083169684
-0.016955072
-0.0041062562
0.11435562
0.035017177
0.060875311
0.02450297
0.017498447
-0.067691699
-0.03875301
-0.019792577
0.021420548
-0.025151964
-0.028481068
-0.037873141
0.042692296
0.041346993
0.088158704
-0.00066357834
-0.0912292
-0.067942232
0.044885229
-0.033061981
-0.059389874
0.029647348
0.076844178
-0.020914145
-0.019488901
-0.10126305
-0.0074409526
0.065952606
0.047097117
-0.03554884
-0.040825028
0.028195748
0.0072883023
0.040368624
-0.1318526
-0.034473252
-0.10369545
0.010406217
-0.021016065
0.03653115
0.13189246
-0.029220052
-0.062777229
-0.051052425
0.086833745
-0.03649462
-0.048856299
0.084581897
0.0060959323
-0.057275821
0.11524417
0.022799332
0.022255516
-0.0019135152
-0.024864027
-0.12768649
-0.10278413
-0.021297352
-0.082425669
0.022206198
-0.028532317
-0.047278564
-0.085639
0.11156566
-0.11445163
-0.0056854882
0.036948524
0.0092716692
0.065581106
0.015328727
-0.12447637
-0.019158637
-0.051160902
-0.044997323
0.074075952
0.071477026
0.010012116
0.032480728
-0.012874049
0.059080876
0.033493269
-0.083858676
0.027501315
-0.090827428
-0.011212382
0.011850019
-0.011823086
-0.040123753
-0.032217868
0.041117482
-0.12796861
-0.018910458
0.032171153
-0.062613331
-0.097767822
0.014940325
-0.048441559
0.09181691
-0.012748408
-0.021186169
0.036602695
-0.0030681689
0.032779556
-0.05025946
-0.10358782
-0.012241147
0.015702035
-0.017279055
0.053279616
0.020620979
-0.059962332
-0.10886129
0.059856165
-0.060749125
0.086327717
0.061182808
-0.11738896
-0.016805831
-0.056776013
0.017075134
0.049968496
-0.13338882
0.012016897
0.0021700908
-0.10274089
-0.10159441
-0.096114963
0.024757197
0.033076439
0.054723389
0.033714697
0.016149236
-0.056928087
-0.098868318
-0.044005577
-0.046179224
-0.029587282
0.041317008
-0.0099736871
0.064312942
-0.046330236
0.037400488
-0.037823208
0.10279778
-0.067807183
0.04886584
-0.036763363
-0.098023683
0.028534006
0.04880527
-0.021935489
-0.0019852878
-0.0053151916
-0.11082333
-0.058098141
0.014282591
-0.038909636
0.015854144
0.083853632
0.057022739
0.077166572
0.082099512
0.01811165
0.055347301
0.020766892
-0.065801948
0.025863416
-0.062956564
0.021037634
-0.12340389
0.035513673
-0.040108342
-0.0021565894
-0.060948342
-0.094242364
-0.015328358
0.019664936
-0.013883915
-0.016418358
-0.038473722
-0.0064695547
0.033286005
-0.019250233
-0.057396606
-0.089729957
-0.093150049
0.016575767
0.076276012
0.051179685
0.031639304
-0.03019565
0.04278291
0.032705177
-0.062153686
-0.058759715
-0.11398212
0.030341523
0.041999463
-0.056539085
0.084115721
-0.038301993
-0.010644283
0.050380103
0.06542708
-0.076794833
-0.083280854
-0.077863999
-0.075092383
-0.036381356
-0.0002544437
0.084301114
-0.020526662
0.059999391
0.034949508
0.023690756
-0.0044197384
-0.0043608863
0.023184618
-0.039806742
-0.011351987
-0.0050103543
-0.010145009
-0.065472238
-0.020340504
-0.019440183
0.033613116
0.037949789
-0.043835498
0.045962326
-0.075485542
-0.037454791
-0.033028085
0.041567013
-0.065853111
0.061429016
-0.0084062181
0.02126433
0.068250217
0.026459964
0.051184721
-0.077951677
-0.06165798
0.0024083592
0.047794178
-0.078151181
-0.026472088
0.053388778
0.049430504
0.063102268
-0.073754855
0.10644563
-0.067129001
0.078285798
-0.001843403
-0.052612212
0.056011315
0.047081184
0.036570434
-0.02525798
0.062149644
-0.082438432
0.018802295
0.013033978
0.074283071
0.05414249
0.037167069
0.053371362
0.04655112
-0.07186158
0.0042765718
0.031352729
0.043095171
-0.016235191
-0.048988536
0.10511126
0.023924775
0.01050068
-0.010825756
-0.019026529
-0.0023402602
-0.046735857
-0.055184193
0.036877099
0.09012565
0.018909661
-0.036834784
0.0024746768
0.069438286
0.057519361
0.076399826
-0.047424011
0.0083018327
-0.028220851
-0.042530105
0.033735652
0.058676507
0.059779629
0.067485057
0.031050274
-0.040813971
-0.066150263
-0.011505616
0.094469719
-0.022341745
-0.0046988716
0.093573652
-0.019500047
0.050857265
-0.040553682
-0.0053232885
-0.017641926
0.016423671
0.12855591
-0.035692029
-0.02282548
-0.089069657
0.064310841
0.00023768426
0.052505963
-0.021575451
0.0064061382
0.040028363
0.046410009
0.084262058
-0.058461357
-0.014398293
0.048765182
0.019036114
0.031771988
-0.036822822
-0.031470519
-0.012936135
0.032035843
0.14752285
-0.065773547
0.051219113
-0.052752338
0.065773793
0.10410988
-0.0074473242
-0.030763598
-0.051331177
-0.069632486
0.10790371
-0.026257599
-0.025952591
0.036384922
0.059131745
-0.065784037
-0.061406039
-0.078906268
0.048206165
0.012870112
-0.02854483
-0.0035706249
-0.11377249
-0.034631763
0.022674
-0.17929773
0.012825344
0.017744021
0.018348964
0.031627964
0.055499148
-0.051769953
0.048122693
-0.045134287
-0.01719125
0.039980166
-0.0091631077
0.07780499
0.012638948
0.046710815
0.10970241
0.032619607
0.038876265
-0.056821905
-0.11022541
0.038265213
-0.068712503
-0.021737419
0.072945766
-0.032269724
0.039682336
0.076756455
-0.030358477
-0.047666896
0.069547452
-0.035021842
-0.085931107
-0.0083812103
-0.016577357
-0.010349041
-0.077112034
-0.0071875667
0.031760797
-0.081790559
0.0084414678
0.020620767
-0.085904635
-0.041487645
-0.025663104
0.054844778
-0.0117009
0.070582747
-0.04729582
-0.025904819
0.11585947
0.021350933
-0.047512993
-0.01109464
-0.014139664
0.11779051
0.034960501
-0.090521224
-0.0058822008
0.018668083
-0.07546889
-0.057633411
0.028448494
0.012276385
0.035788503
-0.10473513
0.083381109
-0.0060121114
0.018301794
-0.062922247
0.059346076
-0.017769344
-0.079089507
0.077012427
-0.053148791
-0.00072700687
0.10648893
-0.030987551
0.10663966
0.042765152
-0.02197895
-0.0097811688
-0.071988232
0.019864213
-0.036612824
0.099081226
-0.012155366
-0.020928912
0.065635815
0.037393421
-0.032931648
-0.062669203
-0.0016974817
-0.16868037
-0.057799987
-0.040141288
0.047052689
0.021833476
-0.02140017
0.037127689
-0.11809299
0.02646194
0.079996839
0.037400398
0.084371679
-0.019081973
0.017121825
-0.098227724
0.054709163
0.042511672
0.021249101
-0.05793339
-0.01203345
-0.010706228
-0.015190735
-0.031433228
0.0061063855
-0.011319071
-0.0005344731
0.02454764
-0.018003479
0.026438016
-0.0078579253
-0.036650453
0.029838156
-0.056448974
-0.01496717
0.022993306
0.011449288
-0.04117097
0.036371596
-0.015407649
0.053618614
0.076395497
-0.10081413
0.048398852
0.062560782
-0.057614461
-0.013096264
0.087770417
-0.11048152
-0.08790233
0.052068647
-0.1520825
0.042278673
0.017373288
0.089923561
0.092500836
0.021513773
0.042076603
-0.020854259
0.089083426
-0.015052841
0.039198548
0.098291017
0.02583074
-0.0092702433
0.052380834
-0.0062805745
0.027361831
0.012299722
-0.082177363
0.10374659
-0.060515128
0.041105501
0.027513409
0.05175801
-0.029763989
-0.075568601
0.050555795
-0.0027968234
-0.010759478
-0.052167833
-0.01854153
-0.07458812
-0.016838226
0.010389441
-0.07237944
-0.018692356
-0.014486481
-0.040407363
-0.023905868
0.0073805139
0.075069442
-0.034604263
-0.057725832
-0.013029399
0.10059212
-0.034736406
-0.021620004
-0.057472527
-0.037891857
0.015582152
-0.15575215
0.059065372
0.012691803
0.052327294
-0.047057964
0.030794889
0.0073063541
0.079396822
0.04904408
0.062109124
-0.042247243
-0.072463572
0.019232627
0.067405723
0.061101645
-0.10656021
0.0077738976
-0.11034198
-0.11794695
0.031595256
0.043892633
-0.078807168
-0.049793579
0.052414749
-0.055648118
0.018955827
-0.13325058
-0.0058733062
0.0088729216
0.00026632106
0.071213029
-0.11375628
0.035886165
-0.031523656
0.042054888
-0.099346876
-0.004289459
-0.051006999
-0.079896271
-0.10758086
0.076603286
-0.031686608
0.0043328195
-0.088307917
-0.051719535
-0.014405524
0.015178937
0.084937587
0.05310148
-1.2633127e-05
0.1310734
0.077582143
0.028344156
-0.022637622
-0.037759539
0.10482136
0.0074009141
0.052352436
-0.029077377
-0.027050998
0.056364365
-0.11248378
-0.0023435047
-0.069791853
0.056466516
-0.031073702
-0.15526885
-0.028774641
-0.095788568
-0.043668751
0.088875189
0.0069463761
0.0068436451
0.012498294
0.036488384
0.14556704
-0.028536677
0.0477801
0.068478279
0.072638266
-0.12942673
0.019441413
0.010214699
-0.087401681
0.081035621
-0.03110058
0.033050694
-0.023947001
-0.01185798
0.090001158
-0.062084466
-0.14084272
0.049402487
0.095981106
0.010339281
0.17255583
-0.11326085
0.061630834
-0.043751109
0.14634474
0.037307892
0.027416063
-0.035134505
-0.069915779
-0.067195505
0.02729542
0.04418698
0.01883731
-0.02271574
0.05053471
-0.10481126
0.05711573
-0.15220985
-0.074009269
0.10168496
0.092433356
-0.092328705
-0.031177789
-0.086189479
0.057817031
0.038929842
-0.055791833
0.097158976
0.016042404
-0.049382314
0.075923711
0.11508152
-0.024580231
-0.044193067
0.074129507
-0.059865456
-0.16251338
0.014285047
0.016993472
0.069222048
-0.02247436
0.0095730545
0.07089138
-0.03049871
-0.068546981
-0.063996315
-0.064434692
0.069830343
-0.036500689
-0.0073979632
0.066098765
-0.090843432
-0.1165046
-0.011211582
0.042411294
0.088768952
0.019932346
0.019695207
0.078863591
-0.033534482
-0.0066781645
0.0791834
0.024409588
0.013360161
-0.094134077
0.0023975193
-0.035628375
-0.068589859
0.096538059
-0.015471578
0.01326101
0.089242727
0.035930626
-0.063641183
-0.013850472
0.059490751
0.014390829
0.01400125
0.029854501
0.040858142
0.033596102
0.0018022809
-0.012958188
0.073622353
0.021084117
0.017909603
0.016819805
0.01121248
-0.078543924
-0.05516284
0.0071388185
0.060260121
0.071080461
0.054057479
0.021324955
0.015773319
-0.093528479
-0.056155231
0.10599373
-0.024540117
-0.031716049
0.028161725
0.066968396
0.069026113
0.067350179
-0.02968362
-0.10839889
-0.064272881
0.0069552604
0.07282538
0.0019292874
-0.071453638
0.052876282
0.0027512044
-0.059646502
-0.040641218
0.026240643
-0.04442732
0.041848473
0.040272869
-0.070934482
-0.037480794
-0.042357113
-0.040829983
-0.038520049
-0.061926086
0.047553938
-0.096099257
-0.034720458
-0.030720603
0.0055879634
0.053398028
0.020518409
0.018383207
0.046710204
0.036594443
-0.076854974
0.015965667
-0.0054586167
-0.11520213
-0.024228655
0.026993003
-0.089085512
-0.040673822
-0.025148723
0.016743988
-0.026318854
-0.028752269
-0.057841491
-0.10329816
0.063734911
0.03105396
-0.033128701
-0.011481353
-0.02094789
0.062844619
0.018964486
-0.055809904
0.028882988
0.031428743
-0.071118698
0.01913538
-0.056485336
-0.016876945
0.0045350511
0.0035484717
-0.061689891
-0.052040003
0.062883936
-0.019220535
-0.068600796
0.029285612
0.0060348739
0.10213463
-0.042482793
-0.0012292706
0.042124122
-0.0086180428
0.047094628
-0.07554587
-0.030786004
-0.071044907
-0.047273718
0.099011287
0.02954472
0.13022247
0.053516041
0.006486306
0.059363149
0.0060385983
0.048315194
-0.093469009
-0.10263081
0.038640704
0.048208766
0.0050043282
0.051248495
0.051553167
0.037088271
-0.0061755273
0.076684572
0.086920738
0.028485969
0.039828397
0.03625473
-0.094952643
0.05183243
-0.0055770581
-0.029314311
-0.034608424
0.03938546
-0.047048487
-0.089500695
0.14406884
0.04511315
-0.049082745
0.030253066
-0.053854685
-0.068745956
0.063799992
-0.0994903
0.0057168608
0.048968226
-0.050152179
0.10815243
-0.078326099
0.14833397
-0.035115525
-0.073544361
0.098815352
-0.021060837
0.018333856
-0.055784501
-0.06096027
-0.028062098
0.08100491
-0.014660664
0.060723703
-0.042951651
0.016132519
0.031171476
-0.10392844
-0.036485519
-0.017286854
-0.066166915
-0.055179458
-0.082018517
-0.023825822
-0.044723708
-0.033306755
0.043357346
-0.0092384517
0.00050143065
0.033167489
0.052589834
0.020574305
0.027619928
-0.063941509
-0.039986055
-0.055293091
-0.065147884
0.00046623943
-0.042894378
0.0077266265
-0.040683594
0.058151346
-0.022081183
-0.0026465366
-0.048762128
0.061812408
-0.026726171
0.026721679
0.021619741
-0.021684092
0.03568333
0.047373012
-0.036438353
0.063637987
0.031781539
0.053627308
0.025464302
-0.077693202
0.025288265
0.041742675
-0.16667704
-0.057030834
0.050890289
-0.080421314
0.067080028
-0.057019867
-0.012693733
0.0029994776
0.11142685
-0.014840299
0.042651929
0.011258712