5.293930694e-02 
1.597980224e-02 
7.636380941e-02 
-4.012969323e-03 
1.847098917e-01 
1.479236782e-02 
-2.619132632e-03 
-5.630857311e-03 
-8.664172143e-03 
1.331956685e-02 
-2.984280698e-03 
-1.170477178e-02 
-1.562114712e-02 
4.763435572e-02 
-1.794136688e-02 
-1.049020514e-02 
-1.364243124e-02 
7.293008268e-02 
-1.257548295e-02 
1.821975410e-02 
-5.728637800e-03 
-1.407596003e-02 
3.673340753e-02 
-4.724882077e-03 
2.437295765e-02 
-2.497228794e-03 
1.492530480e-02 
-9.116700850e-03 
-9.753316641e-03 
-6.428152323e-03 
-2.001110464e-02 
-2.194483578e-02 
-4.530864768e-03 
-1.093308814e-02 
6.526586413e-02 
-9.782085195e-03 
5.290342495e-02 
1.161994413e-01 
-2.228960861e-03 
-5.197171122e-03 
-5.141350906e-03 
-1.275165705e-03 
-4.788354039e-03 
-8.969061077e-03 
-1.163481828e-02 
5.414415151e-02 
-1.709346846e-02 
4.223174602e-02 
-3.116908250e-03 
7.629314810e-02 
8.867772669e-02 
-8.058884181e-03 
-4.360365681e-03 
2.416158840e-02 
-1.404825889e-04 
-1.097487099e-02 
8.197873831e-05 
3.360617906e-02 
-6.170045584e-03 
1.121665537e-02 
-8.360948414e-03 
-4.418465309e-03 
6.386629492e-02 
9.106870741e-02 
-1.047205878e-03 
-2.366655506e-03 
-1.024521142e-02 
-1.050986722e-02 
9.142699838e-02 
-1.147368364e-02 
1.846402884e-02 
9.773533791e-03 
-2.165890764e-03 
-9.525217116e-03 
2.960093319e-03 
-8.418204263e-03 
5.786495656e-02 
-1.825275598e-03 
2.584867179e-02 
-3.629247425e-03 
8.613637090e-02 
6.836250424e-02 
7.057428360e-02 
4.794301465e-02 
5.421869829e-02 
1.371791214e-01 
4.762227461e-02 
-2.256304491e-03 
-5.140559282e-03 
2.867350541e-02 
7.307643443e-02 
-2.015118080e-04 
-2.268285304e-02 
-9.248752147e-03 
-7.450521458e-03 
-6.936368067e-03 
6.637490541e-02 
-1.201528683e-02 
2.365069464e-02 
7.039847225e-02 
1.756801307e-01 
1.006824896e-01 
1.095088869e-01 
5.778515711e-02 
-6.913247518e-03 
-8.556766436e-03 
-3.043010365e-03 
-1.140604727e-02 
-2.067478374e-02 
-8.870653808e-03 
5.292447656e-02 
2.915174328e-02 
-1.082722796e-03 
-1.603021473e-02 
2.887713537e-02 
8.936443925e-02 
5.202212557e-02 
-1.223429805e-03 
-1.248910278e-02 
7.919376343e-02 
4.269532859e-03 
-1.521558221e-02 
-1.706033981e-05 
-1.108681876e-02 
-1.058845595e-02 
-7.152217906e-03 
-1.005739532e-02 
4.362544417e-02 
7.473556697e-02 
2.795316651e-02 
-5.226542125e-04 
-3.660920076e-03 
2.009154856e-01 
1.760455817e-01 
-8.794059977e-03 
-1.078893989e-02 
-2.020977437e-03 
5.625635758e-02 
-1.718425378e-02 
-5.658458918e-03 
-6.828532554e-03 
1.320198178e-01 
-1.127933338e-02 
-3.086837474e-03 
-1.535089873e-02 
8.164770901e-02 
-9.628445841e-03 
-4.053468816e-03 
-1.015018861e-04 
-1.034238189e-02 
5.225288123e-02 
4.558816552e-03 
7.961805910e-02 
-6.531696999e-04 
-4.658111371e-03 
-1.018184330e-02 
-1.037555560e-02 
-7.674473803e-03 
-1.370652765e-02 
-1.976165175e-02 
-1.243434148e-03 
-1.129585318e-02 
1.583510637e-02 
-1.227551512e-02 
1.138448715e-02 
3.946829587e-02 
1.158229634e-02 
-1.798782125e-02 
-9.294297546e-03 
-1.306788996e-02 
-1.836308092e-02 
-5.327963270e-03 
-1.009294204e-02 
-4.720963771e-04 
-1.304560993e-02 
-4.573071375e-03 
-1.431445405e-02 
2.517538518e-02 
4.976096749e-02 
-2.857467858e-03 
4.207201302e-03 
7.422471046e-02 
-2.334311139e-03 
1.381065696e-02 
5.042310804e-02 
-3.661913797e-03 
-4.024351016e-03 
4.620227218e-02 
-2.429656219e-03 
-3.233347787e-03 
6.282787025e-02 
1.147120297e-01 
1.133221537e-01 
-1.903202035e-03 
1.212949306e-01 
-1.411832124e-02 
8.270604908e-02 
-1.032367814e-03 
-6.549961399e-03 
-2.809846774e-03 
-6.210191641e-04 
-7.249578834e-03 
-1.734080492e-03 
-8.727318607e-03 
-4.916886333e-03 
-5.252248957e-04 
1.081444174e-01 
-1.061076950e-02 
1.677645743e-01 
-1.664770534e-03 
-1.247772714e-03 
1.997702196e-02 
5.576277152e-02 
7.555345446e-02 
1.630012691e-02 
-4.089779686e-03 
-4.558837041e-03 
9.695592523e-02 
1.436931938e-01 
3.551703691e-02 
-1.604858413e-02 
-1.083373092e-02 
3.618740290e-02 
-5.059093237e-03 
3.818453848e-02 
-1.303732581e-02 
4.578865319e-02 
-3.170100972e-04 
1.399931908e-01 
-4.877776839e-03 
1.070591807e-01 
4.874480888e-02 
-1.259161253e-02 
-1.579189301e-02 
-1.119290479e-03 
-1.068063639e-02 
-1.474826876e-02 
-3.611924592e-03 
4.729728401e-02 
8.021841198e-02 
5.588690564e-02 
-1.754282415e-02 
-8.905531839e-03 
1.518485993e-01 
2.699766308e-02 
5.398181826e-02 
-1.325093303e-02 
1.218589619e-01 
1.175440103e-02 
-1.318983734e-02 
-1.948295743e-03 
-1.151627488e-02 
-9.027071297e-03 
-1.802509837e-02 
-7.575270254e-03 
1.627700776e-02 
7.267912477e-02 
6.797333062e-02 
6.942652166e-02 
-1.377043966e-02 
4.567553103e-02 
-7.429482881e-03 
-1.134687662e-02 
1.084599271e-02 
8.561406285e-02 
-9.111761115e-03 
-1.218084618e-02 
-1.670132205e-02 
-1.732366346e-02 
-1.147967111e-02 
3.621049970e-02 
-2.813908271e-02 
8.080954850e-02 
2.520348504e-02 
-4.546335898e-03 
2.732310295e-01 
-9.811384603e-03 
-2.909490466e-02 
-1.021182723e-02 
-2.282358240e-03 
7.488405704e-02 
1.792784780e-02 
3.878176957e-02 
-1.200581435e-02 
-1.299460605e-02 
7.999035716e-02 
1.011223793e-01 
1.774541475e-02 
4.945736378e-03 
-1.262385398e-02 
-3.991647158e-03 
5.418942869e-02 
-1.191942487e-03 
1.987215281e-01 
4.399489611e-02 
-1.039982587e-02 
-2.263213973e-03 
2.142981589e-01 
-4.407019820e-03 
-2.139344066e-02 
1.039664596e-01 
1.088424027e-01 
8.590514958e-02 
-8.332291618e-03 
-3.129639197e-03 
2.362957597e-02 
9.284879267e-02 
-7.447128650e-03 
-1.901381463e-02 
7.644728571e-02 
9.780041873e-03 
-2.259299532e-02 
-1.814427972e-02 
-5.671964958e-03 
3.866558522e-02 
1.307745278e-01 
-1.935573854e-02 
9.139992297e-02 
8.757331967e-02 
-4.386556335e-03 
1.403771341e-02 
-6.823067088e-04 
-3.885445371e-02 
-2.777339146e-02 
6.049370766e-02 
-3.014478832e-02 
1.107301563e-02 
1.494129747e-01 
4.920927342e-03 
-1.547261328e-02 
6.178923324e-02 
1.076869816e-01 
-7.768118288e-03 
-1.319199102e-03 
1.390797198e-01 
8.747217059e-02 
-9.806080721e-03 
4.777757451e-02 
7.644473016e-02 
-1.899004201e-05 
1.139779016e-01 
1.095767394e-01 
-5.437014624e-03 
3.649464250e-02 
-2.702692989e-03 
-1.355148945e-02 
-4.585217685e-03 
1.777936146e-02 
1.316491663e-01 
-1.100480091e-02 
-8.507892489e-03 
2.248750627e-02 
-5.808795802e-03 
2.572185695e-01 
-8.155406453e-03 
7.171058655e-02 
-9.319350938e-04 
4.646285623e-02 
-1.616307348e-02 
4.114994779e-02 
4.619247839e-02 
-3.152274061e-03 
-1.460778806e-02 
-9.598787874e-03 
-2.985153347e-02 
-6.988188252e-03 
2.566700056e-02 
-8.062025299e-04 
-1.168362517e-02 
2.801756561e-02 
2.204721421e-01 
1.107591465e-01 
7.437808812e-02 
-2.221155912e-02 
-1.676114276e-02 
-1.198477112e-02 
-3.531562164e-03 
-7.111757062e-03 
8.916427940e-02 
-7.310431916e-03 
-1.294696722e-05 
-1.995260641e-02 
9.968445450e-02 
2.189387083e-01 
-9.520691237e-04 
-2.916952129e-03 
5.371715501e-02 
-5.877073854e-03 
5.454760790e-02 
-4.540309310e-03 
-2.451362088e-02 
-3.700684290e-03 
3.175949305e-02 
9.279645979e-02 
-1.106732897e-02 
-1.064045820e-02 
-1.334942505e-02 
2.593082562e-02 
-3.998759203e-03 
3.457402438e-02 
-2.319077495e-03 
2.521532401e-02 
8.660601825e-02 
-3.111515008e-02 
-8.460701443e-03 
-8.677521721e-03 
-8.362839930e-03 
-1.425368711e-02 
-4.404383712e-03 
2.750143781e-02 
-8.740878548e-04 
-1.160983276e-02 
-9.402511641e-03 
1.932523400e-02 
1.015297845e-01 
-1.571802190e-03 
-4.273348954e-03 
7.381320000e-03 
-4.308384378e-03 
6.613229215e-02 
-2.588194795e-03 
1.596379578e-01 
-1.549387816e-03 
1.269314587e-01 
-4.757676274e-03 
-8.264195174e-03 
-4.022438370e-04 
-6.474824622e-03 
1.959361136e-03 
-1.014407445e-02 
8.738773316e-02 
-9.240942076e-03 
-8.440867066e-03 
7.959586382e-02 
8.140331507e-02 
-2.519362606e-03 
-3.062550211e-03 
8.808372915e-02 
1.782508343e-01 
1.759810001e-02 
-2.618580312e-02 
-1.344305370e-02 
-5.140550900e-03 
3.101576865e-02 
-1.351846009e-02 
-1.258344389e-03 
4.685167968e-02 
3.089337423e-02 
-6.849574856e-04 
-8.681756444e-04 
-7.623732090e-03 
-2.536937408e-02 
7.980850339e-02 
9.949722886e-02 
3.018677980e-02 
1.797519028e-01 
6.219358183e-03 
1.473090798e-02 
8.185292780e-02 
1.208072342e-02 
9.154379368e-03 
-2.795419190e-03 
7.620420307e-03 
-1.099940203e-02 
1.593576074e-01 
-7.804501336e-03 
-2.679669997e-03 
3.633682057e-02 
1.478944719e-01 
-6.722480757e-04 
4.578392953e-03 
-9.388495237e-03 
-1.307313517e-02 
1.488466114e-01 
1.366904527e-01 
1.254030764e-01 
1.277481169e-01 
-1.446092501e-03 
6.578939036e-03 
-3.056995803e-03 
9.444643557e-02 
4.643529654e-02 
5.507177860e-02 
1.837618798e-01 
4.330266640e-02 
-4.431940150e-03 
-6.341666915e-03 
1.861618012e-01 
-2.151637524e-02 
-8.490392938e-03 
-1.634776965e-02 
-7.583076134e-03 
-1.935742795e-02 
-2.151382156e-03 
8.783906698e-03 
5.616611615e-02 
-8.027939126e-03 
-2.228445373e-03 
-1.543034799e-03 
1.853779256e-01 
7.062139362e-02 
5.588818714e-02 
-1.534089725e-02 
-7.182850968e-03 
-4.029673291e-04 
-1.059338916e-02 
1.333005279e-01 
-6.432643160e-03 
-1.086450554e-02 
-1.884811558e-02 
-1.264962554e-02 
-5.971252918e-03 
2.864530310e-03 
1.338457912e-01 
1.881443709e-02 
-2.299749106e-02 
1.234453917e-02 
1.386764646e-01 
-9.380182251e-03 
-1.000789925e-02 
9.535323828e-02 
-2.190921828e-02 
-3.572863992e-03 
-2.978400700e-02 
-3.291131929e-02 
1.226616092e-02 
-1.576869935e-02 
-9.722859249e-05 
-2.698578639e-03 
1.103276387e-01 
-7.417729590e-03 
-6.125417072e-03 
-1.269681752e-02 
-1.100321487e-02 
-7.730733138e-03 
-3.521113098e-02 
-3.631305182e-03 
-1.584758284e-03 
-9.050516412e-03 
-1.282254234e-02 
-1.439392287e-02 
2.332814783e-02 
-7.892017602e-04 
-1.071165223e-02 
-9.797778912e-03 
5.587438494e-02 
-4.976669792e-03 
1.230280995e-01 
7.647392154e-02 
5.525050312e-02 
1.340614259e-02 
1.980866790e-01 
-1.355394779e-04 
-5.692020641e-04 
2.170145884e-02 
-2.313183993e-02 
-1.142310817e-02 
-7.815257995e-04 
1.012043580e-01 
4.320794344e-02 
-2.870187163e-03 
6.719294935e-02 
6.634382904e-02 
-4.397197627e-03 
2.648213506e-02 
-1.509327255e-02 
5.176578462e-02 
-2.288544178e-02 
-3.536435217e-02 
-1.052705944e-02 
-3.697800450e-03 
4.456182942e-02 
-5.448770244e-03 
3.465230763e-02 
6.018173695e-02 
8.931594342e-02 
-5.995509215e-03 
8.078802377e-03 
-1.055085100e-02 
-3.062836640e-02 
1.327522695e-01 
-1.260827202e-02 
1.456919909e-01 
2.474498600e-01 
1.185925752e-01 
-5.713749677e-03 
-2.422332909e-05 
2.950396389e-02 
1.438874006e-02 
-1.629950129e-03 
-1.520649251e-02 
-2.546168678e-02 
1.803872287e-01 
-1.648234762e-02 
-2.754079644e-03 
1.922775432e-02 
2.082402557e-01 
-6.883587223e-03 
2.323134989e-02 
-4.777919501e-03 
-1.166344900e-02 
2.143585682e-01 
1.131164059e-01 
7.296658307e-02 
7.074708492e-02 
-1.649952144e-03 
-1.500161272e-02 
-1.086639240e-03 
-3.535391530e-03 
5.474054068e-02 
1.346904188e-01 
2.886236012e-01 
1.068004370e-01 
-1.047890447e-02 
-3.533422481e-03 
1.091338396e-01 
-2.206324972e-02 
-1.140181720e-02 
-1.796795428e-02 
-1.525168959e-02 
-3.183371574e-02 
-7.321528625e-03 
6.086472422e-02 
6.405398250e-02 
-2.616365254e-02 
-4.330647178e-03 
6.719381362e-02 
6.591030955e-02 
1.301009208e-02 
-1.605462097e-02 
-5.310099106e-03 
-1.510845684e-02 
-7.544096559e-03 
-1.150041446e-02 
2.769513130e-01 
-1.513385028e-02 
-1.641359180e-02 
-7.295047399e-03 
-1.303743850e-02 
1.277111620e-01 
4.271776602e-02 
1.959895194e-01 
6.743810326e-02 
-3.331751376e-02 
4.831154644e-02 
1.455162615e-01 
-2.651214786e-02 
-1.708459854e-02 
1.376437247e-01 
-1.086035930e-02 
1.261442304e-01 
-2.592491172e-02 
-2.499528602e-02 
-1.287083374e-03 
-1.281400770e-02 
-2.647689730e-02 
5.899345875e-02 
2.204404622e-01 
-1.789278537e-02 
2.356806695e-01 
-3.117276356e-03 
-2.644865215e-02 
-1.945774769e-03 
-3.369182348e-02 
9.191778302e-02 
-3.127761884e-03 
-2.232931927e-02 
-2.578907646e-02 
-6.134237628e-03 
1.276313514e-02 
-1.196447946e-02 
-1.315016858e-02 
-6.275925320e-03 
-3.848709399e-03 
-4.986481275e-03 
8.744001389e-02 
7.959344983e-02 
1.420084387e-01 
1.038642228e-01 
1.037774831e-01 
1.941848546e-02 
1.635855138e-01 
1.817663759e-01 
-3.559537977e-02 
-1.422754675e-02 
6.991375983e-02 
1.827532053e-02 
1.513102800e-01 
1.031020209e-01 
4.083011299e-02 
8.138018101e-02 
-2.227824181e-02 
-2.394285798e-02 
7.246017456e-03 
-1.287588198e-02 
-2.714573778e-02 
-3.850375116e-02 
-1.229953766e-02 
-6.300408859e-03 
1.778753847e-01 
-3.372184187e-02 
5.046989024e-02 
9.453058988e-02 
8.692045510e-02 
-1.446977444e-02 
3.006309271e-03 
-3.091174178e-02 
-3.379403055e-02 
1.404808909e-01 
-2.935579233e-02 
2.469961643e-01 
8.539260924e-02 
3.638767451e-02 
-7.710941602e-03 
2.792233601e-02 
7.197280228e-02 
4.285870120e-02 
-3.512927215e-04 
-1.632738113e-02 
-7.499250118e-03 
2.298342064e-02 
-1.230634749e-02 
3.567202389e-02 
-3.983765841e-03 
9.159962833e-02 
2.444257587e-02 
-5.240611732e-03 
2.393352613e-02 
-9.351357585e-04 
-3.754310077e-03 
9.436195344e-02 
2.282542586e-01 
5.748165399e-02 
-9.733472019e-03 
-1.441133302e-02 
5.392177030e-02 
-1.190304756e-02 
1.185781509e-01 
-6.112484261e-03 
3.624156117e-03 
1.520087421e-01 
-1.787889516e-03 
-6.013034144e-04 
-2.112731599e-04 
-2.534803562e-02 
-6.937921513e-03 
-2.750807442e-02 
-2.671717480e-02 
-3.354591876e-02 
-7.855651900e-03 
6.187786907e-02 
4.789227992e-02 
-2.889569150e-04 
-6.362022832e-03 
2.199240029e-01 
6.421662122e-02 
8.101086318e-02 
-3.222282231e-02 
-1.990389777e-03 
2.446833998e-03 
-5.104503594e-03 
-4.585832357e-03 
2.171752900e-01 
-1.710955799e-02 
-1.947068796e-02 
3.426430374e-02 
-6.538277958e-03 
2.507802844e-01 
-7.216528757e-04 
1.034833863e-01 
1.161574572e-01 
-1.133628935e-02 
-6.477243733e-03 
4.260282964e-02 
-1.670683362e-02 
-9.639468044e-03 
1.026472300e-01 
-8.319193497e-03 
-3.203563392e-03 
-1.350203902e-02 
-2.026666328e-02 
-9.268227965e-03 
-1.982135698e-03 
-3.399343789e-02 
1.804266572e-01 
1.040000543e-01 
-1.196720731e-02 
3.773040175e-01 
-1.471840963e-02 
-3.199220449e-02 
-1.323203836e-02 
-3.607072169e-03 
1.961357892e-01 
-7.701820694e-03 
1.953430474e-03 
-1.608196646e-02 
-1.305798069e-02 
1.060346961e-01 
2.198660746e-03 
-2.745842561e-03 
-4.881795961e-03 
-3.228093684e-02 
-5.104854703e-03 
5.272293091e-02 
3.091221303e-02 
9.506219625e-02 
2.346692234e-02 
-1.550494507e-02 
2.113533020e-02 
2.222489119e-01 
1.561671495e-02 
-3.003423288e-02 
3.874249011e-02 
8.287335932e-02 
1.284082681e-01 
9.980782866e-03 
-3.648133716e-03 
1.695343107e-02 
8.704195917e-02 
-1.146252453e-02 
-2.219852619e-02 
2.558277920e-02 
-3.834545612e-03 
-2.960108779e-02 
-2.479115129e-02 
-6.168945227e-03 
7.114202529e-02 
1.885503978e-01 
-2.649902366e-02 
1.184045225e-01 
1.194371358e-01 
8.126188070e-03 
-5.216114223e-03 
1.807059720e-02 
-4.354906082e-02 
-3.004519828e-02 
1.196134910e-01 
-3.802272677e-02 
8.733714372e-02 
8.401656896e-02 
-1.740386942e-03 
-1.247524004e-02 
4.351682216e-02 
1.893109977e-01 
1.021062769e-02 
3.546064720e-02 
1.334474981e-01 
4.584148526e-03 
-1.320958976e-02 
-4.897310399e-03 
1.023115367e-01 
7.561175525e-02 
5.652575567e-02 
7.702744007e-02 
-6.312132813e-03 
9.927820414e-02 
3.222354501e-02 
-1.603480056e-02 
1.452010591e-02 
1.852671355e-01 
1.436636597e-01 
-1.147541218e-02 
-1.149071567e-02 
8.874119259e-03 
-7.953779772e-03 
2.677185535e-01 
-1.489213854e-02 
8.928679675e-02 
-3.378160764e-03 
3.398486972e-02 
-1.849554852e-02 
-1.708326512e-03 
-5.992389051e-04 
2.844314277e-02 
-1.758901961e-02 
-2.002320066e-02 
-3.512051329e-02 
-9.240187705e-03 
-5.523711443e-03 
2.835091390e-02 
-4.521666095e-03 
3.083056211e-02 
2.241813391e-01 
4.461323470e-02 
4.300520197e-02 
-3.097822517e-02 
-2.023153193e-02 
-1.011528075e-03 
-2.915140241e-03 
-1.509625744e-02 
1.370175034e-01 
-9.912677109e-03 
-1.206866652e-02 
-9.616399184e-03 
6.905901432e-02 
2.567719519e-01 
7.164210081e-02 
8.567982912e-02 
8.426161110e-02 
-7.871489972e-03 
1.008697003e-01 
5.907525867e-02 
-6.156436168e-03 
-2.721519209e-03 
-2.980668505e-04 
-6.095369346e-03 
3.337110579e-02 
-1.402729563e-02 
-1.765400730e-02 
5.475897342e-04 
-1.714891754e-02 
-1.830969751e-02 
-4.428355489e-03 
8.880326152e-02 
-1.728846878e-02 
4.944793880e-02 
-1.947711222e-02 
-2.516942099e-02 
-4.150473396e-04 
-1.314760465e-02 
7.065429538e-02 
-2.678667661e-03 
3.004151024e-02 
-1.344617363e-02 
-7.422976778e-04 
4.711879045e-02 
-2.208629251e-02 
-2.452527545e-02 
-1.055721939e-02 
-1.061348617e-02 
2.699228004e-02 
-3.877713811e-03 
5.037849396e-02 
1.498309970e-01 
2.565173060e-02 
1.254049316e-02 
-9.369751438e-03 
3.596466035e-02 
-1.102978364e-03 
-1.838008873e-02 
-1.547220536e-02 
1.584004462e-01 
-1.225798856e-02 
6.223883480e-02 
1.464878116e-02 
2.575623244e-02 
8.488599956e-02 
-1.479555946e-02 
-9.538548067e-03 
-2.949292306e-03 
-3.829539753e-03 
-1.724480465e-02 
-1.949784160e-02 
-3.793072421e-03 
-7.225184236e-03 
4.246104509e-03 
-1.351016760e-02 
1.269869134e-02 
1.000228077e-01 
8.680264652e-02 
-9.355204180e-03 
-8.616516367e-03 
-8.304974064e-03 
-2.153136954e-02 
7.368756831e-02 
-1.298364718e-02 
5.920317769e-02 
-4.333060235e-03 
7.729885168e-03 
-8.180192672e-03 
4.289847985e-02 
3.850617632e-02 
4.349148646e-02 
-2.387919929e-03 
5.922242999e-03 
-3.979122732e-03 
1.049835831e-01 
1.648759246e-01 
5.359280482e-02 
2.071137726e-02 
5.752289668e-02 
1.134396568e-01 
7.322480902e-03 
-1.641790732e-03 
-9.324353188e-03 
-1.550898654e-03 
8.135499060e-02 
4.360057786e-02 
-1.721705496e-02 
-1.348672435e-02 
-1.846755669e-02 
-4.794760607e-03 
3.687206656e-03 
-8.907033131e-03 
4.778290540e-02 
2.418735065e-02 
1.533519328e-01 
5.121712387e-02 
-1.187360496e-03 
-1.327519189e-03 
-2.737339120e-03 
-7.878461853e-03 
-1.035442343e-03 
-1.449922472e-02 
-2.373386547e-02 
-5.186802708e-03 
6.526765972e-02 
-2.590135206e-03 
-3.485814203e-03 
-9.189346805e-03 
6.743863970e-02 
6.534945965e-02 
6.784732640e-02 
-8.444853127e-03 
-1.694327220e-02 
4.702792317e-02 
-6.548851961e-04 
-1.685097814e-02 
1.221083552e-01 
-9.610046633e-03 
-1.610179245e-02 
-2.743983641e-03 
-6.079490297e-03 
1.054528058e-01 
-1.999757718e-03 
-4.370469600e-03 
9.030584991e-02 
2.794092521e-02 
1.344172359e-01 
-1.320932433e-02 
-2.545923926e-02 
-1.538454555e-02 
-6.938673090e-03 
5.350944400e-02 
-8.738030447e-04 
-6.174730137e-03 
-3.508333117e-02 
3.930753097e-02 
-9.778109379e-03 
-9.439796209e-03 
-2.524541924e-03 
7.924687862e-02 
-2.879698004e-04 
-2.561065741e-02 
-9.810380638e-03 
-7.265542634e-03 
-4.029483534e-03 
-1.347913966e-02 
6.764043123e-03 
-5.633726716e-03 
1.916725934e-02 
-2.134726755e-02 
-3.672147403e-03 
5.159217119e-02 
-3.037096001e-03 
-1.066289842e-02 
-1.161247026e-02 
-2.732319525e-03 
5.307899415e-02 
1.475855708e-01 
4.887899384e-02 
2.102629989e-01 
-2.335095312e-03 
1.964695454e-01 
-1.014754293e-03 
-1.147195697e-02 
9.207702428e-02 
-1.527782809e-02 
-7.141503040e-03 
-1.415340602e-02 
2.720387653e-02 
4.043065012e-02 
-1.885954407e-04 
1.607189476e-01 
9.574846178e-02 
-1.307062898e-02 
6.238736212e-03 
5.164964125e-02 
1.045646071e-01 
-1.497747190e-02 
-3.387032822e-02 
-1.694422029e-02 
-1.762238564e-03 
7.206648588e-02 
-1.748711988e-02 
-4.029889533e-04 
1.209062710e-02 
6.956052780e-02 
-1.060908660e-02 
1.888006553e-02 
-1.638934948e-02 
-2.482695878e-02 
1.445444077e-01 
-3.836859949e-03 
8.943366259e-02 
2.192270905e-01 
5.424755812e-02 
-4.028641270e-04 
1.104431003e-01 
5.309730768e-02 
1.424112171e-01 
4.511528462e-02 
2.944786102e-02 
-1.753701270e-02 
1.225735843e-01 
-1.430272777e-02 
4.427158460e-02 
1.172179580e-01 
1.082398519e-01 
-1.234948577e-04 
5.966319144e-02 
-1.268868148e-02 
-9.826712310e-03 
1.532576382e-01 
1.242257655e-01 
8.923813701e-02 
5.143480748e-02 
-3.328414867e-03 
-5.743348971e-03 
-1.981660724e-03 
1.181246862e-01 
6.195390224e-02 
3.097439185e-02 
2.134832442e-01 
1.461988688e-01 
5.176972598e-02 
5.893792026e-03 
1.708098352e-01 
-2.136393636e-02 
-7.830074057e-03 
-1.212594565e-02 
-1.533647720e-02 
-3.369330987e-02 
-3.284726990e-03 
9.092228860e-02 
1.068085991e-02 
-4.094438627e-03 
-5.779912230e-03 
5.900575221e-02 
9.819225222e-02 
-2.835773048e-04 
1.811258122e-02 
-2.012052387e-02 
-8.669407107e-03 
-3.105503507e-03 
-1.066254103e-03 
1.897754818e-01 
-6.335180253e-03 
-2.067868412e-02 
-4.215682857e-03 
-2.263686061e-02 
4.624149203e-02 
5.036410689e-02 
7.585149258e-02 
3.456421569e-02 
-9.708669037e-03 
1.225051805e-01 
2.307450771e-02 
-1.123225968e-02 
-1.046354230e-02 
-4.196166992e-05 
-1.272340491e-02 
9.501004219e-02 
-1.012557372e-02 
-2.505554818e-02 
5.587018654e-02 
-1.168782357e-02 
-2.140790038e-02 
1.934867352e-03 
1.212102473e-01 
-1.133037172e-02 
1.399233192e-01 
-1.457786281e-02 
-1.686788723e-02 
-9.411873296e-03 
-2.656624094e-02 
6.745718420e-02 
-5.053956993e-03 
-5.501485430e-03 
-2.035285719e-02 
-4.622319713e-03 
5.977828056e-02 
-6.525034551e-04 
-7.616184652e-03 
-5.733217578e-03 
4.292340577e-02 
2.938013524e-03 
1.463326663e-01 
1.209952682e-01 
1.843232214e-01 
2.665764093e-02 
1.655354053e-01 
8.278995752e-03 
7.974103093e-02 
1.081798226e-01 
-2.348440513e-02 
-9.746106341e-03 
1.023026705e-01 
3.070410714e-02 
9.460470080e-02 
6.740666926e-02 
9.357704967e-02 
1.374158561e-01 
-1.721129194e-02 
-8.798519149e-03 
3.744568676e-03 
-3.355807625e-03 
-3.222263232e-02 
-3.739197925e-02 
-9.232120588e-03 
-6.077835802e-03 
9.265581518e-02 
-1.393833477e-02 
3.733157367e-02 
6.752292067e-02 
4.021773115e-02 
-1.247612294e-02 
-3.430485027e-03 
-2.155677602e-02 
-2.450687066e-02 
1.902220547e-01 
-1.574377716e-02 
1.792848557e-01 
1.151852757e-01 
9.539778531e-02 
-4.892510362e-03 
6.912034750e-02 
5.087520182e-02 
1.142939478e-01 
-5.232947879e-03 
-7.850340568e-03 
-7.086984813e-03 
7.293922454e-02 
1.738832518e-02 
2.692217752e-02 
1.113315299e-02 
6.917983294e-02 
2.463398129e-02 
-2.175158588e-03 
-2.135366231e-04 
-1.043692417e-02 
-8.570278296e-04 
1.054343134e-01 
1.331657767e-01 
6.503262371e-02 
-5.618331954e-03 
-1.518427301e-02 
1.243937202e-02 
1.045879722e-02 
8.195059747e-02 
2.439703420e-02 
1.030016020e-01 
1.331549585e-01 
-4.009741242e-04 
-4.705552012e-03 
9.917579591e-04 
-1.097857486e-02 
-5.970973987e-03 
-1.399214007e-02 
-1.855867356e-02 
-3.109125234e-02 
-4.398839548e-03 
1.095615476e-01 
2.605710179e-02 
-5.000755657e-03 
-2.781552495e-03 
1.378022432e-01 
4.501715302e-03 
3.791749477e-02 
-1.416685991e-02 
-1.451419108e-02 
-4.678368568e-03 
-9.846596979e-03 
-3.361346200e-03 
2.259613127e-01 
-1.104747318e-02 
-1.123158075e-02 
-1.995767932e-03 
-8.561266586e-03 
1.381220818e-01 
1.743834466e-02 
1.010632366e-01 
-5.694528576e-03 
-9.536014870e-03 
1.666430831e-01 
1.255049109e-01 
-1.213227771e-02 
-1.605924219e-02 
1.557748169e-01 
-8.368231356e-03 
-1.428608084e-03 
-1.835573837e-02 
-1.796699688e-02 
-1.885373844e-03 
-7.060749922e-03 
-3.476776928e-02 
4.889966547e-02 
1.253933012e-01 
-2.046209946e-02 
4.156165719e-01 
-4.115259741e-03 
-2.872173861e-02 
-1.305533107e-03 
-4.458145238e-03 
1.689788252e-01 
-2.084137872e-03 
-3.911608364e-03 
-1.596284099e-02 
-2.931373194e-03 
4.172049463e-02 
-2.176437527e-03 
-1.562222838e-02 
4.168728739e-02 
-2.806511149e-02 
-5.408851430e-03 
-5.748423748e-03 
2.692338452e-02 
8.877749741e-02 
2.318435162e-02 
-1.366264094e-02 
-9.902645834e-04 
1.467371285e-01 
-4.724816885e-03 
-2.346356958e-02 
-1.749638002e-03 
7.973180711e-02 
-1.706479583e-03 
-1.874055888e-04 
1.896367408e-02 
1.934655756e-02 
6.700535119e-02 
-1.809657365e-02 
-9.173039347e-03 
8.406321704e-02 
-9.203061461e-03 
-3.044736385e-02 
-2.197509259e-02 
-5.710452795e-03 
2.856010571e-03 
2.094718069e-01 
-2.042830735e-02 
3.527323157e-02 
7.084245980e-02 
-1.806862711e-04 
2.221518010e-02 
6.195478886e-02 
-2.719527856e-02 
-2.790941484e-02 
1.781689376e-01 
-3.553470224e-02 
1.086320430e-01 
5.172673613e-02 
-2.481046133e-03 
-5.774812773e-03 
-1.395222265e-03 
2.146936208e-02 
-1.100874413e-02 
7.127505541e-02 
1.287417561e-01 
3.619837016e-02 
-6.405903958e-03 
-9.529874660e-03 
4.670483246e-02 
6.142373756e-02 
3.348747268e-02 
1.262930781e-02 
-9.000256658e-03 
9.873789549e-02 
1.051108539e-01 
-1.024415717e-02 
1.971385255e-02 
1.174754724e-01 
-1.125154435e-03 
-1.084089652e-02 
-5.449270830e-03 
8.289726824e-02 
-3.682423616e-03 
1.426159292e-01 
-1.241776720e-02 
-3.186641494e-03 
9.226493537e-02 
-7.276786026e-03 
-1.847248059e-03 
-6.479998119e-04 
-1.266122609e-02 
-1.925612014e-04 
-2.113416791e-02 
-1.834320836e-02 
-3.438018635e-02 
-9.619744495e-03 
2.461408824e-02 
1.013156697e-01 
2.879416943e-02 
-8.872898296e-03 
1.427056193e-01 
6.867817044e-02 
1.955031231e-02 
-2.865896747e-02 
-1.819252968e-02 
3.829163685e-02 
-6.083118729e-03 
-1.363889314e-03 
2.767815813e-02 
-1.348686032e-02 
-9.869005531e-03 
-8.825171739e-03 
-3.040152136e-03 
2.426935434e-01 
1.104511321e-04 
1.149925664e-01 
-4.863497335e-03 
-6.705795415e-03 
1.540985703e-01 
-5.400128430e-04 
-1.003663614e-02 
-9.432191029e-03 
7.099305838e-02 
2.054908127e-02 
1.425146610e-01 
-1.237528771e-02 
-1.908157580e-02 
2.285048179e-02 
-1.430060808e-02 
-1.786224917e-02 
-6.525713950e-03 
1.059142947e-01 
-1.874458976e-02 
-1.852532150e-03 
-1.813559607e-02 
-1.738974452e-02 
1.014514826e-02 
-1.608818397e-02 
8.533829451e-02 
-6.974455900e-03 
-1.081780903e-02 
-1.895783842e-02 
1.157444865e-01 
4.954287410e-02 
-1.189423539e-02 
-2.668768167e-02 
-4.581103101e-03 
-6.710414309e-03 
-3.581543919e-03 
-2.254216000e-03 
8.675372601e-02 
1.715407670e-01 
-4.294694401e-03 
1.211586297e-01 
-6.538261659e-03 
-2.038376406e-03 
5.060392618e-02 
-7.311769295e-03 
-1.745477691e-02 
1.053952724e-01 
-6.004709750e-03 
9.041662514e-02 
8.799967170e-02 
6.485410035e-02 
8.135451376e-02 
-2.048198134e-02 
5.500928313e-02 
8.848731220e-02 
2.545669861e-02 
-2.854482457e-02 
-3.274261206e-02 
-1.326798555e-02 
-1.012511179e-02 
9.534037113e-02 
-1.591126248e-02 
-2.164553385e-03 
3.007749096e-02 
7.629200816e-03 
-1.392666809e-02 
-4.040267959e-04 
-1.278289035e-02 
-1.792792976e-02 
1.868172288e-01 
-1.028857008e-02 
1.837332100e-01 
7.328244299e-02 
2.710716426e-02 
4.597288370e-02 
1.608629525e-02 
2.302334830e-02 
-4.377497360e-03 
-2.845283416e-05 
-4.943389446e-03 
-7.152969018e-03 
7.451388240e-02 
-3.730873112e-03 
4.269523546e-02 
-5.412165774e-04 
3.880332038e-02 
1.282028109e-02 
-1.529950066e-03 
-4.076080862e-03 
-5.322371610e-03 
5.439422652e-02 
8.012988418e-02 
1.429597735e-01 
-1.163521688e-02 
-8.967829868e-03 
-1.262345817e-02 
5.876696482e-02 
-1.514638308e-03 
-6.833009422e-03 
6.101910025e-02 
8.465319872e-03 
1.807148755e-01 
-1.001334377e-02 
-1.895989641e-03 
9.434954822e-02 
-1.267872844e-02 
-4.229806829e-03 
-1.100975461e-02 
-1.801365055e-02 
-2.680967189e-02 
-5.546224769e-03 
6.029648334e-02 
9.403230250e-02 
9.472129866e-03 
-7.311956491e-03 
8.705528453e-03 
7.803521305e-02 
1.485374197e-02 
-1.061032340e-02 
-5.127177574e-03 
-3.632402513e-03 
-2.450077329e-03 
-8.284666110e-04 
1.159491166e-01 
-6.824538577e-03 
-1.772426814e-02 
1.222764254e-01 
-1.447543595e-02 
3.011654690e-02 
5.382088944e-03 
5.047511309e-02 
-1.015978050e-03 
4.355815798e-02 
3.475457430e-03 
-8.486495353e-04 
6.011703983e-02 
-5.697095767e-03 
1.932219416e-02 
-2.642809879e-03 
6.812132895e-02 
-5.946527235e-03 
-1.509899739e-02 
4.036215693e-02 
-3.661630442e-03 
-1.013739128e-02 
-5.365607794e-03 
7.616640627e-02 
-1.384281437e-03 
-6.849521305e-03 
-1.750190184e-02 
-1.334315632e-02 
-1.670807134e-03 
-7.062641438e-03 
1.247330159e-01 
-6.517206784e-03 
2.331718989e-02 
-1.555305347e-02 
7.626398653e-02 
6.135752052e-02 
-1.136194728e-02 
-1.273678057e-02 
-6.161198486e-03 
-1.008227468e-02 
9.491412900e-03 
-9.653990273e-04 
5.336434767e-02 
1.158166230e-01 
-6.983845495e-03 
1.270293258e-02 
-1.156257093e-02 
-5.895435810e-03 
-6.628446747e-03 
-1.475016400e-02 
-9.382342920e-03 
9.155595303e-02 
2.752255648e-03 
2.145405859e-02 
-1.597840921e-03 
5.932231247e-02 
5.632302910e-02 
-6.567492150e-03 
7.506475598e-02 
8.399445564e-03 
1.048661768e-03 
-2.225287817e-02 
-2.571630664e-02 
-9.426334873e-03 
-2.386186272e-03 
1.966623962e-02 
-4.610307515e-03 
-3.727422794e-03 
6.080489606e-02 
7.290805876e-02 
-1.098109130e-02 
-9.385075420e-03 
-5.767960567e-03 
-1.790254749e-02 
6.173023582e-02 
4.144445062e-03 
4.534323514e-02 
3.213468194e-02 
7.666210644e-03 
-4.795480520e-03 
7.238543034e-02 
1.054381281e-01 
1.433347724e-02 
4.610240925e-03 
-1.765815308e-03 
-4.565497860e-03 
1.388722509e-01 
9.785479307e-02 
6.961759180e-03 
4.210361093e-02 
3.563207760e-02 
6.475871056e-02 
-1.470352523e-03 
-2.327171853e-03 
-1.105631515e-02 
-2.160937991e-03 
2.822234854e-02 
4.972500727e-02 
-6.686393172e-03 
-4.074019380e-03 
-2.751011634e-03 
1.843779720e-02 
-1.257981523e-03 
-4.432198592e-03 
5.160997063e-02 
4.363246262e-02 
5.333462358e-02 
-8.021851070e-03 
-8.009400219e-03 
-4.763417019e-05 
-1.055891698e-04 
-4.352896474e-03 
2.218401805e-02 
-1.046051271e-02 
-2.194162272e-02 
-5.087593105e-03 
-2.968155022e-04 
4.404092953e-02 
-2.376188291e-03 
-6.481147138e-04 
1.181178354e-02 
1.739864796e-02 
2.742835879e-02 
3.742274642e-02 
-1.051192824e-02 
-4.993305076e-03 
9.554196149e-03 
-5.340280943e-03 
1.547210515e-01 
-5.911215208e-03 
-1.177954860e-02 
1.092140973e-01 
-2.038742183e-03 
-3.209100338e-03 
9.936422110e-02 
6.242313981e-02 
1.041042209e-01 
-5.459779873e-03 
4.336488247e-02 
-2.462781034e-03 
6.766164303e-02 
3.584558889e-02 
1.871041954e-03 
-1.254323963e-02 
4.648760706e-02 
-2.098662034e-02 
-1.575618237e-02 
-1.023518946e-02 
1.009121537e-02 
-2.435862273e-02 
8.094248921e-02 
-3.638434922e-03 
-5.938485629e-06 
-2.816644032e-03 
-2.190044709e-02 
-3.038486466e-02 
-5.180276465e-03 
-5.564902909e-03 
1.289751232e-01 
-2.000475768e-03 
2.156410366e-02 
-1.108568907e-02 
4.224404693e-02 
9.502351284e-02 
-6.695536431e-03 
-5.062599666e-03 
-5.918396637e-03 
-1.089645363e-02 
1.240943186e-02 
-2.968803747e-03 
3.362949565e-02 
2.502011061e-01 
2.892587334e-03 
2.903392911e-02 
-1.098797098e-02 
1.454500854e-02 
4.369345307e-02 
-4.697348922e-03 
-4.205583595e-03 
2.788448036e-01 
1.973154023e-03 
-1.987435855e-03 
2.250214294e-02 
7.352214307e-02 
8.493392169e-02 
-1.463872846e-02 
-1.367665175e-02 
-7.361889351e-03 
6.465798616e-02 
-2.355652489e-02 
-2.809698507e-02 
-1.581307873e-02 
-1.222644467e-03 
6.624228507e-02 
-1.970363036e-02 
5.297917873e-03 
7.377389818e-02 
6.789930165e-03 
-7.959840819e-03 
-7.367717102e-03 
-9.092237800e-03 
-1.676707342e-02 
8.890444040e-02 
-2.446429059e-02 
8.054757118e-02 
-3.121313173e-03 
-1.953735016e-03 
-3.936793655e-03 
1.625929773e-01 
1.574048996e-01 
-1.568980282e-03 
5.915660877e-03 
7.099321485e-02 
-1.714677433e-03 
6.984341145e-02 
2.375175804e-01 
8.045547456e-02 
2.057885006e-02 
4.432429001e-02 
7.737594843e-02 
-6.541531067e-03 
2.524457872e-03 
-1.341288537e-02 
3.813122213e-02 
2.409054898e-02 
8.128778636e-02 
5.406260490e-03 
-3.923048731e-03 
-1.132275537e-02 
-1.099606510e-03 
9.726518765e-03 
-2.631215379e-03 
4.511488229e-02 
-7.445177063e-03 
-1.149684424e-03 
3.710579872e-02 
-1.566812024e-02 
2.828333154e-02 
1.083814055e-01 
-5.517238751e-04 
1.152529716e-01 
-1.259504911e-02 
-2.333097905e-02 
-5.380252376e-03 
-2.546168864e-03 
-1.930919243e-03 
-1.171908528e-02 
4.670477659e-02 
4.234865308e-02 
2.877077460e-02 
9.484413266e-02 
-1.611724123e-02 
-1.822223514e-02 
-6.863962393e-03 
5.427782610e-02 
-7.199658081e-03 
1.383801252e-01 
-1.218386809e-03 
-1.013313513e-02 
-1.888073748e-03 
4.515418410e-02 
9.461528063e-02 
1.480188966e-01 
1.886741519e-01 
7.817216218e-02 
-1.463475544e-02 
1.948821545e-01 
3.460117579e-01 
1.575283557e-01 
-5.969325081e-03 
-3.272325965e-03 
-3.080319054e-02 
-1.506054308e-02 
-4.260654747e-02 
-3.924567252e-02 
-7.245531306e-03 
-2.838013507e-02 
1.277410239e-01 
-1.493685693e-02 
2.448173985e-02 
-2.360903658e-02 
-8.402880281e-03 
-1.614002697e-02 
-1.179375686e-02 
5.162273347e-02 
-1.879759505e-02 
-7.495731581e-03 
-6.414515898e-03 
8.066809177e-02 
6.954938173e-03 
-1.203567721e-02 
5.211285502e-02 
-2.612851746e-02 
-4.192750156e-02 
-7.135713939e-03 
6.202779710e-03 
2.697432786e-02 
-9.061812423e-03 
1.217431501e-01 
-1.300835330e-02 
-7.395038381e-03 
5.115514994e-02 
-1.165198442e-02 
-1.013239101e-02 
-3.242263198e-02 
-7.322418969e-03 
-2.401553094e-02 
-1.384958625e-03 
-2.042779885e-02 
7.478468120e-02 
-2.343146130e-02 
-6.693331525e-03 
9.332265705e-02 
9.933328629e-02 
1.948026419e-01 
-2.912370488e-02 
3.902420402e-02 
-2.040924318e-02 
-7.570548914e-04 
3.487179056e-02 
-8.545082062e-03 
-6.771711167e-03 
2.413510084e-01 
1.120603234e-01 
1.176358685e-01 
1.336578280e-01 
2.466956899e-02 
1.669482514e-02 
1.120655835e-01 
-2.500813082e-02 
1.159086898e-01 
-8.924948052e-03 
-1.258755452e-03 
2.337452918e-01 
5.347655714e-02 
-9.468639269e-03 
-6.024028175e-03 
-5.889340304e-03 
-6.760505494e-03 
5.235369131e-02 
4.608044028e-02 
-3.307908028e-02 
2.415257543e-01 
-2.456537262e-02 
7.210884988e-02 
3.304477781e-02 
1.668534726e-01 
-7.666804595e-04 
1.296891272e-01 
-7.459088694e-03 
-1.630763337e-02 
2.622711957e-01 
1.054515839e-01 
-1.895292290e-02 
-3.457224369e-02 
-9.728298755e-04 
-1.962462813e-02 
-9.752080776e-03 
6.704060733e-02 
-2.222344093e-02 
2.968405783e-01 
3.980914056e-01 
3.046349883e-01 
-2.177839167e-02 
1.321066618e-01 
2.314979956e-02 
-4.803313641e-04 
-1.373842731e-02 
1.095252931e-01 
-4.893573932e-03 
-3.901747242e-02 
-5.034983158e-03 
1.460037977e-01 
1.017692983e-01 
-4.040695727e-02 
-1.624407247e-02 
-6.640584674e-03 
7.131525874e-02 
-6.817901041e-03 
-1.960199885e-02 
-5.467963405e-03 
-1.045784540e-02 
-7.218357641e-04 
-1.395469997e-02 
1.670952439e-01 
-1.579423621e-02 
-2.735959925e-02 
-4.053388722e-03 
-2.392679825e-02 
1.105654240e-01 
-4.849107005e-03 
-4.700812511e-03 
-7.990945596e-04 
-1.902282611e-02 
1.284945756e-02 
3.553977609e-02 
-3.200884163e-02 
-2.594629303e-02 
6.217121333e-02 
1.785796434e-01 
-9.068364277e-03 
-2.150684036e-02 
-2.075154707e-02 
1.364874244e-01 
-1.327503100e-02 
-1.071502827e-02 
-4.135265946e-03 
1.017197520e-01 
3.287857771e-02 
-2.519357577e-02 
9.360674024e-02 
-7.913381793e-03 
-6.450590212e-03 
-1.922206022e-02 
-3.130469704e-04 
-3.070689971e-03 
-1.932709292e-02 
-1.927903108e-02 
-1.555480156e-02 
-4.082078580e-03 
-3.371878527e-03 
-6.742563564e-03 
-8.311009035e-03 
-4.469517618e-03 
1.625675336e-02 
3.445418924e-02 
4.901634902e-02 
9.429404140e-02 
2.629363537e-02 
4.938819259e-02 
-6.923405454e-03 
-1.418037526e-02 
2.948546782e-02 
-3.875505063e-04 
-6.290522404e-03 
-9.990042076e-03 
4.716981202e-02 
-5.399146583e-03 
-2.089390531e-03 
2.010587901e-01 
1.140100956e-01 
-1.380670257e-02 
-7.035703864e-03 
1.210957617e-01 
9.339872003e-02 
2.510291338e-02 
-2.256111056e-02 
-2.586317435e-02 
-6.606424693e-03 
7.752909511e-02 
-2.504938655e-02 
-1.086719148e-02 
3.167111427e-03 
7.473887503e-02 
1.805441454e-02 
9.881533682e-02 
-1.062188484e-02 
-1.543244533e-02 
2.075190544e-01 
-8.475769311e-03 
1.173322350e-01 
1.076666191e-01 
-7.781913737e-04 
7.725979388e-02 
7.369145751e-04 
-2.185158432e-03 
-7.202377077e-03 
-4.206953745e-04 
-4.654069431e-03 
-1.733396947e-02 
1.778123826e-01 
-2.540203743e-02 
4.710182548e-04 
3.218313307e-02 
1.352033913e-01 
-3.972082864e-03 
-2.533872146e-03 
-8.979450911e-03 
-4.994045012e-03 
2.579174936e-01 
1.749027818e-01 
2.400883138e-01 
8.793427050e-02 
-4.212014901e-04 
1.249950007e-02 
-7.312943926e-04 
8.243798465e-02 
2.859727293e-02 
-2.679767786e-03 
1.235371754e-01 
7.294359803e-02 
-4.976536613e-03 
2.806456015e-02 
2.818415761e-01 
-3.777731210e-02 
-8.097505197e-03 
-2.794808708e-02 
-2.396984026e-02 
-2.493636869e-02 
-8.522748947e-03 
-9.431727231e-03 
8.637674153e-02 
2.121946216e-02 
-1.655865461e-02 
3.189429641e-02 
1.739811301e-01 
8.474923670e-02 
-1.329923514e-03 
-5.747540854e-03 
-5.820703693e-03 
2.954605967e-03 
-2.657969482e-03 
9.855066240e-02 
-1.010346040e-02 
-1.430943608e-02 
-1.545280684e-02 
-1.895524748e-02 
-6.571780890e-03 
6.290316582e-03 
1.064559147e-01 
1.583576575e-02 
-2.764346823e-02 
9.902027249e-02 
1.490184665e-02 
-2.110991441e-02 
-1.192256343e-02 
2.333856225e-01 
-2.139365673e-02 
-3.965075593e-03 
-3.173745424e-02 
-2.218356915e-02 
-1.136287954e-02 
-2.358621173e-02 
-3.251824155e-02 
8.731193841e-02 
1.658990234e-01 
-3.387315571e-02 
4.416463077e-01 
-1.102936082e-02 
-3.508827835e-02 
-3.867187072e-03 
-1.256573573e-02 
1.272859573e-01 
4.488973320e-02 
-4.534109496e-03 
-1.612768695e-02 
-1.594915241e-02 
7.456280291e-02 
-1.565128937e-02 
-2.603693306e-02 
-1.856962917e-03 
-3.241214901e-02 
-7.347938605e-03 
-2.535764128e-03 
-2.512458712e-03 
9.839374572e-02 
4.369423538e-02 
-1.654064655e-02 
2.958837897e-02 
3.347796500e-01 
-4.754382186e-03 
-3.491550311e-02 
-5.824076012e-03 
3.312152252e-02 
-5.398455076e-03 
6.414560601e-03 
-5.017744377e-03 
8.858516812e-04 
9.361309558e-02 
-1.639551297e-02 
-1.862070523e-02 
8.617718518e-02 
-3.916352056e-03 
-3.834327683e-02 
-2.178514004e-02 
2.465080470e-04 
2.598895878e-02 
2.124530375e-01 
-2.847374789e-02 
7.180932909e-02 
1.241264641e-01 
-1.480935607e-03 
-2.588458359e-03 
4.257488251e-02 
-5.972111970e-02 
-3.327886015e-02 
1.282377839e-01 
-4.394982010e-02 
1.167874038e-01 
1.642849892e-01 
-1.702333800e-03 
-1.229512133e-02 
-1.154038403e-02 
3.436981887e-02 
-9.827664122e-03 
9.467763454e-02 
-9.191252757e-04 
1.491769403e-01 
-2.064538188e-02 
-1.538597420e-02 
6.059776247e-02 
-1.754678204e-03 
1.250105351e-01 
1.042198092e-01 
-5.503548309e-03 
1.012021303e-01 
1.083280370e-01 
-2.660912834e-02 
-6.457660347e-03 
9.995058179e-02 
-7.326003164e-03 
-1.797142625e-02 
-9.934049100e-03 
3.610361367e-02 
-1.376618911e-02 
2.326406687e-01 
-2.334525250e-02 
1.509972960e-01 
1.739367694e-01 
5.130727217e-02 
-3.018196207e-03 
-3.833216033e-04 
-1.154693402e-02 
-5.319026299e-03 
-3.675434738e-02 
-2.053039148e-02 
-3.975290060e-02 
-1.545228343e-02 
2.692224830e-02 
5.686256289e-02 
-1.189162023e-02 
-1.326748356e-02 
3.722582161e-01 
4.968003184e-02 
3.630234674e-02 
-3.648757190e-02 
-1.406861562e-02 
-3.368252655e-03 
-1.012897771e-02 
-1.330392901e-02 
6.560821831e-02 
-1.843089610e-02 
-1.196286827e-02 
-4.324631300e-03 
-2.435350325e-03 
3.385563195e-01 
4.326713085e-02 
1.229039356e-01 
-6.884043571e-03 
-1.370702777e-02 
8.198961616e-02 
8.254141361e-02 
1.800852269e-01 
5.478588864e-03 
4.834248126e-02 
-1.466369815e-02 
-1.524433377e-03 
-3.235296533e-02 
-1.514447760e-02 
-2.546706703e-03 
-5.427999888e-03 
-1.264737640e-02 
-5.178742576e-03 
-1.761220337e-04 
-3.973261337e-04 
-5.580970086e-03 
-1.385721005e-02 
-2.605581470e-02 
-7.388214115e-03 
-1.006160025e-02 
4.676458240e-02 
-9.807241149e-04 
-3.685499076e-03 
-1.898979535e-03 
-8.231644519e-03 
3.999242187e-02 
-6.853930186e-03 
-8.128951304e-03 
1.114588976e-02 
-1.497575641e-02 
-1.561246900e-04 
-1.219519880e-02 
-2.047453454e-04 
1.109909788e-01 
-7.607675623e-03 
-9.476213716e-03 
-1.412598602e-02 
-5.190345924e-03 
-1.819179952e-02 
4.450815916e-02 
-1.142368652e-02 
2.794225216e-01 
-5.555960350e-03 
-6.907377974e-05 
-6.082611158e-03 
7.061561942e-02 
8.807521313e-02 
-5.606948864e-03 
-1.247440465e-03 
-9.597487748e-03 
7.848601043e-02 
-2.190972678e-02 
-8.854902349e-03 
-5.500285886e-03 
-5.705251358e-03 
3.526289761e-02 
-3.854083363e-03 
-4.105015658e-03 
5.337423459e-02 
-1.019869931e-03 
3.548553586e-02 
-1.403486356e-03 
-1.998425461e-03 
-1.163448766e-02 
1.799323708e-01 
-2.184673771e-02 
8.883459121e-02 
4.647248611e-02 
-2.135193208e-03 
-8.595646359e-03 
-4.847183358e-03 
3.233458847e-05 
-1.417476684e-02 
4.316940531e-02 
-6.626979448e-04 
-7.101579569e-03 
7.152402401e-02 
1.230414361e-01 
1.012907997e-01 
-6.242744159e-03 
7.612127066e-02 
7.272821665e-02 
-4.731312394e-03 
9.248882532e-03 
-1.250415016e-02 
7.191900164e-02 
6.819702219e-03 
6.746492535e-02 
-1.115429960e-02 
-2.506949473e-03 
-3.838716540e-03 
-6.298478693e-04 
-5.988497753e-03 
-1.111357659e-02 
1.087678075e-01 
-1.208063681e-03 
-3.015724942e-03 
-1.018120348e-02 
-4.985076841e-03 
4.905867949e-02 
1.214103401e-02 
-7.516503334e-03 
4.676508158e-02 
-1.227490045e-02 
-3.072772361e-02 
-7.718087174e-03 
-8.505897596e-03 
1.493439227e-01 
-1.777773350e-02 
-3.809634363e-03 
-4.641118459e-03 
4.026812315e-02 
6.858236343e-02 
-1.471275836e-02 
-5.447849631e-03 
-6.907073315e-03 
-6.010573125e-04 
-1.284534298e-02 
2.815220505e-02 
-8.762856014e-03 
-8.103944361e-03 
-7.367538288e-03 
2.056976408e-02 
3.286964074e-02 
3.977466002e-02 
2.460681833e-02 
-1.485790592e-02 
-4.380480386e-03 
1.910283864e-01 
-9.636692703e-03 
6.440237164e-02 
-4.745849408e-03 
2.099097148e-02 
-4.706897773e-03 
-1.366434433e-02 
-1.116053760e-02 
-8.614234626e-03 
7.027944922e-02 
-1.000339538e-02 
-1.085181162e-02 
-2.078766376e-02 
8.479401469e-03 
-6.358290557e-03 
-7.881721482e-03 
-2.159534954e-03 
-1.677189022e-02 
1.822040603e-02 
-2.820553258e-03 
5.464387313e-02 
-3.371473285e-04 
3.950202465e-02 
-5.160145462e-03 
-4.981189035e-03 
-5.889776163e-03 
-1.209315658e-02 
-1.413872186e-02 
-7.636901573e-04 
-3.083960852e-03 
7.033134997e-02 
-1.761939749e-02 
1.011406630e-02 
1.517994702e-01 
-5.816067569e-03 
-9.829625487e-03 
-1.873731613e-02 
-6.286630407e-03 
-2.280480042e-02 
9.318102151e-03 
-7.511166856e-03 
1.652593911e-01 
-2.259763330e-02 
-2.156579634e-03 
-8.899573237e-03 
5.946586281e-02 
8.190019429e-02 
-8.512916975e-03 
6.200186908e-02 
1.391547322e-01 
3.326856345e-02 
-8.522712626e-03 
-7.422009949e-04 
-1.006036624e-02 
-6.030606106e-03 
5.381978676e-02 
-4.894157872e-03 
-8.737413213e-03 
4.192996770e-02 
4.940774664e-02 
5.885490030e-02 
-7.218775339e-03 
-5.154821090e-03 
-7.645089179e-03 
1.179419458e-01 
-3.617724171e-03 
-4.089606926e-03 
-9.843995795e-04 
-6.686198991e-03 
-6.896393839e-03 
-2.618495375e-03 
-1.091731340e-02 
-2.296673693e-02 
-1.126941526e-03 
3.509824350e-02 
1.293604448e-02 
6.384514272e-02 
9.528282285e-02 
3.738078848e-02 
-5.004304461e-03 
7.648678124e-02 
1.888955832e-01 
9.845847264e-03 
-3.598363372e-03 
-3.752972465e-03 
-3.048559651e-03 
-5.569722969e-03 
-5.491700955e-03 
-2.485208958e-02 
-8.395893499e-03 
-1.689088182e-03 
-4.244728771e-04 
-1.294045011e-03 
-1.303183474e-02 
2.274133638e-02 
-5.472700112e-03 
4.445032775e-02 
-1.389915962e-02 
7.833006978e-02 
4.663985968e-02 
3.471536934e-02 
-1.705542766e-02 
1.630810276e-02 
-6.289835554e-03 
-2.041795850e-02 
-2.356715850e-04 
-4.301236942e-03 
6.376719475e-02 
1.970388927e-03 
-1.579127274e-02 
1.784566604e-02 
2.576994896e-02 
3.766543418e-02 
2.183466591e-02 
-2.116384916e-03 
-1.120438986e-02 
3.254915401e-02 
-3.056656104e-03 
-3.249267582e-03 
-7.653781213e-03 
-8.379381150e-03 
-1.015474088e-02 
9.047804400e-03 
-1.982670743e-03 
4.663877189e-05 
1.107128337e-03 
-4.047609866e-03 
-2.436148003e-03 
1.153159142e-01 
3.052988648e-01 
-5.834138393e-02 
-3.473225236e-02 
2.410837263e-02 
3.191709518e-01 
-1.653885283e-02 
-1.510447171e-02 
-1.600841060e-02 
2.670205832e-01 
-9.007186629e-03 
-2.512226999e-02 
-3.330576932e-03 
2.163794786e-01 
-1.433484256e-03 
-1.850652322e-02 
4.551542923e-02 
-4.463621415e-03 
-5.724409595e-03 
4.866525531e-03 
3.157975525e-02 
-4.577253014e-03 
-2.353567258e-02 
-1.852083951e-02 
-1.349344198e-02 
-2.910826821e-03 
-3.356267698e-03 
-1.059585996e-02 
-3.326851642e-03 
-1.106767636e-02 
-2.616252750e-03 
-2.312155673e-03 
3.404378891e-02 
5.077940971e-02 
9.870602190e-02 
-1.068750396e-02 
1.956558973e-02 
-2.614488080e-02 
2.314082533e-02 
9.540848434e-02 
-6.999226287e-03 
-2.159309573e-02 
-4.027624615e-03 
-6.566314492e-03 
-2.408589702e-03 
1.968031824e-01 
8.759428561e-02 
-2.133771963e-02 
-2.861957531e-03 
1.862811595e-01 
-1.030747220e-02 
7.662430406e-02 
-1.623598486e-02 
-2.006920055e-02 
-1.051593479e-02 
1.238049716e-01 
-1.768253930e-02 
-8.544464596e-03 
4.586118087e-02 
7.868100703e-02 
1.250686795e-01 
2.035499364e-01 
1.555254459e-01 
-1.600050926e-02 
2.486852705e-01 
-2.432690561e-02 
1.089886352e-01 
-7.262856234e-03 
5.930428579e-02 
1.457282454e-01 
5.264155567e-03 
-3.907952458e-03 
-4.674291704e-03 
6.290652603e-02 
1.282846928e-01 
-2.740334533e-02 
2.789286971e-01 
-4.191529378e-02 
6.962379813e-02 
1.184986457e-01 
4.521924630e-02 
-1.562384795e-02 
-1.153852827e-05 
-5.803648382e-03 
2.733585984e-02 
3.806139529e-01 
3.462147117e-01 
3.113264441e-01 
2.516235411e-02 
-4.835452884e-03 
2.845851704e-02 
8.217208087e-03 
7.123536617e-02 
-1.242412068e-02 
-4.959579557e-03 
-9.462460876e-03 
1.346351951e-01 
-1.055844966e-02 
1.271997094e-01 
3.117711842e-01 
-5.246953666e-02 
-4.939326085e-03 
-2.413364500e-02 
-2.778464928e-02 
-2.956348471e-02 
-3.654869273e-03 
-5.977842025e-03 
1.838365197e-01 
2.572874129e-01 
-2.419107221e-02 
-1.560970116e-02 
2.166716307e-01 
3.897570446e-02 
-2.585684182e-03 
-1.312085893e-02 
1.858870983e-01 
2.670001239e-03 
8.143855631e-02 
-2.419778844e-03 
-1.360570546e-02 
-1.704539359e-02 
-1.919768006e-02 
-2.863299102e-02 
7.941714674e-02 
3.434045985e-02 
7.127027959e-02 
8.819059283e-02 
-6.289608311e-03 
1.821673661e-01 
2.350135520e-02 
-2.061954513e-02 
-1.061285660e-02 
-1.873187954e-03 
-1.051223651e-02 
9.095024318e-02 
-1.999640837e-02 
-2.528449148e-02 
-3.875732655e-04 
-2.734384872e-02 
-2.091159299e-02 
-2.581533336e-04 
1.481417269e-01 
-3.217254579e-02 
1.426568031e-01 
-2.604381926e-02 
-1.660091430e-02 
-4.197610542e-03 
-1.872747391e-02 
5.145599321e-02 
-4.914916120e-03 
-1.179738087e-03 
-2.195475809e-02 
-7.483922527e-04 
3.438513726e-02 
-1.678100973e-02 
-3.065446019e-02 
-4.592892248e-03 
-1.119511575e-02 
1.979385689e-02 
4.974675924e-02 
1.193681508e-01 
1.772889495e-01 
7.043648511e-03 
1.375605613e-01 
6.547432393e-02 
1.322208941e-01 
1.184740663e-01 
-2.198719047e-02 
-2.038837038e-02 
7.739230990e-03 
-1.038569584e-02 
1.201236844e-01 
-2.976319229e-04 
5.835341662e-02 
1.209537461e-01 
-2.008674853e-02 
-9.016362950e-03 
8.115617931e-02 
2.271244302e-02 
-3.593308106e-02 
-3.490583226e-02 
-9.653183632e-03 
-5.907543935e-03 
9.700895846e-02 
-1.914262027e-02 
2.047384903e-02 
3.922012821e-02 
4.338780418e-02 
-1.106466725e-02 
1.166902483e-03 
-3.248003870e-02 
-2.231448330e-02 
1.806571633e-01 
-2.172291279e-02 
1.617744416e-01 
1.599150449e-01 
7.421012968e-02 
-6.537512527e-04 
1.598092169e-02 
-1.690108795e-03 
1.525278389e-01 
1.923677628e-04 
9.860556573e-03 
-2.442170226e-04 
3.377955779e-02 
-1.062936522e-02 
7.901912928e-02 
2.836618200e-02 
6.544681638e-02 
6.018321216e-02 
2.381456271e-02 
-1.359379385e-03 
-1.112721860e-02 
-6.079244195e-04 
1.085025445e-01 
1.330624223e-01 
-1.477210969e-02 
-9.512480348e-03 
-2.017350495e-02 
-1.587491832e-03 
3.854508698e-02 
-2.675418276e-03 
-1.074899687e-03 
1.830539703e-01 
2.698050439e-01 
6.300741434e-02 
-1.307339408e-03 
7.598091662e-02 
-1.547471061e-02 
-8.234918118e-03 
-2.431719936e-02 
-2.044720761e-02 
-3.092879057e-02 
-1.239150390e-02 
1.227879226e-01 
5.853128433e-02 
-8.812036365e-03 
-1.150644850e-02 
1.437177211e-01 
4.310999811e-02 
1.909878105e-02 
-1.780124381e-02 
-1.798950881e-02 
-5.487937597e-04 
-6.341113243e-03 
-1.079376228e-02 
2.268421650e-01 
-9.875170887e-03 
-1.916664094e-02 
5.331215262e-02 
-2.080897242e-02 
1.640692055e-01 
6.012042612e-02 
1.110043898e-01 
7.624134421e-03 
-1.842263620e-03 
1.569827497e-01 
2.336844504e-01 
1.472764909e-01 
-4.472156521e-03 
-3.960654431e-05 
-1.895890385e-02 
1.047681272e-02 
-2.296340466e-02 
-2.102613077e-02 
2.189676277e-02 
-2.259677649e-02 
-9.590243921e-03 
-1.046925411e-02 
1.079103649e-01 
-1.885897852e-02 
1.368539035e-01 
-1.600278914e-02 
-9.696650319e-03 
-6.470980588e-03 
-7.719416171e-03 
4.063241556e-02 
-3.296362702e-03 
1.428102329e-02 
-9.113676846e-03 
-8.599814028e-03 
3.555132449e-02 
-2.062951215e-02 
-2.760303020e-02 
1.277479529e-02 
-7.947987877e-03 
1.156040467e-03 
-4.079763312e-04 
1.269063950e-01 
4.572062194e-02 
-5.544643849e-03 
-4.186409526e-03 
-4.244973883e-03 
-9.718900546e-04 
-1.346427575e-02 
-1.457734313e-02 
-1.970933378e-02 
1.094568372e-01 
-6.681811996e-03 
9.814030677e-02 
-7.477523759e-03 
1.961644739e-02 
9.157594293e-02 
-2.486736979e-03 
5.314549804e-02 
-1.260454394e-02 
-2.220807597e-03 
-3.641283512e-02 
-7.414693944e-03 
5.999315530e-02 
-7.944352925e-03 
-2.233250532e-03 
8.817242086e-02 
-1.509585418e-03 
2.209295332e-02 
6.308317184e-02 
-1.417802414e-03 
8.820135146e-03 
-8.550929837e-03 
-1.430564746e-02 
1.551027000e-01 
-2.055644616e-02 
6.324109435e-02 
9.943290055e-02 
1.105868816e-01 
-7.559697609e-03 
-6.635081023e-03 
-4.093843512e-03 
1.289583445e-01 
2.210108750e-02 
-6.310399622e-04 
-1.089087036e-02 
1.462809443e-01 
-3.803901491e-04 
3.618896008e-02 
5.789675191e-02 
2.433683723e-02 
-8.606070187e-04 
9.484427050e-03 
2.237496153e-02 
-9.688558057e-03 
9.267351776e-02 
8.855959028e-02 
-3.204917535e-03 
-2.565653063e-02 
-4.576903768e-03 
-1.433339342e-02 
-5.154783837e-03 
2.069492638e-02 
-1.681040227e-02 
1.157907993e-01 
1.426276416e-01 
2.263147384e-01 
6.997451186e-03 
4.946729168e-02 
-9.241004591e-04 
-5.715316162e-03 
-6.676018238e-03 
-1.800672850e-03 
-1.090545580e-02 
-3.419946134e-02 
-1.066961698e-02 
9.994331002e-02 
1.342041492e-01 
-2.067368478e-02 
-1.407324057e-02 
-2.808779944e-03 
2.406864613e-02 
-3.936489113e-03 
-1.764056832e-02 
-1.245731581e-02 
8.081091940e-02 
-7.133577485e-03 
-1.142451167e-02 
1.178403571e-01 
-1.175481640e-02 
-4.266717937e-03 
4.709439725e-02 
-1.279920153e-02 
8.829762787e-02 
4.775831103e-02 
9.401137382e-02 
-8.172463626e-03 
-2.008753130e-03 
1.349346340e-01 
1.974729896e-01 
2.524622083e-01 
-3.916811664e-03 
4.876516759e-02 
-1.792446524e-02 
-5.729383789e-03 
-1.887102425e-02 
-1.503780205e-02 
1.419191994e-02 
-1.719803549e-02 
3.611432016e-02 
-1.921864599e-02 
9.292117506e-02 
-8.607985452e-03 
-9.475551546e-03 
-1.032527722e-02 
-1.485187677e-04 
3.321393207e-02 
-3.333882429e-03 
1.024774387e-01 
-7.258739788e-04 
6.951849163e-02 
-2.334909979e-03 
-9.522432461e-03 
-1.498630038e-03 
-2.377244458e-02 
-2.376493812e-02 
4.339990020e-02 
2.247934043e-02 
2.698964626e-02 
-6.881092675e-03 
7.325063646e-02 
1.466318220e-02 
-1.068262756e-02 
-6.421375088e-03 
-1.481354889e-02 
-1.257730927e-02 
-1.936490834e-02 
-9.370023385e-03 
-1.673933119e-02 
1.196455210e-01 
-1.548417471e-02 
7.409539074e-02 
-1.334262267e-02 
2.062239498e-02 
1.240479350e-01 
9.611755610e-03 
1.892189085e-01 
-1.099879667e-02 
7.793314755e-03 
-2.768895216e-02 
-8.600850124e-04 
6.932140142e-02 
-3.815173637e-03 
3.254237399e-02 
6.929755211e-02 
-1.697594300e-03 
6.427346170e-02 
4.090915248e-02 
-6.728424923e-04 
-3.131435253e-03 
1.435662508e-01 
-1.287953276e-02 
9.221305698e-02 
-2.293179976e-03 
-1.722191460e-03 
6.270921230e-02 
8.171179798e-04 
-8.779787458e-03 
-5.639520474e-03 
-9.241610765e-03 
-3.720432520e-03 
5.262075365e-02 
-4.159783944e-03 
-1.014066115e-02 
1.729585677e-01 
-5.317174830e-03 
1.955471188e-02 
6.437170506e-02 
6.697466969e-02 
-1.085412456e-03 
-1.972849714e-04 
1.016840711e-02 
-1.114805602e-02 
1.164957806e-01 
3.862687573e-02 
-1.186189614e-02 
-3.551578522e-02 
-1.742604887e-03 
-1.639845548e-03 
-6.879104301e-03 
-5.216783844e-03 
-2.183001861e-02 
1.298986375e-01 
6.729015708e-02 
2.004584521e-01 
-1.459204499e-02 
1.415575594e-01 
-4.066968337e-03 
-7.524656830e-04 
-1.101479586e-02 
1.037793756e-01 
-2.912919037e-03 
-2.657628059e-02 
-3.873777576e-03 
6.291629374e-02 
1.118389443e-01 
-1.862879470e-02 
-1.734452322e-02 
-1.294627041e-02 
1.327564567e-02 
-2.483979799e-03 
-6.537492853e-03 
-8.901272085e-04 
3.947325051e-03 
-3.359632567e-03 
-3.929793893e-04 
4.893064126e-02 
-9.090058506e-03 
-4.865565337e-03 
5.985198170e-02 
-7.264746819e-03 
-5.426030839e-04 
9.267243743e-02 
1.050712019e-01 
3.228406236e-02 
-2.651311271e-02 
1.555110663e-01 
2.513032034e-02 
5.766744167e-02 
-2.728339750e-03 
4.449269921e-02 
-1.578588039e-02 
6.168048084e-02 
-3.102115914e-02 
-1.930776238e-02 
-4.177210853e-03 
-2.350886166e-02 
-1.269552018e-02 
-6.596889812e-03 
3.295649961e-02 
-1.407748554e-02 
-4.947570153e-03 
-1.090828329e-02 
-2.169930749e-02 
-4.899381893e-04 
-2.345955744e-02 
5.002642795e-02 
2.080493048e-02 
-1.284391992e-02 
-1.019716822e-02 
-1.239919476e-02 
6.830438972e-03 
-1.977590844e-02 
-2.388828993e-02 
-7.756812498e-03 
9.390966594e-02 
-5.629968364e-04 
-5.425664596e-03 
5.397303030e-02 
1.850508302e-01 
-8.139857673e-04 
9.457679093e-02 
-9.515948594e-03 
-2.072104719e-03 
2.424976975e-02 
-4.745362327e-03 
-2.072819322e-02 
2.269252092e-01 
-1.606101543e-02 
7.294480503e-02 
3.425902501e-02 
1.050744429e-01 
1.027978584e-01 
-1.390972175e-02 
-8.790560067e-03 
-3.545824206e-03 
4.842300713e-02 
-1.791028492e-02 
-1.438740920e-02 
-1.138085686e-02 
-1.014118176e-02 
3.561377153e-02 
-1.278117020e-02 
-5.161748268e-04 
7.699000835e-02 
3.071173653e-02 
-5.373735446e-03 
-3.589941887e-03 
-1.097887475e-02 
-1.622279361e-02 
1.618402302e-01 
-1.879832335e-02 
1.282233447e-01 
3.328561783e-02 
-4.183975514e-03 
-3.534843214e-03 
-4.419730511e-03 
-5.443070550e-04 
-7.640131749e-03 
-2.064154949e-03 
-1.497004274e-02 
-8.120628074e-03 
6.467848271e-02 
1.589128375e-01 
8.828354627e-02 
-8.386764675e-03 
1.014131829e-01 
1.158294007e-01 
-5.652725231e-04 
-2.444406506e-03 
-1.162618119e-02 
8.144895732e-02 
5.733479932e-02 
4.755303636e-02 
-1.585797593e-02 
-5.965227727e-03 
-1.035922021e-02 
-3.466031514e-03 
-2.573225647e-03 
-1.022127457e-02 
8.843258023e-02 
-8.706171648e-04 
2.083313465e-01 
2.183983102e-02 
5.306756124e-02 
4.979245365e-02 
-3.447387600e-03 
-9.992823005e-03 
-2.746167826e-03 
-1.669620350e-02 
-2.550417371e-02 
-3.607473336e-03 
3.142410517e-02 
5.085980892e-02 
-1.562210545e-02 
-1.548789628e-02 
6.260288507e-02 
6.192167848e-02 
4.247559607e-02 
-2.016955614e-02 
1.697555929e-02 
-6.450602785e-03 
-1.831461093e-03 
-5.952703301e-03 
1.063434333e-01 
-1.014392264e-02 
-1.279707719e-02 
-3.337267321e-03 
-6.964459550e-03 
6.306759268e-02 
1.084534153e-01 
1.684146374e-01 
1.672482863e-02 
-2.189036086e-02 
1.622904390e-01 
3.273963630e-01 
-2.765088901e-02 
-1.574520394e-02 
9.354708344e-02 
1.207362786e-01 
-2.611015923e-03 
-7.717993576e-03 
-9.724025615e-03 
1.174922884e-01 
-5.751143210e-03 
-1.824798062e-02 
-6.933502154e-04 
1.871561706e-01 
-5.732558202e-03 
5.971329659e-02 
3.669244051e-02 
-1.191876084e-02 
-7.627532028e-08 
-1.364616398e-02 
6.525212526e-02 
8.209966123e-03 
-2.797582000e-02 
-1.968871430e-02 
-1.190018188e-02 
-1.655416330e-03 
-4.411324393e-03 
-7.890566252e-03 
-3.538127989e-03 
6.981737912e-02 
-1.023657434e-02 
5.158354342e-02 
9.752188623e-02 
9.018121660e-02 
1.283959150e-01 
-2.384568565e-03 
-5.559180863e-04 
-1.121454965e-02 
8.848873526e-02 
-1.307786163e-02 
-1.179929730e-02 
6.913128495e-02 
4.296580702e-02 
8.581618965e-02 
6.876677275e-02 
4.847948253e-02 
4.809111729e-02 
-1.157683693e-02 
-1.200382784e-02 
4.325016588e-02 
-1.466461178e-02 
4.034399986e-03 
-1.711250283e-02 
-1.263512578e-02 
-8.054163307e-03 
1.056417078e-01 
-1.839508489e-02 
1.857423037e-02 
8.577628434e-02 
1.419379115e-01 
-2.578104031e-04 
1.785793155e-02 
9.081651270e-02 
-2.083145455e-02 
1.828819066e-01 
-1.910171285e-02 
1.682762206e-01 
-5.837763660e-03 
8.258650452e-02 
-3.006431740e-03 
3.135774657e-02 
1.827658713e-02 
4.904790223e-02 
1.153232995e-02 
-6.679458544e-03 
-2.590093762e-02 
2.024573833e-01 
-8.454377763e-03 
1.088731736e-02 
-2.623640932e-03 
8.838634938e-03 
-9.771052748e-03 
-2.902234904e-03 
-3.000819124e-03 
-1.845079591e-03 
1.881958991e-01 
2.587537766e-01 
2.250152528e-01 
6.291358173e-02 
-6.250071339e-03 
-6.396094803e-03 
2.016388625e-02 
-4.066399299e-03 
-6.822917145e-03 
2.352168038e-02 
-1.575423963e-02 
1.714425385e-01 
-7.923473604e-03 
6.959814578e-02 
6.129007414e-02 
-2.815429680e-02 
-9.123007767e-03 
-9.377063252e-03 
-2.412468567e-02 
-2.078095078e-02 
7.682345808e-03 
1.071280092e-01 
1.374472678e-01 
1.093539819e-01 
-1.004214957e-02 
-1.165140606e-02 
1.612389982e-01 
4.902200401e-02 
-1.419432182e-02 
-2.120587043e-03 
1.806306988e-01 
-2.447166480e-03 
3.904147446e-02 
9.194692224e-02 
-1.776859164e-02 
-7.755052764e-03 
-8.011866361e-03 
-8.889967576e-03 
1.094401777e-01 
2.172297984e-02 
1.627097130e-01 
1.066435501e-02 
-1.760973781e-02 
8.177620918e-02 
1.753009856e-01 
-2.481248230e-02 
-1.756906137e-02 
7.905291766e-02 
-1.110531040e-03 
8.102469146e-02 
-1.755529642e-02 
-2.512137219e-02 
2.789384499e-02 
-2.541121561e-03 
-2.825913019e-02 
8.228140324e-02 
1.455206573e-01 
-1.410970651e-02 
2.051267028e-01 
-1.240233704e-02 
-2.810864523e-02 
-6.503621582e-03 
-2.460406721e-02 
9.632392973e-02 
-4.642020911e-03 
-1.638802886e-02 
-2.111055702e-02 
-1.471875352e-03 
7.204411179e-02 
4.082360864e-02 
-8.170640096e-03 
-3.814591095e-03 
-1.545289066e-02 
-5.956750363e-03 
7.869316638e-02 
2.824288979e-02 
1.083624288e-01 
5.868995935e-02 
5.606921017e-02 
3.850009292e-02 
1.021780819e-01 
7.336974144e-02 
-2.265992016e-02 
-8.026642725e-03 
7.363797724e-02 
1.149105951e-01 
7.373064756e-02 
6.174142286e-02 
4.355839640e-02 
1.165417582e-01 
-1.877412759e-02 
-1.688643917e-02 
-8.084596484e-04 
-8.610899560e-03 
-2.488130704e-02 
-4.318880290e-02 
-1.317087747e-02 
-5.089856684e-03 
1.782102585e-01 
-2.698053978e-02 
6.534032524e-02 
1.013124138e-01 
2.183965966e-02 
-1.167929918e-02 
3.892842680e-02 
-1.885624975e-02 
-3.155677766e-02 
2.009654045e-01 
-2.664513327e-02 
1.856796443e-01 
5.714437738e-02 
4.799736664e-02 
-1.986836083e-03 
6.478027999e-02 
6.433082372e-02 
3.222363070e-02 
-3.424755763e-03 
-1.018969808e-03 
-1.313805580e-02 
5.844127387e-02 
-6.784526631e-03 
2.698116750e-02 
-1.957453322e-03 
4.542426020e-02 
-5.411601625e-03 
-7.928953506e-03 
2.078653872e-02 
-3.194837365e-03 
1.635174267e-02 
1.647569984e-01 
2.683454156e-01 
1.551222801e-01 
-8.351963013e-03 
-1.483815815e-02 
6.101422012e-02 
-4.677376710e-03 
1.148977131e-01 
-6.086948561e-04 
3.577505797e-02 
7.081954926e-02 
-1.208900101e-02 
-1.071139053e-02 
2.446535602e-02 
-2.242230438e-02 
-3.532551695e-03 
-2.073773369e-02 
-2.662077174e-02 
-3.378113359e-02 
-5.928435363e-03 
5.414919555e-02 
7.816265523e-02 
3.364176303e-02 
2.832464129e-02 
9.580331296e-02 
1.403615773e-01 
9.513047338e-02 
-2.152172849e-02 
-1.663877256e-02 
6.360493600e-03 
-1.065570209e-02 
-9.485619143e-03 
2.044199258e-01 
-1.496076211e-02 
-1.579241268e-02 
-8.480204269e-03 
-6.424245425e-03 
1.727789640e-01 
4.335789382e-02 
8.214670420e-02 
5.981989205e-02 
-1.231088676e-02 
5.909936875e-02 
-2.122249862e-04 
2.398246154e-02 
-3.416507505e-03 
1.471466571e-02 
-1.969216391e-02 
1.586269587e-02 
-3.253639489e-02 
-2.668908983e-02 
-9.989598766e-03 
2.357515506e-02 
-2.689451165e-02 
1.197003275e-01 
-1.708601136e-03 
-5.442189053e-03 
1.076829880e-01 
-1.942680217e-02 
-3.795594722e-02 
-1.121107116e-02 
-1.157682203e-02 
1.310176551e-01 
-3.901797812e-03 
3.704659641e-03 
-1.117166318e-02 
-6.745889317e-03 
1.191316545e-01 
1.609261334e-02 
-6.765872240e-03 
-5.311479326e-03 
-1.852124929e-02 
6.496701390e-04 
-4.930232186e-03 
-2.720470075e-03 
2.012673318e-01 
3.880649805e-03 
-3.869863926e-03 
-6.828712299e-03 
1.214041263e-01 
7.522426546e-03 
-1.085964497e-02 
-2.796323970e-03 
2.113697678e-01 
2.927308530e-02 
-4.224035889e-03 
-1.305593643e-03 
7.454305142e-02 
1.452340186e-01 
-1.591490582e-02 
-2.084452845e-02 
-7.995218039e-03 
1.016912684e-01 
-3.004430979e-02 
-3.179256991e-02 
-1.331886649e-02 
9.885057807e-06 
1.461790800e-01 
-2.339627221e-02 
5.904476345e-02 
1.094443128e-01 
-7.555358578e-03 
-2.997118281e-03 
2.522061393e-02 
-2.038161829e-02 
-2.417637967e-02 
1.280066073e-01 
-3.319060057e-02 
8.597986400e-02 
6.337071210e-02 
-4.075356759e-03 
-8.151916787e-03 
8.862365037e-02 
1.107726991e-01 
-8.122746833e-03 
-2.670654096e-03 
1.081893519e-01 
4.033837095e-02 
-5.439617671e-04 
1.810834259e-01 
1.355364770e-01 
1.799236238e-02 
8.582948148e-02 
6.759828329e-02 
-8.640279993e-03 
5.826985836e-02 
-1.051402651e-02 
7.003481966e-03 
6.488176528e-03 
1.076987013e-01 
7.388767600e-02 
-5.521796644e-03 
-8.537930436e-03 
-7.316788542e-04 
-9.708711877e-04 
1.088987142e-01 
-2.617379650e-03 
7.030968368e-02 
-3.256057855e-03 
2.769920044e-02 
-1.970735937e-02 
7.640622556e-02 
4.837363586e-02 
6.613023579e-03 
-5.975703709e-03 
-2.105478011e-02 
-3.205162659e-02 
-9.969431907e-03 
-5.295217037e-03 
-3.919896204e-03 
-1.959300786e-02 
6.428311765e-02 
1.466446668e-01 
8.427955955e-02 
1.300811917e-01 
-2.502699941e-02 
-1.886654645e-02 
-1.375911850e-02 
-5.226873327e-04 
-1.006934233e-02 
1.232478470e-01 
-6.101964973e-03 
-1.000665128e-02 
-1.105040126e-02 
4.279964417e-02 
1.716698706e-01 
6.244027987e-03 
2.728551440e-02 
8.938498795e-04 
3.884755448e-02 
2.763666958e-02 
2.485296428e-01 
-1.797159761e-02 
-1.473003253e-02 
2.103001997e-02 
1.580481529e-01 
-1.061131340e-02 
-3.571951063e-03 
-8.938136511e-03 
1.349324435e-01 
1.131055951e-01 
-1.612879522e-02 
-7.489417330e-04 
1.041998789e-01 
2.407732606e-02 
-1.320477342e-03 
-3.659301437e-03 
-1.178376563e-02 
-1.108984835e-02 
2.208597213e-02 
5.356572196e-02 
-1.251962618e-03 
-9.133365005e-03 
-1.742337644e-02 
-8.182963356e-03 
1.747506857e-02 
1.040002033e-01 
-6.154153962e-04 
-9.055839037e-04 
-1.724544168e-02 
-5.442233756e-03 
-4.299681750e-04 
4.253006354e-02 
7.097109407e-02 
4.640777409e-02 
-1.475197077e-02 
-3.466377733e-03 
-9.964761324e-03 
-4.242941737e-03 
-2.363039181e-03 
1.205075532e-02 
2.957321703e-02 
1.394124776e-01 
-8.266421035e-03 
-2.244721400e-03 
5.771922320e-02 
3.714067489e-02 
-1.093026064e-02 
-5.329167936e-03 
4.298257083e-02 
-6.163069978e-03 
-3.479577368e-03 
-2.024865337e-02 
-1.299894042e-02 
-6.187109277e-03 
1.121170893e-01 
-1.160925254e-02 
-7.501880638e-03 
7.642641664e-02 
6.147774309e-02 
1.866792887e-02 
3.628950566e-02 
6.107953191e-02 
-1.583285257e-02 
9.467074275e-02 
-1.255513262e-02 
4.814029858e-02 
-7.327423431e-03 
8.790528029e-02 
-3.171280259e-03 
1.007259935e-01 
5.879014730e-02 
6.331263483e-02 
-9.469740326e-04 
1.733532250e-01 
-1.776557602e-02 
2.348745018e-01 
-1.490838244e-03 
-2.668576781e-03 
7.483144104e-02 
-8.990780916e-04 
-1.129518729e-02 
-7.470418699e-03 
6.651878357e-03 
1.781926304e-02 
1.441891938e-01 
2.080262750e-01 
2.185641080e-01 
1.260716617e-01 
-6.123534404e-03 
2.798102051e-02 
1.003006240e-03 
5.071128160e-02 
-1.492402982e-03 
3.969288617e-02 
-3.452288220e-03 
-1.251329668e-03 
-9.265581146e-03 
-7.780251559e-03 
1.002828181e-01 
-2.357291244e-02 
-9.812515927e-04 
-7.864304818e-03 
-2.005916089e-02 
-2.122867480e-02 
-5.157882348e-03 
-2.183571924e-03 
1.077284366e-01 
1.360167414e-01 
4.285592586e-03 
-1.335485186e-02 
2.033185512e-01 
8.104984462e-02 
1.716734096e-02 
-2.117537148e-02 
1.113599688e-01 
-3.128359327e-03 
-6.148373708e-03 
5.099393800e-02 
-1.224299800e-02 
-1.845686114e-03 
-1.688625105e-02 
-5.015016999e-03 
3.955371678e-02 
3.695399314e-02 
9.952749312e-02 
1.154464483e-02 
-1.353781205e-02 
-1.096607558e-02 
9.536667168e-02 
-1.030826662e-02 
-6.030875258e-03 
1.037332565e-01 
-1.303219423e-02 
5.460422486e-03 
-1.811145246e-02 
-2.211144939e-02 
-2.952498384e-03 
2.360790595e-02 
-1.689935848e-02 
7.105483115e-02 
8.502804488e-02 
-6.581937894e-03 
1.674559712e-01 
-1.802757382e-02 
-2.181191370e-02 
-1.959252544e-02 
-2.502400056e-02 
1.204202045e-02 
-1.126876916e-03 
-1.227758767e-04 
-1.696497016e-02 
-7.620471530e-03 
1.301122755e-01 
1.680589020e-01 
5.263555795e-05 
9.864367545e-03 
-1.130788680e-02 
-6.458607968e-03 
1.419026405e-01 
6.172032282e-02 
9.887598455e-02 
2.945540845e-02 
8.491305262e-02 
1.037275791e-02 
1.307072341e-01 
-1.243790612e-03 
-2.402110398e-02 
3.933530301e-03 
9.385891259e-02 
2.096597105e-01 
-1.190287410e-03 
5.869695917e-03 
1.685514301e-02 
7.111132890e-02 
-1.019260660e-02 
-7.734566461e-03 
-3.063258715e-03 
-4.125135019e-03 
-2.648400329e-02 
-3.775978833e-02 
-1.283063740e-02 
-2.102038357e-03 
7.233609259e-02 
-1.331131905e-02 
7.616151124e-03 
6.826879084e-02 
9.593598545e-03 
-5.955399014e-03 
-5.163509399e-03 
-2.403943986e-02 
-3.258028626e-02 
1.327664554e-01 
-1.752623729e-02 
1.468253434e-01 
1.647545844e-01 
8.195599169e-02 
-1.030487102e-02 
7.288908958e-02 
1.052037701e-01 
2.619577572e-02 
-5.624901503e-03 
-6.316624349e-04 
-7.709194906e-03 
7.214239240e-02 
-5.238574930e-03 
-2.856611041e-03 
-5.098481779e-04 
1.312904954e-01 
-4.722938407e-03 
-6.569985300e-03 
6.341807544e-03 
-9.136494249e-03 
2.246791311e-02 
7.369130850e-02 
1.578007191e-01 
1.888467968e-01 
-4.971479997e-03 
-1.663292013e-02 
3.264120966e-02 
-3.497921396e-03 
1.537740380e-01 
3.934644908e-02 
1.149157584e-01 
-3.775732359e-03 
-1.186532807e-02 
-2.458815277e-02 
1.774747670e-02 
-1.352285501e-02 
-4.629709758e-03 
-1.827865094e-02 
-1.714792661e-02 
-2.774026804e-02 
-9.975437075e-03 
-4.190735519e-03 
8.234176785e-02 
-1.292472053e-02 
9.290365875e-02 
8.517868817e-02 
6.869267672e-02 
6.551751494e-02 
-1.557225920e-02 
-1.641683653e-02 
-1.356595010e-02 
-9.603748098e-03 
-1.288056280e-02 
2.366681248e-01 
-1.284798235e-02 
-4.561754409e-03 
-1.239555795e-02 
-5.340944976e-03 
1.358195394e-01 
5.548261106e-03 
7.451775670e-02 
8.269008249e-03 
-4.014480393e-03 
1.241324618e-01 
-4.400700855e-04 
-2.064687759e-02 
-9.461587295e-03 
7.173738629e-02 
1.458066702e-02 
9.652984142e-02 
-9.486611933e-03 
-2.665887214e-02 
9.647112340e-03 
-5.394156091e-03 
-1.263627037e-02 
2.241924778e-02 
1.302430928e-01 
-2.005839953e-03 
-1.373545360e-02 
-1.160095818e-02 
-1.475063711e-02 
-4.477681592e-03 
-2.402751148e-02 
3.946764022e-02 
-2.788719721e-03 
-5.889599212e-03 
-2.199728787e-02 
2.402545512e-02 
7.202470303e-02 
1.879002154e-02 
-9.882472456e-03 
-7.864035666e-03 
-2.304192400e-03 
-4.576753359e-03 
1.299571544e-01 
4.272644222e-02 
2.081809044e-01 
2.417350560e-02 
2.030689865e-01 
-3.362037532e-04 
-4.453813657e-03 
1.633166522e-01 
-2.441396937e-02 
-1.016365178e-02 
1.767438650e-02 
7.852542400e-02 
8.720003068e-02 
5.759330466e-02 
1.191957667e-01 
6.776975095e-02 
-1.885668561e-02 
-1.163432258e-03 
9.096369147e-03 
4.802453145e-02 
-2.313453704e-02 
-4.537753016e-02 
-1.715546288e-02 
-5.315460265e-03 
7.236573100e-02 
-2.377886325e-02 
-1.041624695e-03 
2.046506852e-02 
2.667937428e-02 
-1.368625928e-02 
1.435372978e-03 
-1.249018963e-02 
-2.786235511e-02 
1.692682654e-01 
-6.794276182e-03 
2.046875060e-01 
1.654843241e-01 
8.114825189e-02 
-1.127825002e-03 
1.127156690e-01 
6.689433753e-02 
9.913811088e-02 
1.425563358e-02 
-6.433857605e-03 
-1.592916995e-02 
1.362009048e-01 
-8.399551734e-03 
1.517046243e-02 
4.786081985e-02 
9.848698229e-02 
-6.151651032e-03 
1.657608896e-03 
-7.249230985e-03 
-8.430784568e-03 
1.691435128e-01 
1.461001933e-01 
1.548213959e-01 
1.015618294e-01 
-4.646679386e-03 
-7.439880166e-03 
4.097753018e-02 
2.276762575e-02 
4.091255367e-02 
6.897990406e-02 
6.584934890e-02 
1.155113280e-01 
-4.148690496e-03 
-5.136861932e-03 
1.080254391e-01 
-2.280013636e-02 
-6.076732650e-03 
-1.445081457e-02 
-1.850653999e-02 
-2.931212448e-02 
-3.426959272e-03 
9.082102031e-02 
5.675230175e-02 
-5.781517364e-03 
2.172756940e-03 
2.269870043e-02 
8.488456905e-02 
2.573203295e-02 
-7.368803956e-03 
-1.482290216e-02 
-4.666005727e-03 
-4.001039080e-03 
-1.412730082e-03 
2.014915049e-01 
-9.046689607e-03 
-1.881337725e-02 
-1.771526295e-03 
-1.665750891e-02 
7.460440695e-02 
8.899065852e-02 
1.025849506e-01 
3.278541565e-02 
-1.831264794e-02 
1.451258063e-01 
8.793372661e-02 
5.165882036e-02 
-3.589445259e-03 
9.023813903e-02 
-2.381353825e-02 
3.799893707e-02 
-3.305789828e-02 
-2.113385499e-02 
-6.215194240e-03 
-1.710958779e-02 
-1.709387079e-02 
3.846608475e-02 
2.613688260e-02 
-1.747944951e-02 
6.573000550e-02 
-1.250346005e-02 
-2.608006820e-02 
-9.996995330e-03 
-2.060158178e-02 
8.526231349e-02 
-1.525637228e-03 
-3.910227679e-03 
-1.093541924e-02 
-1.315145940e-02 
1.004175842e-01 
-7.805365603e-03 
-1.925005205e-02 
-3.704993520e-03 
-1.293660724e-03 
-3.226326313e-03 
2.064126730e-02 
8.546721935e-02 
1.587403119e-01 
4.314210266e-03 
3.914891183e-02 
-6.683151703e-03 
4.752527177e-02 
2.391355485e-02 
-8.763002232e-03 
-1.568442583e-02 
2.246776223e-01 
-5.556459539e-03 
3.926734626e-02 
1.406275388e-02 
8.072615415e-02 
1.041819081e-01 
-1.497473381e-02 
-9.730428457e-03 
-6.389483344e-03 
5.101142079e-02 
-3.462672979e-02 
-2.225833386e-02 
-1.426381525e-02 
-8.661516011e-03 
6.773559749e-02 
-8.385473862e-03 
1.170738041e-02 
5.479312688e-02 
-1.942123054e-03 
-3.935970366e-03 
1.265949011e-02 
-1.515497547e-02 
-2.280086279e-02 
2.173091322e-01 
-2.890269272e-02 
1.311836988e-01 
1.134555861e-01 
2.707073465e-02 
-2.758758608e-03 
-5.578089622e-04 
5.577420443e-02 
-5.635960028e-03 
-1.578240772e-03 
-5.389307044e-04 
-7.138247136e-03 
4.990097135e-02 
7.583810389e-02 
8.487667143e-02 
-1.211410854e-03 
9.222960472e-02 
1.787746698e-02 
-6.069503259e-03 
-4.390601243e-04 
-1.006396208e-02 
1.064617336e-01 
8.018726856e-02 
7.405060530e-02 
-3.179659601e-03 
-6.131846458e-03 
-1.426019520e-02 
-2.848384436e-03 
2.912075445e-02 
1.941440627e-02 
1.068269312e-01 
4.498889297e-02 
1.732372344e-01 
-2.542531292e-04 
-3.377706977e-03 
5.876120180e-02 
-4.074564204e-03 
-5.087682977e-03 
-6.767679006e-03 
-1.536432933e-02 
-3.533291817e-02 
-7.598725613e-03 
4.325329512e-02 
7.265448570e-02 
-2.216333896e-02 
-7.353540510e-03 
8.384421468e-02 
3.920135647e-02 
3.421677649e-02 
-2.737388201e-02 
-1.004946232e-02 
-9.515336715e-03 
-4.457268398e-03 
-6.069737487e-03 
1.274856031e-01 
-8.820462972e-03 
-1.023983024e-02 
-1.115984097e-02 
-6.930029020e-03 
1.426287144e-01 
3.351944312e-02 
5.814050883e-02 
-3.540769685e-03 
-6.298294757e-03 
1.057252735e-01 
1.702973992e-01 
-5.478635896e-03 
-1.180863008e-02 
4.640758783e-02 
1.397387683e-02 
-2.050898969e-03 
-7.769168355e-03 
-1.441423036e-02 
1.021654606e-01 
-9.091873653e-04 
-1.684863493e-02 
-3.790243762e-03 
1.053891256e-01 
-5.227245390e-03 
1.083865315e-01 
-1.364670927e-03 
-1.435614564e-02 
-4.810058046e-03 
-1.157435775e-02 
7.894113660e-02 
-2.576684812e-03 
-9.708385915e-03 
-1.364506595e-02 
-5.678066052e-03 
5.128934979e-03 
3.353470936e-03 
-5.641120486e-03 
-3.552378155e-03 
-6.451447960e-03 
-2.841846552e-03 
5.441762507e-03 
7.742994279e-02 
9.029536694e-02 
3.151247650e-02 
-3.591236193e-03 
-7.057499141e-03 
-4.928992130e-03 
-2.526026685e-03 
-1.314589474e-02 
-4.831046797e-03 
1.092559472e-01 
4.723607004e-02 
-3.293052432e-04 
1.636680774e-02 
6.040229648e-02 
7.296963036e-02 
-1.169312559e-02 
-3.608320840e-03 
2.312738076e-02 
-7.081421558e-03 
-1.411738247e-02 
-1.934957504e-02 
-1.085758768e-02 
-7.499553263e-03 
7.492768764e-02 
-1.047947537e-02 
-4.427857697e-03 
7.238726318e-02 
7.427224517e-02 
-1.910909079e-03 
2.000678331e-03 
-1.345398370e-03 
-1.788611710e-02 
1.260905862e-01 
-1.236015558e-02 
1.108785644e-01 
-2.731103217e-03 
2.696001157e-02 
-5.099798553e-03 
4.843494669e-02 
2.311574668e-02 
-4.868776887e-04 
-2.134597395e-03 
2.497253567e-02 
-1.127318479e-02 
1.360723376e-01 
4.929647595e-02 
9.921602905e-04 
1.896556094e-02 
1.272151992e-02 
-2.896447666e-03 
-5.717185326e-03 
2.503398061e-02 
-6.624602829e-04 
5.055785179e-02 
1.194811091e-01 
1.344882548e-01 
3.485858440e-02 
-5.823825486e-03 
-2.299508546e-03 
2.870618179e-02 
1.465421543e-02 
9.653506801e-03 
2.749959379e-02 
-1.130152727e-03 
6.533864886e-02 
-9.523191489e-03 
8.659714833e-03 
6.465103477e-03 
-1.387602091e-02 
-3.486117581e-03 
-6.830037571e-03 
-1.782138459e-02 
-2.097982727e-02 
-3.441502340e-03 
2.755872533e-02 
7.616780698e-02 
5.238471553e-02 
-4.790486768e-03 
-4.512269981e-03 
1.110712513e-01 
4.993232712e-02 
-5.718853790e-03 
-1.120323874e-02 
4.399012774e-02 
-4.449024796e-03 
-3.330838401e-03 
8.910766989e-02 
-1.475312933e-02 
-5.667235702e-03 
-9.687073529e-03 
-4.142559599e-03 
5.478542298e-02 
-4.407173023e-03 
-2.571984660e-03 
4.805577174e-02 
2.387489006e-02 
1.314328760e-01 
-1.248317119e-02 
-2.762654983e-02 
-1.837866381e-02 
-6.268570665e-03 
1.235229746e-01 
1.271764562e-02 
-7.947136648e-03 
-3.404730931e-02 
4.151268303e-02 
-6.049469113e-03 
-1.319505274e-02 
-1.488775015e-03 
7.626345009e-02 
2.786093950e-02 
-2.937922627e-02 
-8.995252661e-03 
-1.163335890e-02 
-3.365890356e-03 
-1.248912420e-02 
-1.201256178e-03 
-7.323493250e-03 
-4.173376597e-03 
-2.263141982e-02 
-1.122751040e-03 
4.261944443e-02 
3.630567342e-02 
-1.032991521e-02 
-9.716019034e-03 
-1.031456701e-02 
2.917154878e-02 
1.041837931e-01 
2.694774419e-03 
1.974078119e-01 
-3.133275313e-03 
1.581257582e-01 
-8.348584524e-04 
-1.071110368e-02 
8.613435924e-02 
-8.664807305e-03 
-4.476988688e-03 
-1.197425649e-02 
7.789430022e-02 
-7.682381547e-04 
1.727040112e-02 
1.849782020e-01 
1.312274635e-01 
-1.523930021e-02 
1.237683557e-02 
5.740302429e-02 
1.177179962e-01 
-1.491467096e-02 
-4.021407664e-02 
-2.199259400e-02 
-2.683094237e-03 
9.347990155e-02 
-2.114491910e-02 
-3.575352719e-03 
7.638894022e-03 
1.579108089e-02 
-9.030388668e-03 
6.983368844e-02 
-1.509281062e-02 
-2.341259085e-02 
1.863377243e-01 
-5.323365331e-03 
1.157585531e-01 
2.164611369e-01 
3.826172277e-02 
5.059596896e-02 
1.062640846e-01 
4.046218470e-02 
9.174296260e-02 
1.648296486e-03 
3.095598146e-02 
-1.421528216e-02 
1.467314661e-01 
-1.531251427e-02 
6.168161705e-02 
6.898134947e-02 
1.005415618e-01 
-4.804816097e-03 
2.925573289e-02 
-1.050839759e-02 
-9.953762405e-03 
1.978197098e-01 
1.404610574e-01 
1.460556984e-01 
9.422498941e-02 
-1.461957116e-03 
-3.407089971e-03 
-6.716838689e-04 
1.192631051e-01 
5.168020725e-02 
2.166017890e-02 
2.018622607e-01 
1.170261800e-01 
3.194736317e-03 
-4.856194369e-03 
2.205372453e-01 
-2.543096244e-02 
-3.642922966e-03 
-1.902992278e-02 
-1.953088678e-02 
-3.218321875e-02 
-6.641566753e-03 
7.761514187e-02 
4.264903814e-02 
-2.360472921e-03 
-2.307085786e-03 
5.436727405e-02 
1.660622656e-01 
7.621220499e-02 
4.607787356e-02 
-1.973651163e-02 
-1.018677000e-02 
-2.258762950e-03 
-1.862636302e-03 
1.519986540e-01 
-4.534317181e-03 
-1.976524480e-02 
-6.122739054e-03 
-2.211347781e-02 
-1.989081036e-03 
1.170126870e-01 
1.563860476e-01 
-1.478035119e-04 
-1.515643299e-02 
6.073134020e-02 
4.298316836e-01 
3.878684342e-01 
-4.047407128e-04 
-2.956127748e-03 
-4.262201488e-02 
-7.092587184e-03 
-5.435415357e-02 
-2.366412431e-02 
-3.287239932e-03 
-1.148471236e-02 
-2.835678635e-03 
-1.410704805e-03 
8.369214833e-03 
1.572047919e-02 
-6.584592164e-03 
-2.949876245e-03 
-1.583947055e-02 
-1.568554901e-02 
-1.826192439e-02 
-1.711351681e-03 
-5.081297830e-03 
-2.546893200e-03 
1.143603772e-02 
-2.977765352e-02 
5.274055898e-02 
-5.659866147e-03 
-6.751001813e-03 
3.159617633e-02 
-4.177208990e-03 
3.763004020e-02 
-7.687946316e-03 
1.206224337e-01 
-7.796833292e-03 
-4.997031298e-03 
-1.283576153e-02 
-8.066870272e-03 
-9.056432173e-03 
-1.834465563e-02 
4.725337774e-02 
-1.647549123e-02 
2.724983692e-01 
1.396144181e-02 
1.973230392e-03 
-1.198635623e-02 
8.946442604e-02 
1.365157366e-01 
4.550777376e-02 
-2.604552719e-04 
-4.070028663e-02 
1.648733020e-02 
-3.700115532e-02 
-9.563970380e-04 
-8.057873696e-03 
-9.649503976e-03 
-1.689091558e-03 
1.090268642e-01 
-6.678862963e-03 
6.111554056e-02 
3.667625040e-02 
1.056424156e-01 
1.260625124e-01 
1.403830647e-01 
-1.343767159e-02 
2.171995938e-01 
-3.416229039e-02 
8.447416872e-02 
9.023488313e-02 
4.713985696e-02 
-9.306536987e-03 
-5.131801590e-03 
-5.751383025e-03 
7.704244927e-04 
-1.726598712e-03 
5.282177031e-02 
-2.781442925e-02 
2.300360799e-01 
9.245648980e-03 
1.172831059e-01 
1.193375513e-02 
5.217997357e-02 
-1.460269652e-02 
-4.259624053e-03 
7.267756760e-02 
-1.944407448e-02 
3.531122208e-01 
1.563271880e-01 
-1.292049536e-03 
-1.081208698e-02 
9.439899027e-02 
-2.868393902e-03 
-1.078984328e-02 
1.062578410e-01 
-1.697212458e-02 
2.802507281e-01 
1.178023890e-01 
7.908251137e-02 
-1.172937080e-02 
4.536876455e-02 
5.495719612e-03 
4.138568416e-03 
-2.671981696e-03 
1.272489727e-01 
-9.691420943e-03 
-4.058153555e-02 
-1.449057087e-02 
-6.099800579e-03 
2.018289417e-01 
-4.092073441e-02 
-9.451979771e-03 
-1.512217149e-02 
6.122832745e-02 
5.347758904e-02 
-2.836169861e-02 
-8.474573493e-03 
-6.083868910e-03 
-5.738660693e-03 
-1.083091088e-02 
1.082102433e-01 
-1.512101106e-02 
-2.486813348e-03 
-2.032798529e-02 
-5.598418415e-03 
1.963371411e-02 
-2.452828339e-04 
-1.445684233e-03 
1.877241582e-02 
-7.201719098e-03 
-5.902669858e-03 
2.677853778e-02 
1.024305820e-04 
-3.914845176e-03 
4.618424922e-02 
5.733380467e-02 
-1.449840236e-02 
-3.227131441e-03 
-7.530998439e-03 
6.000361592e-02 
-1.264885766e-03 
-1.472591795e-02 
-9.012594819e-03 
7.942568511e-02 
6.661756337e-02 
6.574239582e-02 
-5.524761043e-03 
-5.917901173e-03 
-1.123830210e-02 
-3.264751285e-04 
7.928733528e-02 
-1.934683183e-03 
-6.767073646e-03 
-6.420391146e-03 
-1.645389199e-02 
-2.532513812e-03 
5.909420550e-02 
1.177532747e-01 
1.241686940e-02 
-1.203572378e-02 
-4.302965535e-04 
7.369414717e-02 
8.258809149e-02 
9.845440090e-02 
-5.015758332e-03 
-1.602126658e-02 
-8.141226135e-03 
-1.069346815e-02 
-9.620113298e-03 
-8.059506305e-03 
5.050133914e-02 
1.316071302e-01 
1.031521782e-01 
-4.315877333e-03 
-3.802902764e-03 
8.444947004e-02 
6.204985827e-02 
-1.392433420e-03 
-9.289345704e-03 
8.652088046e-02 
-2.919178689e-03 
-4.215225112e-03 
1.443716139e-02 
-4.713692237e-03 
-2.562791109e-03 
1.049146056e-03 
-1.178666949e-02 
-5.277369171e-03 
8.459594101e-03 
5.131868646e-02 
4.517990351e-02 
-4.400111735e-03 
-1.061174087e-02 
-8.983267471e-03 
1.258467585e-01 
-1.111120079e-02 
4.910857603e-02 
-7.014384028e-04 
-2.240172587e-03 
-1.089770906e-02 
-6.508760853e-04 
2.436069399e-02 
-2.350136638e-03 
-6.191834109e-04 
1.568696648e-02 
-6.456739269e-03 
3.927353397e-02 
2.111859247e-02 
-5.843324587e-03 
5.112930760e-02 
8.004542440e-02 
8.502797782e-02 
-8.787883446e-03 
-1.518477919e-03 
-5.154822953e-03 
-4.748664796e-03 
8.191085607e-02 
1.035371721e-01 
7.935334742e-02 
-7.598879281e-03 
-1.215719851e-03 
1.607974805e-02 
-2.951909322e-03 
9.448339790e-02 
7.300108671e-03 
-6.018049084e-03 
-1.594330743e-02 
-3.065123688e-03 
-1.151522249e-02 
-2.013303339e-03 
-6.239956245e-03 
-1.270741411e-02 
-1.959917136e-03 
-5.724526010e-03 
-1.952723041e-02 
-6.332969293e-03 
-1.010718942e-02 
5.678191036e-02 
1.331014745e-02 
-5.538838450e-03 
-3.702017013e-03 
5.760520697e-02 
2.732394636e-02 
-1.603054465e-03 
-6.715479773e-03 
3.235065192e-02 
-5.144960713e-03 
-8.729754016e-03 
7.456362247e-02 
-9.472965263e-03 
3.199974447e-02 
-1.621881872e-02 
3.036635742e-02 
-3.510942450e-03 
-6.508051418e-03 
-7.543907035e-03 
-6.421110127e-03 
-4.454932176e-03 
-2.042074688e-02 
-2.601843560e-03 
-1.076982915e-02 
-9.994553402e-04 
6.961489469e-02 
3.345636278e-02 
-2.618344687e-02 
-1.248553861e-02 
-9.250693023e-03 
1.176928878e-01 
-8.758464828e-03 
-1.299062837e-02 
-6.489004474e-03 
4.667497054e-02 
8.984535187e-02 
1.107363701e-01 
-2.866443247e-02 
5.316942930e-03 
-2.518166974e-02 
-3.220727434e-03 
5.438868701e-02 
-4.814356100e-03 
-2.529450692e-03 
2.531655878e-02 
-1.661301032e-02 
-2.355704084e-03 
8.708775789e-02 
2.453228235e-01 
5.025829375e-02 
-1.900498569e-02 
-2.660063328e-03 
1.353304535e-01 
1.160457432e-01 
8.848369867e-02 
-1.870069280e-02 
-1.279265899e-02 
-2.353301737e-03 
-3.536209231e-03 
-2.081118152e-02 
-7.163122762e-03 
6.775829196e-02 
7.472641766e-03 
1.276112795e-01 
-4.829949699e-03 
-1.788709685e-02 
8.460240066e-02 
4.350575060e-02 
1.108084023e-01 
6.753657013e-03 
1.322068572e-01 
2.481903695e-02 
-1.337388530e-02 
-5.885959603e-03 
-2.707723528e-03 
-4.075492732e-03 
-2.419580240e-03 
8.852715790e-02 
-5.145088769e-03 
-5.832773168e-04 
4.526864365e-02 
6.156811863e-02 
-7.362952456e-03 
-3.402851522e-02 
-7.245148998e-03 
1.960823089e-01 
-2.049347199e-02 
1.592552662e-02 
1.754613221e-01 
9.351430088e-02 
-2.640697639e-03 
-4.320091102e-03 
1.229850017e-02 
-3.260235768e-03 
2.412210964e-02 
5.134306848e-03 
-6.286170799e-03 
3.663426265e-02 
-1.827406138e-02 
-1.131146448e-03 
-2.349555580e-04 
1.351995319e-01 
1.017434970e-01 
-2.992941765e-03 
-2.592625795e-03 
-1.277538761e-02 
-7.607862819e-03 
8.457479067e-03 
1.325811446e-01 
8.959187567e-02 
1.500033587e-02 
-1.135899313e-02 
9.273584001e-03 
-1.532508642e-03 
1.246584356e-01 
4.455302656e-02 
2.033855319e-01 
-2.075490169e-02 
-1.028121449e-02 
-1.830654219e-02 
9.772422910e-02 
-1.067497022e-02 
-9.253945202e-03 
-1.521502342e-02 
3.335604817e-02 
-2.669250220e-02 
-9.301286191e-03 
-1.634907722e-02 
1.519823074e-01 
-1.822676323e-02 
-4.880089313e-03 
5.325209349e-02 
-1.045099692e-03 
-4.165099934e-03 
-4.760585725e-03 
-8.009079844e-03 
-1.041647606e-02 
-7.374204695e-03 
-1.401831768e-02 
1.724671721e-01 
-8.570346050e-03 
-1.194713259e-04 
-6.592038088e-03 
2.360152081e-02 
-1.243199920e-03 
-7.427280303e-03 
-6.436127704e-03 
-3.482052684e-02 
-5.420825910e-03 
8.289770782e-02 
-2.081804723e-02 
1.799118668e-01 
-6.102409214e-03 
8.580888808e-02 
-7.768576965e-03 
-1.113342773e-02 
-8.472559974e-03 
-8.730862290e-03 
6.031988561e-02 
-7.490660530e-03 
-1.623679698e-02 
-2.441784739e-02 
-6.951874588e-03 
-1.865938422e-03 
-1.517684665e-02 
-5.023986101e-03 
-7.057108916e-03 
-3.097576788e-03 
-1.436450868e-03 
1.525183767e-01 
5.660927296e-02 
7.183964550e-02 
1.089580357e-02 
-1.055981033e-03 
-7.012824528e-03 
-1.159263775e-02 
-4.357540514e-03 
4.330515116e-02 
1.508709043e-02 
1.076045334e-01 
-8.542373776e-03 
9.637553245e-03 
2.043476701e-01 
-1.100496016e-02 
-8.559210226e-03 
-3.138400242e-02 
-8.313300088e-03 
-1.895026490e-02 
5.926918983e-02 
-8.917630650e-03 
2.236451209e-01 
-2.384730242e-02 
3.661987558e-02 
-1.250496041e-02 
1.441391557e-01 
8.652770519e-02 
-7.396529429e-03 
1.298822463e-01 
2.330352664e-01 
8.530677110e-02 
-1.830105111e-02 
-2.212489489e-03 
-1.632742956e-02 
-7.522717584e-03 
1.486452222e-01 
-7.758418564e-03 
-1.443760749e-02 
-4.230642691e-03 
-1.090127276e-03 
8.519511670e-03 
-1.187396608e-02 
-2.290097065e-03 
7.242687047e-03 
1.288969219e-01 
-1.097885333e-02 
-2.854842693e-03 
-7.018603850e-03 
-1.197823975e-02 
-3.877024632e-03 
-2.105605789e-03 
-8.469842374e-03 
-3.504369408e-02 
1.201163325e-02 
-6.519631483e-03 
7.091203704e-03 
5.292980000e-02 
1.731055826e-01 
2.825004980e-02 
-3.158191452e-03 
6.393231452e-02 
1.806820184e-01 
-3.480646992e-03 
7.302425802e-04 
2.034347504e-03 
-1.006687991e-02 
-1.551128365e-02 
-1.296211127e-02 
-2.748850733e-02 
6.266068667e-03 
-2.858246153e-04 
5.799092352e-02 
-4.302741028e-03 
-1.428525988e-02 
1.144144684e-02 
-1.780245081e-02 
-1.294667833e-03 
-3.195524216e-02 
8.737383783e-02 
5.503800139e-02 
1.210941970e-01 
-1.542078890e-02 
1.081928015e-01 
-1.678305329e-03 
-2.865133248e-02 
7.875514030e-02 
-1.169539057e-02 
1.416251957e-01 
-5.264804699e-03 
-1.901857182e-02 
2.091238275e-02 
-6.864256226e-03 
2.600604668e-02 
6.822879612e-02 
1.474203169e-01 
-2.545308135e-02 
2.088246122e-02 
1.514446735e-01 
-4.063367844e-03 
8.011609316e-05 
-1.949863159e-03 
5.708850920e-02 
1.320095658e-01 
-1.800770639e-03 
8.256904781e-02 
-1.772034448e-03 
-5.403839052e-03 
8.642767556e-03 
1.560408920e-01 
8.349336684e-03 
7.821401954e-02 
-3.178832121e-04 
3.406898677e-02 
1.125032455e-02 
-2.154238895e-02 
-2.020118758e-03 
-3.661996918e-03 
6.668464839e-02 
-9.729840793e-03 
-7.962915115e-03 
-2.213166468e-02 
2.287473157e-02 
-9.126948193e-03 
-5.726772361e-03 
-6.830242462e-03 
-1.602338813e-02 
5.987880379e-02 
1.154902950e-01 
1.018463075e-01 
2.242074534e-02 
1.051011235e-01 
-6.875155494e-03 
-9.021810256e-03 
-4.347215407e-03 
-2.137746662e-02 
-1.806028932e-02 
3.166802973e-02 
-1.392754447e-02 
2.768194862e-02 
-1.927109808e-02 
4.213538393e-02 
1.256651878e-01 
-6.511181127e-03 
-2.652088553e-02 
-1.575410552e-02 
-5.525214598e-03 
-2.762059867e-02 
-1.248147804e-02 
-9.356991388e-03 
1.625933349e-01 
-2.458764240e-02 
1.145728678e-02 
-1.667113416e-02 
1.230680943e-02 
-9.377826354e-04 
-3.206001827e-03 
2.533911914e-02 
1.464490592e-01 
-5.059492309e-03 
2.202469856e-03 
1.408286244e-01 
2.676618844e-02 
-1.843444887e-03 
4.024568200e-02 
-1.489109593e-03 
-5.311424844e-03 
6.631888449e-02 
9.898547828e-02 
9.437967092e-02 
-1.482520625e-02 
4.684001207e-02 
-5.788515322e-03 
6.548105925e-02 
-9.211281314e-03 
-1.050307788e-02 
-1.002532989e-02 
-4.674230702e-03 
-1.097706612e-02 
1.370671391e-02 
-9.714325890e-03 
-1.079783682e-02 
5.694204569e-02 
1.095174700e-01 
-1.551788409e-05 
7.745084167e-02 
6.943738461e-02 
8.683651686e-04 
4.181746393e-02 
5.276859924e-02 
2.068987191e-01 
-1.742424909e-03 
-2.293562982e-03 
-3.140749410e-03 
-8.773801848e-03 
-1.742765773e-03 
-7.025515661e-03 
-3.541703150e-02 
-8.191809990e-03 
-1.836844720e-03 
-5.856105126e-03 
-5.454459693e-03 
-2.023410425e-02 
4.696312547e-02 
-1.402066462e-02 
5.789458007e-02 
-5.436201580e-03 
1.259174794e-01 
-6.075273734e-03 
5.869688466e-02 
-1.792572998e-02 
9.424815327e-02 
5.474749953e-03 
-1.740863547e-02 
4.490356892e-03 
1.484116912e-02 
9.019497037e-02 
2.826415002e-02 
-1.864604279e-02 
-6.622817367e-03 
-8.638308500e-04 
-6.003771909e-03 
2.137397230e-02 
-1.162976958e-02 
7.333936542e-02 
1.746902987e-02 
-9.190132841e-03 
-5.490615964e-03 
-5.829409696e-03 
-6.079711951e-03 
-8.948489092e-03 
2.874150500e-02 
4.402657971e-03 
1.040332913e-01 
3.892585635e-02 
8.472967148e-02 
-1.294886880e-02 
1.707912534e-01 
-7.294652518e-03 
-8.266314864e-03 
-4.341623280e-03 
-3.308790503e-03 
-2.383250976e-03 
-1.100029424e-02 
-1.313026901e-02 
-2.520996332e-02 
2.685797773e-02 
-1.545371115e-02 
1.247751713e-02 
-1.749479026e-02 
2.458943427e-02 
-1.022833493e-02 
-1.940618083e-02 
-1.114694029e-02 
-8.565604687e-03 
1.075926870e-01 
-1.569495536e-02 
-1.965095289e-03 
-3.516653320e-03 
2.692127973e-02 
-1.100900583e-02 
-5.227712449e-03 
-1.112192171e-03 
-2.036397532e-02 
-2.204367146e-02 
-1.056184713e-02 
9.924697876e-02 
5.385733023e-02 
-3.450419521e-03 
8.237279207e-02 
1.053722873e-01 
-5.378312431e-03 
1.286798865e-01 
-1.161545236e-02 
-7.834719494e-03 
-1.481827628e-02 
-1.438147575e-02 
-1.029042341e-02 
-1.556199742e-03 
-2.052089572e-02 
3.853343427e-02 
-9.334122762e-03 
3.863646835e-02 
3.103923239e-02 
8.126221597e-03 
1.338070072e-02 
4.964874685e-02 
2.444702014e-02 
2.086673677e-02 
-1.150628738e-02 
-5.683450028e-03 
-3.059473354e-03 
-3.868958680e-03 
4.007354379e-03 
5.082724988e-02 
9.930721670e-02 
1.591762006e-01 
-2.520384267e-03 
-1.106474269e-02 
-5.433737300e-03 
-2.428700030e-02 
3.173694387e-02 
4.608009756e-02 
-3.997081425e-03 
1.510301977e-01 
-1.681316993e-03 
-6.832339335e-03 
6.428517401e-02 
1.980839297e-04 
-1.557791373e-03 
2.039483190e-02 
-4.851523321e-03 
-1.849726960e-02 
1.490138769e-01 
-3.885193029e-03 
3.196297213e-02 
-1.432213234e-03 
1.313413829e-01 
1.961823255e-01 
8.247486502e-02 
-1.686930843e-02 
-1.130668540e-02 
-1.160343818e-04 
3.914855793e-02 
-9.562607855e-03 
-2.206458338e-02 
-2.881507389e-03 
-9.184657596e-03 
-3.683208721e-03 
3.920823708e-02 
-1.041877829e-02 
1.204719543e-01 
2.087824494e-01 
1.870617718e-01 
-8.366826922e-03 
8.376599103e-02 
2.680595219e-02 
-6.415548734e-03 
-1.576083526e-02 
-4.577743821e-03 
-3.727408126e-03 
-2.782953717e-02 
7.885597646e-03 
1.285894364e-01 
2.561221644e-02 
-1.100820862e-02 
-1.304234657e-02 
5.556287616e-02 
8.197557181e-02 
-3.762957174e-03 
2.287703566e-02 
-3.332926659e-03 
-1.302370243e-02 
3.722125664e-02 
-4.099948332e-03 
1.576697230e-01 
-8.864404634e-03 
-2.455666289e-02 
-4.331152886e-04 
-1.302382443e-02 
5.484277382e-03 
6.838016957e-02 
1.243936941e-01 
2.471035719e-02 
-2.016932704e-02 
1.938618720e-01 
1.048368961e-01 
-1.894523203e-02 
-1.138321683e-02 
-6.589076016e-03 
6.983479857e-02 
1.130412519e-02 
-9.397730231e-03 
-2.259920724e-02 
6.904367357e-02 
-5.054273177e-03 
-2.578073740e-02 
-7.823425345e-03 
9.084901214e-02 
-8.802907541e-03 
9.374807775e-02 
-6.710431539e-03 
-1.835603267e-02 
3.922963515e-02 
-1.796329021e-02 
3.482511640e-02 
-5.168759730e-03 
-9.839389473e-03 
-8.927207440e-03 
-6.413386291e-05 
-5.228583468e-04 
-8.565969765e-03 
-1.153364778e-02 
-6.598452572e-03 
5.280041695e-02 
5.931514129e-02 
1.569252461e-02 
5.007765815e-02 
7.852035016e-02 
4.269791394e-02 
5.702653527e-02 
-3.476645332e-03 
-1.134327846e-03 
-3.519789549e-03 
-5.049621221e-03 
-6.850676145e-03 
5.616627261e-02 
-5.849418230e-03 
2.582256868e-02 
7.340679318e-02 
4.155894369e-02 
1.288859844e-01 
-1.085929386e-02 
-1.064789295e-02 
3.729789332e-02 
-1.009936538e-02 
-4.173638299e-03 
-2.311936952e-02 
-9.776820429e-03 
-6.671793293e-03 
8.314836770e-02 
-1.524925977e-02 
4.006368667e-02 
1.265476942e-01 
8.384232223e-02 
-3.372090636e-03 
5.349203944e-03 
-2.391776536e-03 
-2.100345865e-02 
1.186120436e-01 
-1.553223655e-02 
7.662314922e-02 
-4.882538691e-03 
-1.580479671e-03 
-5.290903151e-03 
6.607706845e-02 
-1.362295006e-03 
-2.721387893e-03 
-3.834949806e-03 
-3.019217402e-04 
-1.485829614e-02 
1.326735318e-01 
-2.980497084e-04 
8.341059089e-02 
-3.222399158e-03 
2.480860427e-02 
3.368049115e-02 
5.756180733e-03 
-4.120788071e-03 
-2.485172823e-03 
1.501847152e-02 
1.163594127e-01 
8.587178588e-02 
-4.976936616e-03 
-7.413581479e-03 
-9.066938423e-03 
6.817994267e-02 
2.698826045e-02 
-3.231667913e-03 
1.111014001e-02 
-7.865973166e-04 
1.381645203e-01 
-1.158344187e-02 
1.882382482e-02 
7.756382227e-03 
-1.373522822e-02 
-7.332268171e-03 
-4.391089082e-03 
-1.762449928e-02 
-2.581297606e-02 
-6.062769098e-04 
1.475341022e-01 
4.244256020e-02 
1.184383258e-01 
-7.265308872e-03 
1.572030596e-03 
1.934590042e-01 
7.900217175e-02 
-8.442462422e-03 
-1.111802272e-02 
2.866881713e-02 
-3.336697351e-03 
2.027598023e-02 
1.245996058e-01 
-1.053316146e-02 
-1.240013260e-02 
-7.285692263e-03 
-6.143886130e-03 
5.430306494e-02 
5.855956674e-02 
1.271364689e-01 
5.265673250e-02 
-2.853562124e-03 
1.135431230e-01 
2.770756781e-01 
-2.269927040e-02 
-1.980378479e-02 
-6.324774120e-03 
1.457850933e-01 
-3.520564409e-03 
-8.672513650e-05 
-2.039878443e-02 
1.100992337e-01 
1.310893893e-01 
-3.255584836e-02 
-3.129978664e-03 
1.200869456e-01 
2.324672416e-02 
1.775674522e-01 
-3.569450695e-03 
-1.806710660e-02 
-1.234347234e-03 
-4.163671983e-04 
8.964814991e-02 
-5.897631403e-03 
-1.174695231e-02 
-1.631103829e-02 
-4.321374930e-03 
3.463859111e-02 
4.619244486e-02 
1.244671084e-02 
-2.600174863e-03 
-1.018024143e-02 
-1.639163704e-03 
8.119132370e-03 
5.648058653e-02 
5.705692619e-02 
7.558545470e-02 
-1.113319024e-02 
3.244017810e-02 
-6.247139070e-03 
-4.399289377e-03 
-1.304383576e-02 
-4.491598229e-04 
2.893789858e-02 
7.116609812e-02 
3.263718262e-02 
7.337995619e-02 
4.543039948e-02 
7.214237750e-02 
-9.282434359e-03 
-1.064374670e-02 
4.922959954e-03 
-2.073078789e-02 
-3.217715072e-03 
-1.862946525e-02 
-6.715457886e-03 
-2.254216932e-03 
1.447712928e-01 
-1.368066389e-02 
2.488645166e-02 
1.369906664e-01 
9.980396926e-02 
-2.360958752e-04 
4.513205588e-02 
7.768838108e-02 
-1.871467382e-02 
1.049992815e-01 
-2.576025575e-02 
4.837905616e-02 
-1.274400204e-02 
5.417409167e-02 
-8.240170777e-03 
1.399448216e-01 
5.445184931e-02 
7.062404603e-02 
4.710168112e-03 
1.489775032e-01 
-2.187118679e-02 
1.999756545e-01 
-1.141980523e-03 
3.517792001e-02 
4.902976751e-02 
-5.166918971e-03 
-5.030394532e-03 
-3.678940702e-03 
3.238666803e-02 
5.322767049e-02 
8.317442983e-02 
1.833257228e-01 
1.748836637e-01 
7.896308601e-02 
-6.557281129e-03 
-7.451542653e-03 
2.643160149e-02 
9.896868840e-03 
-2.966886852e-03 
-3.468674142e-03 
-9.565707296e-03 
4.646416754e-03 
-9.200679138e-03 
-4.187977873e-03 
9.900741279e-04 
-1.597424783e-02 
-2.648225520e-03 
3.164091706e-02 
-2.146312594e-02 
-2.511649393e-02 
1.560053229e-02 
8.053975552e-02 
9.497101605e-02 
2.056778073e-01 
5.643699318e-03 
-1.008479111e-02 
2.174419910e-01 
4.989641160e-02 
-6.193037611e-03 
-1.972761378e-02 
1.592244059e-01 
-4.298189655e-03 
-1.218914287e-03 
7.550249249e-02 
-1.429862808e-02 
-7.866774686e-03 
-1.270310208e-02 
3.252886236e-03 
9.133969992e-02 
9.659816325e-02 
1.432960182e-01 
-6.204553647e-04 
-1.393342577e-02 
2.437990531e-02 
3.845481277e-01 
1.109488308e-01 
-7.474677637e-03 
4.261685908e-02 
-3.219746053e-02 
-2.111898921e-02 
-4.716163874e-02 
-3.118939884e-02 
3.384571150e-02 
-1.048267819e-02 
4.889065772e-02 
-7.343244739e-03 
2.120096982e-02 
-1.114540361e-02 
7.139509171e-02 
-2.425909229e-02 
-1.186715160e-02 
-9.112293832e-03 
-2.029531077e-02 
-9.014055133e-03 
-4.944922403e-03 
7.645254955e-03 
2.092882991e-02 
-1.874864474e-02 
4.291792959e-02 
1.384943724e-02 
-1.455071568e-02 
3.745169193e-02 
-2.018028870e-02 
-3.418473760e-03 
-2.112644492e-03 
1.002549827e-01 
-1.802146062e-02 
-6.154704839e-03 
-6.762675010e-03 
-8.721083868e-04 
-8.568235789e-04 
-3.632189706e-02 
-6.799100898e-03 
-6.578962784e-03 
-6.612751633e-03 
6.092064083e-02 
-1.101946831e-02 
-2.764659375e-02 
-3.162412671e-03 
9.410875291e-02 
1.449634135e-01 
1.404741406e-01 
-2.985856868e-02 
6.048072129e-02 
-2.880233712e-02 
-1.700016297e-02 
-2.152379893e-04 
-4.639581603e-04 
-3.286678577e-03 
2.792118788e-01 
8.580486476e-02 
1.010782570e-01 
9.701955318e-02 
7.657501101e-02 
8.923146129e-02 
-1.449664007e-03 
-2.403999865e-02 
1.575225741e-01 
-2.523360215e-02 
1.788520813e-02 
3.109429181e-01 
1.569012403e-01 
-7.676289883e-03 
-6.536842324e-03 
2.228051051e-02 
-5.158885848e-03 
1.566505991e-02 
9.165370464e-02 
-2.595036663e-02 
2.205733657e-01 
-3.382184729e-02 
-1.630753395e-03 
-1.732835197e-03 
2.114260048e-01 
-1.103399694e-02 
4.363216087e-02 
4.128888249e-03 
-1.428964362e-02 
2.452167571e-01 
6.248567998e-02 
-6.611078512e-03 
-5.830533337e-03 
5.233602971e-02 
-1.534548029e-02 
-4.013032187e-03 
2.070411667e-02 
-7.622207515e-03 
2.720964551e-01 
4.898035228e-01 
5.540747941e-02 
-2.827288397e-02 
-7.109255996e-03 
7.506134361e-02 
-1.193148736e-02 
-7.038951386e-03 
-1.035207137e-02 
-8.185497485e-03 
-3.783907741e-02 
-1.570678502e-02 
4.784382880e-02 
2.083537281e-01 
-4.669688269e-02 
-3.099488327e-03 
2.844191156e-03 
1.121574417e-01 
9.232643992e-03 
-1.848206669e-02 
-1.682214811e-02 
-1.463305578e-02 
-7.273598108e-03 
-2.229665220e-02 
2.093086839e-01 
-2.074194513e-02 
-1.560030971e-02 
-1.510426495e-02 
-1.274301950e-02 
1.140728891e-01 
1.039048731e-01 
1.217892021e-01 
6.237745285e-02 
-2.129442245e-02 
1.984364092e-01 
2.952393293e-01 
-1.911463588e-02 
-1.061506569e-02 
5.511725694e-02 
7.566459477e-02 
-6.761092693e-03 
-1.062631048e-02 
-6.749577355e-03 
5.855784193e-02 
-1.424021833e-02 
-1.713042147e-02 
-4.882883281e-03 
1.624049842e-01 
-1.610982791e-02 
1.538509876e-01 
4.617670178e-02 
-1.735304296e-02 
3.914655373e-02 
-6.998098455e-03 
4.280904680e-02 
4.366002232e-02 
-1.763446443e-02 
-1.679695211e-02 
-1.780983992e-02 
-5.220847204e-03 
-1.400658116e-02 
-1.958765462e-02 
-1.704069320e-03 
-5.967492238e-03 
-6.686608773e-03 
-4.264998715e-03 
8.390355110e-02 
7.386362553e-02 
1.137680560e-01 
-1.334336214e-02 
-4.857399035e-04 
-4.216851667e-03 
-1.047462356e-04 
-1.080620661e-02 
-1.150039956e-02 
7.411346585e-02 
-4.387534223e-03 
4.958947748e-02 
1.327257883e-02 
2.841235697e-02 
3.745086119e-02 
-9.680399671e-03 
-1.578812115e-02 
3.241979703e-02 
-1.532416232e-02 
1.144731045e-02 
8.126810193e-03 
-4.680843093e-03 
-5.179562140e-03 
6.400553137e-02 
-1.631811261e-02 
-7.094923640e-04 
6.596194208e-02 
1.524765491e-01 
3.163005039e-02 
-1.098836772e-03 
-1.237541437e-03 
-1.814641245e-02 
1.347950399e-01 
-2.352647483e-02 
9.482561052e-02 
-8.793410845e-03 
1.801556908e-02 
-1.047155447e-02 
-3.242174629e-03 
-4.475334659e-03 
5.411344767e-02 
1.168778352e-02 
-3.477547783e-03 
-1.609938964e-02 
1.393118501e-01 
-1.519090030e-03 
1.268752664e-02 
-1.291937893e-03 
2.325381339e-02 
-6.915301783e-04 
-1.500610146e-03 
1.010593399e-02 
1.897498593e-02 
8.244358003e-02 
2.088835090e-01 
1.408640742e-01 
-7.645437028e-03 
-1.060461067e-02 
-7.069504820e-03 
-2.580376575e-03 
-2.098288387e-03 
-9.325783700e-03 
-2.005210146e-03 
-1.458415017e-02 
2.189935893e-01 
2.836862952e-02 
1.198606193e-01 
-1.278165873e-04 
-2.220838517e-02 
-1.036331616e-02 
-9.272634983e-03 
-1.824703999e-02 
-2.054934204e-02 
-3.300978569e-03 
1.022167802e-01 
1.449812204e-01 
1.034995690e-01 
-1.524494216e-02 
-4.307185765e-03 
1.415427029e-01 
5.812568218e-02 
-1.364994887e-02 
-7.337373216e-03 
2.512215376e-01 
-2.260886598e-03 
-1.050669327e-02 
2.358186431e-02 
-2.060700580e-02 
-6.775804795e-03 
-1.415228844e-02 
-8.388492279e-03 
1.374950260e-01 
4.321619123e-02 
3.950380534e-02 
-1.063443138e-03 
-1.281856000e-02 
5.634245276e-02 
-1.601236500e-02 
-1.367498748e-02 
4.178996012e-02 
1.890996695e-01 
-1.995628327e-02 
-1.527652796e-02 
-3.149603307e-02 
-1.228900068e-02 
-2.393829077e-02 
-1.678782864e-03 
-3.602299094e-02 
2.007876039e-01 
-5.134773091e-04 
-1.329304930e-02 
3.491956890e-01 
-6.730944850e-03 
-4.535591602e-02 
-1.499511860e-02 
4.956034198e-02 
1.719436198e-01 
4.372499883e-03 
7.728409022e-02 
-1.378066558e-02 
-1.873297244e-02 
1.398445964e-01 
8.161081374e-02 
-3.129920224e-03 
3.754330426e-02 
-3.103005886e-02 
-4.444816615e-03 
-4.544787109e-03 
-6.934018340e-03 
2.488685250e-01 
5.785733461e-03 
-2.534456179e-02 
-2.979233162e-03 
3.241002262e-01 
-7.709467784e-03 
-1.365283504e-02 
9.673695266e-02 
1.470160782e-01 
3.827545792e-02 
-1.222953200e-02 
-6.198649295e-03 
3.535785526e-02 
5.981462449e-02 
-1.633010805e-02 
-2.800480835e-02 
1.603439003e-01 
7.567383349e-02 
-3.679597378e-02 
-2.126530185e-02 
-1.055217534e-02 
9.462636709e-02 
2.250097394e-01 
-3.057720885e-02 
6.831374764e-02 
3.614968061e-02 
-1.542006154e-02 
7.401917130e-02 
2.518389001e-02 
-5.885574594e-02 
-2.783115208e-02 
1.068110988e-01 
-4.934919998e-02 
-8.547474863e-04 
1.710857749e-01 
-6.784357131e-03 
-1.087317988e-02 
-6.929018069e-03 
1.265977472e-01 
-2.453961596e-02 
5.183718726e-02 
1.772712767e-01 
2.100137472e-01 
-2.985460311e-02 
5.161453038e-03 
1.043840274e-01 
1.896470785e-03 
8.741122484e-02 
1.179598495e-01 
-1.190777309e-02 
1.061143056e-01 
5.686707795e-02 
-2.356527373e-02 
-1.187716704e-02 
7.892247289e-02 
1.241007745e-01 
-1.497888658e-02 
-5.418530200e-03 
3.056162223e-02 
-1.299842075e-02 
3.638760149e-01 
-2.386845089e-02 
-2.328523668e-03 
-2.064451575e-03 
7.008627057e-02 
-1.692698151e-02 
2.901550382e-02 
3.883829713e-02 
-4.974957556e-03 
-2.691480704e-02 
-7.040655240e-03 
-3.680131584e-02 
-1.218300778e-02 
-8.515532129e-03 
4.573334008e-02 
-1.278833952e-02 
2.641810104e-03 
3.444473147e-01 
2.419355512e-02 
6.805397570e-02 
-4.011743516e-02 
-1.895865798e-02 
-1.343069226e-02 
-2.950783819e-03 
-8.941117674e-03 
-1.189868199e-03 
-3.319243435e-03 
-1.163769397e-03 
-2.446623147e-02 
1.378330588e-01 
3.509743810e-01 
-1.211870834e-02 
-2.496789768e-02 
1.307965443e-02 
4.619797692e-02 
-1.229831763e-02 
-2.385005355e-02 
-3.869874030e-02 
-1.180325914e-02 
2.060141042e-02 
1.740503758e-01 
-3.316259384e-02 
-1.720872894e-02 
-2.944838628e-02 
3.160872310e-02 
9.699594975e-02 
3.301633894e-02 
-3.247912740e-03 
-4.139427096e-03 
1.312054098e-01 
-6.549628079e-02 
-8.679646067e-03 
-9.571783245e-03 
-1.617513224e-02 
7.773144543e-02 
-5.440309178e-03 
4.463952035e-03 
5.027861893e-02 
-2.094680071e-02 
-2.235735580e-02 
4.836199433e-02 
2.334690690e-01 
6.846171618e-02 
-1.960474532e-03 
-3.003027663e-02 
1.476109400e-02 
6.750817597e-02 
-2.690124791e-03 
1.708026528e-01 
-9.869830683e-03 
2.456109226e-02 
-7.388165221e-03 
-1.923191547e-02 
-3.107099980e-02 
-3.720676061e-03 
1.838313043e-01 
-4.306227341e-02 
1.767776757e-01 
-2.445581928e-02 
-2.709838375e-02 
1.772702932e-01 
4.420350492e-02 
5.518881232e-02 
5.104664713e-02 
2.142001241e-01 
2.295779437e-01 
6.736966968e-02 
-2.403458208e-02 
-1.707185060e-02 
9.628500044e-02 
3.672364727e-02 
-1.407671836e-03 
-1.202552766e-02 
-3.199196188e-03 
1.115478575e-02 
6.040673703e-02 
-1.687775133e-03 
-2.234807424e-02 
-2.493039332e-02 
1.627579778e-01 
1.869152486e-02 
-1.047689281e-02 
4.514636993e-01 
3.175679594e-02 
8.812867105e-02 
7.544413209e-02 
5.834424496e-02 
-8.728060871e-03 
9.614580125e-02 
1.676980555e-01 
-1.463648304e-02 
1.997446418e-01 
-3.625579923e-02 
-6.560819689e-03 
1.330645084e-01 
2.847377062e-01 
4.922538996e-03 
5.032553524e-02 
-2.359148674e-02 
-3.979616798e-03 
1.840438247e-01 
1.458921134e-01 
1.624633223e-01 
2.623231709e-01 
5.559936166e-02 
1.455646940e-02 
-8.176297881e-03 
1.223822087e-01 
1.389628798e-01 
3.550067917e-02 
4.139908254e-01 
-1.354815625e-02 
-1.042033918e-02 
-2.435690537e-02 
3.959119916e-01 
-3.577603400e-02 
-3.408419667e-03 
-3.265752643e-02 
-1.568395412e-03 
-3.261201456e-02 
-9.077247232e-03 
-1.444383338e-02 
1.041226089e-01 
-1.696863212e-02 
4.378569126e-02 
1.024180427e-01 
1.041323170e-01 
8.296877146e-02 
2.349033654e-01 
-2.592057176e-02 
-2.382068336e-02 
1.952213421e-02 
-1.592113450e-02 
8.813781291e-02 
-4.149026237e-03 
-2.289037034e-02 
-2.573513240e-02 
-2.495707944e-02 
-1.089416258e-02 
8.756942302e-02 
1.183325350e-01 
5.847821757e-02 
-1.139004529e-02 
3.226237744e-02 
1.954087615e-01 
-1.609296072e-03 
-6.697631907e-03 
6.246922910e-02 
-2.291714400e-02 
-6.099493243e-03 
-2.677666955e-02 
-2.039337158e-02 
2.429634333e-04 
-6.517977919e-03 
-1.594835147e-02 
4.473304376e-03 
1.008802652e-01 
-1.455463003e-02 
2.654699981e-01 
-2.052968368e-02 
-1.446176693e-02 
-1.318234671e-02 
-1.555449329e-02 
-3.566039959e-03 
-7.557012141e-04 
-4.690078553e-03 
-1.256232057e-02 
-1.261566393e-02 
5.084581673e-02 
7.949341834e-02 
-6.507040001e-03 
7.686774433e-02 
-1.739917323e-02 
-6.626473274e-03 
9.964945912e-02 
1.236136854e-01 
2.513764054e-02 
1.834435016e-02 
5.995720625e-03 
9.428434074e-02 
1.466262639e-01 
-1.076256763e-02 
-2.451131493e-02 
1.010773703e-02 
2.987019345e-02 
1.552589685e-01 
-5.254893331e-04 
-9.291503578e-03 
2.907206118e-02 
6.585291028e-02 
3.495952487e-02 
-2.346086549e-03 
-1.065038145e-02 
-3.632792970e-03 
-3.660856932e-02 
-2.284102142e-02 
1.114374213e-02 
3.103940934e-02 
-1.239374396e-04 
4.029673338e-02 
2.984783798e-02 
3.599630296e-02 
6.014275923e-02 
1.760457456e-02 
-9.313930641e-04 
-2.469221503e-02 
-2.433522604e-02 
1.433076710e-01 
-3.171900287e-02 
1.064115688e-01 
2.418517321e-01 
1.996393502e-01 
-1.278225984e-02 
-2.495225635e-04 
7.265263796e-02 
1.331091374e-01 
-5.344226956e-04 
-3.457384184e-03 
-9.899931028e-03 
9.902406484e-02 
-1.691149920e-02 
1.491047814e-02 
-1.590275322e-03 
1.190555468e-01 
-4.708697088e-03 
-1.954073319e-03 
5.982194841e-02 
-1.127705537e-02 
1.511661056e-02 
3.885941952e-02 
6.451524794e-02 
4.102449864e-02 
-2.570417128e-04 
-1.891187206e-02 
2.331268415e-02 
-5.977406632e-03 
3.868892789e-02 
4.634127021e-02 
2.791368067e-01 
4.890287668e-02 
-6.582994945e-03 
-1.360647846e-02 
-1.860997989e-03 
-1.494968776e-02 
-5.525993183e-03 
-2.313679084e-02 
-1.244513411e-02 
-3.153285012e-02 
-1.696301810e-02 
7.808278501e-02 
2.277936190e-01 
-2.794562653e-02 
-4.572214675e-04 
1.035024226e-01 
3.401062638e-02 
2.392947674e-02 
-2.002199739e-02 
-1.557703875e-02 
-4.358976148e-03 
-9.768061340e-03 
-1.753411442e-02 
2.159540653e-01 
-1.865720935e-02 
-5.397273228e-03 
-7.438142318e-03 
-5.706678145e-03 
1.705704778e-01 
5.889941007e-02 
1.731391251e-02 
1.633552089e-02 
-2.885989845e-03 
8.981452882e-02 
-8.101647720e-03 
9.701599181e-02 
6.522251666e-02 
7.668627053e-02 
-3.956208006e-03 
-3.325442318e-03 
-6.852964871e-03 
-7.013461553e-03 
-7.926248014e-03 
-6.201575161e-04 
-1.668682322e-02 
-3.664590418e-03 
7.161445916e-02 
2.832837775e-02 
1.887968928e-02 
-1.126820408e-02 
-1.717213169e-02 
-5.253569223e-03 
4.472351074e-02 
1.047822535e-01 
3.513157368e-03 
-1.579957432e-03 
-1.298398990e-02 
-1.314855833e-02 
4.322847724e-02 
9.547506273e-02 
3.121859580e-02 
1.081173420e-01 
-1.121501997e-02 
-7.139086258e-03 
6.214621663e-02 
5.376585573e-02 
2.454405129e-01 
-5.805272609e-03 
-9.882877581e-03 
-6.119203754e-03 
-1.263349899e-03 
-1.842536498e-03 
-1.558781229e-02 
4.999336228e-02 
1.935454011e-01 
1.265871525e-01 
-5.279968027e-04 
-2.399735618e-03 
9.577555209e-02 
8.448511362e-02 
-3.621808253e-03 
-1.100277156e-02 
6.009773910e-02 
4.589219019e-02 
-2.141054720e-02 
-6.947719026e-03 
-2.172787907e-03 
4.506646842e-02 
1.657825708e-02 
-1.556289103e-02 
-1.109093500e-05 
-3.347384511e-03 
-4.884971306e-03 
9.051945060e-03 
-6.441591773e-03 
-1.716785133e-02 
-1.539137680e-02 
1.471281052e-01 
-1.568409055e-02 
7.163410634e-02 
6.227347255e-02 
-4.235310480e-03 
-1.519924775e-02 
6.030023098e-03 
5.771042779e-02 
2.751021460e-02 
3.378775716e-02 
-7.926057093e-03 
2.689075097e-02 
-4.508290440e-03 
1.072249562e-01 
-1.678429777e-03 
2.365505695e-02 
7.245790958e-02 
4.172603041e-02 
-6.997243967e-03 
2.526868135e-02 
-1.042634062e-02 
-4.930485040e-03 
1.085106097e-02 
6.666930020e-02 
2.958902717e-02 
-6.176737137e-03 
-2.934052609e-03 
4.172702786e-03 
-9.908199310e-03 
8.466838300e-02 
5.594188347e-03 
-1.284539606e-02 
-4.562659655e-03 
4.931286350e-02 
-8.527465165e-03 
-4.002450965e-03 
-2.303712536e-03 
-8.623330854e-03 
-5.222908221e-03 
-3.629815765e-03 
-2.584360540e-02 
-6.709932815e-03 
1.175257191e-02 
1.257167757e-01 
-8.689044043e-03 
-2.981262282e-03 
2.612120286e-02 
-2.911895048e-03 
-4.111722519e-04 
-1.318122447e-02 
-4.879043438e-03 
3.851025924e-02 
-7.238251623e-03 
-4.072371870e-03 
3.667424619e-02 
-5.755471531e-03 
4.392000288e-02 
-6.703400519e-03 
7.626546919e-02 
1.919278875e-02 
4.896643385e-02 
3.377665579e-02 
2.715182304e-02 
-6.615021266e-04 
1.173908263e-02 
1.288830489e-01 
-1.586330310e-02 
-8.562342264e-03 
4.827336222e-02 
1.844979227e-01 
-7.332457229e-03 
2.783516422e-02 
-6.583321374e-03 
9.766181558e-02 
2.104496770e-02 
-1.781411096e-02 
-4.723370075e-03 
1.620821059e-01 
8.492095768e-02 
2.872043103e-02 
-5.917092785e-03 
-3.936420660e-03 
-5.204121582e-03 
6.536568701e-02 
8.245438337e-02 
-2.685011830e-03 
-1.721542701e-02 
-1.990190521e-02 
-8.307000622e-03 
3.495886922e-04 
9.466767311e-02 
7.287555188e-02 
6.914032996e-02 
-1.444053836e-02 
-9.883005172e-03 
1.123105884e-01 
1.066896766e-01 
1.410403848e-01 
2.841046453e-02 
-1.325332467e-02 
-6.065376801e-04 
-1.620654389e-02 
4.833506793e-02 
-1.073221117e-02 
5.476704612e-02 
5.534552410e-02 
1.791813076e-01 
-1.844583167e-04 
2.393845655e-02 
1.211761460e-01 
5.445241928e-02 
-7.354702801e-03 
-7.632122375e-03 
7.101613283e-02 
-7.028602995e-03 
-1.076666173e-02 
-7.866235450e-03 
-3.179986496e-03 
-9.931353852e-04 
6.123285741e-02 
-1.685918681e-02 
-2.961046528e-03 
-2.634577686e-04 
6.572418660e-02 
2.416348085e-02 
2.245572582e-02 
-1.024752855e-03 
-1.276861504e-02 
1.587052047e-01 
-1.733034104e-02 
1.437709033e-01 
-2.460798947e-03 
4.600220174e-02 
-4.303735215e-03 
4.102875665e-02 
5.967321247e-02 
1.220189333e-01 
1.762559079e-02 
-3.648470622e-03 
-1.408480294e-02 
1.118929088e-01 
-8.907498792e-03 
-5.846078508e-03 
9.441284835e-02 
3.606555611e-02 
-8.788448758e-03 
-5.292214453e-03 
1.315473020e-02 
-3.930909559e-03 
1.100327447e-01 
1.680023372e-01 
1.861267239e-01 
8.297928423e-02 
-3.378564026e-03 
1.120899245e-02 
2.222108422e-03 
-4.643363412e-03 
-7.194634964e-05 
2.916194499e-03 
-1.592523046e-02 
-3.559605218e-03 
1.825841330e-02 
-3.855318762e-03 
3.356325999e-02 
-2.343540266e-02 
-8.377175778e-03 
-8.416706696e-03 
-1.270299219e-02 
-1.775855944e-02 
-5.565446336e-03 
-1.121295383e-03 
1.646041572e-01 
8.921045810e-02 
-5.307060666e-03 
-1.065408625e-02 
9.164568037e-02 
-2.588540374e-04 
-6.056487560e-03 
-7.899082266e-03 
2.196454108e-01 
-7.812400348e-03 
-7.717900444e-04 
4.123907909e-02 
-1.018029079e-02 
2.001839876e-02 
-2.961053047e-03 
-4.514190368e-03 
1.995748654e-02 
4.356192797e-02 
5.132126063e-02 
4.521941394e-02 
-1.759195118e-03 
6.092849746e-02 
-4.010016099e-03 
-5.982756615e-03 
-4.273905361e-04 
4.029844701e-02 
-6.813892396e-04 
4.447954893e-02 
1.004665345e-02 
-1.652767323e-02 
1.220834628e-02 
-3.582516452e-03 
-1.590367965e-02 
-3.767923452e-03 
1.185574010e-01 
-5.432766629e-04 
4.685932398e-02 
-1.630183682e-02 
-1.314263325e-02 
-7.495916449e-03 
-1.009539701e-02 
6.837184727e-02 
-5.223136395e-03 
-6.361460313e-03 
-2.097051777e-02 
-5.299776327e-03 
6.660100073e-02 
1.003636494e-01 
-1.433659345e-04 
3.343097121e-02 
-5.172628909e-03 
-7.356557064e-03 
1.573618650e-01 
1.048623025e-01 
2.089212090e-01 
-2.742826007e-03 
4.083986208e-02 
5.414091051e-03 
4.000347108e-03 
7.460962981e-02 
-2.368316986e-02 
6.855420768e-03 
1.035917997e-01 
1.731601804e-01 
6.149779260e-02 
3.643320501e-02 
9.921521693e-02 
8.669125289e-02 
-8.600030094e-03 
-6.997357123e-03 
2.954273298e-02 
-1.331393607e-03 
-2.633281425e-02 
-2.643182687e-02 
-3.370733000e-03 
-5.360750947e-04 
2.068541944e-02 
-1.496099308e-02 
2.393608540e-02 
1.928219944e-02 
7.478199899e-03 
-9.458409622e-03 
-6.260694470e-03 
-2.056068927e-02 
-1.950933039e-02 
1.771644354e-01 
-1.124383695e-02 
1.435601711e-01 
1.073647067e-01 
8.000362664e-02 
-8.016183972e-03 
5.325484648e-02 
8.543302119e-02 
1.430758089e-01 
-2.448832616e-03 
-1.179383323e-02 
-5.949216429e-03 
3.492443636e-02 
2.065638080e-02 
-3.547956701e-03 
5.024874210e-02 
8.343604207e-02 
1.912566274e-02 
-3.421873320e-03 
-9.144612122e-04 
-1.070515625e-02 
6.803194992e-04 
8.344057947e-02 
1.290812790e-01 
1.125562340e-01 
-6.352650933e-03 
-9.816113859e-03 
6.025146693e-03 
-5.918730050e-03 
7.835898548e-02 
3.809572756e-02 
-1.313506975e-03 
2.606794611e-02 
2.689033933e-02 
-1.134055760e-02 
-1.329920487e-03 
-1.142453961e-02 
-7.966542616e-03 
-1.000311691e-02 
-9.748535231e-03 
-2.500964887e-02 
-3.594102338e-03 
6.920182705e-02 
9.730763733e-02 
-5.395272747e-03 
1.218931377e-02 
4.889012873e-02 
3.788523376e-03 
-1.873685746e-03 
-9.698636830e-03 
-1.125848200e-02 
4.137806594e-02 
-9.534993209e-03 
-5.658805370e-03 
1.530848294e-01 
-8.704444394e-03 
-3.339885734e-03 
7.310047746e-03 
-3.557152813e-03 
4.101187736e-02 
6.252381206e-02 
5.644368380e-02 
2.534756064e-02 
-1.675927633e-04 
8.819703758e-02 
-6.617963081e-04 
-1.281466801e-03 
-4.281992442e-04 
4.506243020e-02 
-2.755317371e-03 
3.445270658e-02 
2.395715192e-02 
-1.231315732e-02 
2.148917504e-02 
-1.911612577e-03 
-1.443882938e-02 
-4.732504021e-03 
1.103293598e-01 
-9.420749848e-04 
4.514990002e-02 
-1.485496387e-02 
-1.245377772e-02 
-5.376552697e-03 
-6.420630030e-03 
1.127379388e-01 
-4.870899953e-03 
-4.508796148e-03 
-2.003687248e-02 
-6.319988519e-03 
6.274859607e-02 
6.476575136e-02 
-1.034190645e-03 
4.934813082e-02 
-2.699891105e-03 
-6.593861617e-03 
1.159269661e-01 
1.032332331e-01 
2.046539932e-01 
-2.705506748e-03 
9.249219671e-03 
-2.337598708e-03 
-1.586142578e-03 
6.217503548e-02 
-2.281498536e-02 
-9.020552388e-04 
1.422889233e-01 
1.265085638e-01 
5.478148907e-02 
3.988048434e-02 
8.130817860e-02 
8.941809088e-02 
-8.736600168e-03 
-4.803265445e-03 
2.772565559e-02 
-2.098381985e-03 
-2.617733739e-02 
-2.232898399e-02 
-1.627817401e-03 
8.348375559e-05 
4.051446542e-02 
-1.196981221e-02 
2.185859531e-02 
3.120297566e-02 
4.659570754e-03 
-8.158108220e-03 
-7.945901714e-03 
-1.374351792e-02 
-1.972476393e-02 
1.584975719e-01 
-1.075962931e-02 
1.187686622e-01 
6.675480306e-02 
5.453993753e-02 
-9.724328294e-03 
5.454040691e-02 
7.796695083e-02 
1.245088130e-01 
-1.653491287e-03 
-9.602421895e-03 
-5.058399402e-03 
4.294151440e-02 
7.044132054e-02 
-3.265917534e-03 
5.381113663e-02 
5.157139152e-02 
1.840572804e-02 
-4.682138562e-03 
4.701826721e-03 
-8.665092289e-03 
-1.664088923e-03 
9.094480425e-02 
1.123767421e-01 
5.446438491e-02 
-7.300233003e-03 
-8.264143020e-03 
-7.465281524e-04 
-6.839821115e-03 
4.700270295e-02 
3.443386033e-02 
-6.524510682e-03 
4.423113912e-02 
1.521912962e-02 
-7.475665770e-03 
-4.688919522e-03 
-7.168201730e-03 
-7.929835469e-03 
-5.164972506e-03 
-8.718607016e-03 
-2.351538837e-02 
-2.844566479e-03 
7.009491324e-02 
8.860310167e-02 
-2.241254319e-03 
-4.396463628e-04 
4.179806449e-03 
-6.577134482e-04 
-3.434632206e-03 
-9.026186541e-03 
-1.005559973e-02 
6.538663059e-02 
-9.107688442e-03 
-3.682900453e-03 
1.060928032e-01 
-9.207461961e-03 
-9.027689812e-04 
5.157284439e-03 
-9.671123116e-04 
2.902253345e-02 
