-0.03276049
0.066466548
-0.01063543
-0.042198669
-0.019694909
0.080040887
0.0045096353
-0.11803918
-0.016094236
-0.087637052
-0.050195791
-0.11778071
-0.099806771
-0.05734079
-0.065074034
-0.041278061
0.062383555
-0.066298246
0.048823215
0.0056895707
-0.043770131
-0.050582297
-0.10368351
0.022373628
-0.070818789
-0.01912191
0.04897562
0.035012595
0.059204653
-0.063870214
-0.065486111
0.016392183
0.10220342
-0.0029417577
0.046970494
0.071468838
0.10722326
0.0048410217
0.054072801
-0.084704019
-0.070044577
0.078135155
-0.036142688
-0.021359144
0.0012834938
-0.016669272
-0.021146815
0.11036345
0.0081518423
-0.012668012
0.020152748
-0.012252242
-0.064707972
-0.058634263
-0.08759851
0.099469796
-0.1882275
0.060111303
-0.016866686
0.02608189
0.074190848
0.0013998266
0.0037064196
0.080767244
0.0031908802
-0.046167787
0.10415864
0.048415549
0.042739276
-0.069015637
0.019940335
0.0003936897
0.015351705
0.012260863
-0.073899336
-0.044528522
0.04074866
-0.08226908
-0.074022099
0.031424362
0.0014656988
-0.067013256
0.065394998
-0.043243434
0.05659138
0.084521562
-0.017118491
0.047223616
-0.016018001
0.063790552
0.03048029
0.070510261
-0.10232373
-0.14246836
0.020914383
-0.032951832
0.007177907
-0.055414036
0.0035288536
-0.034470078
0.11042905
-0.086521
-0.047443554
-0.052403588
0.017876409
0.055757642
-0.026580401
-0.043865655
0.044297189
0.074491292
0.028183147
-0.054911278
-0.060730334
-0.044948466
-0.10557083
-0.13934688
-0.071065322
-0.03296946
0.04860704
0.0017758355
-0.060818255
0.021209691
-0.024240348
-0.024533167
-0.048957691
-0.046660729
0.068451919
0.0091222282
0.0015609554
0.034397442
-0.01913584
0.015088524
0.052876528
0.00073806103
0.029951449
-0.034438238
0.00081184757
-0.076171488
0.017100422
-0.07901378
-0.069185093
0.018787125
0.054264028
-0.055356193
0.0012642589
0.041546211
-0.030870326
-0.04576328
0.021990966
-0.024274616
0.049470369
0.013434473
0.014706993
-0.065268055
-0.07214088
-0.04205367
-0.010571823
-0.056662936
0.014654193
-0.0063281632
-0.071720682
0.033338312
-0.071137026
-0.01042779
0.0034129601
-0.025367698
-0.03359345
-0.0074106841
0.019136477
0.00043545724
-0.0025237491
0.049272221
-0.052178673
-0.02529547
0.029124517
-0.0046046623
-0.046505924
0.078874394
0.043305282
-0.04832856
-0.067805342
-0.023222066
0.040302191
-0.024764275
0.038619589
-0.030557627
-0.050410338
0.022121189
-0.013857893
0.019583968
0.022789866
0.03447042
-0.047710493
0.022463726
0.016837534
-0.081883289
0.015580134
0.049232814
-0.067910254
-0.019800421
-0.071548887
-0.0040971055
0.020808594
0.014701108
-0.017769067
0.038358811
-0.0060707098
-0.062653303
-0.055447061
-0.066933408
0.0093428669
-0.024938673
0.041694
0.014804132
0.017792806
-0.025339907
0.0068492
-0.02151636
-0.070854798
0.0080307042
0.041883472
0.08207389
-0.074679099
-0.041369837
-0.024816621
0.018063739
0.0013131259
-0.11147635
0.035768513
0.022602104
0.05194515
0.016446153
0.033410121
-0.015079959
-0.025941061
-0.022123218
-0.019858215
-0.067744933
-0.060401022
0.018743956
0.0072149839
0.080338396
-0.002490653
-0.037985638
0.024370495
-0.075265817
-0.058576472
-0.026586071
-0.057146825
0.0025381048
-0.0012583956
-0.0009458178
-0.024996556
-0.037712194
0.015815072
0.013414331
0.074699834
0.049119111
0.11976775
-0.029186217
-0.031168927
-0.095998317
0.074250504
-0.057141364
-0.066698402
0.012342623
-0.079638928
-0.054578025
0.009641761
0.04795327
-0.018361161
-0.10163883
-0.071573079
0.05154144
0.12505682
-0.017692808
0.074768364
0.13579112
0.069496103
0.014821103
-0.0040302519
-0.076081976
0.045322303
-0.06642317
-0.1037498
0.10663763
-0.010173894
0.014650594
-0.075807899
0.03305487
-0.047544163
-0.0071698739
-0.24365768
-0.010848094
0.043988839
0.0072952108
-0.0892983
0.0088350028
-0.0018405147
0.018066578
0.0006228931
-0.098807134
0.072915785
-0.0097941691
0.026221462
0.097074918
0.035247993
-0.046793934
-0.059512503
-0.031993542
-0.0071842135
-0.08289969
0.089825742
0.089079611
-0.019985981
-0.040935859
0.032766346
-0.022411482
0.060599871
0.020469893
-0.027308038
-0.11464205
0.011761146
-0.047126807
-0.041853741
0.1160825
-0.042950641
0.080527745
0.01684691
0.047105074
0.039283212
0.0091510667
-0.021302883
0.099243753
0.015041983
0.06669531
-0.068775773
0.00087229535
-0.015061397
0.049559608
-0.090827934
-0.063575357
0.031925805
-0.057290062
-0.0059870733
0.07366132
-0.064099014
-0.12528951
0.11535513
0.086740367
-0.075648285
0.020357085
-0.017317068
0.038737468
0.040457606
0.11548373
-0.017437622
0.15243012
0.10886618
-0.14882313
0.050731674
-0.11463644
-0.0066058822
-0.07624425
0.030196743
-0.012511224
0.059476048
-0.029205611
0.016406769
0.0308311
-0.013195756
-0.02281436
-0.11951414
-0.12909712
0.06111281
0.041439135
-0.057325061
0.023187561
-0.094898239
-0.037977427
-0.080786921
0.0085973106
-0.017336236
0.014253931
0.053327616
-0.0042259912
-0.093895853
-0.060762398
0.01483769
0.079963371
-0.012996349
0.028687702
-0.068632081
-0.010616227
0.024856577
0.039326213
0.05844086
0.033601105
-0.020807343
-0.055516411
0.073534906
-0.014890529
0.058503211
-0.040285088
0.034477837
0.033736877
-0.041837875
-0.051432718
-0.011443672
-0.017761324
-0.033996563
0.012433296
-0.017635647
-0.023841674
-0.053654537
-0.056916546
0.0010695176
0.056353092
0.037342403
-0.010220584
-0.047656242
-0.0054724105
-0.012908483
0.049274303
-0.016929196
-0.06934195
-0.010073952
-0.0093214558
0.0030587078
0.047551166
-0.055636093
0.070965275
0.019118767
0.025632484
-0.044716634
0.059632458
-0.059528437
0.014458998
-0.0013081791
-0.032847475
-0.00014870771
-0.087133378
-0.064325429
-0.012366456
-0.061302282
-0.016469549
-0.015942542
-0.018445402
0.052884769
-0.044997789
0.049910143
0.075244814
0.073798984
-0.085318297
-0.018100521
-0.05905785
-0.0028285554
-0.009919079
-0.031837162
0.034852009
-0.038846809
-0.068550847
-0.018798906
0.050801519
-0.016872868
0.033685423
-0.012066003
-0.04053355
-0.0028397867
0.050572712
-0.01123186
-0.019128952
-0.026249789
-0.013911396
0.039497614
-0.059527755
0.054725803
-0.013211983
-0.065595306
-0.0091834664
-0.069536887
-0.011100318
-0.061562546
-0.04181432
0.013589485
0.015193023
-0.066718251
0.029583713
-0.00096639409
0.019648677
-0.0049724597
-0.0433737
0.056845337
-0.042830523
-0.058845602
0.037657857
0.0043734382
0.035854179
0.039940003
0.02692469
0.032704018
0.039614897
0.010477458
0.046324238
0.023019854
0.041369088
0.0086147338
-0.020080674
-0.041464563
0.0076877852
-0.0054118582
-0.042638499
0.0023945093
0.093109444
-0.073149435
0.0042715995
-0.047608554
-0.033148553
-0.050461672
0.027067831
0.0037671195
0.034531407
-0.033361558
-0.069229335
0.066444702
0.010701277
-0.0048202262
-0.027582336
-0.059164155
0.070277713
-0.015254317
-0.092140056
0.018419875
0.013169976
0.034419015
0.089542434
0.052075047
-0.023219666
-0.076121904
-0.041212998
-0.050243713
-0.048949368
-0.0097609144
0.0067059007
-0.088034965
0.051770516
-0.065855913
0.019207565
0.045027081
-0.049543012
0.029058062
-0.036963876
-0.014465505
0.036867604
-0.10460646
-0.029481269
-0.022453144
-0.036257401
-0.058126334
-0.061940718
0.087297656
0.0016561421
0.080077417
-0.044407371
-0.081523389
-0.045744471
0.051807404
0.095283262
-0.043223292
0.023916084
-0.085740827
0.03115084
-0.023530174
-0.0301647
0.078973018
0.0039864816
0.029860798
-0.038298819
0.021525299
-0.060402393
0.041012648
0.055124905
0.012916239
-0.040501036
0.0095918337
0.076773144
-0.04871776
-0.056914687
-0.10649011
0.019939901
0.040500015
-0.054456316
-0.105522
-0.088849217
0.0036903264
0.043283913
-0.074017316
8.8590859e-05
0.049537227
-0.04961884
-0.034224581
-0.03503539
-0.055049732
0.054679073
-0.0090014543
-0.023619335
-0.0013470806
0.054388579
-0.083891355
0.044396367
-0.0805078
-0.016921503
-0.035280269
0.032265533
0.036897626
0.035068132
0.079747625
-0.064918675
0.010345341
-0.023762913
0.0081704129
0.063671701
-0.045823716
-0.044542067
0.053320177
0.037554722
-0.049346529
0.0079417555
-0.035656761
-0.0469281
-0.0085372552
0.056109991
-0.059188273
-0.0086499779
-0.080203973
-0.075778216
-0.051327594
0.01961834
-0.058740657
0.073879153
-0.06295608
-0.11410215
0.046487935
-0.0083016735
-0.033953696
0.06984821
0.054126311
0.062304411
-0.070264325
0.03481257
0.096339338
-0.0060739047
0.009715165
-0.04528781
0.077622429
0.067614272
0.0017880691
0.01026533
-0.044016156
0.04455889
-0.058519088
-0.062221486
-0.058212858
-0.082961045
-0.042286489
-0.060793418
-0.00043249869
-0.024357602
0.0073203873
-0.038716506
0.049661871
0.0015570186
-0.0088614207
0.029785743
0.0090301773
0.075027108
-0.027796729
0.01702605
0.052014735
0.065612942
-0.0081267208
0.031614773
0.064425223
-0.049583945
-0.079983242
-0.0054070977
0.059415199
-0.0073429295
-0.030427847
-0.061051257
-0.059246402
0.064645804
0.047220182
0.013717844
0.04936504
-0.057750758
-0.013368669
-0.038210865
-0.04080322
0.0052386378
-0.024731928
-0.019605445
-0.083207667
0.01759827
-0.0096710678
0.08681298
0.0092082415
-0.017511182
-0.0088557629
-0.006748795
-0.012780482
0.0091025932
0.0023544533
-0.026189601
0.048841044
-0.0059350436
0.074876629
-0.055002019
0.0065722009
-0.0070964731
-0.020521658
0.0049954946
-0.040594913
-0.12447784
0.012249099
-0.022063795
-0.0035340181
-0.023341289
0.05649567
0.072384618
0.044991549
0.041677989
-0.071702383
0.045598023
-0.049443185
-0.025515193
-0.012715843
-0.0032462119
0.058677156
0.00034162193
-0.075446062
0.018338529
-0.11557773
0.032508966
-0.011861172
-0.031240357
-0.0074401288
-0.0046393303
-0.0039228438
0.0050813337
-0.11806144
0.042799186
-0.0012818123
0.050211277
0.030755114
0.063974373
0.061147161
-0.030889478
0.054949645
-0.0329738
0.016299298
-0.010546871
-0.0076510939
-0.035829216
-0.069371507
0.038974311
0.001036688
-0.052204575
0.045030821
-0.072508723
0.073458739
-0.01483623
0.057252586
-0.017985836
0.088062882
-0.0025931657
-0.016049659
-0.0044875401
-0.08977887
-0.046078835
-0.045425963
-0.018186076
0.0051987935
0.040331427
0.0062673264
0.074441314
0.037313774
0.070777722
-0.0011208371
0.019829499
-0.010651564
0.023781639
0.0049438421
-0.0095623713
-0.011369189
-0.0078839594
-0.057122175
0.0016799677
0.020481769
0.044285666
0.056771517
-0.0076429192
-0.061507359
-0.031541891
-0.086306505
0.050170641
-0.062499858
0.029230718
-0.035502553
0.025610404
0.033383552
0.009293139
-0.022644836
-0.035657801
0.04552827
-0.060712449
0.040877085
-0.048641779
0.029054606
0.04319657
0.029756365
-0.039658211
0.0023535949
0.030443322
0.00086202245
-0.055767
-0.044609927
-0.018090805
0.045595307
0.05425312
-0.065312415
-0.024742655
0.049628958
0.013499033
-0.014928778
-0.06397853
0.032944825
0.094479263
-0.076087236
-0.020820094
0.027381498
-0.022417616
-0.04238832
-0.0087914402
-0.024117522
0.027537391
-0.038658384
0.039010316
-0.043414094
0.0053587453
-0.048844773
-0.054124366
0.0087274099
0.03961036
0.057062428
-0.027096098
0.040529396
-0.039792631
0.0026277609
0.0079256408
-0.032137714
-0.024870345
0.026029399
0.018744625
0.066912487
0.030273572
-0.028188985
-0.055779774
0.066428848
0.028292758
-0.029006394
-0.027503859
-0.062257919
-0.025187075
0.031318448
0.02535768
0.020832181
-0.068280809
0.089442112
0.047953583
-0.046481222
0.050154306
0.0096669085
0.002321728
-0.0074704424
-0.037822008
-0.033250786
0.062190853
-0.00089538295
-0.049241733
-0.029871447
0.0488635
-0.0243579
0.011228261
-0.02498739
0.049611721
0.0016111903
0.097920947
-0.0687273
-0.082606785
0.064386688
0.027931863
-0.02342025
0.028452802
-0.025456622
-0.022139546
-0.039113808
-0.04259786
0.052521266
-0.071204476
-0.0050630416
-0.054972403
0.0096122529
-0.067166433
-0.0081587834
-0.0054146918
-0.074236378
-0.035123847
-0.044706728
0.070821315
-0.076242357
-0.077240497
-0.067555144
-0.022121681
-0.023666909
-0.089751236
-0.037913416
-0.046516731
-0.015829677
0.047637597
0.075299658
-0.034740306
-0.043154772
-0.013002803
-0.031505909
-0.069142565
0.039547194
-0.058723267
-0.018577594
-0.069584332
0.083409175
0.066961549
0.019833138
-0.012066608
-0.024531849
0.051039055
-0.00055375893
-0.051226094
-0.015735382
-0.039743222
-0.059769738
0.061049011
-0.049727969
0.040633637
-0.029636728
0.016393645
0.018378846
0.022651568
-0.01899635
-0.029298926
0.044785295
0.020622326
-0.0321978
0.085555896
0.067052022
0.002253711
0.060086779
-0.037516415
-0.05961467
0.024240248
0.014788263
-0.041722681
-0.093645215
-0.00049381645
-0.086993158
0.079302117
-0.018756617
-0.02788325
-0.022174714
-0.021462226
0.028798915
0.0078495508
-0.056505088
0.071731761
0.038250368
-0.028046107
0.086154461
0.011708183
-0.066184372
0.019834844
0.014499769
-0.056226626
-0.027662113
-0.06873326
-0.039545096
0.062225141
0.026231673
0.031373873
-0.073480912
-0.036944486
0.013075905
0.027498707
0.071770199
-0.074629724
0.0095761539
0.066769928
-0.069844663
0.026647715
0.031226454
0.051356599
-0.073286042
-0.0032674796
-0.080344632
-0.028893927
-0.012706669
-0.016485896
-0.069422528
0.056176431
-0.0033965362
-0.01090265
0.057547629
0.0094485553
-0.044304278
-0.028160645
-0.021431724
0.045792177
0.017873257
0.029663555
-0.015538567
-0.017796678
0.036197051
-0.059338361
-0.091109507
0.0079216119
-0.061322916
-0.050740793
-0.0019838742
0.043051597
-0.06108902
0.036197029
0.042629793
-0.0021999434
0.056347277
-0.0047253165
0.041592602
-0.065231889
-0.038057476
0.014404454
-0.077248931
-0.034091711
0.025591517
-0.02821438
0.013388847
0.0097233402
0.019099066
-0.055656914
0.031604484
0.018017221
0.055742074
-0.0021456748
0.046256036
-0.044808835
0.034296263
-0.022308595
0.057021074
-0.083872952
0.036511552
-0.055102274
0.033334568
0.057657581
0.014656642
0.050907128
0.06427297
0.045041665
-0.03196593
0.036178093
-0.0093830312
-0.056638855
0.0085196858
0.031746805
-0.033987772
-0.052749168
-0.079351835
0.070271455
0.023343097
-0.04769453
-0.030988561
0.0081081744
-0.042384233
0.058768574
0.0097061032
-0.0034663945
0.0331879
-0.051635534
-0.037750743
-0.071082763
-0.011987446
0.044843238
-0.030780539
0.00056303956
0.037619632
0.0053846706
0.042724319
0.06221899
-0.0435162
0.043183446
0.018335994
0.04920309
0.0064784209
0.084902614
-0.037997264
0.074878141
0.07254108
0.034254953
0.0070639797
0.037213489
-0.0017603833
-0.070334069
-0.080285124
-0.044917855
-0.038337663
0.010022394
0.016075561
0.044433054
0.011841758
0.034322932
-0.017047349
-0.0055427095
0.036758825
-0.048833109
-0.046490986
-0.046658631
-0.074220292
-0.021037787
0.057432923
-0.029993501
-0.033454265
0.067199133
0.02951742
-0.066752031
-0.015768243
0.033201858
-0.025816223
0.042058054
-0.053909358
0.009491466
0.037190005
-0.018551035
0.047928289
0.013860423
-0.086343825
0.075210087
0.025274049
-0.012940372
0.049499743
-0.017411478
-0.091642231
-0.043912441
-0.022911748
-0.061232977
0.023370311
-0.026714621
0.064378865
0.047380112
-0.024066061
-0.053192649
0.0087942677
-0.026790138
-0.038754243
0.038296748
0.073088214
-0.011891267
0.037239902
0.0031390334
0.031089144
0.062718548
-0.058284041
0.045659661
0.037236311
0.0050929617
0.070907779
0.05658162
-0.0087348949
-0.0074148956
-0.033601653
-0.015412437
0.0026247047
-0.044497486
-0.030564599
-0.037251029
-0.030403469
-0.050385457
-0.057082314
0.10054109
-0.10963546
0.029747136
0.036780424
-0.080494829
0.023525011
0.06607946
-0.092189491
0.00095766794
-0.023593254
0.11154445
-0.07067439
-0.01579053
0.073662288
-0.032101721
-0.081910156
0.058922563
-0.028590363
-0.030203585
-0.0079565672
-0.011109125
-0.055849984
-0.05323828
-0.075323313
-0.049143314
0.034641095
0.0055006822
0.0682588
-0.045773871
-0.054439709
0.0031771874
-0.027334588
-0.021971647
-0.0767041
-0.053896375
-0.012747106
-0.023965111
-0.08409588
-0.03249941
-0.030984187
-0.06244069
0.06246756
-0.073613979
0.10421847
0.020626653
0.073420949
-0.031229435
-0.048664775
0.021247795
0.051505186
0.0010150631
-0.00516637
-0.022429137
0.022527924
-0.01335446
-0.042989612
0.047901686
0.014386344
0.041686729
0.0092541026
-0.058452804
0.054195981
0.02706448
-0.015497296
0.074144915
-0.023730896
-0.02388191
0.093346998
-0.062007666
0.069923967
-0.0015810899
0.016218396
0.047272813
-0.04041886
-0.080155112
0.04128534
-0.04469566
0.098628283
0.083500139
0.010950183
0.08187151
0.070968464
0.08408919
-0.068276107
0.058416426
-0.00026840961
0.066426545
0.05730962
-0.043770224
-0.056559812
-0.041415438
0.050376546
-0.04939156
0.056514051
-0.0070218663
0.049770936
0.021518692
-0.010243179
0.039072726
-0.045188595
0.015106113
-0.048343882
-0.057768486
-0.0074980562
0.034688607
-0.034486201
-0.10213398
-0.002692929
-0.017112819
-0.0090443837
0.042480189
-0.035012107
-0.060339391
-0.028569261
0.053467561
0.027801566
0.044548757
-0.052125167
-0.031085368
0.015645914
0.058859918
0.054530289
0.010695743
-0.045804676
0.057981651
-0.0029049015
0.023688434
0.029693156
0.017068822
0.0020957496
-0.05842061
-0.063758649
0.010380154
-0.0082794176
-0.050962593
0.029351067
-0.03908224
0.0094616469
-0.013705203
0.040408108
0.039055102
-0.005252053
-0.064700142
0.037597775
-0.043931793
0.016824765
0.050029542
0.038257621
0.066402815
-0.055486504
0.054376628
-0.068717346
-0.0091157723
-0.053104214
0.051642872
0.0097289216
0.025607865
-0.020493325
0.0052532717
0.069895104
-0.12312973
0.065960869
0.076301001
-0.0097333519
-0.011712331
0.01110181
0.055011824
0.047508843
0.046454895
0.05915546
0.021653218
-0.033001009
0.0080008339
0.0036522388
-0.055090841
-0.016548485
-0.043156639
-0.037159838
-0.061777033
-0.01224889
-0.056812771
-0.03335233
-0.048561327
-0.0053512445
-0.0045031151
-0.015650444
-0.020921586
-0.023582213
0.062440585
-0.04901446
0.0084242299
0.043533176
-0.03532812
-0.038088348
-0.031773102
0.0046187104
-0.0070458236
0.036045089
8.8618741e-05
-0.0044367746
-0.023532646
-0.0055349539
0.031501647
-0.029096968
0.054061808
-0.046270158
-0.08328104
0.015475729
0.057969671
0.055383481
-0.067489453
-0.017474517
-0.007732444
-0.050920494
-0.0057176622
0.011215283
0.021149904
0.053130902
0.012159672
0.057410341
0.020921374
0.025561346
-0.020871703
-0.034968723
0.0068271016
0.0090929037
0.0020157241
0.051714282
0.0031353817
-0.065928273
-0.0076481556
-0.056650352
0.08855857
0.055788759
-0.052233137
-0.0032821279
0.040512856
0.024371667
-0.045307137
0.024310118
-0.036822144
0.02576432
-0.030844755
-0.071302205
0.038926512
0.08471752
0.03603157
-0.062061645
0.039094847
0.034656011
-0.0067881388
-0.010380886
-0.073728569
0.043586172
0.046290077
-0.010348586
0.029841065
0.021285169
-0.022492748
0.058600813
-0.066583268
-0.01209906
0.041707817
-0.025186831
-0.026589083
-0.045293391
-0.098059699
0.05317644
0.010346562
0.01280666
-0.067725301
0.03596703
0.0075779911
-0.054865409
0.025100127
-0.037895001
-0.05793611
0.064199857
0.0068731527
0.038119879
-0.03560435
-0.040950265
-0.040709637
-0.059302106
0.036634918
-0.061166275
0.050533831
-0.012171655
0.057967633
-0.030510798
-0.0038505583
0.00088730425
0.00020095037
-0.029121393
0.024116132
0.044478957
-0.046310619
0.027467299
0.076567866
0.011136915
0.023968874
0.049962457
-0.033256315
0.069092855
0.045906968
0.019469844
0.028747968
-0.01264866
-0.058588259
-0.037100725
-0.038695019
-0.022384608
0.056041524
-0.10007906
-0.046214789
-0.0082420912
0.042802613
0.04771173
-0.020831935
-0.033490792
0.018251443
-0.087268241
-0.018105812
-0.066148035
0.054872915
-0.05570602
-0.042720087
-0.036870562
-0.020608699
0.015415329
0.069677472
-0.025933387
-0.02315579
0.047427792
-0.0055197449
-0.027857872
-0.062001981
0.021256611
-0.00053476158
0.010407529
-0.049703024
-0.029475991
0.031326868
0.043594845
-0.078316644
-0.037004575
0.04903825
0.060119312
-0.083057471
-0.054062214
0.064352825
0.059451289
0.10336101
0.045860566
0.024718426
-0.068676397
-0.0012635472
-0.026953712
-0.031306762
0.030326428
0.056182206
-0.015400779
-0.045835428
0.042666212
-0.086643703
0.0065354654
0.016716961
0.014339403
0.052038755
0.042002328
0.012328755
0.032404896
0.059627715
-0.00067909615
0.031897899
0.0065036146
-0.002179285
-0.053823676
-0.074040934
-0.0081417961
0.029365234
-0.083875097
0.0085098334
0.0042438121
-0.038726043
0.082655467
-0.056060515
-0.026325671
0.032949064
0.082653686
-0.046430685
-0.0073484606
-0.085951068
0.029524241
-0.010669292
0.044457335
-0.015000952
0.062113531
-0.071125954
0.027518161
0.052116275
0.087060511
-0.04695411
0.032739878
-0.044493623
-0.043104324
-0.054855462
-0.066860631
-0.014950727
-0.077225022
-0.0624079
-0.08830177
-0.003914448
-0.067169033
0.071050085
0.08807566
-0.04570625
0.074187741
0.047939088
0.00032711789
0.060062923
0.030576054
-0.012780883
0.038303722
0.040381566
0.0068231579
-0.021599403
-0.055721492
-0.068570308
-0.045893792
-0.008752034
-0.016440699
0.015596486
-0.0048724418
-0.0412158
-0.0035983205
0.027566919
-0.0081382133
-0.055070076
0.089322753
0.0066224542
0.04956029
0.036421373
-0.042466585
-0.030696914
-0.0064097573
-0.0036283487
0.031305302
-0.042068057
-0.03859907
-0.024475148
0.0057669934
0.037122734
0.024176097
-0.070194907
0.011487076
-0.043613739
-0.0064789294
0.039339192
-0.079002328
-0.025725132
-0.037497252
-0.087104149
0.017843308
-0.043066986
-0.038769044
-0.027640473
-0.021267857
0.041304406
-0.049690235
-0.067808256
-0.038197298
-0.031249547
0.025675792
-0.0051210877
0.084924519
0.017152134
-0.019793602
0.034510959
0.068956815
0.0475788
0.044067521
0.11790833
-0.11655936
-0.017904364
0.0089511974
0.030324616
0.044436775
-0.018843537
0.0070106545
0.018900195
-0.017903509
0.0050063529
0.025740126
-0.066740833
-0.026172085
-0.040096339
-0.065103486
0.080713399
-0.022673933
-0.018467888
0.057655238
-0.0032536869
-0.046464149
0.0061895247
-0.016279049
0.07372459
0.070419185
0.054247294
-0.019388292
-0.013427271
0.082513742
-0.01149121
0.024420915
-0.0167777
0.063298941
0.013807595
0.074383833
-0.069534495
0.060812786
0.022084054
-0.074221149
-0.063766763
0.050655287
0.085826576
-0.0026253648
-0.021439277
-0.0077633569
-0.002729676
0.038544919
-0.035561077
0.035832234
0.063925296
-0.012630273
0.053306676
-0.01754535
0.029478809
-0.079334877
0.015901241
0.071552604
-0.042511921
0.024253491
0.039659463
0.0033382191
0.00047879765
0.040865265
0.091656566
0.011620372
-0.038104922
-0.029754175
-0.053979643
-0.017859537
0.048431244
-0.059164695
-0.057901163
0.011201316
-0.0043275403
0.044194926
0.033671226
0.085049927
0.019603133
0.0059198914
-0.0092120785
-0.033830639
-0.014997858
-0.029534739
-0.079457462
-0.0018905477
-0.0042165238
0.017884454
-0.038686164
-0.058668684
-0.070096187
-0.10855807
-0.074613959
-0.036579441
0.037861709
0.084555812
-0.08063256
-0.019459488
0.045551322
-0.085447058
-0.048645854
-0.042234007
-0.0038682336
-0.0075468551
-0.03474373
0.064755939
0.027489448
-0.0057948413
-0.10748624
-0.030680725
0.04103006
0.019776965
-0.056450617
-0.044707056
0.048876878
-0.040324923
-0.074855663
0.025838353
0.057132162
-0.085836954
0.041858744
-0.051020943
0.04233709
0.050834171
-0.044314627
-0.0011387552
-0.076334693
0.015389564
0.014318675
0.010595561
-0.022859104
-0.065734722
-0.099907666
0.050051242
-0.060136586
-0.091991194
0.043473594
0.0066802334
0.0065059965
-0.020357698
0.068146028
-0.073502757
-0.058798481
-0.04735608
-0.082618468
0.028875843
-0.097399369
0.00044557569
-0.077471331
0.001259996
-0.019291304
-0.020222653
0.061185908
0.077322528
-0.041733049
0.039636895
-0.0059583806
0.031399731
0.065692849
0.062995359
-0.088791929
0.098007657
0.061000772
-0.041951917
0.097241111
0.025709279
0.052039199
0.064142227
0.045229834
0.040383421
-0.064428642
-0.055824604
0.051203799
-0.014273476
-0.0093306424
0.051707808
-0.038538136
0.071011968
0.011806949
0.068782084
0.056054134
-0.04306265
-0.0089173103
-0.01008281
0.074744754
0.081036158
-0.026347082
0.066303462
-0.061104264
-0.017226417
0.060253207
0.029149381
-0.0103672
-0.0049068239
-0.079651594
0.010959011
0.045854654
-0.047741089
0.02849107
-0.036909282
0.0069703115
0.055019099
0.10946797
0.00097015116
0.042507876
0.055063665
0.056260027
-0.049560208
0.020921001
0.032229934
-0.062025312
0.017561812
0.069770046
-0.045945071
-0.00043767155
-0.017208084
-0.0070983693
-0.039323613
-0.021591831
0.014574517
-0.058124129
0.067279026
0.026377199
-0.02208476
0.014311848
0.037052106
0.057828955
-0.054045867
0.031805068
-0.01449692
0.042763457
-0.046670984
0.0087656369
-0.052089959
-0.037353214
0.071636349
-0.0051431577
-0.044654608
0.025814487
0.041653458
-0.033793584
-0.013915315
-0.0079116542
0.017880389
-0.0041354815
0.063773602
-0.038380712
0.032575622
0.036137849
-0.027050499
-0.0050373683
0.016016584
0.0022030978
0.062276911
4.5245968e-05
-0.010665121
0.049731784
-0.020676751
-0.0025722485
0.0093456144
-0.03971551
-0.044068277
0.063699968
0.014706097
-0.032147806
0.03325171
-0.036158077
-0.019029653
-0.017419359
-0.021068657
0.038846396
0.011798377
0.039968569
0.0024489795
-0.051054925
0.073032886
0.071532831
0.055136111
-0.0040879264
0.044218011
0.032226115
-0.0072814203
-0.080504142
0.029549107
0.036246661
-0.061401773
-0.026382402
0.019591346
0.034404777
-0.027003992
-0.065783508
0.022844337
0.024802312
-0.036688879
-0.028330605
0.0020402474
0.036668602
-0.047346994
0.027236929
0.045532074
-0.042478792
-0.0061705927
0.0061563663
-0.022782411
0.067421049
-0.048270062
-0.011624373
-0.062527165
-0.036294211
-0.05749803
-0.040084101
-0.064735457
-0.038250923
-0.053731993
0.021228759
0.0088348426
-0.037383799
0.044859111
0.029633287
-0.025781648
0.017199839
-0.043666728
0.055407964
-0.085267983
0.048105311
-0.058095999
0.0096680978
-0.03081149
0.073913001
0.021822613
0.014319466
-0.046992678
0.049317975
0.017970657
0.014446081
-0.052637633
0.024839455
-0.023502171
-0.027931925
0.032798968
-0.0010803009
0.0055062803
0.038619664
-0.071492046
0.022157628
0.011364281
0.059846703
-0.061784007
0.040834486
-0.025123375
-0.036913317
0.0047967085
0.044690117
0.019228589
0.021253187
-0.04781026
0.0051786862
-0.051084246
-0.01068786
-0.0063271928
0.027151147
0.03947515
0.028201327
-0.038071327
-0.049378023
-0.030876942
-0.011740119
-0.056235813
0.043892451
-0.061766528
-0.047341123
-0.01990122
0.0059231604
-0.071513094
-0.025044765
-0.068731979
0.05636454
-0.050440475
-0.0073365695
0.037428141
-0.023124885
-0.020743877
-0.0075059454
-0.026994368
-0.083485425
-0.099563628
0.051217556
0.019539399
-0.010704963
0.037618428
0.0086799031
0.018184016
0.070122421
0.038424429
0.058623556
-0.010726238
0.083230346
0.015889578
0.038296953
0.021273451
-0.010134777
0.00067987409
0.044373162
0.027627049
0.011609585
0.025828324
-0.062293794
0.04293067
0.0066406573
0.081913546
-0.029220298
0.039343428
0.0081739379
0.057046261
-0.014318128
-0.017446175
0.062699266
0.069960132
0.002980429
-0.051494006
-0.065735206
-0.01693229
-0.0084840581
0.011012991
-0.00077829143
-0.045384463
0.051216759
-0.063422628
0.060654476
-0.0034681768
0.052234635
-0.032602586
-0.018855317
0.057587646
0.016702607
0.0051504844
0.056708384
0.012621522
-0.0013600481
0.0652624
0.035068177
0.10324615
-0.067793906
0.081492208
-0.035932384
0.028854363
-0.065634124
-0.05910157
-0.054906767
-0.02527106
0.016347315
-0.046683606
0.020894885
0.020991288
-0.077720009
0.046389021
-0.051237617
0.015157116
0.06031587
0.036570869
0.041833129
-0.047785293
-0.066029511
0.018614739
-0.032875616
0.0020607468
0.032073431
-0.018994639
-0.0079585565
-0.073150001
-0.036556713
-0.023721457
0.024700217
0.077372864
-0.043427762
0.0094514666
0.055251662
-0.060288053
-0.023253437
-0.02590753
-0.0014596398
0.017199898
0.051666636
-0.017350622
0.050401118
-0.043527655
0.018726699
-0.015417578
0.032283083
-0.0076501868
0.051430855
0.045370668
0.021695189
0.028561573
0.01276688
0.030016778
-0.0069806431
-0.016218582
-0.0046969098
0.01276722
0.010262441
-0.055780288
0.013422866
0.047436461
0.0613124
0.014907408
-0.016181219
-0.0023490835
-0.072251387
-0.060579523
0.017560564
-0.035023745
-0.02669383
-0.012903414
0.0008868195
-0.0095204487
-0.071120434
0.063202292
-0.011248183
0.0083350223
-0.1275924
-0.023129322
-0.018487347
-0.063217871
-0.013031646
-0.053215209
0.022181498
-0.097852074
0.0059836069
-0.062824652
0.040076002
0.037191458
-0.0010000804
-0.03222727
0.065840326
0.097262718
0.087288976
0.0063048038
0.024706835
0.049813055
-0.067717806
0.045254964
-0.10440374
0.1016225
-0.055594206
0.028520266
0.10193098
-0.0546338
-0.032566343
0.048793782
-0.077146932
-0.014275423
-0.030220466
0.0043460401
-0.049300883
-0.060596678
-0.046972014
-0.014669012
0.062797382
-0.050671294
0.13546884
0.028022967
-0.01874092
-1.2641559e-05
0.010792268
-0.042540476
-0.050072111
0.042126078
0.050489359
0.026298391
-0.034357261
0.048761129
0.057435144
-0.027918153
0.0087339021
0.0046894574
0.098299779
-0.017156728
-0.018065594
-0.072070591
0.011578797
-0.081495196
0.00053903478
0.051930252
0.052182246
-0.061920773
-0.010407003
-0.017159186
0.083792463
0.049410027
0.047343992
-0.0073014717
0.077253297
0.01493373
0.023238899
-0.036126282
0.06399826
-0.040364258
-0.049739067
-0.10669339
0.004247677
-0.01549864
0.10282236
-0.059736438
-0.059507504
0.031327255
0.029643303
-0.0090542249
0.038257815
-0.0090341233
-0.013655767
-0.042672373
-0.10471057
-0.050064836
0.025531525
0.00045269672
-0.052013949
-0.0026182316
0.10071906
-0.020461986
-0.062879704
-0.070073672
0.019534701
-0.066536479
-0.070538983
-0.052769344
0.029221414
-0.070172034
0.029159091
0.04131395
-0.0420128
-0.012704304
-0.029837331
0.013705331
-0.053874321
-0.018534997
0.042343769
-0.0061976248
0.03175132
0.024004528
0.047381975
0.0749726
-0.028486393
0.0055510718
0.064595833
-0.068473652
0.054384951
0.072655499
0.014262942
-0.01004915
0.0040056128
0.015970057
-0.0069056712
0.0013986164
0.039968751
0.055862412
0.020227574
-0.021878608
-0.016388861
0.05388891
0.04472344
0.0074745705
-0.036907397
0.024776744
-0.0032388531
-0.066812083
-0.015851494
-0.035157282
-0.058588844
0.0038243968
-0.032172043
-0.029843317
0.035804085
0.009654399
-0.074868932
-0.056351002
0.025506986
-0.03267239
-0.0096781636
0.051490344
-0.016592707
-0.030429371
-0.078268021
-0.0046810536
0.012395811
-0.029037615
0.0019354817
-0.032988578
0.069992162
-0.07305298
7.3251817e-05
0.072762258
-0.017757878
0.068186551
-0.020422559
0.056390826
0.032853626
0.038120609
-0.045245592
0.033710986
-0.076368079
-0.079925917
-0.010746537
-0.042324807
-0.069953874
0.033819359
0.0055787624
0.010679197
0.0024013019
-0.064125188
-0.056748271
0.066258349
-0.00082723435
-0.0038365251
0.010889302
-0.064213969
0.027892873
-0.049655054
0.04666204
-0.048300266
0.048352413
-0.0013575079
-0.013898098
-0.025447376
0.030825581
0.02070052
0.017953129
0.027358642
-0.077746995
0.079522267
0.03893147
0.02058606
-0.046128653
-0.042545296
0.070158206
-0.0032577212
-0.0033780404
-0.031164752
0.056028191
0.015674459
0.050649695
0.065768167
0.020790493
0.048275504
0.019396048
-0.016723916
-0.036936782
-0.041302763
0.085151635
-0.057720128
0.017291879
-0.04558133
-0.04592381
-0.05608419
0.057987832
-0.074195541
-0.031803243
0.05617423
-0.060250781
0.017441578
0.0079335179
0.055750318
0.0004337292
-0.04457169
0.078395866
-0.035175059
0.10897408
0.055255894
0.098786935
-0.042241346
0.067567632
0.030077906
-0.0076601375
0.011159744
0.029520709
0.020298006
-0.026969308
-0.014833435
-0.041339878
0.013577476
0.03914468
0.05928738
0.023277394
-0.019321967
-0.029068602
-0.04009505
0.072119147
0.035180349
0.057437543
0.0020119855
-0.025493639
0.036864892
-0.006284799
-0.003751609
-0.015933784
0.042553879
-0.071320124
-0.019231623
-0.085004263
-0.033807192
-0.0017407115
-0.041132998
-0.038460165
0.0023741112
0.018199151
-0.009418969
-0.065554373
0.026676914
-0.051792916
-0.00083373173
0.033835616
0.0022328189
-0.051848497
0.004771078
0.0054197568
-0.038418248
0.075755604
-0.063187085
0.051985703
0.070651323
-0.0099496022
0.0057033757
0.066598654
-0.012929021
-0.00135261
-0.065797061
-0.00085814012
-0.070164472
-0.049898069
-0.066194817
-0.065185562
0.095896274
-0.023881845
-0.0442219
-0.057811011
0.045257028
-0.012834624
-0.00072922255
-0.030258497
-0.029158935
-0.047800388
-0.06180473
-0.057467945
0.027428154
-0.074836403
0.0014872525
-0.010350477
-0.01550888
-0.023901261
0.016285708
0.019437905
-0.01778275
-0.10866977
0.012927704
-0.035203945
-0.023385534
-0.048673272
-0.051910162
0.046149019
0.077943064
0.066453844
0.042969901
-0.0063079013
-0.012531189
0.059122458
-0.0089286854
-0.080385327
-0.0071204994
0.032761201
0.057322774
0.087511942
0.04242019
0.058583882
-0.064714149
0.0079473983
-0.036007468
-0.01865736
0.024379294
0.0080304379
-0.041987937
-0.04286835
-0.04104073
0.069314092
0.037491858
0.028979065
0.068591043
-0.013950263
-0.048130751
-0.032724921
-0.055565815
0.015189433
0.069845952
-0.046323068
0.025591789
-0.040884446
-0.03584956
-0.0073313876
0.03068422
-0.040991671
0.021780882
0.0027782237
-0.060595524
-0.02028494
-0.062112451
0.023519846
0.01547379
0.069810733
-0.0083455779
-0.052244391
0.068608724
0.025613271
0.033938471
0.039327335
0.025751648
0.085353553
0.017189883
0.017645888
0.066665478
-0.050694987
-0.013607412
-0.065650299
-0.027282719
0.044233136
0.0054766075
-0.0094884075
-0.098171428
0.035441712
0.019767392
0.085931279
-0.086480625
-0.079708882
0.046290439
0.041395739
0.0084381523
0.036807701
0.012837277
0.017857339
0.037995473
-0.015122633
0.039883055
-0.0011997091
-0.017049225
0.031744096
0.085048988
-0.085923828
0.060801771
0.024952499
-0.022303963
-0.067650512
-0.0560425
-0.051407572
0.024573425
-0.087422758
0.03506884
0.048339959
-0.089298226
0.044649933
0.085157655
-0.030401658
-0.022218466
0.017285204
-0.0082535027
-0.005459155
-0.094035096
-0.00055708253
-0.030654307
-0.047913432
0.033009548
-0.01672353
0.0029476273
-0.052449998
0.038855184
-0.064593107
-0.040076565
-0.05423668
0.01676432
0.0045126453
-0.016510151
0.011196393
-0.028293809
-0.10801536
-0.03395021
-0.056057919
0.0075504403
-0.047942813
-0.015343529
-0.10271361
-0.00102029
0.070041977
0.019265279
-0.016101245
-0.0062180134
-0.080441229
0.044496298
0.027009485
0.045440175
0.079187118
0.060586326
-0.06088046
-0.010236394
0.038288496
-0.063811474
0.019448502
0.023009142
0.060883336
0.0040613902
-0.068939239
0.046546727
0.046270747
0.018231874
-0.011506236
-0.05129173
-0.049785849
-0.040414963
0.01728972
0.003992436
-0.01808387
-0.055358678
0.019601921
0.00049350009
-0.029348945
0.036048196
-0.045966174
0.068352163
-0.010341194
-0.1311096
0.0015062877
0.068906099
0.092200212
0.044914823
-0.035155594
-0.079967663
0.071047775
-0.0060784132
-0.011190754
-0.044013243
-0.059686117
0.044446617
0.0017499005
0.026312767
0.054969773
0.019639
0.040737357
0.012566549
0.029163793
0.049267665
-0.0041754204
-0.095495611
-0.010348919
0.021738337
-0.029619798
-0.08905486
-0.043367874
-0.071103223
-0.011339079
-0.024733637
0.0018783429
-0.085332692
-0.038529169
0.086259462
0.077660464
-0.071408607
0.029491534
-0.051291354
0.030721139
-0.059641004
0.049884614
0.00043709963
-0.082368918
-0.051630851
0.0077777798
0.090136021
-0.054070454
0.068242334
-0.009041409
-0.046490323
0.029466782
0.021808354
0.060153842
-0.0055778329
-0.064006038
-0.056330759
0.01489399
-0.048254617
-0.046538644
0.047060866
-0.01642151
0.05093886
0.018604768
0.044951946
0.026879905
-0.037048697
0.036176741
-0.030630315
-0.0088370973
-0.039421622
-0.1072047
0.063486852
-0.050058305
0.066476785
0.0019828782
-0.094224527
-0.0614441
-0.020491794
-0.019914933
-0.00039016339
0.026661074
-0.0083227828
-0.03694842
0.068299852
-0.086274222
0.053085122
-0.10790754
0.03068657
-0.035046339
0.072055049
0.051699489
-0.10913868
0.10123175
0.030845631
-0.02730326
0.056885835
-0.083954126
-0.00031612857
0.044869095
0.062051989
0.015491674
0.0034583739
-0.01564662
-0.035705991
0.066511974
0.066666022
0.035291776
0.042322036
0.045919064
0.080918208
-0.11476225
-0.00041373164
0.025858097
-0.017447334
-0.030409144
0.025770919
0.026403146
0.0030519124
-0.040322397
-0.075730801
-0.027438687
-0.013188824
0.039108928
0.028290005
-0.061199687
-0.034578692
-0.043917969
0.07246875
-0.088094495
-0.051282331
0.035759989
-0.079052083
-0.017438384
-0.033235226
0.034258164
0.042178508
-0.032849729
-0.053100105
-0.063650541
-0.029610394
0.06840276
-0.055533867
-0.010779228
0.043280531
0.0069041005
-0.022658857
0.04382525
-0.021441588
-0.077657007
-0.064291522
-0.076251134
0.031841744
0.0671262
-0.078587353
-0.007741469
0.042197898
0.015873469
-0.055926129
-0.053970825
0.010898772
-0.043957006
0.0029658424
-0.037580743
-0.039114449
0.050836839
0.0016317252
0.079268225
0.049739681
0.02221638
-0.063269727
-0.00056168152
-0.0012479286
0.00086311117
-0.033117238
-0.049880769
-0.048053153
0.067485593
0.05255004
-0.04391095
0.063400596
-0.059689652
0.020232577
0.0016273183
0.080087788
0.040114239
0.037808914
-0.088987917
-0.053740893
0.015010207
0.0023820435
-0.074872263
0.038425393
0.02411616
-0.059758544
0.03947553
0.027906885
-0.016729107
0.027393322
0.013996053
0.043827038
0.063703045
0.038872901
0.06076901
-0.016034143
0.022924719
-0.063501507
0.066421583
0.060347829
-0.055637993
0.010573151
0.0062486483
0.0084265489
-0.029414028
0.026851328
-0.043286026
-0.024827234
0.052828141
0.0050492901
0.0059046634
0.06732592
0.060952622
0.011204585
-0.055944495
-0.030989505
-0.052253332
0.070380136
0.02892627
-0.020727167
0.0074463687
-0.024916723
-0.075350478
-0.028038928
0.045258317
0.041913841
0.075494334
-0.0050851777
-0.020007385
0.037544582
0.020274408
0.0032993639
-0.060148042
-0.0090452721
-0.016168118
0.057946
-0.088498622
0.0301154
0.071350507
0.069825418
-0.0048846956
0.04992919
-0.038678173
0.043196633
0.042228408
0.069215924
0.066620909
0.020407854
-0.12025123
0.13619629
0.084772408
0.056903433
-0.074596979
-0.086570904
0.045518477
-0.082952358
-0.011511981
0.028585577
-0.098220162
-0.018770674
0.059600871
0.012317898
0.073359668
-0.0052630058
0.11609668
-0.025460502
-0.025603242
-0.040248163
-0.026324945
0.032728873
-0.069572046
-0.041712593
0.089223154
-0.096465401
0.075069539
0.12702997
-0.013890314
0.034094211
-0.0008858596
-0.023477977
0.095100679
-0.013606458
-0.03249944
-0.015121801
-0.014168921
-0.093222104
0.056055393
0.029284757
0.061607558
0.071083173
0.061936919
-0.05087487
-0.098816603
0.10002732
-0.021219546
0.079992846
0.11731192
-0.071161084
-0.081749074
-0.075309657
0.038767885
-0.090979531
-0.058556054
-0.050719578
0.027562372
-0.032792155
-0.019421453
0.13333768
-0.098728262
0.095216818
-0.0037412206
0.089831486
0.01584545
-0.080274917
0.04167958
-0.0059191813
0.089269392
0.026103908
-0.0048623276
-0.035184145
-0.098854713
0.070837609
0.078804053
0.035465766
-0.037776608
-0.028403115
0.022908643
-0.026562266
0.012065422
-0.0066226702
-0.070766546
0.030659733
-0.057110023
0.10160606
-0.021428995
-0.041899331
-0.061707918
0.018620677
0.02149616
-0.13810754
-0.02577837
0.16190013
-0.013738478
-0.064380318
-0.040485896
-0.059191145
-0.070479013
-0.018911771
-0.053003199
0.10013662
-0.014910837
-0.0070348931
0.0015424065
-0.0071255453
-0.13073854
-0.0053616711
0.081134297
0.077221736
0.00095482724
0.068652198
0.10946999
0.071891099
-0.084267959
0.046439458
-0.06474445
-0.037131894
-0.032891694
0.069735259
-0.0047281776
0.049634092
-0.021227689
-0.056780003
0.069990121
0.064613454
-0.033342771
-0.036833186
-0.028878754
0.034629535
0.052056164
0.01542254
-0.041418493
-0.076362707
-0.12486605
-0.05067246
0.039997779
0.036388975
-0.03942031
0.016293261
-0.056488842
0.011545687
0.018495092
0.049589995
0.054753948
0.071322225
-0.01927359
0.043381397
0.032052658
0.0093785496
0.0030970303
0.045334607
0.04446499
0.026151223
-0.026921155
0.02596418
0.0079278527
0.055909991
-0.074650265
0.050272886
0.071111478
-0.048565835
-0.036359563
-0.069098823
0.012198132
-0.024051297
-0.061825305
0.0049107415
-0.0034619404
0.006661715
-0.036311049
-0.03608359
-0.011345224
0.061765071
-0.014595781
-0.037370626
-0.031935856
0.004276793
0.033534415
-0.024948655
-0.017600354
-0.020791227
0.012437385
-0.028452011
0.0083605582
-0.02204524
-0.050884526
0.0079816114
-0.01052958
-0.031214664
0.072847553
-0.005456191
0.053530615
-0.01637925
-0.054224454
0.060190521
-0.016848408
-0.02456826
-0.040605694
0.05690328
0.023629563
-0.01792695
-0.035065994
0.044401862
0.014122254
-0.019317262
-0.052180212
-0.047694791
-0.056246355
-0.030672545
-0.063787341
0.025868544
0.036007475
-0.067064159
-0.057577867
0.013383882
0.057685643
-0.056284305
-0.039201867
-0.063266248
-0.062418088
0.027826063
0.05504204
-0.0026668154
0.03173944
0.062708385
-0.02718994
0.056924768
-0.036654495
0.043280479
-0.071678169
0.043060727
-0.027862208
0.040047951
-0.03870954
0.01255667
0.0038898948
0.045695256
-0.074963242
0.021539977
0.070181236
0.051448748
-0.0087644923
-0.035765883
-0.024330782
0.0022451235
-0.045127735
0.009222649
-0.077054687
-0.026472664
-0.078971528
-0.038160395
-0.057183661
0.078943059
0.051643886
0.010877259
-0.042416222
0.041873928
0.050299965
0.043247066
-0.021286378
-0.030461848
-0.0083626481
-0.019280694
-0.015227813
-0.021884453
0.010779298
-0.037437346
-0.018609624
0.022000734
-0.032577205
0.042933349
0.055135101
-0.058772963
-0.031464417
0.064970218
-0.066537805
-0.024533067
-0.028229082
0.043363225
0.086296178
0.026885614
-0.018894469
-0.036032915
-0.050587781
-0.025888095
-0.038583562
0.028755667
-0.010882313
0.0099566774
0.0023651661
-0.055468936
0.013473697
0.029658284
0.030517986
0.06958805
-0.015790462
-0.050867293
0.033729408
-0.017417405
-0.03385286
0.075703874
0.020134514
0.071578778
0.0016047928
-0.069029532
-0.039278995
-0.016497737
0.039968569
-0.068719961
0.025700796
0.038288452
0.021162186
0.043201942
-0.0041416045
0.049164511
0.019136893
-0.043371208
-0.043477479
0.040202543
-0.056252401
-0.10995611
-0.043263983
-0.046318993
-0.015024577
0.030845491
-0.012524149
0.097436704
-0.0040666745
-0.053174708
0.062343925
-0.042471249
0.003218364
0.046161257
0.08730597
-0.056787424
0.031447772
-0.03220265
-0.04611364
-0.012057154
-0.010232782
-0.030801289
0.064088807
0.041016337
-0.035118107
-0.056469087
0.00047769948
0.023046983
0.085285746
0.070058182
-0.020262258
-0.038245399
-0.028528193
-0.0066366647
0.020550212
-0.077234924
-0.078623906
-0.068727888
0.034350224
0.026321508
0.033663757
0.048717469
0.022406461
-0.04110324
0.068600379
0.070018418
0.0004581465
0.08072909
0.045982625
0.041702993
-0.051144861
0.00360704
0.088369012
-0.089092396
-0.043535948
0.0050770263
-0.014743367
-0.068883687
-0.074197128
-0.023406627
-0.021393564
-0.085855804
0.014195603
0.0096014626
-0.062297661
-0.063179269
-0.023697855
0.041792799
0.01356944
0.010169418
0.00030549464
0.030615965
-0.026948309
-0.029089026
0.065260209
-0.078824162
-0.061238803
-0.1007207
0.01390657
0.056339409
-0.012481753
0.019470427
-0.0018014342
0.031809248
0.0015836565
0.014228322
0.065872408
-0.021707069
0.001862494
0.060381021
-0.013974765
-0.012620075
-0.010399544
-0.057962898
0.030773718
0.082877584
-0.0067983591
0.022864342
0.0080215232
0.034760818
-0.028436672
-0.028329656
-0.057101931
0.018681111
-0.026733836
-0.083954126
0.032079514
0.0065333061
-0.012378911
-0.023276608
0.034290481
-0.013121104
-0.051255256
-0.0030461927
0.021207249
0.020873822
-0.051071312
-0.046469625
-0.042505201
-0.013440298
-0.048579898
0.012529768
0.0057648267
-0.05915156
0.034363933
-0.076755524
-0.025907109
-0.020746257
-0.011658473
-0.066629924
-0.048078924
-0.020653196
0.018633682
-0.01864253
0.070405148
0.038177092
-0.0097046159
-0.094569981
0.038975302
0.048251692
-0.024810772
0.061329644
0.051581942
0.044143632
0.028772313
0.0073644063
0.078453936
-0.046682701
-0.04194881
0.014038449
0.045902301
0.018380869
-0.012718608
0.023800211
-0.031165028
0.063172661
0.018816378
-0.068123341
0.060645342
0.025864348
-0.0036965425
-0.1387735
0.05310294
-0.075054549
0.039445676
-0.11808974
-0.062414166
-0.038999721
0.083220355
0.0024742205
-0.034743436
0.05348929
-0.075433671
0.054884002
0.064922385
0.0067533031
-0.082097307
-0.031022787
0.060811725
0.014165449
-0.03294548
0.068031073
-0.019738214
-0.016121415
-0.0094004404
0.030114951
0.041475847
-0.056862626
0.072135612
0.039896518
0.063725375
0.071653634
-0.030227324
0.067093231
-0.028257614
0.0020250687
0.077160992
0.05534998
-0.0036676601
-0.01465374
0.00047309586
0.056410883
-0.0009646556
0.09536536
-0.0050779521
0.023483953
-0.03102806
-0.05268053
0.079878695
0.079988435
-0.025247278
-0.072531484
-0.066913858
0.042074982
0.033397805
-0.024537174
0.068793088
-0.091903239
0.039734401
-0.03948221
0.072242595
0.0060072974
-0.011959903
-0.028988805
0.044815753
0.13942115
-0.048263934
-0.094421506
-0.074855343
-0.035647634
0.033957932
-0.030797465
0.00079332379
-0.0014094951
-0.052256536
0.0057289666
-0.07037282
0.081568331
-0.037662715
-0.035082433
0.11827616
0.013790966
-0.058330122
-0.093834817
0.022304961
-0.09983442
0.02251095
0.014602949
0.051313959
-0.050802741
0.059830543
0.055597905
-0.10192293
0.027026901
-0.0030113964
0.10977527
0.024210716
0.048085399
0.064138353
0.077784613
0.048183892
0.049916282
-0.053836875
0.057773903
-0.10795761
-0.025285555
-0.0057673496
-3.0688872e-05
-0.069163263
-0.024961255
-0.016753439
-0.062852316
0.012947445
-0.072564512
-0.057749178
-0.017899476
-0.0094302269
0.096253566
-0.016773729
-0.052148245
-0.066344559
-0.053067341
0.07803379
0.01886644
-0.031789489
0.0015690622
-0.04250617
0.018381329
0.0041783312
-0.021773804
0.0072122761
-0.01584042
0.052927315
0.074613295
-0.010840325
0.064175159
-0.070297003
0.0038308254
-0.08263047
-0.023520945
0.055301495
0.0021464794
-0.049015153
-0.068150051
0.058675189
0.0573438
-0.077673219
0.048691619
-0.044523489
0.067701362
0.014965866
-0.034496382
0.015144552
0.010919956
-0.059313811
0.067052223
0.07838612
-0.017786298
-0.035334088
0.022605291
-0.0047980528
0.091531791
0.042886645
-0.033079818
0.045561664
0.013790758
-0.067031085
0.048285313
0.035634786
0.057831917
-0.037841484
0.062269073
0.009480536
0.10325041
-0.030578343
-0.026094195
0.0098068099
0.031529039
0.013079568
0.021991741
0.00058079907
0.027889628
0.01371575
-0.0026326505
0.03339123
-0.054224011
0.026039181
-0.06923946
0.0080846995
-0.013127939
-0.025346246
-0.055160068
0.055383958
-0.012267622
-0.070890635
0.0045673582
0.048933048
-0.067700282
0.026688961
-0.011968009
0.073535629
0.072270513
-0.056448735
-0.04357988
0.042216688
0.10811939
-0.073511049
0.097596638
0.08986742
0.014956765
0.0089658666
-0.076873414
-0.026540695
0.02597289
0.029310783
-0.035611529
0.0095158471
0.047110096
-0.017886195
0.060801171
-0.11276758
-0.049955472
0.069638208
0.0020568785
-0.0072784643
-0.069127344
0.060784537
0.070616417
0.020462574
0.065230571
0.027068162
-0.015533257
0.047030449
0.077396639
0.016483625
-0.0089129629
0.025911681
-0.041535754
-0.033283487
0.049356148
-0.017454948
-0.04339179
-0.032093145
-0.0016417574
0.068777345
0.04613984
0.017560722
-0.069655485
0.017777206
0.024063999
0.031819701
-0.03335233
-0.045808963
0.04336885
-0.078451
-0.054613125
0.044033408
0.054087479
-0.015839592
-0.025764458
-0.067050919
0.051527243
-0.0028199372
0.024160635
-0.057858314
-0.070955642
-0.025135808
0.070239857
-0.024985809
-0.029131275
0.00043218443
0.039866701
0.010944489
0.013823308
0.018539518
0.037079517
-0.05618643
0.0104596
-0.0023362229
-0.039430153
-0.0033173168
-0.0027845309
0.043433066
-0.0021084913
0.047064926
0.0040455381
-0.050488986
-0.078745522
-0.066340685
-0.049948722
-0.0048934976
0.023209851
-0.0075488519
0.0055064792
-0.043508176
-0.056148563
0.046931315
0.036685891
-0.045162976
0.015340817
0.065810703
0.044510465
0.048358314
-0.081532434
-0.0099652037
-0.05352129
-0.027130181
0.045544699
0.02896692
-0.046214882
0.052705497
0.062244572
0.063972794
0.0084943445
-0.053630628
0.048293583
-0.030650452
-0.034884632
-0.024200525
0.042549875
0.062957726
-0.050599884
0.036524795
0.020358134
-0.061198875
-0.014734114
-0.058693491
0.025757829
0.031165551
0.0010297013
0.05285994
0.015413977
-0.0025798616
0.025335604
-0.033155169
0.046334516
-0.0078731505
0.053957388
-0.021288825
-0.027699232
0.06633693
-0.054481059
-0.0030971644
-0.044126663
-0.023428127
0.014681647
-0.011509647
0.025562279
-0.050255638
0.010540677
0.027369594
0.067426629
-0.054133207
0.049655002
0.046751782
0.054289196
-0.017373696
-0.019706318
0.00068827532
0.011012977
-0.068589501
0.063979886
-0.025451373
-0.055375837
-0.060893565
0.0039516911
0.0073844525
-0.012142059
-0.01916213
0.0046686656
-0.062558442
-0.041332677
-0.019740375
-0.0078589795
-0.0054753004
0.032488797
0.020974204
-0.043049544
0.05484882
0.028256491
-0.033277649
0.051803052
0.038806695
0.076173633
0.013788679
0.06968496
-0.0068952693
0.058230385
-0.061437134
0.03973709
0.0043946649
0.038448334
0.064264387
-0.028499056
-0.012939597
-0.010082787
0.03451914
0.010575214
-0.046648793
0.017773554
-0.006366828
-0.010887057
-0.0095848283
0.036981367
0.036104951
0.022038149
-0.060605224
0.068908811
-0.058501687
-0.097944506
0.10234042
-0.14443356
0.048060618
-0.0042386092
0.10871363
-0.10293195
0.12025061
0.054036528
0.030100863
-0.01033226
-0.011232552
0.05794505
-0.07146202
0.045043923
-0.038761124
-0.027882645
-0.097941115
-0.0063587148
0.060110748
0.055962205
0.076334767
-0.041195545
0.039536275
0.019346127
0.043561172
-0.026785478
0.10319519
-0.025580013
-0.020704156
-0.011891438
-0.088186599
-0.054131649
0.014886757
0.12535805
-0.036502138
0.091330424
-0.13269691
0.018861299
0.049506832
-0.049790505
0.040598046
0.087907635
0.042134065
-0.11628054
-0.029290916
0.15696272
0.037163075
0.073422424
-0.019251199
0.11285169
-0.072092243
0.06165969
0.001100536
-0.081629127
-0.0020116742
-0.049865093
-0.040349413
-0.10218295
0.12465547
-0.064250387
-0.023575781
0.023187434
-0.0040268693
-0.059311651
0.071820199
-0.0046616285
0.047794614
0.033090867
0.12294906
0.031627484
-0.029594518
0.02238128
-0.01512822
0.08231692
0.038507771
0.04043901
-0.05850805
-0.026488338
-0.11959833
-0.00084333803
-0.012665636
-0.047625121
0.037209332
0.086060233
0.017188296
0.041662343
0.017319141
-0.036545143
0.039637927
-0.014574759
0.02972031
-0.0084070247
0.047299344
-0.057441529
-0.015964385
-0.037532281
-0.054706503
-0.055392843
-0.096019909
0.13730295
0.025997855
-0.082938842
-0.050831623
-0.091464542
-0.014195246
0.065352567
-0.024548527
0.11445607
0.044248186
-0.007355324
0.0064129699
-0.0019523234
-0.063088447
0.088221274
-0.026112398
0.026805278
0.010074889
0.10343272
-0.030829059
-0.10927623
-0.066900343
-0.0051053991
0.065069757
-0.011193991
-0.066344112
0.00039126299
0.0059407502
-0.0034528871
-0.056930296
-0.027899889
-0.026029496
0.017721828
0.0030474979
0.029426878
-0.037282757
-0.0074732224
-0.040172443
-0.012443608
-0.045964528
-0.069782749
0.04719992
0.011763044
-0.013935826
-0.064286731
0.052508336
0.0081809778
0.01698334
-0.025911016
0.019286536
-0.00036844678
-0.011985238
0.0071097589
-0.0048097325
-0.0051342994
0.049065318
0.06711226
-0.066920891
0.054252833
0.019522477
0.012424945
0.013094641
0.015662799
0.040464792
0.042605683
-0.038740791
-0.028550845
0.02429612
-0.013796682
0.010803029
0.01905423
0.010792972
-0.012355494
-0.017390991
0.028266141
-0.039272334
-0.078406803
0.0511094
-0.079938889
-0.022809131
0.0091841761
0.021305697
-0.017065644
0.023784999
0.017387003
-0.030478287
0.058439516
-0.083852716
0.0638908
-0.033914864
0.012528721
-0.066370286
-0.006978692
-0.028876901
-0.0017219767
0.060945518
-0.0056432644
-0.055357564
-0.0082403477
-0.059080474
-0.064227253
0.044832442
0.011215894
-0.0079015493
-0.019079383
-0.023355979
-0.035612874
-0.051701397
-0.020452721
0.026349677
0.045171823
0.028055994
0.068163037
-0.016835479
-0.0056908694
-0.032321438
-0.0085252617
0.058108464
-0.030526511
0.013296067
-0.052237742
0.054188471
0.037649453
0.02643925
-0.1023354
-0.045133304
-0.027525054
0.013912986
0.018747237
0.027366228
0.030681221
0.028207706
0.028506281
0.00085397874
-0.025279932
-0.0079885088
-0.04984805
0.021332817
0.049189694
0.077308267
0.034856081
-0.035942711
-0.0025125213
-0.036424898
0.039086998
0.013825685
-0.0042021894
-0.026931329
0.033253599
-0.024749259
-0.043129601
0.059908312
0.023213964
-0.073814228
-0.013041963
-0.0035657135
0.031604681
-0.057377439
-0.028228449
-0.048786931
-0.045597076
-0.084137246
0.049388021
-0.045333065
0.013638015
-0.075056396
0.047956713
0.017445344
-0.014591515
0.028572993
-0.046526793
0.04218746
-0.0015763646
0.0092552854
0.017288215
0.003705017
-0.047164898
-0.028909614
-0.024143951
-0.073791206
-0.027705608
0.03326723
-0.035480417
-0.051231444
0.046551425
0.017889751
-0.033339776
0.0087615494
0.015626479
0.0036500581
0.020011084
0.055163678
-0.073880523
0.032320172
0.079568416
-0.015566891
-0.0033916649
0.0066067814
0.0076505337
0.028223285
0.047472153
0.048332758
-0.047196258
0.023866748
0.030097241
-0.042381886
-0.023662649
0.034788173
-0.037395425
-0.064760149
-0.021433478
-0.027935248
-0.020216011
-0.003900528
-0.035688274
-0.045012865
0.044000156
0.057012979
-0.03369838
0.013223868
-0.059689887
0.032872632
-0.032720249
0.047763955
-0.085963286
0.067327082
-0.019318111
-0.068344869
-0.047154583
0.067144834
-0.019802162
0.018431783
-0.0028225139
0.041404635
-0.021495733
0.0023349028
-0.045477852
0.058935538
0.060619004
0.030321736
-0.089052334
0.049890153
-0.026363695
-0.047979094
0.045346066
0.034246717
-0.012312888
0.0202561
-0.070450917
-0.029965151
0.028150769
-0.011633144
0.014182017
0.049104311
-0.015803082
-0.045754306
0.05712745
0.016962484
-0.039189745
0.078088492
0.039466646
-0.023513544
-0.03867938
-0.040775172
0.0090465518
-0.038308602
0.021261889
0.058579955
0.0044160848
-0.039630216
-0.02657114
0.030031787
-0.033468306
0.067477733
0.028716777
-0.066426404
-0.013898517
0.010895041
-0.0496049
-0.12254643
-0.042756829
0.11783151
-0.039168686
-0.074552819
0.092431426
0.00027591895
-0.030271042
-0.0088671874
0.019552175
0.021258729
0.082443811
-0.15627164
-0.077457607
0.028559903
0.004169743
0.094969243
-0.029852504
0.13922767
0.070246853
0.036760028
0.026810974
0.041950252
0.067035116
-0.00085414766
0.064695671
0.10822899
0.044808999
-0.037095007
0.094835572
-0.049646005
-0.007225581
-0.0046458561
-0.10465772
-0.049595241
-0.064844273
-0.072912678
-0.046596117
0.071441382
-0.12057623
0.21807271
-0.1790669
0.21856263
-0.031802442
-0.0029213768
0.076516427
-0.027529342
-0.083992712
-0.047154918
0.081191145
-0.087270357
-0.16267219
0.12869406
0.011293308
0.10511333
-0.012406765
-0.055965334
0.099322386
-0.037150681
0.064593613
0.081696838
0.063003503
-0.05270825
0.030482404
0.0085174581
-0.045913313
-0.020715088
-0.078825712
0.064640589
-0.030126121
-0.13246271
0.13200831
0.013556005
-0.021023687
-0.15530077
0.063194215
0.090920277
0.013073931
0.033512298
-0.015469806
-0.072878629
0.020587359
-0.10472775
-0.0057887798
0.08004941
0.13383713
0.028370818
-0.13697425
-0.057133183
-0.049909197
0.058673181
-0.091150604
0.12208302
0.085800923
-0.020180468
0.045951404
0.0032638996
0.016942473
-0.0096804015
-0.010749022
-0.10250293
0.093015045
0.14462331
0.021431759
0.15417854
-0.18477413
-0.062611237
0.21612126
-0.079064623
-0.013090631
0.20305608
0.038056303
-0.08750686
-0.14224266
-0.049934927
-0.052103654
0.03075581
-0.029188165
0.056142844
-0.039466776
-0.030426677
-0.048346691
0.038843632
0.071421966
0.1005998
0.23372148
0.035936158
0.053401656
0.040230326
-0.0088532623
-0.017434334
-0.0028070067
0.033571731
0.026790841
0.021484802
0.036775768
-0.064029083
0.012753916
-0.018111976
8.5250067e-05
0.050953768
-0.0042374637
-0.039433677
-0.033473745
0.060836278
0.060220908
-0.066812664
0.059108704
0.012943557
0.048693169
0.060504179
0.047635883
-0.0064265635
0.021758096
-0.026913477
-0.039794896
-0.026820855
0.041026842
0.036308829
0.0044044047
-0.051474065
-0.0052825967
0.045270339
0.015147789
0.050891194
0.019636773
-0.050431173
0.057669569
-0.021510256
0.027890496
0.061556786
0.013193313
-0.037763759
-0.062643215
-0.012427012
0.063386358
0.01342005
-0.0055042165
0.033407182
-0.06571991
0.037383899
0.017868979
0.057289362
-0.0048673106
0.070805326
-0.023234002
0.060903169
0.018575942
-0.021214474
-0.02611959
-0.005499294
0.012561159
-0.065255068
0.072461411
-0.036608335
0.013454588
0.023453536
0.055497549
0.033520527
-0.026248191
0.024355266
-0.060051575
0.031207133
0.031559896
-0.016111968
0.044740945
-0.049812999
0.039197259
0.041992985
0.0074821361
-0.0025158268
0.020070765
0.022052495
-0.085408971
-0.0090502454
0.043361392
0.0074501499
-0.0029888279
-0.017976375
0.0070215305
-0.047316961
0.0010688353
0.029259378
-0.089643687
-0.012301302
-0.029123936
0.034388684
0.078174658
0.045920536
-0.064663894
-0.010300921
-0.012985811
0.047463588
-0.013572841
0.054500394
0.013219604
-0.013212948
0.023875175
-0.0097028241
-0.058899928
0.047031149
-0.063090354
-0.057914838
-0.0099825235
0.00023104926
-0.01146081
-0.024847033
0.0086694155
-0.062463801
-0.079415008
-0.042214714
-0.035740759
-0.061372083
-0.038932078
0.062952995
-0.0085070794
0.11926857
-0.083877131
-0.043936506
-0.027739936
0.0414447
-0.079257376
0.044689517
-0.065115459
0.053713508
-0.078551747
0.094855838
-0.033641301
0.085579298
-0.025134262
0.1423367
0.024419578
0.076086529
-0.077606231
-0.027784975
0.095113114
0.10430557
0.052710995
-0.033253785
-0.049385577
-0.0073201614
-0.094914205
0.10965172
0.024693759
0.043295261
0.087835029
0.12308936
0.030176988
0.047422864
-0.044372816
0.027317498
0.082816519
-0.0087718032
0.13219063
-0.0086965859
-0.027643276
0.039742924
-0.26387066
0.18456307
-0.11417525
-0.10235072
-0.072925732
0.031993188
0.14678535
0.0027364595
0.052237958
0.067437105
-0.018181477
-0.068175189
-0.017964128
0.011086675
0.13344154
-0.061184499
0.0020994369
0.049155295
0.039279249
-0.019641636
0.036278389
0.1368992
0.11029796
0.046435531
0.026966201
-0.0055575408
0.083784521
-0.02302132
-0.040999338
-0.17140988
-0.0182197
0.047573514
0.091177702
-0.16010472
-0.045404151
0.069596753
0.16343071
-0.12386161
0.028941665
-0.17191854
-0.12164146
-0.021154061
-0.013927096
-0.053605396
0.016167583
-0.0020158805
-0.15359677
-0.086386614
0.056065116
0.034559496
0.17116751
0.15811364
-0.012507962
-0.076386787
0.013145147
-0.13683982
-0.072672755
-0.26522923
-0.0044286423
0.060192086
0.055551499
0.090491861
-0.069505244
0.082560882
-0.027630489
0.12713106
0.046140525
-0.085680008
-0.039753828
0.13481449
0.045685276
0.07775712
-0.020328404
-0.018242229
-0.097412899
0.065536372
0.05743365
0.093523286
0.066017352
-0.15044212
-0.02611387
-0.074820578
-0.10918561
-0.02191589
-0.012449862
0.031596735
0.013272053
-0.011103592
-0.1030708
-0.041599736
0.027774449
0.11351023
-0.013195925
0.052152805
-0.10436733
0.098590076
-0.063825041
-0.046973653
-0.11726307
0.075428598
-0.15150319
-0.012892819
0.039074622
0.12471382
0.067184038
0.06673535
0.029224146
0.035889447
-0.039909054
0.086394899
0.029153215
-0.093482949
-0.1038909
0.13525815
0.0049311011
-0.044073559
-0.071427807
0.16070339
-0.081253774
0.13362004
-0.049639668
-0.029504813
0.013927354
-0.21861385
0.14508721
-0.015066716
-0.089394212
0.023402171
-0.044334322
0.052140936
-0.028024368
-0.097456701
-0.022890335
-0.014327092
0.11087784
0.15541545
-0.025444549
-0.093425892
0.0018138456
-0.036409657
-0.055882357
-0.004396772
0.088662006
-0.012713725
-0.085094757
0.0935653
-0.14457649
-0.14125623
0.04079986
0.13699743
0.08726465
0.010685545
0.037685946
-0.059072305
-0.033475503
-0.10866335
0.11545139
-0.062967189
-0.14276345
0.072225004
-0.00017565762
-0.075325616
-0.12330421
-0.0024132887
0.041186612
-0.11064654
-0.05795598
-0.16413455
0.060448129
-0.0069831228
-0.098443516
-0.070930064
-0.10951736
-0.11466631
-0.13562094
0.031289648
0.024546001
0.02901499
0.14523375
0.026244076
-0.050339513
0.037925716
-0.050014704
-0.11973408
-0.088319674
-0.062550455
0.014294368
-0.058633167
0.026182692
0.15178634
0.020282615
0.023461394
-0.14656904
0.17783847
-0.057974499
-0.033594303
0.031201493
0.13660786
0.028308745
0.21185672
-0.023782235
0.069703132
-0.13306893
0.076254956
-0.073944338
-0.021305088
-0.03193726
-0.063831173
-0.16504812
-0.10556379
0.0088025993
0.013460908
0.011269073
0.055147722
-0.0081906365
0.05814625
0.01063942
0.04973371
-0.015317986
-0.048982307
0.057420198
0.092100359
-0.005862697
-0.0037564561
-0.059730541
-0.027622467
0.012095177
-0.024876636
0.028602963
0.09108983
-0.055018861
-0.014821729
0.0086519048
0.049748711
0.079529017
0.082682654
0.079991862
0.049583789
-0.069485255
0.043987844
0.047220305
0.0051049478
0.044621602
0.032204445
-0.051606197
0.037984986
-0.045108501
0.045257475
-0.096207805
-0.046783216
-0.029019492
-0.0081560807
-0.046206392
0.022789387
0.010147969
0.019903593
-0.097691812
0.10676397
-0.069278434
-0.076797709
0.033216953
0.042675845
0.034443133
0.023956398
0.032222956
-0.051237419
-0.057367295
0.020011194
-0.05032387
0.036140937
0.064997427
-0.07433252
0.026557382
0.019150032
0.055016086
-0.016489847
-0.013693998
-0.073838986
0.045001689
-0.095814757
-0.011018803
-0.056889914
0.053761803
0.044410747
0.014919816
0.022877797
-0.066351384
-0.036352102
-0.048536967
0.02473544
0.073274828
0.06452281
0.010148089
-0.055313844
0.031469017
-0.010435073
-0.047919281
0.020025169
-0.05342868
0.023466241
0.047324125
-0.02345288
-0.077174634
0.03229437
-0.023927735
0.069155931
0.05322003
0.058057372
-0.049434517
-0.071386062
0.046787914
-0.084898628
0.014878204
-0.08602751
0.085222989
-0.033667587
0.12270045
0.051809143
-0.03186797
0.01555274
-0.030279918
-0.065691635
0.063821614
-0.0013842388
0.038885582
0.068018168
0.014683243
0.034591876
-0.045421187
0.043543864
0.023094468
0.047195461
0.015864493
0.021829098
0.061102882
-0.047132313
-0.013941859
-0.03137305
-0.06822937
0.064758033
0.053286482
0.051319487
-0.052403335
0.021795986
0.036146566
-0.11665779
0.0030325982
-0.041692503
-0.10316165
0.048604436
-0.092715479
-0.018939655
-0.05335984
-0.025809709
-0.066790529
-0.023810843
0.029663861
0.050767284
-0.017949078
0.076810703
-0.026956031
-0.086707354
0.071963102
-0.066200376
0.073183224
-0.02036324
0.042992774
-0.034238003
-0.025945313
0.077657856
0.032710049
-0.04046746
0.012217803
0.066489398
-0.042459533
0.048518065
-0.023879807
0.030512361
-0.034820672
-0.032541808
0.010972488
0.034113988
0.097073592
-0.013525652
-0.017470293
0.01452595
0.02154897
0.071062334
-0.020256246
0.018053476
0.087579824
0.062785722
-0.084979557
-0.072047591
0.18885052
0.080663234
-0.038346034
-0.054870646
0.032068308
-0.067103773
0.0042138137
0.07187473
0.024170879
0.02672321
-0.069011033
0.052628614
-0.046514284
0.045255549
-0.033037122
-0.010647602
-0.016865348
0.0013126867
0.018491115
-0.0053690705
-0.0066619101
-0.031741694
0.050259821
0.051701829
-0.022743266
0.051059533
-0.047642402
0.051598866
0.050756719
0.065568902
0.029043425
-0.057222791
-0.034522787
0.018325999
-0.032289341
-0.049036805
-0.0090042669
0.068274081
0.085785948
0.01547531
-0.011206521
-0.030766882
0.031636912
-0.0065248935
-0.013395964
0.039902981
-0.0014615954
-0.028771309
-0.073469654
0.069722086
-0.088035785
-0.035900719
0.025641246
-0.05182381
0.034268688
-0.0016678268
0.027909789
-0.036991596
0.010508769
0.0078633158
0.10020742
0.075264923
0.027333314
0.0032660009
0.043063685
0.0058162352
0.030979892
-0.10080355
0.0064797108
0.018395016
-0.059683528
-0.022675801
0.012963051
-0.053528611
0.033220176
-0.073187508
0.041652624
0.011195758
0.022476684
0.054226357
-0.00085721666
-0.030498387
0.078407288
0.005152009
0.056929126
0.017883606
0.053806733
-0.079679564
-0.12993266
-0.057194434
-0.0094575137
-0.010605353
0.0042302492
0.072031967
-0.016045416
-0.086431049
-0.052597634
0.067960739
0.029588932
0.069681309
0.0082884626
-0.020492896
0.057468537
0.01445722
-0.0081678126
-0.051107716
-0.074809037
-0.0077556465
0.062461339
0.023979466
-0.0050420156
0.016293913
0.075505093
0.052511904
0.044014368
-0.058386572
-0.081406988
0.090564542
-0.11958898
0.047176957
-0.037630908
-0.066440448
-0.012863066
-0.028590538
-0.014354537
0.0029612656
-0.021952845
0.029636456
-0.071287572
-0.068650819
0.052064952
-0.049889892
0.014942581
-0.025295235
-0.016877335
0.021907242
-0.054110166
0.044317745
-0.052661326
-0.03350335
-0.039082024
-0.079957947
0.026061358
-0.066219352
-0.048748564
-0.059438936
0.0055163479
0.0047559706
0.046945941
-0.038843188
-0.079324506
-0.081884414
0.088864081
-0.0039982814
0.014875558
0.010208372
-0.059371818
-0.033743452
-0.024045495
0.054594781
0.057135589
0.046128921
0.0077875466
0.058224853
-0.086806566
-0.065349698
-0.00080422242
0.043857574
0.016738284
0.053252842
-0.099515922
-0.091838472
-0.060078289
-0.012120496
-0.016089246
-0.000214439
0.063429259
-0.023930287
0.044179611
0.053135887
0.046974432
-0.00041312739
0.014968398
-0.00065518037
0.075138532
0.021975622
-0.014868593
0.057886325
-0.082726046
-0.04297585
-0.069455288
-0.070961498
0.013391481
-0.073733263
0.10800836
-0.018492134
-0.077946566
0.020588085
-0.019956023
-0.10092335
-0.042055223
0.037620354
-0.0496125
0.072386935
0.019861795
0.0025151502
0.041186582
0.1137634
-0.083521776
-0.044362947
0.043013331
-0.028030293
0.10502143
-0.099277198
0.0086298836
0.030580755
0.016154682
-0.084815718
0.0022917294
-0.080146015
-0.12167487
-0.055110786
0.021460678
0.010470626
-0.13888298
0.080821894
-0.029467642
0.051060665
-0.0018354108
0.053731721
-0.016264196
0.015958674
0.029092044
0.011591678
-0.042750079
-0.051070537
0.10979968
-0.078015894
0.052373502
-0.050648294
0.030097835
0.041224256
0.03280776
-0.069791302
-0.052914891
0.070587963
-0.092040643
-0.022999728
0.048768513
-0.03501334
-0.019138331
-0.041610405
-0.1227572
-0.0018194541
0.013275511
0.11045603
-0.10375832
0.085830115
0.059842177
0.01439749
-0.11052934
0.084100656
0.096757017
-0.038599353
0.095410176
0.055911336
0.022193003
-0.13157697
-0.024934731
-0.099080622
0.01538358
-0.021773361
0.079783469
0.089420922
-0.03770218
0.04019215
-0.026342899
-0.014879866
-0.12471451
0.024783526
-0.012459789
-0.10936046
-0.015571993
0.073045634
-0.0055207573
0.005133464
0.03758781
-0.064935617
0.037687533
0.09765932
0.042439319
0.04676725
0.02417602
0.056685429
0.012273232
0.027065678
0.016607992
-0.041531418
0.085151628
-0.041022003
-0.080313496
0.013681084
0.048364267
0.087146565
0.095920369
-0.11623949
0.012116756
-0.013329562
-0.019864945
0.051959109
0.0098172696
-0.038214993
0.10235305
0.041313309
0.13233128
0.057656616
-0.11057094
-0.052346569
-0.029651284
-0.09989284
0.015525477
-0.025042327
0.078133442
0.083581403
0.018122843
0.046691407
0.072000459
0.12121139
-0.11125574
-0.057597212
0.12066655
0.012599667
-0.011696942
0.017688788
0.019474022
0.010369021
-0.043217555
-0.06623549
-0.049280688
0.0013158283
0.056250188
0.018242178
0.024644202
-0.047081612
0.010444295
0.030021226
-0.025057381
-0.047665887
-0.013782821
0.030482288
-0.035926737
0.0082754046
-0.032750413
-0.016456522
0.0086857406
-0.0025156615
0.048986211
-0.00260158
-0.066863522
-0.017495945
-0.059895679
2.5325295e-05
0.019889925
-0.045551278
0.019404233
0.01315444
-0.0072503029
0.036224391
-0.10032216
-0.010023337
0.045796953
0.0057445881
-0.014979348
-0.069869727
0.017296653
-0.04100896
-0.010263789
0.05730084
0.064104602
-0.03902515
0.0054997085
-0.025063043
-0.046471704
0.05610498
0.0078803329
0.026044849
0.011677315
0.044538956
0.0007870908
0.051577885
0.05865198
0.0052690599
-0.023489797
0.030276343
-0.088752516
0.024495162
0.022986773
0.088285267
-0.026953692
-0.030096803
0.04607052
0.070408747
-0.030611835
-0.0034829206
0.049827524
-0.017722784
-0.029662242
0.022146184
-0.025239902
-0.032342251
-0.039887879
-0.023026654
-0.0089481622
0.066232443
-0.038839944
-0.019716339
0.0070532793
0.016315497
0.02829547
0.010083436
-0.021931283
0.084253065
-0.052320849
-0.020270165
0.034476884
0.033954687
0.043292906
0.057594404
0.010072954
0.013985515
0.0025436522
0.036037564
0.002360042
-0.052630849
-0.034798179
-0.023632489
-0.026889538
0.0087954681
-0.028860562
-0.04430563
-0.00033871186
-0.00052296184
0.047605537
-0.059151668
0.035434213
-0.075467937
-0.12773953
-0.027711831
-0.019234579
-0.0023733603
-0.039199311
-0.024943698
0.036130529
0.063586235
0.065369725
0.02232616
-0.0041192253
0.019968802
-0.032007132
-0.069330387
-0.057237975
-0.029760163
-0.071858712
-0.047156233
-0.090554707
0.002346348
0.03091873
0.034639094
0.012989794
0.010786168
0.069274105
0.0075814561
0.027901625
-0.051335268
0.0029825754
0.074985482
0.0305136
-0.07478001
-0.034854967
0.031292338
-0.012683249
-0.064910099
-0.021729266
-0.043610658
-0.049747411
0.015296635
0.040595189
-0.037954513
0.020776456
-0.032503571
-0.066299871
0.03573481
0.043943949
-0.03289979
0.061475907
-0.018553136
-0.012759354
-0.067244455
-0.069435649
0.050007414
0.0033548619
0.018726448
-0.042360425
-0.041918188
-0.024083536
0.036700808
-0.044671047
0.0523035
-0.016617419
-0.051270433
0.012972405
0.023663389
-0.00062195299
-0.022431027
-0.02722327
-0.053003963
0.062007692
0.037784599
0.011665291
-0.015903417
0.07062728
0.059025519
0.018681178
0.058001805
-0.011039926
0.011716666
-0.034704655
0.053074837
-0.02837464
0.052910153
0.035209317
0.0014475852
0.013166393
-0.053392697
0.0040226579
0.018260758
-0.0047116233
0.0026097069
-0.054482821
-0.046218436
0.062971771
-0.041774347
-0.013249949
0.061971359
-0.066784218
0.018610731
0.041717712
-0.052412726
-0.012899932
0.028177021
0.015681783
-0.052002467
0.016684651
0.012327044
-0.046210658
0.049158581
0.00992864
-0.044879463
0.017155554
-0.050780918
0.011494426
-0.046676792
0.0099061104
0.026448846
-0.037054412
0.016783904
-0.068721503
0.079558358
-0.048706092
-0.048007887
0.012928911
-0.067797177
-0.04672699
0.016520709
-0.067617737
0.034013923
-0.031457704
0.059415895
0.030101897
0.016808735
-0.00083588669
-0.035486419
0.037521522
0.023532731
0.033200122
-0.037633386
0.036996666
0.0026666063
0.068106145
0.021601867
-0.043685131
-0.062742569
0.036738042
0.053827811
-0.033451602
0.034466568
-0.095825769
0.019466277
-0.0051444042
0.089095294
0.050995991
-0.038902417
0.030990273
0.066047996
-0.039739549
0.0043463735
-0.061370816
-0.025238
-0.048321377
-0.073949613
-0.0011230828
-0.024948318
-0.030080693
0.043311179
0.040235631
-0.0088495472
-0.026953785
-0.023314314
0.029420752
-0.064873494
-0.022942971
0.043497503
0.062986813
0.088385321
0.022967078
-0.061869357
0.038554713
0.019745165
0.065200113
-0.13924488
0.070850872
-0.049874816
0.00037244876
0.015267192
-0.054738197
0.055200428
0.043594904
0.038584791
0.014908238
0.057164788
0.003897293
0.092253938
-0.036475416
-0.038008343
-0.063384205
0.035261706
-0.0450764
-0.043561131
-0.010103481
0.039896868
-0.022323832
-0.022993885
0.0023789175
0.0068412567
0.036675531
-0.029049115
0.020003945
-0.036337532
-0.0088167991
0.032469746
0.037639178
-0.074537672
0.023057727
0.0099316984
0.062492713
-0.023661027
-0.0022534041
0.028293073
0.0099844616
0.00071787089
-0.035063349
-0.052645534
0.0063335784
0.028288314
0.0011464073
-0.012347884
0.068339184
0.083705664
0.017317381
-0.044031736
-0.022087913
-0.053193167
-0.061354667
-0.0086617274
0.012692338
0.044571232
0.046998028
0.0093139578
-0.021905812
0.020015059
-0.035996456
-0.042823896
0.0011344652
-0.0028388205
-0.018937882
0.065008275
-0.066453308
0.024193551
-0.019031098
-0.035301037
0.03660205
-0.010634029
0.059855945
-0.013914328
-0.022991464
-0.022197321
0.026842657
-0.027948612
-0.058735304
-0.0078798207
0.035591807
0.06253846
-0.018564755
0.033204075
0.010851003
-0.024406843
0.033663813
-0.077727526
0.023806758
0.056947391
-0.038346644
-0.030565152
0.02541662
-0.0094004003
-0.044390365
-0.027604958
0.074236602
0.0083197532
0.029391795
-0.056208268
0.059231717
-0.0089343712
-0.073925816
0.066091299
0.094117485
-0.047241971
-0.037775058
0.012715751
0.068637595
0.033605013
-0.060991138
0.062588505
0.052818593
-0.026613791
0.0005701796
0.066133127
-0.047532037
0.00881116
-0.048437383
-0.061299149
0.0083572948
-0.09174303
0.019986339
-0.023271928
-0.016894681
0.038535524
-0.078744181
0.0059379172
-0.019533239
-0.0018927187
-0.043686438
-0.032030232
0.027021043
0.032216057
-0.071849495
0.038202908
-0.0233238
-0.038685679
-0.048077378
0.010374546
0.052149575
-0.064342096
-0.042334199
0.050592314
0.035665393
-0.066782296
0.01422221
0.035350904
-0.049306374
-0.062514901
0.0091231931
0.0039389906
0.035493683
0.015510689
0.02101725
0.074456133
-0.083099142
0.0077991551
-0.00066186988
-0.067030445
-0.083236016
0.022308769
-0.018920751
-0.042409848
-0.019437822
-0.043191347
0.027256111
0.0025933646
0.073469363
-0.014395294
0.052152816
-0.0033620275
-0.037759904
0.046478432
-0.060916945
-0.045066111
-0.084403589
-0.030907147
0.028044358
-0.015346607
0.022611836
-0.054984011
0.017770838
0.046027821
0.041769926
-0.034388009
0.017314723
-0.091432519
0.088566177
0.013511385
-0.0048458735
0.000797746
-0.052768182
-0.074502908
0.082545511
-0.07611528
0.023285935
0.055067729
0.021858433
0.019882718
0.048581947
-0.033087101
0.029230652
-0.077462785
-0.039882373
0.044620298
-0.054625865
0.013250056
0.018804075
-0.0016699635
-0.065169275
0.086180054
0.027955636
0.0050668838
-0.078474611
0.015673129
-0.019890277
0.03045343
-0.03680471
-0.041645218
0.043683134
-0.11829934
0.051795099
-0.041928757
-0.011519524
-0.013613149
0.0080272304
0.052924894
-0.039151039
-0.055014152
0.062929496
-0.053036675
-0.025349597
0.012645357
-0.0091736894
-0.081545651
-0.035113081
0.0013518035
-0.029548885
-0.0024420808
-0.072892278
-0.082183085
-0.10433888
-0.0017048005
0.0087146983
-6.2986925e-05
0.069957875
-0.057629798
0.018233778
0.060287427
-0.020210315
0.05120771
0.057633042
-0.15770847
-0.02671309
0.040626202
-0.0046420754
-0.093495823
0.0088901101
0.012405038
0.061920408
-0.064124174
0.0037970559
0.01622167
-0.040389895
0.079037689
-0.010733081
0.060451046
-0.0019402948
0.067291103
-0.058205683
0.069986045
-0.02292447
-0.053316496
0.082230583
0.0097447364
-0.060848758
-0.042964786
0.033294119
0.032130267
0.076713711
-0.018677754
0.01251125
0.011860875
-0.046785135
-6.2125917e-05
-0.021900991
-0.037916265
-0.014747861
-0.015674639
0.0045637754
-0.059125207
-0.020275353
0.022745578
0.033401016
-0.0346976
0.0016749887
0.005697744
0.10631882
0.012324001
-0.038896315
0.072978847
0.061881211
0.036567271
-0.038648397
0.10954188
-0.099427596
-0.039472464
-0.04830981
0.060254417
0.014709003
0.0077443053
-0.045064226
0.095237225
0.084044293
-0.011042257
-0.086952709
-0.073569357
0.032320425
-0.0021735358
0.076524086
-0.055141162
-0.022796415
0.056389131
0.023120338
-0.099669077
-0.096047133
-0.02640499
0.00083959749
-0.11059689
-0.012729688
-0.08526957
0.021046229
0.006476596
-0.067654215
0.068390056
-0.03675361
0.011835596
-0.0020617465
0.037106227
0.064016879
0.063805081
0.088009737
-0.036712758
0.013082012
0.0074541881
0.078346863
-0.023280881
0.027174443
-0.095466651
0.0090194298
0.034464449
0.037819989
-0.05250122
0.052931003
-0.021550398
0.059846621
0.019231096
0.005038558
0.081526443
-0.011295768
0.035658877
-0.027577896
0.024106653
-0.04151646
-0.0011438258
0.081148691
-0.031805437
0.032083485
-0.083834909
-0.075638279
-0.013936466
-0.005843522
-0.026111577
-0.035358831
0.065337673
-0.040170033
-0.029776551
-0.048809178
-0.064869508
0.047303926
-0.076505668
0.029524064
0.033452269
-0.042004321
0.035229985
0.041027982
0.0043810294
-0.048189364
-0.041679714
0.021833383
0.029272029
0.05408695
-0.013638514
0.016312581
-0.035605118
0.030323016
0.031202331
0.052051529
0.00049105531
0.01446741
0.0020142824
-0.018216228
0.010104108
0.03815461
0.0010005295
-0.10986698
-0.039400619
0.017726796
-0.078271046
0.026615156
0.048466332
-0.03746108
0.028677726
0.015883021
0.042728357
-0.061994854
0.058043029
-0.051324461
-0.049505718
-0.037606779
-0.046535686
-0.00041487935
-0.054934647
0.061937902
-0.030681891
0.0016190211
0.038262859
-0.02660946
-0.048139535
0.011640846
0.022379601
-0.0056912727
-0.082013689
0.037264671
-0.048289292
-0.02100157
-0.042958509
-0.044775575
-0.023649078
-0.081446141
0.047634583
0.015589845
0.037337687
0.069923565
-0.074767374
0.057848424
0.0099964794
-0.0017270471
0.0028237654
-0.054642197
-0.058619384
0.0054711276
-0.012901157
0.0083419047
0.080445416
-0.076443925
-0.026732404
-0.013592392
-0.0036418359
0.039434474
-0.029242251
-0.03773357
0.054132104
-0.050622687
0.055115495
-0.07209415
-0.026710566
-0.012637343
-0.020514756
0.020408154
-0.047628548
0.0033457868
-0.071139701
0.01123534
0.065691762
-0.044093728
-0.018242087
0.0042899884
-0.039622772
-0.055386379
0.012585254
-0.074470975
0.045805831
-0.074444748
0.076066367
0.071390018
-0.077082872
-0.087735265
-0.052321356
0.025716053
0.0067570405
-0.08749374
-0.071746446
-0.047866099
-0.06792862
-0.062975064
0.023411974
0.080484815
-0.017325621
-0.085870847
0.022284405
0.06795311
0.028535962
0.061440732
0.0077915769
0.072022557
0.042704418
0.053917129
-0.034404129
0.028384799
-0.039332163
0.016956687
-0.062312275
-0.0023058064
-0.032130089
-0.046913523
0.05899566
0.032868091
-0.0075600338
-0.03895691
0.04320218
0.09015999
0.066586219
-0.061558757
-0.048657924
-0.085062049
-0.095005244
0.0089823492
0.039110627
-0.0059529543
-0.071195342
-0.022463186
0.046465974
-0.032201413
0.10377949
0.0027567258
0.075607412
0.045680802
-0.09188775
0.088694103
-0.064563051
0.046878077
0.0040651266
0.010770923
0.055937294
-0.061519634
-0.056678042
0.0065632216
-0.047930524
0.016743356
0.029163394
-0.10042271
-0.024518183
-0.026340008
0.013360598
-0.070935085
0.071731299
0.014065152
0.064365916
0.081577659
-0.012116891
0.037296712
0.00014513163
-0.062063847
-0.025078142
-0.043502692
-0.1032043
0.0059786807
-0.037616286
-0.01934851
-0.077963747
-0.0066766343
0.012189038
0.030384308
0.044571355
-0.017434735
-0.00044940849
-0.038185947
0.013254995
-0.076160662
-0.011537501
0.0080802543
0.0014816272
0.0046716337
0.020207271
-0.0075600874
0.10189316
-0.047299881
-0.047288418
0.10775442
-0.085408196
0.011439567
0.01225376
-0.01418639
0.014921525
0.09448652
-0.059205595
-0.062252536
0.0055116313
-0.072187744
0.035456486
0.031033965
-0.031374529
-0.028771631
-0.064400673
-0.025913766
-0.019225186
-0.018512448
-0.033761431
0.055551637
-0.056761391
-0.087811977
-0.038135454
-0.025631091
-0.025589006
-0.036079235
0.038647063
-0.012014502
0.066637807
0.025255144
0.05977438
-0.059452511
-0.024129596
-0.06192372
0.023157582
0.033713132
-0.023403944
-0.02680085
0.054531671
-0.043450728
-0.030367674
-0.017220896
-0.0053515215
0.060745824
-0.063155875
-0.010217268
-0.063145041
-0.066934124
0.035407063
-0.032378677
0.022641404
-0.053978905
0.0044212327
0.0068630767
0.039585974
0.032665044
0.052722033
0.002574665
0.018850066
0.034043934
-0.035835762
-0.032881871
0.052092407
0.048583202
-0.078321867
0.018913433
-0.019277208
0.014494067
0.04947206
-0.034285355
0.017580347
-0.023506666
-0.021466851
0.054746043
0.013990724
0.042688586
0.031194139
0.028142951
-0.00038508154
-0.065776944
0.04138279
-0.012076393
0.019969849
-0.023562698
0.039993525
-0.013669264
0.030413056
-0.011211236
-0.03369382
-0.083919659
-0.035418764
0.069100112
-0.046725281
0.012081846
-0.016762665
-0.050989173
-0.0074783545
0.036005288
0.088701554
0.024364013
-0.040597972
-0.013537923
0.048405074
0.031361986
0.032584231
0.068941407
-0.037956327
0.08604873
-0.082203351
-0.035832159
-0.010743467
-0.02702949
0.085683942
-0.012150675
0.040932458
0.050058316
0.039999582
-0.052721076
0.06544067
-0.065854855
-0.0037979039
-0.08453121
0.0089062694
-0.010616728
-0.018898157
-0.043315612
-0.025268584
0.019354604
-0.043335259
-0.026521867
0.015952997
0.0075626592
-0.05951662
-0.0099765733
0.024308555
0.019262603
0.041647524
0.030423857
0.038230378
0.0041799163
-0.041781187
-0.062196665
-0.027202174
-0.0044724131
-0.0036182038
0.063996434
-0.0039852485
0.035476573
0.059404731
0.017924206
0.046505243
-0.061164536
0.048422512
-0.071890742
-0.034647606
0.052658439
0.083598822
-0.024331184
-0.090271987
-0.049853779
0.082820125
-0.0036828679
0.082486555
0.05434563
0.066201255
-0.01015754
0.05589382
0.069637425
-0.067377634
-0.089783289
-0.047357321
-0.078625172
0.098488137
-0.082007051
0.027191466
-0.062852897
0.047781013
-0.026699016
0.10487996
0.024341611
-0.095388748
0.014774156
0.049686521
0.024739159
0.029003056
-0.021118646
0.016396387
-0.013113404
-0.0017103173
-0.043258894
-0.059307326
-0.013839839
-0.11548129
0.077089466
0.0061866888
-0.03070033
-0.017665422
0.011633034
-0.054875165
0.016335696
-0.030529546
-0.022931622
-0.011227675
0.022147367
0.080939017
-0.012268366
0.063751496
0.077067651
-0.099951461
0.062744081
-0.07859835
-0.0508954
-0.0063303267
0.014271935
-0.018546158
0.069672003
-0.014009071
-0.063013822
-0.079840243
0.064546458
-0.091529712
-0.020309584
-0.062365126
-0.013334098
-0.10467384
-0.055034913
-0.027858486
-0.0013102328
0.10344659
0.08203911
-0.0071512419
0.074765958
0.021352787
0.089254856
-0.004552966
-0.068879507
-0.058428615
0.099443071
0.049966905
-0.096690483
0.072016716
0.024540192
-0.019453527
0.099877536
-0.039407119
-0.047945108
0.031509001
0.072707087
0.012348914
-0.027690468
0.060311608
-0.041696273
0.037202217
0.044483893
0.07149113
0.028416354
-0.03742915
0.0020094689
0.046413258
-0.025981491
0.03149819
0.04495674
-0.035974722
-0.075016789
0.020979645
-0.047882367
0.059512746
-0.054898143
-0.028210795
0.027028482
-0.076394722
-0.010706606
-0.0097985603
0.059148099
-0.019243298
-0.0081490539
-0.020002918
0.004721581
-0.03189338
-0.043779757
0.055713501
-0.02774472
0.029902363
-0.044014759
0.0023377743
0.057262205
-0.038971391
0.04331132
0.042866774
0.030018955
0.056845777
0.070118561
-0.06461069
-0.023918776
-0.03450023
0.028017987
0.015204472
-0.00044503855
0.028913289
0.079319566
0.040726144
0.022394681
-0.045986295
-0.011486175
0.07925649
-0.067123972
0.068502314
0.047741517
0.045221005
0.068045758
-0.0088608759
0.019921703
-0.032694735
0.046690781
0.041868545
-0.057365756
0.0019179079
-0.03052783
0.049537968
-0.061541993
-0.045305137
0.032002278
-0.021771364
0.067777254
-0.029363506
0.024300892
-0.056923348
0.037812442
0.0095124897
0.049975697
-0.039530192
-0.032672107
0.021669328
0.0031255959
0.015935408
-0.013036768
0.014357999
0.028674593
-0.04395476
0.043106586
0.0092171114
-0.047755532
0.031436797
-0.042260248
0.050730217
-0.061776157
-0.080249913
0.0065659848
-0.038152281
-0.025328374
0.048464488
-0.012948696
0.014329338
0.01640328
0.020528644
0.015864376
0.06222903
0.012295982
0.042146698
-0.031306304
-0.047378208
0.043085676
-0.029580483
-0.010303931
0.015418077
0.04657137
0.014098362
-0.059067693
0.054341193
-0.036387708
-0.008092721
0.056625705
-0.065050393
0.0075111259
-0.013661106
0.066043079
-0.076513834
0.0064582368
-0.01963939
-0.058967143
0.015279531
0.053737476
0.0048140399
-0.062353872
0.044173423
0.0020662872
0.037038673
0.076424889
0.0052628699
0.019707698
0.072460636
-0.0083486736
-0.052407127
0.035235249
-0.035421964
0.051404219
0.020497151
-0.031718105
0.054211739
0.021082221
-0.051262058
0.034482732
0.037737448
0.060074512
-0.0095145646
-0.0017669677
0.044525873
0.049339335
-0.038171269
0.054140218
-0.050256159
0.056040172
0.019239172
-0.0022214348
0.029350616
-0.027691672
-0.049750481
-0.057062928
-0.045315165
0.012615152
0.016734218
-0.025177782
0.013299115
0.0537837
-0.011336567
0.056464143
0.014369139
-0.053332902
0.050149843
-0.011264384
-0.045116734
0.047834266
-0.066097111
-0.017820371
0.064011239
-0.038070794
0.008524796
0.032492161
0.028980015
0.046349645
0.0084652156
-0.023833774
0.00024308161
-0.03346701
0.071431175
-0.00077201612
0.015804324
-0.035303559
-0.0091630276
0.020146351
-0.04150803
-0.027908025
0.028151283
0.0076613072
0.0069350884
0.03970205
-0.037709672
0.057637684
-0.030407695
0.018948879
-0.020311184
0.044623476
-0.030288329
-0.028468581
-0.0506972
0.048718657
0.040451452
-0.028367318
-0.012445355
-0.0006670928
-0.018270511
0.045105014
0.06727118
0.014458918
-0.048378132
0.014781239
-0.041171346
-0.02032396
0.0038910971
0.026127128
0.058628324
0.056039482
-0.050280329
-0.065758549
0.053206917
-0.012462713
0.0058893869
-0.022819709
-0.027462825
-0.03018539
0.023045836
0.032526262
0.059432421
-0.06067
0.067268036
0.057826083
0.043405648
0.067005821
0.0019176828
-0.010038842
-0.048424114
-0.031397156
-0.021352405
-0.026933137
-0.027403869
0.028892213
0.06031641
-0.0053159595
-0.038031068
0.024153778
0.035259791
0.057565175
0.038009498
0.058823533
-0.033019956
-0.094699338
0.026749687
-0.010796139
-0.021804789
-0.01887656
0.15411967
-0.085994639
0.024020368
0.10538855
0.080601677
-0.096619397
-0.053104009
-0.080451109
0.0096179154
-0.092703372
-0.11975253
0.083506957
0.19001766
-0.0063509489
-0.028596882
-0.044182632
0.050712969
0.085640833
-0.22308676
-0.001853437
0.041362472
0.018280286
0.088254802
-0.034608494
-0.020903977
-0.073650591
-0.1001301
-0.073933847
-0.08601699
0.058094129
0.024019884
-0.016304536
0.075875998
0.093836792
0.047364254
-0.013750709
-0.041479718
0.16874702
-0.11398757
0.015123514
-0.054200478
-0.06129466
-0.015380565
0.061775446
0.027223168
-0.020164099
-0.0018797818
0.051832326
0.082876697
0.15146784
-0.14982985
0.012671897
-0.072050363
-0.03036019
0.00089368183
-0.019245125
-0.0097857052
-0.1127282
0.071403682
-0.090605542
-0.12452609
0.10953043
0.095548183
0.0090287635
0.028873155
0.02609141
0.0025016961
0.051642194
-0.07392703
0.11673626
0.089156009
-0.12571913
0.12315995
-0.041428491
0.085809372
-0.096099429
0.014575387
0.12878509
0.065633222
-0.13943422
-0.10849506
-0.087055162
0.16496879
-0.069617637
0.073691383
-0.13360019
-0.0052050813
0.069692776
0.13561291
0.0066538802
-0.052997071
0.063062385
-0.10035739
-0.15615992
0.01482641
-0.0092541166
0.028698573
-0.14145477
-0.0073712859
-0.0063310759
0.063796274
0.019202396
-0.044125691
0.11365057
-0.0094315652
-0.12946531
0.065287389
-0.076501206
0.037460707
-0.05450806
-0.030132318
0.042271424
0.11570989
0.019391302
0.042122323
0.0073881377
0.0098009901
0.039824355
0.069368161
-0.10424834
-0.10008518
-0.15806007
0.054947365
-0.080892764
-0.11366314
0.0024458196
0.086560987
0.0012234667
-0.019221099
0.11049499
0.057718758
0.045965713
0.0053429231
0.066946253
0.045408148
-0.0067682373
0.0043024146
0.035487473
0.030690392
-0.078798898
-0.005523426
0.024056785
-0.15533926
-0.052181862
0.0077201794
0.091011487
-0.06928689
-0.07229311
-0.014987581
0.023163125
-0.022199914
0.023817612
0.038877878
0.070849083
-0.10488342
-0.1502286
0.040281504
0.063455857
-0.0521967
-0.087754093
0.050987355
0.080328681
0.02940912
-0.14505096
-0.053986598
-0.078101546
0.0033704948
0.030894376
0.024013754
0.015724611
0.009384295
-0.052960817
0.034294929
0.10986181
-0.084775336
-0.098677322
0.027009744
0.04827214
-0.058551803
0.040541183
0.025879504
0.094069391
-0.029667441
-0.011971295
0.089307636
-0.032274138
-0.046606783
0.0026080105
-0.02048065
0.08142475
-0.10410707
-0.10371902
0.02395408
0.024577728
-0.043895181
-0.030499101
0.1086887
-0.038460512
0.14720158
0.021434734
-0.073266052
-0.075047873
0.071228765
-0.010299257
-0.060206931
-0.051303364
0.1594528
0.02805347
0.0011096322
0.082189754
0.016029146
0.0067019197
0.026315227
0.0034205292
0.097055472
0.090517886
0.0062313173
-0.13536325
-0.075974904
0.060577378
-0.026752185
-0.11450373
0.022199744
0.033161797
0.14865977
0.060055435
0.042604912
-0.009209617
-0.026503332
0.088590279
0.0040322887
-0.0071965051
-0.070554689
0.038075838
-0.099860743
-0.10049533
0.0075167161
-0.011963794
-0.046332646
-0.017368218
-0.021208644
0.092677943
-0.050358362
-0.054615997
-0.050116919
-0.039920546
-0.060755063
-0.10170623
0.067150295
0.010635023
-0.087401144
-0.10007444
0.065233372
0.036496207
0.014021625
0.061531965
0.054820366
0.036613941
0.065004244
0.055808555
-0.023964532
0.0041515846
-0.062871814
-0.032726109
-0.046834864
0.072280467
0.037946884
-0.016570006
-0.10112623
0.0075603086
-0.042472344
0.035209928
-0.080120668
0.024671482
0.034163628
-0.0018806492
-0.0046339259
-0.088637382
0.00071931951
0.032466903
0.0097723268
0.041882798
-0.049307715
0.0035330993
0.0031481516
-0.019349461
-0.099545836
0.046407595
-0.029788285
-0.021668104
-0.014365697
-0.012603562
-0.023334041
-0.076968387
0.014459268
-0.01079297
-0.050859954
0.06239292
-0.046175838
0.058543414
0.027941559
0.029733879
-0.013252674
-0.0069499337
-0.085963726
-0.053164005
-0.01428357
0.0067116031
0.096995346
0.034723088
0.060095735
-0.025965838
0.058394238
0.043643832
-0.072841011
0.074388683
0.075977176
0.0021146375
-0.022826152
-0.040072206
0.040673733
-0.038616635
0.015668225
0.03282252
0.03881171
0.00092659052
-0.042745821
0.027267326
-0.070895702
-0.032854322
-0.042842619
-0.0090027796
0.015343239
0.010423533
0.048074104
0.060208455
0.0947382
0.069797508
0.055175133
-0.053026132
0.093704648
0.021090882
0.013856262
0.055295307
0.042795449
0.0307795
-0.023050854
-0.050820578
0.0034783662
0.070089415
-0.073572099
0.017627411
0.065153167
0.065380938
0.044380799
-0.028330632
0.026434883
-0.0089496784
-0.13941701
0.013330751
4.499736e-05
-0.013599731
-0.058992185
0.031847563
0.062089656
0.017214239
-0.020538952
-0.06654337
-0.08637242
-0.032405473
-0.007948203
-0.054157536
-0.018103324
-0.0053212279
-0.01599342
-0.0031781257
0.034312855
-0.034409396
0.033955462
-0.019276442
-0.011313646
-0.023779502
-0.022262871
-0.019053528
-0.00088565447
-0.00013066261
-0.060886908
-0.027175918
-0.052861597
0.062185727
-0.011845339
-0.042464666
0.038295299
0.020507613
-0.037677698
0.032260388
0.03037853
-0.01952548
-0.066075094
-0.033811625
-0.044161431
0.048432782
-0.057230528
0.059913684
0.0031269072
-0.034593828
0.063362978
0.07794819
-0.039261185
0.038838305
-0.048935503
0.053087275
0.022345928
0.054866776
-0.037754275
0.031812854
-0.047876682
-0.033496369
0.01209442
-0.062396094
-0.059815634
0.013256012
0.0147129
-0.077937812
-0.024670864
-0.05688715
0.017051088
0.045907978
-0.056942105
0.031205529
-0.062737398
-0.069339201
0.0056474889
0.045343086
-0.039503917
-0.052145723
-0.041228764
0.050134357
0.021644048
0.061513383
-0.039559003
0.034357324
0.051367711
-0.04977984
0.023975011
0.0060501718
0.035951853
-0.00064441713
-0.039095249
-0.0050886986
-0.0089880889
-0.055935651
0.031064428
0.033912133
0.034934685
-0.043120857
-0.019199157
0.042721748
-0.035826501
-0.0031259435
0.051040001
0.033157703
-0.029149817
-0.065928273
0.030756051
-0.010143071
0.013935912
0.014214368
0.054965276
-0.029712308
0.012568663
0.047198512
0.008235978
0.057021368
-0.016241703
0.039320666
0.014108798
-0.0089816144
0.011614278
-0.050069332
0.024209341
0.023703283
0.026092185
0.038880941
-0.037988678
0.064668536
-0.046992525
0.0011389089
-0.044730026
-0.052395869
0.016815782
-0.029546559
-0.041108895
0.062071085
0.041412316
-0.00022941825
-0.049992822
0.04762942
0.019231554
0.023792328
-0.030321199
-0.0063489429
-0.011070269
0.058562487
0.020711025
-0.048543118
-0.027917078
0.049984396
0.01516404
0.066251956
0.029543279
-0.046197142
0.033005983
-0.036665987
-0.0048306151
0.086656407
-0.018429209
0.042413715
0.076819777
0.058102287
0.079123348
-0.019634098
0.050523236
-0.050444048
0.11615177
0.027883517
-0.0051989844
-0.017066013
-0.030170344
-0.0047433185
-0.041613884
0.057685673
-0.018681653
0.078593433
-0.026224269
0.053360414
0.021471707
0.043033626
0.021725649
0.042328674
0.050270472
-0.037805803
-0.046478592
-0.052437861
0.059454668
-0.047057897
-0.013928021
-0.1085484
-0.07113371
-0.033187401
0.017724294
0.074991785
-0.053368744
-0.016250147
-0.021806326
-0.01656564
0.016580015
0.010448852
-0.091054574
0.07803227
-0.049774852
-0.070345342
-0.0036429497
0.008778872
0.083259374
0.037830003
-0.0032564001
-0.026110614
-0.034121361
0.0061075208
0.013800745
-0.030596353
-0.014819128
-0.033520006
-0.0019045997
0.03207548
0.087471187
-0.027047904
0.00045149264
-0.0091904225
0.033514779
-0.061637908
-0.0047525386
0.038457297
-0.015229146
0.0048959819
-0.036210943
-0.058543682
0.016167533
-0.051935047
-0.059700049
0.069611885
-0.074586228
0.06799747
-0.032145649
-0.014013933
-0.023174861
-0.03840521
-0.027639249
0.021839784
0.032341693
-0.07813023
0.035068952
-0.042641554
-0.016361423
0.064602979
-0.019959141
0.041196112
0.022509405
-0.035719965
0.0030390872
-0.0041495585
-0.010643192
-0.066778183
0.055269048
-0.0013768795
-0.037299793
-0.0081735291
0.023365811
-0.025313854
-0.076862283
-0.092893355
-0.071722135
0.044038475
0.010306354
0.013376999
0.081629112
-0.053559057
0.020755494
-0.099525414
-0.011589194
0.029963611
-0.003057966
-0.036036424
-0.078454584
0.034148417
0.061307747
-0.0038574925
-0.010113519
-0.00661093
0.1023275
-0.0088969441
-0.069396958
0.020459816
0.057509236
-0.10126001
0.048539899
-0.093578108
0.008746841
0.0084753102
0.034758758
-0.069121942
-0.0025626684
-0.052370131
0.032279216
-0.037821569
-0.00040524302
-0.012540263
0.087838031
-0.058819816
0.039263595
-0.021378372
-0.021605669
-0.072480649
-0.021580812
-0.0068591037
0.098872133
0.081824042
0.036777332
-0.060115386
-0.0073049762
-0.080781549
-0.057726398
-0.080562897
-0.077771865
0.10603925
-0.021041127
0.05121164
-0.046848338
0.018380204
0.014241836
0.0072102924
0.060315963
-0.029865116
-0.044855464
-0.072520599
0.0081085972
0.030588493
0.061332051
-0.064677492
0.0131338
0.0075221355
-0.054384109
-0.063451022
0.043624338
0.030285425
-0.1282991
0.022969864
-0.033617005
-0.0040160287
-0.085382193
-0.051309522
0.012223649
0.091749571
0.084263586
-0.013398577
0.062131949
0.07902015
-0.010397539
0.038709525
-0.03915802
-0.01303178
0.04508841
0.064368032
-0.066823207
-0.051390771
-0.017549604
0.052536443
-0.096336983
-0.034975078
-0.017120071
-0.018638341
-0.074932247
0.039837725
0.066427045
-0.061100043
0.060824215
-0.095455587
0.049714521
0.059880987
0.023550622
0.065406494
-0.045283314
0.080043212
0.0056827259
0.0068254136
-0.030250348
-0.040577762
-0.085049361
-0.030931333
0.0086927311
0.013092043
0.045668304
-0.032952286
0.068970934
0.052340228
0.099119604
0.01677715
0.010815891
0.021998152
0.03419045
0.023264803
-0.019569004
-0.059128419
0.0091318246
0.010030717
0.029338634
0.019476239
0.016545249
0.018724617
-0.0026165699
0.04849612
-0.0080041876
0.095206253
-0.013213723
-0.026810069
0.016555905
0.029120917
0.083517462
-0.040842213
-0.044096757
0.053430531
-0.007003421
0.031598382
0.03128783
-0.0047139819
-0.01873333
0.037319694
-0.0027255421
-0.051337801
-0.048512384
0.050397873
0.059059009
0.025661837
-0.045517143
-0.022797847
-0.0063478677
-0.0068486012
0.0089810146
-0.013411846
0.037509661
-0.026920889
0.028215904
-0.0010872086
-0.040517677
-0.099281967
-0.054563072
0.030662619
-0.017782018
0.034431763
0.044058342
-0.030534802
-0.0054090726
0.0089341849
-0.045415431
0.046387047
-0.031109279
0.021957098
-0.053460944
-0.063435189
0.034064569
0.019213973
-0.027615936
0.0043043611
0.037547503
0.063578896
0.048807237
0.047590815
0.037653845
-0.046154123
-0.064364426
-0.047401696
0.044034828
-0.016141517
-0.046331227
-0.044910669
-0.031974021
-0.044733744
0.054426283
-0.04520385
0.0088124163
0.08125148
-0.060609583
-0.028930698
0.028423477
0.048996143
-0.010612947
0.032846317
-0.064187922
0.028907396
-0.037508558
0.0084347073
0.022492081
-0.024296863
-0.018977301
-0.0049962564
-0.044439692
-0.025494263
-0.040588688
-0.020136844
-0.02107502
-0.046043634
-0.02270014
-0.062197667
0.018021954
-0.038317997
-0.0095714256
0.066251919
-0.047083423
0.047757111
0.046104476
-0.082641482
-0.040665779
-0.0085516255
-0.051683813
-0.024448536
-0.10620886
0.038895845
0.0089170076
0.017162083
0.025042085
0.044660818
0.037083607
-0.064877361
0.0056880489
0.062169805
-0.016666221
0.057208817
-0.0065955655
-0.05867314
-0.023505036
-0.0040392531
-0.071007222
-0.0015776808
-0.040705845
0.039518926
0.069575965
-0.04055997
-0.018251399
-0.049542431
0.012863758
0.0058234371
0.0032790408
0.050123367
-0.0031380646
-0.058977589
0.01738774
-0.081290208
-0.0011259121
0.045225084
0.010914944
-0.041240979
0.019665131
0.059009712
-0.06351234
0.067645408
0.027213302
-0.098190024
0.077598445
-0.014002115
0.096917681
0.037229117
-0.084829926
0.012163844
-0.022703657
-0.05641292
-0.030550536
-0.025272703
0.0092973541
0.023874704
-0.0040645036
0.036658496
0.044491753
0.087924667
0.047936492
-0.025414925
-0.083992399
0.036687169
-0.072639301
0.039291717
0.080768563
0.1073321
0.0064874194
0.018847208
-0.0035719264
0.072612889
0.0026349621
0.078419805
-0.065802217
-0.015451279
-0.0056121536
0.027679261
0.045673728
-0.046448536
-0.043784164
-0.088366292
0.036519744
0.069426022
0.054719664
-0.063153081
-0.0058398279
-0.02281915
-0.11011296
0.016012896
0.012562296
0.068688266
-0.033193786
-0.057355419
0.068889372
-0.023513373
0.067589879
-0.05647216
0.050280556
0.11754494
-0.10554159
-0.0071135261
-0.0080643883
0.060181174
-0.051182885
0.0473556
0.0021591804
-0.06308414
-0.028679186
0.053647134
0.010208556
-0.040580794
-0.001090788
0.0063300235
-0.062354039
-0.012170372
0.041930083
0.0034348399
0.019863861
0.0079400046
0.088561259
0.015946828
0.052950401
-0.032959454
-0.065997534
-0.041935254
-0.023814781
0.0055275941
-0.0050348644
-0.083924025
0.013830022
-0.0058405055
-0.0031889209
-0.11676642
-0.014726073
0.027534291
0.032046814
0.07099805
0.016738705
0.044577304
0.03738831
-0.090444297
0.0055825356
-0.015452457
-0.046680093
0.052084565
-0.052960087
-0.01962034
0.042043172
-0.0092905303
-0.014471437
0.0094036981
-0.0097255576
0.0012409001
-0.01759943
0.0033310447
-0.056690708
0.0045291921
-0.021618221
-0.039884359
0.068623781
-0.061724134
-0.034874879
-0.056235511
0.036158599
-0.00033693956
-0.059112631
0.039161839
0.061616324
-0.064040847
0.019341193
-0.035771459
0.053727549
-0.052133985
0.091033742
-0.030328186
0.065866977
-0.0085743312
0.070143014
0.057405114
-0.012354764
0.044073761
0.06700819
0.011333983
-0.023336543
0.033385586
0.056871679
0.034892425
-0.030881431
0.079897128
0.0096677998
0.022043213
-0.012267905
-0.038116999
-0.039010432
-0.024671163
0.016648145
-0.0096982475
-0.056706656
0.038235508
0.056021027
0.02064395
0.031096471
-0.0045748428
-0.061184127
-0.00093679217
-0.028112367
0.052803155
0.059986155
0.062143497
-0.066306219
0.029323976
-0.069066837
0.0096152434
0.048377506
0.00042564931
-0.017441947
-0.015843147
0.076650366
-0.059568621
-0.016615113
-7.9225509e-05
-0.039392486
0.076687194
-0.080465406
0.04666204
-0.13056259
-0.0041462937
0.037336245
0.026096737
-0.10825095
0.025142791
-0.017344585
0.062907897
-0.081715532
-0.018713627
-0.017917315
-0.028520349
-0.035028193
0.020653686
-0.040593795
-0.018964823
0.04462216
0.036006372
-0.068651944
0.0075290506
-0.13789965
-0.15731125
-0.078232735
0.013896571
-0.078514077
0.055297308
0.1158796
-0.054856114
0.028012052
-0.020549651
-0.0051913871
0.035213329
-0.067063719
0.028046619
0.03461105
-0.0051371926
0.081517115
-0.026294515
0.071007319
-0.088875651
0.079466172
0.034189332
-0.092187107
0.040214248
0.037452474
0.084704287
0.029092669
-0.15969352
-0.043680456
-0.047848631
-0.0081264284
0.041081551
0.11309338
0.0014823861
-0.020624937
-0.086548179
-0.0095799593
-0.050111607
0.049711745
-0.036011834
0.078185454
0.04307111
-0.041939843
-0.021590641
-0.03260817
-0.067504965
-0.042695239
0.050916921
-0.085658178
0.0067438725
0.053305086
-0.047718935
0.0084630633
0.035196826
0.044805501
0.050647922
-0.06443435
-0.10565694
-0.047694866
0.074396573
0.05418101
-0.048778079
0.0085981749
0.015171158
-0.021380294
-0.078432076
0.049718499
0.012027631
-0.070686243
-0.0011067198
-0.03285284
-0.027526159
0.024329433
0.076040372
-0.00091205171
-0.023467025
0.0293555
-0.069854952
-0.01134732
-0.040330622
0.01714647
-0.038118336
0.019634431
0.032549944
-0.03411686
0.1092279
-0.05973012
0.064853244
-0.094282188
-0.066584393
0.014203217
0.008337155
0.073397629
-0.070587017
0.062311765
-0.041020717
-0.033243317
0.052337743
0.081375517
0.0027165911
-0.0090685217
0.017306043
-0.029471407
0.063123018
-0.03847063
-0.079310365
0.034320876
-0.052409399
0.068065889
0.030408014
0.084012277
-0.10081492
0.064746641
0.048475049
-0.05659854
-0.03260773
-0.027272779
0.075632691
0.064626478
0.064526349
0.084744968
0.028153438
0.061198752
0.022158518
0.057595417
-0.037228461
-0.0027336667
0.01149441
-0.0087254094
0.037607394
-0.015334697
-0.026819127
-0.046763793
-0.043950368
0.041509755
0.061843358
-0.023781259
0.031241883
0.10983841
0.0019622007
0.013889277
0.076397546
0.040151212
0.026183505
0.01154544
0.034397397
0.026968706
-0.011170105
-0.074199282
-0.025548059
0.093458645
0.055985581
0.015805073
-0.027270775
-0.0085473964
-0.081669979
-0.094588086
-0.057845604
-0.1104975
0.0055702901
0.048097406
-0.070027791
0.03030224
0.030930519
-0.012558185
-0.052673426
0.031600591
-0.044791888
0.0053343554
-0.046855118
-0.11678498
0.033284042
0.095905513
0.024883231
-0.0038101955
0.010100553
0.023605641
0.10520159
-0.049922328
0.1473873
-0.017054958
-0.10867735
-0.10344003
0.085496701
-0.069380254
0.024177562
-0.064099535
0.050237931
-0.085058048
-0.25452206
-0.075435363
0.039951622
-0.043400329
0.052518923
0.064667828
0.12671283
0.027713059
-0.022567311
-0.00033223836
-0.097365193
-0.14653689
0.10985287
-0.10210083
0.02077112
0.0055061681
-0.0015479311
0.14473905
-0.059473868
0.026190465
0.093959861
0.068329215
0.047880255
-0.044844642
0.091293849
0.15999605
-0.017763648
0.045462269
-0.22318669
-0.1441285
-0.12337479
0.050234366
0.086763516
0.1429098
-0.037055105
0.0043166364
-0.095035277
-0.0073310672
0.18693462
-0.15731485
0.15747468
0.21503483
-0.1303017
-0.10988829
-0.039013535
-0.029362658
-0.070484228
-0.0078011164
-0.0067993524
0.023658624
0.038707878
0.19324361
0.119202
-0.084047459
-0.069175482
0.026187891
0.062753662
-0.081697546
-0.16903043
0.13515346
-7.3123163e-05
0.15892081
0.096962638
-0.012821347
0.17210251
0.064263247
0.057844486
0.026083883
-0.017199855
0.1024515
0.011307281
-0.020139754
-0.15836477
-0.01691021
0.084169567
-0.045891445
0.023198277
0.045681585
0.19318855
0.19013621
-0.0087154992
-0.035889804
-0.093353234
-0.03317304
0.0087968297
0.021960132
0.10675682
-0.13973065
0.068403073
0.065177538
0.074405141
-0.050258655
0.0069615557
-0.14489175
-0.021804973
-0.085020952
0.065246575
-0.064371765
0.020558903
-0.10256083
0.038207229
0.17662524
0.20977628
0.07097809
0.067076519
0.076879241
0.17444672
-0.07084249
-0.044851482
0.20134887
-0.027213508
-0.18988535
0.1141082
0.10264178
-0.27206814
-0.040910661
-0.03738787
0.082539938
-0.13261677
-0.029252356
-0.04206771
0.18641344
-0.21787134
0.061005525
0.083647072
0.036090638
-0.010918438
0.019873086
-0.050103556
-0.1262638
-0.080848224
-0.012100523
-0.026550347
-0.10842106
-0.12662393
-0.016815234
0.018186931
-0.077702887
-0.022339821
0.11028426
0.055066951
0.12832877
0.10712902
0.18672107
0.10420342
-0.077404402
0.23693117
-0.21916154
0.091494448
-0.13164942
0.10882381
-0.031561453
0.022480289
-0.071129896
-0.1255967
0.080296688
0.19221595
-0.048694476
0.099583246
-0.078499198
0.0609251
-0.16646144
-0.026471322
0.025069719
0.077422544
-0.039184142
-0.15898518
0.30876827
-0.16999894
-0.064123578
0.03834087
0.29161918
0.1102363
0.084503509
-0.01395007
-0.0094639091
0.018139686
-0.11869744
0.060499769
-0.026407007
-0.02925284
0.16689537
0.077548884
-0.050558854
-0.3916449
0.0052062781
-0.0057115215
-0.098294243
-0.038615204
-0.19491163
-0.11448275
0.089852497
-0.066715777
0.016634302
-0.24038768
-0.00042808641
0.0091396589
-0.010119913
0.12846728
0.057893801
0.046665598
0.027147846
-0.12149136
0.21546771
-0.069329545
-0.062211074
-0.19943735
-0.092123896
-0.047309767
0.095923744
-0.19590275
-0.061139181
-0.040993273
-0.006385589
-0.054804925
0.21317025
-0.10224021
0.085888721
-0.23929407
0.034125373
0.039394628
0.094269805
-0.03985076
0.060236249
-0.078197367
0.19695207
0.0012536768
-0.07681454
-0.016147112
-0.17124692
-0.062570997
-0.06589295
-0.0066376403
-0.080327049
0.058539364
0.080460995