-0.086852342
-0.11076558
0.050075728
-0.035255373
-0.046025708
-0.03777742
0.00593162
0.014422774
8.6431792e-05
0.042584289
0.042739384
0.090760522
-0.094126768
-0.12836598
0.10558674
0.22107068
0.066323474
0.057540193
-0.075413406
0.010747168
0.010414721
0.079197392
-0.075224787
-0.094233118
-0.086935967
0.02525962
0.041544169
0.26152509
0.096767239
0.07578209
0.023547944
-0.0041622105
0.012472849
-0.02575901
-0.071658291
-0.099700324
0.082944229
0.10741133
0.0070803035
0.012476056
-0.016582265
0.10567097
-0.024789089
0.11145729
-0.033579633
-0.0037542142
0.011913473
0.23160173
0.022025835
0.057364106
-0.047688868
0.025142625
-0.035705622
0.032608554
0.053341374
0.03832477
-0.10309175
-0.16394949
0.075508662
-0.049327224
0.039883386
0.1591294
-0.060569428
0.038090833
0.018154563
0.077170946
-0.060256008
-0.074457817
0.066304289
-0.047604449
0.027432876
-0.036450956
0.088107824
0.024094073
0.075997241
-0.10746043
0.069802113
0.088434301
-0.028134687
-0.015866918
0.036130376
-0.00090872671
-0.081931151
-0.17247628
-0.0404399
-0.1431388
-0.00078368589
-0.072144829
-0.25277296
-0.1873958
0.090646654
-0.0087419022
0.037919555
0.15118092
0.084073283
0.059092585
0.082310237
-0.2213179
0.16509078
-0.27969393
0.017911647
-0.062418181
-0.034631759
0.17312197
-0.17437826
0.073914103
-0.031324085
0.030683124
0.20132862
-0.10988716
-0.036370896
0.14600447
0.074777797
0.019841939
-0.055956513
0.12383891
-0.085553229
0.11118854
-0.013089955
0.083334118
0.09666203
-0.11588137
0.023944614
-0.089782238
0.00020306185
0.067622744
0.096609659
0.046320595
-0.060707189
-0.041935418
-0.036227867
0.02126509
-0.026019381
-0.010817898
-0.036008254
-0.082116872
-0.0516726
0.021647727
0.058822449
0.037675794
-0.078636043
0.010641377
-0.12200557
-0.0062980568
0.0040552337
0.039282303
-0.066432476
0.025523968
0.0008858926
-0.004995985
0.010823146
-0.013155646
0.052922405
-0.039731275
0.020933922
0.049612265
0.09248355
-0.052189264
0.020849366
0.043479405
-0.037164964
-0.029380517
-0.015086724
-0.010807826
-0.070525683
-0.0069221486
-0.022292284
0.045649368
-0.041918013
-0.0087418659
0.052744392
0.077182926
-0.071181186
0.027425187
-0.074454844
0.048378337
-0.02371728
-0.016463909
-0.0089544728
-0.046595562
0.06272693
0.02980217
0.0012438762
-0.045235079
-0.056421787
-0.061198108
0.014920359
0.024295948
-0.053755015
-0.005334198
-0.043537654
-0.047162227
0.069931686
0.0055124117
0.00024236261
0.022901643
0.023484938
-0.014076489
0.028390855
-0.10482388
0.030814422
0.0044753542
-0.027459459
-0.072318599
-0.033065498
-0.034249704
0.026329249
-0.047730401
0.025407623
-0.045458954
0.038010929
0.0040240204
-0.019831536
0.0078859739
-0.021485029
-0.056906238
-0.024762727
-0.035384811
-0.046969078
0.029248469
0.031910386
0.015463715
0.032795146
0.044712778
-0.00021212417
-0.033616763
0.045621917
-0.059238266
0.047393192
-0.096612975
-0.01595463
-0.014027009
0.021934384
0.040772226
-0.047112349
0.01705711
0.032529458
-0.086888827
-0.026193686
-0.038616311
0.0088273874
0.052576292
-0.055590294
-0.055740811
-0.057245903
0.013183184
0.016984316
0.031507056
0.059615143
-0.019015366
0.037411362
-0.065928698
-0.0047685984
0.050737441
-0.04674216
0.071205303
-0.015827641
-0.082325622
0.042742606
0.022095703
0.039600857
-0.081112951
-0.057176281
0.090005815
0.063779637
0.059478406
0.073598981
0.032074749
-0.086443216
0.026734645
0.073388539
0.05849161
-0.032749236
-0.054825917
-0.081663869
0.010122553
-0.00076955743
-0.056209244
0.036886353
-0.01418705
0.032467645
0.093203485
0.040573087
0.097613521
-0.058400422
0.0099694831
0.080443576
0.013607115
-0.055112697
0.050916106
-0.063839324
-0.02911653
-0.018431222
0.044713072
-0.05598332
0.089262202
0.081706606
0.025997981
-0.019572899
-0.049693182
-0.053396206
-0.046770159
0.0079054711
-0.0097442344
-0.021220598
-0.01719404
-0.0011463496
-0.049131218
0.01956079
0.088704705
0.064686097
0.0267672
0.082983576
0.012429048
0.043631103
0.067167707
-0.019075977
0.033055171
-0.029326264
0.023728799
-0.07308571
0.12760168
-0.044926755
-0.0038749359
-0.015123464
-0.03034202
-0.012866179
0.056885473
0.094509922
-0.00074911688
0.12577648
0.080526933
0.019471362
0.080114849
-0.011265709
-0.047636267
0.012374767
-0.047600776
-0.0036468618
-0.043902773
-0.042358454
0.012473338
0.025176527
0.036943343
0.040030606
-0.083130315
-0.072569937
-0.017264975
0.014483766
0.0780432
-0.039823115
0.050378609
0.01580957
-0.036482394
0.060576718
-0.034408547
-0.099569716
-0.051488634
-0.096154146
0.018676315
-0.082480274
-0.057834268
0.094197318
-0.027309187
-0.052562978
-0.071835823
-0.026764138
-0.026915135
0.032507706
-0.012435033
0.024038574
0.080995232
-0.047293887
-0.037699457
-0.046241608
-0.03621649
0.027949708
-0.0028798564
0.01024442
0.043207489
0.016541695
0.011292321
0.040969875
0.001831062
0.054616135
-0.038588069
0.01350844
0.028425189
-0.04372808
-0.10123938
-0.092404351
0.092707865
-0.049987145
0.050897986
-0.048376288
0.022978464
-0.059267726
0.090685286
-0.0077988021
0.017939968
-0.034531433
0.019239593
0.098829642
-0.079335012
-0.015003005
0.038873348
0.037096795
-0.068884186
0.083135307
0.079756171
-0.020054352
-0.050686058
-0.091375127
0.00021143335
0.087554149
0.045547526
-0.099560224
0.07375735
0.036774088
-0.042318989
-0.026127696
-0.11955529
-0.026484225
0.045916509
-0.056899458
0.034840878
0.0089790747
0.032348499
-0.035423283
0.014690522
0.089576244
-0.079340346
0.041486531
-0.019719334
0.043858539
0.0038009246
0.033081301
0.036860384
0.077044144
-0.062132917
0.066387445
0.093631692
-0.033150621
0.0089499662
-0.012292582
-0.070660114
0.094197601
-0.083544038
-0.046687536
-0.045980718
0.033255123
-0.094267644
-0.10167558
0.070464171
-0.038267385
0.069837019
-0.064378835
0.00090329564
-0.034069125
0.076962471
0.030960554
0.019592069
-0.029239425
0.077950329
-0.024148749
0.0032379022
0.086693719
0.10568625
-0.08752346
-0.078869566
0.008237482
-0.039332286
0.064309932
-0.072830297
-0.12256771
-0.032397337
0.10368911
-0.037691537
0.0300756
0.075627886
0.079022393
0.059374034
-0.07940273
0.045803003
-0.044791404
-0.021791458
0.07535667
0.050168078
-0.040888119
-0.075567864
-0.01504649
-0.041161034
-0.0023753063
-0.03386011
-0.028887432
-0.021298593
-0.023402175
0.09517689
0.073499933
0.086666293
-0.091565132
-0.079046071
-0.008057042
0.053435039
0.024835601
0.080391936
-0.031039909
-0.071638227
-0.082886018
0.034764055
-0.087908365
-0.0003093894
0.049318399
-0.024244875
0.033436898
0.045121666
0.064111337
0.021905094
0.1012121
-0.028355213
-0.045359932
0.025048729
-0.056155413
-0.003762736
0.033276368
-0.035684966
-0.068013653
-0.069907971
-0.045570187
0.039076291
-0.029301574
-0.0051245042
0.0023225716
0.059047382
0.070345074
-0.010371808
0.071931921
0.01483781
0.041080184
-0.059149873
-0.065733016
0.039414596
-0.021463182
-0.01743881
0.024142342
0.0040368773
-0.032332938
-0.088888973
0.024679793
0.040035192
-0.058242831
0.060464203
-0.080199502
0.11154602
0.0065060141
0.034814958
-0.049553145
0.004847155
0.04271245
0.0016023021
-0.06642326
0.001296195
-0.038170181
0.013502819
-0.078830309
0.037973538
0.017242327
-0.015750863
0.0068286639
-0.010043566
0.062746316
-0.079468876
0.085904635
0.12719344
0.0075661587
-0.064949334
-0.066554457
-0.04635812
-0.023996709
-0.033913765
-0.014939407
0.0082297567
-0.079861201
-0.0061808615
-0.037641391
-0.010653681
-0.011147035
-0.036210954
0.10162838
-0.0109965
0.065365933
-0.0012972208
0.023281688
0.032484706
0.086719446
-0.01420689
0.041353259
-0.091094621
0.029386315
0.034438126
0.074294671
0.021022303
-0.028490303
-0.038712189
-0.031829257
0.018311577
0.045860227
-0.050791215
0.091644451
0.080540806
0.10067252
-0.042589765
0.011072037
-0.040681936
0.020146666
0.041031513
-0.020721737
0.013094611
-0.060060039
0.0065947548
0.075179271
-0.06271188
0.090980083
-0.020301292
0.051697463
-0.057370737
-0.024768881
0.018309321
0.076583378
0.0070285061
0.044640113
0.059320461
0.0099962577
-0.050399769
-0.085901581
0.02900143
0.011949401
-0.016657149
0.054089289
-0.062306728
-0.060881745
-0.00049368042
-0.046505183
-0.022078015
0.010124585
0.057524096
-0.030477924
0.0068362295
-0.094012141
-0.033100493
0.057297681
-0.028631151
0.0042977966
0.041573089
-0.025870487
0.044627562
0.088861808
-0.022705339
-0.028290557
0.0094165253
-0.025600409
-0.077902935
0.037138864
-0.049238153
-0.059180539
0.039585471
0.053250648
-0.070141613
-0.018720115
-0.022087244
-0.052659735
-0.035571143
-0.01107268
0.058434922
0.056315754
0.044068202
0.013425872
0.058593355
0.058908433
0.0054826573
-0.0010199617
-0.085104607
0.072578147
-0.033986643
0.030688794
0.050142538
-0.016039087
0.032336
0.021377526
0.053872894
0.03185581
-0.0092565147
-0.059671875
-0.043825381
-0.020499147
0.0043960479
-0.032808784
0.0075537344
-0.011832968
-0.052800413
-0.028125567
-0.040387101
0.019945899
-0.030917319
-0.020465015
-0.036072992
-0.012089931
-0.016626915
-0.0037643658
-0.057936385
0.0028594998
0.033767011
0.028219104
-0.014926556
-0.047680419
0.065175273
0.010204173
0.020603564
0.028880656
0.007482368
0.00037720989
0.039365236
0.011505129
0.022278963
0.033800062
0.016444303
0.042701859
0.0017114562
-0.0056469464
0.068160862
-0.017772123
0.044068597
-0.082475655
-0.023707878
-0.074345291
0.047941387
-0.069260441
0.069097087
-0.055783592
0.021496909
0.068920694
0.056133114
0.015759518
-0.068740249
0.032532655
-0.018695733
0.020131942
-0.063922338
-0.056557462
-0.023088738
-0.0055781906
-0.020732829
0.0010260229
-0.02183577
-0.069151051
0.06385266
-0.040063482
-0.062881179
-0.017502379
-0.0047112987
-0.012361871
0.04082796
0.0080830436
0.05269615
-0.060245652
0.049994949
-0.0048020077
0.037275057
0.052243251
-0.04842801
-0.023882989
-0.0025506979
0.078709684
-0.032199305
0.012594818
-0.0078686792
0.038810164
-0.042508867
0.051012252
0.046399552
0.051636633
-0.063326441
-0.1088129
0.031647645
0.024033045
-0.020894421
-0.026849192
0.051081531
0.050475318
0.0065748817
-0.039888129
0.0037020906
-0.027361492
-0.074638136
-0.096080072
0.051951017
0.082304932
-0.027448738
0.012622091
0.022527438
0.039834019
-0.01173355
0.032537851
0.0549661
0.0073436867
-0.0070490474
0.029057052
-0.0007923285
0.016023563
-0.049594
0.045575127
0.029978646
0.048907232
-0.050443508
-0.052104075
-0.0067451536
-0.011818742
0.0085648485
-0.028310291
0.0039631203
0.067371972
0.031363696
0.0026206465
0.027331099
0.048641246
0.0045156786
0.035119437
0.041843664
-0.04393097
-0.06512396
-0.02151788
0.04731771
0.072694808
-0.051094968
0.045615032
-0.018685913
0.072344765
-0.04873918
-0.0035855474
-0.033136144
0.036250759
-0.037844073
0.015964087
-0.04838651
-0.010923285
-0.053764571
0.0041890205
0.014354063
0.013198884
-0.066497631
0.024891097
0.015884496
0.039588377
-0.04823634
0.016655337
0.0091541335
0.0060802442
-0.034332346
0.044087976
0.050354876
0.021504765
0.065328203
-0.046027675
0.062244713
-0.062630765
-0.0060461257
-0.053900149
0.026346881
0.028772481
0.0072144107
-0.038691744
0.0018010306
-0.066071764
0.065171041
-0.072606616
0.024822736
0.018248662
-0.039828643
-0.049497116
0.035123099
0.038151447
0.043154351
-0.036703121
-0.057947502
0.038119573
0.10051687
0.0020954339
0.028642723
0.020969868
-0.031868048
0.042504121
-0.017930673
0.021232506
-0.071849763
-0.0076624774
-0.0026390315
-0.010013565
-0.020966234
0.016174618
-0.0046667363
0.019736225
0.0028060784
-0.093345582
-0.051103912
-0.013678054
-0.089039043
-0.051238686
-0.015187038
0.039867986
0.024370963
-0.074866958
-0.042092647
0.054698616
-0.027623132
0.0018898139
-0.020871978
-0.00065034267
-0.029436544
-0.075662583
-0.0084352354
-0.051614802
-0.082411371
-0.015456824
0.046082459
0.047291506
-0.083257847
-0.051101454
0.059833743
-0.0097508272
0.034553908
-0.0067138108
-0.066955976
0.073184401
-0.016907701
0.010124927
-0.1152906
0.0064593763
0.030387994
0.024105415
0.026291192
0.047489204
-0.031505648
-0.065446354
-0.028423764
0.018850759
0.051564991
0.089829564
-0.022482824
-0.061020549
-0.025378928
-0.028069625
0.052350368
-0.079511456
0.063293837
-0.089782141
0.084947012
-0.022305174
-0.036363229
-0.0027024061
0.0281479
0.077570908
0.0029732003
-0.0077716694
-0.007242064
0.077089995
-0.0014412403
-0.017382083
-0.066086687
-0.0055995695
0.05008227
-0.019026846
-0.030083314
-0.025823118
-0.044328813
-0.040132433
0.066631816
-0.025210746
-0.070878483
0.008375355
0.079757802
0.086414874
0.025857022
0.027134718
0.074649476
0.0035015845
0.0032861959
0.076653033
0.078250542
0.016489975
-0.041491259
-0.01192537
0.0068033221
-0.027589278
-0.0087786159
-0.047845554
-0.013955738
0.021422362
0.061896827
-0.015531418
-0.061556339
0.025155755
-0.055533297
-0.093643583
0.002547754
-0.059975822
0.056862697
-0.087212957
0.0053362809
0.040769093
0.056163769
-0.035646457
0.039691754
-0.06693773
0.020056359
0.03173843
-0.0045104516
-0.059883244
0.0060859337
0.026955996
-0.01616127
-0.069213331
-0.080407709
0.070159853
0.065967917
0.074515417
-0.045007613
0.071659863
-0.061102867
-0.053990096
0.036552161
0.016573645
0.07365144
-0.065634549
0.051625885
-0.0065002921
0.083615154
-0.030281538
0.038169395
-0.0092918482
0.0037201107
-0.059005573
-0.052318264
-0.062787451
0.01528025
-0.033700228
-0.050626539
-0.00093608722
-0.096011102
0.088775046
-0.0148637
-0.014264113
-0.0052071908
-0.066122025
-0.033357751
-0.019440064
0.030849781
-0.044240154
0.0096313618
-0.031745851
-0.0058436156
-0.043212932
0.025570286
0.033181131
-0.033533476
0.046444293
0.0070021674
-0.034184653
-0.033385247
0.020406997
0.027705858
0.037545614
0.010950736
0.058897737
-0.029202124
-0.090260506
0.024971444
0.055594478
0.096008569
0.017703122
-0.048708592
-0.02226739
-0.081621245
0.086073026
-0.033287369
0.058939021
0.0097618112
0.038847107
0.034016516
-0.068031929
0.019593347
-0.077958986
-0.027789628
-0.0031938243
-0.0035065808
-0.0056748106
0.0071552014
0.049258884
0.024323832
-0.020418404
0.025965506
0.080736585
-0.035364278
0.045680277
-0.019962788
0.049023461
0.019683717
0.022299321
-0.080693848
0.015179844
-0.086420558
0.012846264
-0.060374241
-0.058033742
0.060824446
0.025617341
0.022058433
-0.088692404
0.078480877
0.065010063
-0.055964779
-0.0029014263
0.064252675
0.061768591
-0.068190999
-0.054646272
-0.063743815
-0.083615638
0.016691549
-0.057450905
0.00066388375
-0.047413886
-0.014857009
-0.038881756
-0.094930612
-0.07405071
0.018322915
0.055620138
0.0096238125
0.013539611
0.088286988
0.0021272637
-0.070041642
-0.046783704
-0.089709088
0.0548319
-0.023828629
-0.02298543
0.039344136
0.0051843654
0.044026986
0.041302633
-0.018014884
-0.042605113
0.026647376
0.067107186
0.038618375
-0.009268471
0.032393605
0.044220783
-0.058595803
-0.042105071
-0.045516185
0.011239366
-0.0051106662
-0.0029673926
0.049662877
0.00420869
-0.020885928
0.081184246
-0.005707968
-0.093776904
0.026503121
0.029500842
0.067886472
-0.055326082
-0.053016607
6.7094588e-05
0.02761616
0.044274155
-0.029469937
0.028489569
-0.020669695
-0.058896907
-0.037701279
0.076086462
-0.067513332
-0.037376389
-0.058318563
0.021987522
-0.013604065
0.018291749
-0.033806592
0.062074941
-0.029840931
-0.0043067448
0.029092103
0.0022455973
0.0032334491
-0.016925596
-0.036657326
-0.0031977503
0.039987218
-0.036776736
0.039112896
-0.018278291
0.019547716
0.028621815
0.059472471
-0.035058867
-0.042971931
0.064714633
-0.039460614
0.044559944
0.00090590277
-0.093071654
0.012756218
-0.015143838
0.082220688
0.0050867009
0.020235745
-0.028199539
0.0082348678
-0.0021141882
-0.036204822
-0.014581629
-0.014009576
-0.019913195
-0.0058580185
0.01517694
0.016227623
-0.013287535
-0.048950672
0.060124885
0.078921691
0.02143074
0.047635242
-0.028450804
-0.026533499
0.024083687
0.049498174
-0.074536473
-0.0054625669
-0.029486479
0.054384992
-0.032897204
-0.0074691009
-0.0020825996
-0.061719555
0.02255757
-0.031754084
-0.044073362
0.0059945635
-0.016488435
-0.072291844
-0.070495993
0.014857635
0.019884828
-0.029954178
0.090351962
-0.0093421889
0.066414014
0.030443793
-0.07977026
0.02477376
0.038810976
0.03400635
-0.088512868
-0.052045003
-0.0081406096
-0.024398465
-0.023355946
-0.04677536
-0.039511263
-0.0070051262
0.04072788
0.059692759
0.043021031
-0.024476113
0.055703036
-0.0026185915
-0.053752623
0.033960905
-0.061161708
0.070881657
-0.079624802
0.011938797
0.048651997
-0.054180458
0.0064339736
-0.05995369
0.038441334
0.066704988
0.035009902
-0.13086246
-0.0034888117
0.049045868
0.079601288
-0.098115608
-0.056761354
0.077051863
-0.068726026
0.031109387
0.025719495
0.035272103
-0.040673845
-0.075046845
-0.053238858
0.0070988294
0.0524344
0.059824146
-0.032374803
-0.068173692
-0.042964116
-0.031837042
-0.00091629429
0.011039734
0.0097036744
0.056784101
0.037473463
0.019324364
0.058286209
0.030358078
-0.028358055
0.017890435
0.040314075
0.033550646
0.054556362
-0.00334749
-0.053597786
-0.092149734
0.011657451
0.08200933
-0.068028346
-0.0094901975
0.01682549
0.042578634
-0.067691483
-0.020050844
-0.051780988
-0.069820561
-0.0069448082
0.059175666
0.0086171608
0.0075014294
0.02583578
-0.011509133
-0.062723398
0.0028763702
0.012363573
0.061295789
0.03218063
0.019463718
-0.038375303
0.028451646
-0.043362584
-0.0074634701
0.016530028
-0.028149843
-0.0699846
0.06407132
0.025056802
0.045804389
-0.051415466
-0.014023347
0.040199425
0.029664325
-0.023818754
0.041694418
-0.0079437904
-0.039527599
-0.042584755
0.046679553
-0.089620814
0.022903698
0.015284259
0.034776405
-0.0091481619
0.051486127
0.0019404766
0.072043777
-0.01489604
-0.0042562759
0.01100047
0.037394434
-0.066557154
0.075529173
-0.037616048
-0.05955746
-0.052772813
-0.056652658
0.045258444
-0.077904664
0.047496606
-0.06483449
-0.059970867
0.023007831
0.014333208
-0.017305888
0.051301472
-0.018975018
-0.003702353
0.035087552
0.047912207
0.030057948
0.042952649
-0.044895366
-0.029464012
-0.032873668
-0.046121314
0.12267757
-0.10131636
0.023728319
-0.10551183
0.13380305
0.04175723
-0.13344097
-0.033668242
-0.044309612
-0.012257171
-0.089543328
-0.06301856
0.059334632
-0.13648736
-0.027515206
0.028604839
0.10014112
0.078716464
0.057193011
0.04337104
0.040124662
-0.093752943
0.07671731
-0.11586954
-0.097913682
-0.087521344
-0.032756768
0.1055858
-0.1662778
-0.027860109
0.023508722
0.18544547
0.018089605
0.058050282
0.045624625
0.065930866
-0.090304069
0.010039871
-0.1624631
-0.041966941
-0.017269189
-0.019487357
0.042846508
-0.011440839
-0.061944429
-0.082036614
0.069064327
0.089500718
0.052611567
0.077968985
0.0093062362
-0.1181618
-0.062312715
-0.13396165
0.10128452
0.033956643
0.069071263
-0.062213607
-0.034219902
-0.078868523
-0.048390351
0.046391573
0.076791093
0.015401924
-0.14843141
0.17176944
0.11165856
0.13428412
-0.067260228
0.1196804
-0.053715017
-0.16505766
0.087614797
-0.051045932
-0.12541185
-0.10366276
0.02463608
0.0059160362
-0.039931472
-0.1282699
-0.058585644
-0.068669453
0.11747327
-0.06082204
0.01249755
-0.10264239
0.036560941
-0.060483448
-0.020587051
-0.041760877
-0.020987455
0.057101376
0.0016614896
-0.040759843
0.14367069
-0.081323601
-0.020196348
-0.036065076
0.032059312
0.16741963
-0.0092470972
0.022627346
-0.029039785
0.012573861
-0.066093683
-0.039431173
0.096062213
-0.01454336
-0.035808086
0.014932094
0.21990873
-0.097431868
0.053144991
-0.0028781078
-0.09273614
-0.015210717
0.063036121
0.072024837
0.10771523
-0.11547674
-0.029618438
-0.1586273
-0.07578247
-0.040980507
-0.11975316
0.077285796
0.12600578
-0.09079241
0.024679396
0.064620577
0.042624611
0.0033771787
0.030272739
-0.019705083
0.030790264
0.016525509
-0.00027000165
0.046688046
0.034821946
-0.070090495
0.020414401
0.061097685
0.091833122
0.10007958
-0.070724107
-0.085362025
0.064184614
-0.04961767
-0.039561886
-0.031620197
-0.04176503
0.050672751
0.0069477749
0.027761796
0.10084534
0.079891339
-0.012530868
-0.026964875
-0.032456297
0.015816135
0.029578753
0.016190521
-0.0067412271
-0.04423961
-0.0019208286
-0.022365773
0.073333994
0.063252635
0.023822414
0.048041631
0.054868624
0.059947256
0.0060909577
0.063002244
-0.0013723982
-0.043667067
-0.031366561
-0.087295286
-0.0440019
-0.014491112
0.03554463
0.025736323
-0.040138919
-0.076883376
-0.13677731
0.062354427
0.072404727
0.041531369
0.046146885
-0.11716681
-0.011241544
0.074344404
0.098379165
0.0041983351
0.044709213
-0.063590042
-0.0060006706
0.012438513
0.027552245
0.086347118
-0.082687587
0.048352722
-0.056337554
0.032271072
0.045513541
-0.056995705
0.051705234
0.098799437
0.04783757
0.0042209672
-0.10183185
-0.0096309958
-0.010248472
0.067110598
0.0046679792
-0.085138954
0.032644261
0.012309052
0.040795524
0.024162952
0.023409978
0.042455476
-0.035028793
0.042716183
0.023241097
0.0029814143
-0.064110883
-0.093416288
-0.082818523
0.024163207
-0.011017115
0.039043371
0.086746074
0.0739507
-0.063310884
0.039909344
-0.03914674
0.026951965
-0.037124451
0.012900427
-0.095279835
-0.06951157
-0.047590181
-0.017011316
0.10711468
-0.066745006
-0.049463037
0.033252403
-0.0025155693
0.029828819
0.041996162
0.087303363
-0.045006767
0.11097777
-0.05245905
-0.052315846
-0.068465732
0.030421183
0.063421004
-0.019673442
0.079031281
0.066039696
-0.039376508
-0.020256512
0.018831102
0.087146528
-0.14486025
0.010736736
0.041747641
0.034858476
-0.039978832
0.013949855
-0.064313851
0.024704715
0.032740854
-0.023014458
-0.091713399
-0.067932405
0.06745369
0.044124492
-0.069243833
-0.09399803
-0.081342898
-0.025710769
0.0015681915
-0.059309423
-0.02678995
0.054520089
-0.043608788
0.06012607
0.025054153
-0.04432318
0.0082110567
0.025475523
-0.063776761
0.053787068
-0.033837285
0.068496525
-0.09236566
0.12236462
0.058558777
-0.042131763
0.019469582
-0.00038428381
-0.094016328
0.068209603
0.031268854
-0.020034216
-0.036607474
-0.0031430312
0.051957272
0.027930871
0.05095534
-0.0025890032
0.010365978
-0.032092854
0.029330969
0.0049849353
-0.079460919
-0.038793199
-0.073616706
0.067869149
0.089873508
0.0044120518
0.027928889
-0.03829335
-0.029084103
-0.04124495
-0.036468949
-0.098678567
0.046118993
0.075274356
-0.062132098
-0.072737716
0.071442232
-0.085474163
0.050137736
-0.0097488891
0.1139846
0.14155324
0.14197314
-0.044358805
-0.0025084878
0.098724641
0.043156806
-0.040213443
0.054867145
-0.050810501
-0.01813139
-0.10359763
0.077239208
0.0092663476
-0.0053378884
-0.086999781
0.0711293
0.018319448
0.066578619
0.034681585
-0.13295348
0.065391585
0.036143847
0.034869429
-0.12709032
-0.091584891
-0.047853071
0.008017268
-0.089817487
-0.11159379
-0.074030317
0.053628758
-0.024750942
0.0015686662
-0.073557831
0.046917595
-0.028482987
-0.091962576
0.010944986
0.057813298
0.02999397
0.0013456737
-0.00066761544
-0.020113317
0.0033983723
0.062889822
-0.033953946
0.052184992
0.053677619
-0.028297808
-0.091677472
-0.059615437
0.035812121
-0.036879644
-0.0021549112
-0.043714032
0.07226935
-0.017603213
-0.038502991
0.012611981
-0.022433171
-0.057330202
0.0028193467
0.053207699
-0.081507176
0.019498097
0.045627285
-0.021881837
0.048990726
0.066931292
-0.028996525
-0.015657008
0.039928686
0.017401263
-0.040734906
-0.0022248907
-0.032006878
-0.015053655
-0.05744959
-0.072045751
-0.053370215
0.055553135
-0.018670218
-0.052566066
-0.014387419
-0.047900345
0.0093827704
0.0065855109
0.051060133
0.0091442252
0.042867173
0.042361323
0.036501326
0.031291846
0.019147852
-0.044390947
0.053829964
0.044249769
0.0024722323
0.048206232
-0.045058616
0.0082939202
0.051702324
-0.034257226
0.0018588323
-0.012509223
-0.041133914
-0.023317298
0.00458442
-0.0010219443
-0.038347326
0.035378572
0.038124643
-0.028358892
0.02500701
0.014918009
-0.061371475
-0.031161444
0.043265026
0.062094703
0.055025931
-0.018893626
-0.013783977
-0.013859963
-0.02371723
-0.010263495
-0.046520904
-0.059633505
-0.040818572
-0.059628386
-0.059788972
0.015327024
0.070862301
-0.0055645197
-0.033079434
0.029856641
-0.070824176
0.0091707157
-0.036558606
-0.032620158
-0.065636098
-0.032422502
-0.008273636
0.014432139
-0.038456704
0.035281684
0.0014603488
0.027124634
-0.028530244
-0.010305552
-0.05557337
0.0068189744
0.00040037223
-0.052563738
0.037386525
-0.05284581
0.04249683
0.021810777
0.04722055
0.049221233
-0.035679493
-0.063398533
-0.0079286126
-0.035924111
-0.010308951
-0.028891589
-0.0094902553
-0.059921373
-0.032433115
0.027129695
0.025225867
-0.029299187
-0.0079915868
0.021835335
-0.023551119
-0.0024366453
-0.063657649
-0.038613718
-0.024792779
0.0095470836
-0.00056386087
-0.068317935
0.033386029
-0.014093238
0.040236499
-0.0072923768
-0.026418639
0.060508505
0.0051150015
-0.042151373
-0.066055208
-0.063209578
0.075407565
-0.015410116
-0.058471616
-0.01322509
-0.023149136
-0.0068884119
0.051953956
-0.062345505
0.045823708
0.037734114
0.012191845
0.027050694
-0.0027973084
-0.0083336076
-0.094969705
-0.040513847
-0.064585023
0.035089571
-0.041348442
0.0086446349
-0.0070716436
-0.024221068
0.057357147
0.024229018
-0.0086168768
0.025786696
-0.032893851
-0.033286169
-0.018786279
0.023316301
-0.062794402
-0.065489247
-0.059104994
-0.048877984
0.047279146
0.021427298
0.079823412
0.038666375
-0.022398559
0.060765292
-0.050762493
-0.0039692069
-0.014867854
-0.074882023
0.052076589
-0.064937294
0.074673392
-0.047735158
0.034226067
-0.05848835
-0.074632958
0.053833514
-0.007606599
0.14168133
-0.06261766
-0.031115374
-0.075212307
0.035885803
-0.066696994
0.00058493298
0.030255498
0.061133113
0.046382941
-0.0064747469
-0.079268493
-0.026954588
-0.042757127
0.012636485
-0.011651086
0.006919526
0.041072123
-0.038525954
0.05047594
-0.063891269
-0.028606428
0.039829507
-0.029616063
0.063172035
-0.040945746
0.084373534
0.0091261556
0.0029297841
-0.043941524
0.022289652
-0.025060104
-0.036065184
0.067492366
0.044717092
0.057787903
-0.0079370774
0.0050037652
-0.055321068
-0.021523589
-0.056279536
-0.055833295
-0.022513565
-0.035612822
0.041967485
-0.02229535
-0.026409473
0.036551952
-0.046150055
0.022244282
0.051101368
0.023611434
-0.020720072
0.071141601
0.086685546
0.044354498
0.080159962
-0.117611
0.12328028
0.071369231
-0.0070277592
-0.14403476
0.10546116
-0.076059319
-0.022996584
0.049917508
-0.045701601
0.069699354
-0.067585923
0.14400387
0.16418347
-0.0064640278
-0.071797289
0.051123504
0.11455053
-0.054163516
0.036999788
0.12339563
0.0015140023
-0.10560101
0.092359647
0.12496664
0.13612536
-0.00079533481
-0.058501352
0.20408626
0.082294561
0.082503468
-0.1264317
-0.018706759
-0.096516497
-0.010484804
-0.3453266
-0.033903096
0.0083682435
0.043472245
-0.071642324
0.041253407
-0.01627272
0.088564783
-0.098712161
0.055208504
0.17950851
-0.21271388
0.050201599
-0.0012675247
-0.031412028
-0.024261426
-0.0070906975
0.068793289
0.22510163
-0.021699045
0.13475394
-0.00035916682
0.040441435
-0.065045618
0.082789816
0.011935356
-0.030306203
0.0046008416
-0.062093072
-0.031054879
0.015038572
-0.048546635
-0.17276546
0.11433687
-0.10079338
0.10711448
0.01965306
0.038213383
0.01275647
0.01875256
0.059731103
0.17883742
0.08905869
0.042059481
0.017824968
0.068348698
0.080337167
-0.078586221
-0.099936858
-0.097499028
0.054262836
-0.016915923
0.050449587
-0.038340628
-0.11853074
-0.14400031
0.039440669
0.073335446
-0.026488123
-0.078471698
0.10951921
0.062207878
-0.028990561
-0.0098379944
-0.10169056
0.10168243
0.048514385
0.10302436
-0.1216639
-0.056785151
0.01878769
0.0062806886
0.0012526197
-0.0094851851
-0.0086758425
-0.00015871007
0.093138516
0.0039975755
0.027824488
0.0293632
-0.11481519
-0.15531886
-0.10002451
-0.081675388
0.046096757
0.085639454
0.0028962814
-0.068573952
-0.075093322
0.17271622
-0.032779947
-0.12586308
-0.0068621361
0.031349868
0.00042342176
0.0012290204
0.048271857
-0.042730972
-0.0036968389
-0.058569871
-0.046189398
0.0043619317
-0.026744111
-0.0030697566
0.029731313
0.0037930375
0.028143551
-0.011703995
-0.013529956
-0.047337126
0.012608135
-0.082189463
0.060853153
0.035216574
-0.010136932
0.027655654
0.024816645
-0.047677092
-0.057291791
-0.089107461
-0.024413915
-0.043436557
-0.0089081749
0.014290669
0.044075415
0.045758236
0.072815016
0.00084848626
-0.14245322
-0.055572283
0.043293308
0.02539178
0.053032804
-0.043225054
0.067163743
0.040752795
-0.053952228
-0.061483271
0.064885125
-0.05637617
0.01165409
-0.039348587
0.0061397562
-0.049583193
0.025523571
-0.043614782
-0.026761834
0.0047835796
0.0052629369
0.056132939
0.05424441
-0.020440072
-0.026049567
0.053436238
-0.026300903
-0.025317049
-0.072406292
0.064911194
0.0075964355
-0.0070525627
-0.070325494
0.039811954
-0.018887606
0.061825871
-0.014112812
0.015696758
0.016276311
0.081507631
0.0095083946
0.05191534
0.0084262947
0.015772335
-0.071289465
-0.042064834
0.02080282
0.072904445
-0.0031830177
0.028788446
0.0079789804
0.025302691
0.0068098721
0.070907712
0.0078568514
0.01557813
0.067326412
0.0070792041
0.03334276
-0.014385253
0.039828565
0.0023024851
0.027912213
0.082009479
-0.012249192
0.045329314
0.068565384
-0.094361693
0.085971266
-0.087023303
-0.020314526
-0.028449001
-0.00046183704
0.0094830748
-0.0023921402
-0.033510122
0.0061352123
0.059140202
0.01990029
0.049977779
0.01546941
-0.055557191
0.013923923
-0.0040775724
-0.074075192
0.085882433
0.019601284
0.013623595
0.044456031
-0.049262807
0.032548621
0.026076339
-0.018258262
-0.06932506
-0.012885754
0.07367561
0.040737368
-0.059728362
-0.024074033
-0.058992516
-0.093815856
-0.073265843
0.05062994
-0.25621456
0.029444803
0.022225266
0.019974014
-0.15856975
0.077642739
0.048744608
0.098132543
0.071866371
0.016515935
0.027390594
-0.074123919
0.10087146
0.037701264
-0.039744038
-0.044433385
-0.12194709
0.026988059
-0.10471465
-0.05716344
-0.079067551
0.015729049
-0.037898879
0.094923601
-0.032561559
-0.0066923709
0.0369091
-0.019863566
-0.085610472
-0.010240967
0.044272203
0.053526882
0.061770566
-0.0011955156
-0.042821303
-0.095269226
-0.067290314
-0.029712224
-0.037048105
0.051468369
-0.032953296
-0.082933456
0.055392433
-0.049151514
-0.022111159
-0.081077822
0.06653028
-0.039372098
-0.048279621
-0.03959221
-0.050086983
-0.0079577966
-0.025598841
0.037731953
-0.073506281
0.14543951
0.004701151
0.065279208
-0.041215334
0.00056354358
-0.0054573719
-0.066429093
0.010389849
-0.051948667
0.014784333
-0.026929487
-0.061556898
-0.0046830815
0.014796781
-0.030871006
-0.023532819
0.051604718
0.074099086
0.038081497
-0.002818651
0.0046820566
-0.020404069
0.028240595
0.075727388
-0.076855548
-0.016404798
-0.045089126
-0.048012413
-0.10133301
-0.012030731
-0.23774488
0.08827734
-0.049489222
0.049767911
0.071776122
0.041075889
-0.063855037
-0.0077433898
0.087725252
0.065648846
0.0078319116
-0.051991731
0.044926252
0.050006341
0.076051891
-0.10291656
-0.10130228
-0.054726157
0.013269177
-0.014808396
0.10464662
-0.10268632
0.016687814
0.062734075
-0.099985667
0.058251653
0.0021000032
0.023290077
-0.20921101
-0.089318141
-0.05662901
-0.010904125
-0.019196276
0.015850233
0.066685393
0.023973476
-0.019239599
-0.013745077
0.044037953
0.03267296
0.027211769
-0.012695167
0.061503571
0.1219333
-0.0077249445
0.024177851
0.066673562
0.078049436
-0.0092217643
0.060676925
0.0019294313
-0.087792881
0.054293223
-0.0095127504
0.032898191
-0.083149329
0.087480791
0.076461315
0.082886055
0.080691367
-0.087769471
-0.016436774
0.07706894
0.016334364
0.044332992
0.043779671
0.027153514
0.066064045
-0.082284838
-0.0093711335
0.035062667
0.050054956
0.050366785
-0.060144421
0.080206588
-0.056870006
-0.10503203
-0.00017137238
0.0014006658
-0.1102616
-0.03914297
0.011461975
-0.081505321
0.031077851
0.026842186
-0.012764635
0.091189399
-0.074564263
-0.058686249
-0.082955599
0.071942322
-0.016356556
-0.0019591569
0.016021421
-0.022788676
-0.051982183
-0.017452903
0.08274328
-0.045291252
-0.073143475
-0.032158736
-0.026702214
-0.012804005
0.063849404
0.05105431
-0.0029203051
0.038020886
-0.042564344
0.06347362
0.058104377
-0.0025544036
-0.021036327
-0.032363649
0.011775775
-0.035189088
-0.0061223973
0.026519809
-0.010483551
0.014474238
-0.068225287
-0.0066455672
-0.029063679
-0.018344216
-0.0082922671
-0.064871602
0.10481127
-0.075796932
-0.11066421
0.11015908
0.020847049
0.079552434
-0.075018905
-0.030339634
0.028182046
0.0534411
0.011982047
0.014831451
0.04101669
0.067856871
-0.10107724
-0.0061434121
-0.092783011
-0.025078209
-0.078098148
0.070789188
0.056319058
0.063452832
-0.029588066
0.0024046269
-0.0087880343
-0.081907414
-0.079433806
0.056066491
0.013003313
0.028501684
-0.10708829
0.047579136
0.087809145
-0.0014863291
-0.040863998
-0.079074472
-0.043754369
-0.14345203
-0.0049613854
-0.081382118
0.11541894
0.023961592
-0.085398391
0.036175277
-0.10849879
-0.0068854387
-0.093400382
-0.019250128
-0.084466383
-0.056043796
-0.068186052
0.033048958
-0.079706065
0.011814652
0.064419001
-0.083990395
-0.072249919
-0.017925425
0.068015017
-0.0011924072
-0.034636341
-0.047353182
0.018142857
0.046090566
-0.0050197071
-0.038094059
-0.018203354
0.019854618
-0.023575161
0.011371419
0.04493558
0.093473189
0.046388961
0.085556805
-0.099775389
-0.036372762
0.025572408
-0.022380788
0.085799798
0.037033532
-0.045937274
-0.059842143
0.064019784
-0.095368072
-0.099856324
0.05862195
0.10471629
-0.11934384
0.001989864
-0.018621748
0.072731376
-0.11057844
0.016326653
-0.0017613876
-0.048798457
0.1431343
0.020272912
-0.030337758
0.095752768
0.017095568
0.031138755
-0.00022096767
0.083899118
0.079873793
-0.097491398
0.0048816167
-0.020730086
-0.018929567
0.02596415
-0.0120318
-0.09987621
0.0088696964
-0.055858202
-0.104491
-0.029111013
-0.10477622
0.018170951
-0.055060502
-0.050310466
0.094317101
0.12488736
0.043702364
0.0041198242
-0.09759523
-0.051241908
0.03705097
0.082528502
0.0089935418
-0.061469
-0.070815764
0.064373367
0.020066073
-0.11000425
0.0052944026
-0.016542012
0.1098274
-0.083734304
-0.07330849
0.062884025
0.0075604348
0.04421195
0.075592771
-0.0072126249
0.041589044
-0.00070296513
0.023528656
0.085233279
-0.090784609
0.015783468
-0.027373325
-0.077828541
0.05181849
0.13080756
0.066712782
0.038225796
0.022530183
-0.0033952433
0.018678449
0.0020896692
-0.043610729
-0.065099649
0.11156511
0.091856278
0.049901292
0.02953987
0.21536238
0.1393704
-0.013632788
-0.087697513
-0.044049803
0.030792838
-0.053352032
0.10091299
-0.03545808
-0.043747559
0.063063964
0.19908234
0.00058888126
-0.15068953
-0.077201873
0.092838868
0.16102885
-0.11871233
0.047059134
0.02729835
0.096378669
-0.024886291
0.022668496
-0.064984851
-0.01477323
-0.12185583
-0.10855962
0.010895522
0.13846005
-0.069350205
-0.038782705
0.10827272
-0.022968991
0.10649879
-0.19824786
-0.053413406
0.02063871
-0.0098318774
0.058966659
-0.060012877
0.11881156
-0.098857418
0.16030559
0.04676922
-0.06877584
-0.088021539
0.11624399
0.11529013
0.08215981
-0.12145926
0.050601833
-0.01691526
0.069492653
-0.068123266
0.12666146
0.06801413
-0.10422693
0.077110648
-0.05016686
0.09021765
0.014737749
-0.061622001
-0.094357543
-0.0097817006
0.10274211
0.061829064
-0.087162055
0.050137922
-0.11360217
0.22725864
-0.013755419
0.058041431
-0.010276949
0.11657088
-0.0087767597
-0.021938242
0.022138862
0.05237557
0.013148187
0.085711591
0.10517643
0.10245831
-0.027398692
0.0095306002
-0.037729647
0.041295569
0.14318457
0.0083699562
0.054267626
-0.055997472
0.10111446
-0.010320091
-0.17286639
-0.11242379
-0.030258169
0.073680431
-0.068195395
0.14219648
-0.019852394
0.23107241
0.0038766982
-0.18968344
0.12304441
-0.024250442
0.0093652401
-0.099741735
-0.11119531
-0.10080278
0.13230756
-0.18455486
0.10981935
0.10206994
0.10410834
0.060580906
0.01831077
-0.053668693
-0.024458235
-0.033848319
-0.078607135
0.070223287
0.0038048266
0.040570665
-0.086064719
-0.016389586
-0.031560544
-0.088113248
-0.012978223
-0.014046866
0.033854514
-0.011703991
0.075947851
0.064844474
0.019953867
-0.074103929
-0.072422229
0.072506234
-0.0010380236
-0.042459715
0.0071754274
-0.054447677
0.009017094
0.015282002
-0.012541629
0.038460303
0.015510244
-0.041113507
0.029549386
-0.071464851
0.024109814
0.046238583
-0.029384095
-0.0065916772
0.032437276
-0.066103764
0.055755969
-0.069745928
-0.072063908
-0.011855032
-0.064617887
0.075531788
0.052886017
0.078446135
0.013889607
-0.0092482641
0.051425569
-0.0040066089
0.069589712
-0.048229363
0.013957469
-0.028614504
-0.0074472218
-0.051521905
0.046517611
0.047157466
0.054867096
0.047550168
0.0093849842
-0.058414366
-0.012192067
0.040375628
-0.056018002
0.0046580848
-0.042338923
0.013462903
-0.04103563
-0.033568222
-0.019711979
0.045177005
-0.078116417
0.047237407
-0.042233843
0.043368466
0.037210576
-0.092175081
0.072136939
-0.00029693212
0.075380899
0.0079959054
0.018334467
0.047636114
0.028462619
0.07452587
-0.0087960362
-0.028619152
0.047729451
0.040722098
-0.00016015538
-0.018013274
-0.064439356
-0.0067908438
0.0060696793
-0.053965643
0.021422677
0.0095621226
-0.019504558
0.026989115
0.06997291
-0.039926477
-0.011917227
-0.075416587
-0.044441316
-0.024627022
0.044083022
-0.049498685
0.0063951821
0.073479757
-0.011554619
-0.022050058
-0.051717434
-0.15178965
0.02757111
-0.02583581
0.065281942
-0.03990303
0.013955121
0.0058239689
0.020306014
-0.087394796
-0.0539231
-0.026143951
-0.013265548
0.052759036
-0.076736726
0.051583838
-0.046393167
0.029587271
-0.018984148
-0.045799483
-0.051323034
0.022406593
0.0091479821
-0.041923005
-0.0484448
-0.049693909
0.005015457
-0.056525338
0.015242043
-0.0089610908
-0.049033418
0.0062265559
-0.055481933
-0.03107655
-0.052779123
-0.023316504
0.012253098
-0.026796307
-0.042405032
0.051598944
0.045970187
-0.042452503
0.052921683
0.072191656
0.014154239
-0.084697083
0.074410707
-0.051193595
0.054007888
0.018030299
0.051961064
0.031914208
0.053282857
-0.042243224
-0.041257095
-0.012589494
0.043159369
0.043548442
-0.027740747
0.097037934
0.0077554835
0.076516859
0.054507773
-0.019330028
0.036679238
0.0022664231
-0.026505832
-0.12493323
0.065307833
0.049388066
0.014943144
0.021886883
-0.055915073
-0.023453152
0.094710812
0.095290415
-0.017137894
-0.0043500271
0.015278392
0.0051720864
0.059421096
0.0012460618
0.044011634
-0.042918917
0.032386824
0.001697407
-0.095277265
0.0076865545
-0.032252949
-0.04276659
0.035234839
0.076048292
0.041521192
-0.040141836
-0.074377798
0.00096419681
-0.049477641
0.027450209
-0.033807479
-0.018263359
0.081078313
0.090780646
-0.049995847
0.091151163
-0.044871487
-0.0030280561
-0.05820854
0.013827592
0.042142231
0.046363778
0.01446477
-0.074284092
-0.039619546
-0.067070223
-0.037840646
0.02596812
-0.0012971838
-0.0037273709
-0.01366724
0.03664868
-0.027247099
0.019159827
0.022159163
-0.060810629
-0.038611136
-0.049951028
0.029132748
0.041025713
-0.054750446
-0.049142715
-0.032208309
-0.016382413
-0.046079241
0.068992056
-0.039162751
-0.067681864
0.045603186
-0.097040743
-0.033621453
0.016262665
0.037008196
0.046655841
-0.018625895
-0.00046759125
0.038675264
0.031882323
0.01962908
-0.042902913
-0.10102719
-0.050074656
0.055260278
-0.056787144
-0.095906697
-0.0019438132
0.015565799
0.098168887
-0.047377255
-0.0028618372
0.012850117
0.01395606
0.045965418
-0.066122398
-0.019307617
0.014349492
-0.098200589
-0.032743096
0.042189546
-0.051196791
-0.11876225
-0.041750617
-0.032990191
0.047177006
0.10155679
0.064783916
0.020557359
0.013007304
0.010472177
0.048436653
-0.076671049
-0.09644828
-0.042884231
-0.012150841
0.064020157
-0.0086375047
0.016547162
0.025718354
0.014892111
-0.015500192
0.03902613
0.025050387
-0.093041524
-0.10880454
0.083574712
-0.026746806
-0.060972277
0.0088146543
-0.079012878
0.043794259
-0.025514094
-0.054825343
0.01147359
-0.0011456659
-0.038001053
0.019092234
0.055373915
-0.02417938
-0.084344089
0.014740551
0.0025434108
-0.055202875
0.016435545
0.015129531
0.012769021
-0.028159155
-0.0056889821
-0.0012834306
-0.00066512777
-0.013868803
-0.0032090801
-0.060157135
0.025689568
-0.071195088
-0.0024889552
0.0060832775
0.045875803
0.0045373188
-0.039972674
0.0026891502
-0.045765482
0.037399158
0.011209488
-0.068073906
0.044167358
-0.054504812
-0.070628062
-0.04839275
-0.0062201475
0.013104687
-0.052238706
0.056947373
-0.037593875
-0.062119503
-0.023953669
-0.041802119
-0.065020971
-0.046897307
-0.0058300053
0.034994155
-0.017933408
0.075386591
-0.040565927
0.059403364
-0.08148361
0.037025478
-0.01143634
-0.023797089
0.075057432
-0.0054592593
-0.0079165129
-0.033086792
-0.060718805
-0.0013985102
-0.035615176
0.029649574
0.044717509
0.060197335
-0.00050342974
0.0085850982
-0.079295076
-0.038630828
-0.083426923
-0.025020657
0.0098308539
0.021469669
-0.048105955
-0.027472492
-0.046558477
-0.041899811
-0.0094889086
-0.065461472
0.015167944
0.0043538678
0.037778165
0.032098353
0.0093677901
-0.081991337
0.0062022358
-0.050537143
-0.04925587
0.00081695855
0.00018606547
-0.019339904
-0.03435586
0.016579894
-0.044058152
-0.002226576
0.026933368
0.0098506827
-0.046146676
-0.030636413
0.029402355
-0.02867263
0.087439433
0.03761996
-0.058515366
0.031588599
-0.041080475
0.02896007
0.034864414
0.013166499
0.030597489
-0.03681061
-0.015691705
0.082870618
-0.08803954
-0.044696935
0.028613131
0.036526568
-0.027239408
-0.071059972
0.050931506
0.03878811
-0.041261807
-0.02003512
0.032198239
0.025850693
0.0036620025
-0.046406765
0.047828618
-0.038687233
0.038339157
-0.006651592
-0.04094157
-0.030588998
-0.0030552323
-0.015165201
0.056502752
-0.05181928
0.11993871
-0.00092670514
-0.056309588
0.056400057
-0.070327602
-0.055205818
0.01832
-0.028901961
0.010194778
0.047366194
0.0098254699
-0.041080695
0.019647676
-0.029745668
0.027785417
0.01115413
-0.053192139
0.017926591
0.087868311
0.0037133642
0.014004747
0.066946939
0.042289328
0.029661862
-0.024404898
-0.086705819
0.0069749434
-0.026689341
-0.087598808
-0.050492685
0.022079175
-0.076520927
-0.068441376
-0.061306592
-0.015751487
-0.069170661
-0.019752543
0.059845239
0.058832858
0.027267514
-0.036935069
0.0020704544
0.017044991
0.026014317
0.0084855827
-0.024470737
0.0082974005
0.045786835
-0.066329949
0.0020087655
-0.07257089
0.08264976
0.048587445
-0.039662927
0.052919645
0.01519975
-0.010091788
0.02871618
0.014238367
0.054075852
0.006288649
0.030960545
0.0013983957
-0.076551452
0.046948705
-0.054770291
0.031376202
-0.11352967
0.044600718
0.0026432965
-0.061927982
-0.02623328
0.041854303
0.067730106
0.045250818
0.028063966
0.00042749173
0.031030335
-0.054065973
0.038426582
0.033817433
-0.042498335
0.0019518329
-0.017221995
0.044003665
-0.068813369
0.064524695
-0.0070794835
-0.046172634
0.038751591
0.057687365
-0.075797752
-0.058112141
0.048820138
0.013629282
-0.017273635
0.05784288
-0.053322505
0.041866414
-0.02903015
-0.026921727
0.012797856
0.042900112
-0.0060671819
0.013056836
-0.0092650857
-0.045031264
0.052551519
-0.07367716
0.0029150227
0.0078751333
0.031414796
-0.022414891
0.069099955
-0.088217743
-0.042897306
-0.046341874
-0.033406384
-0.048424579
-0.052280553
0.045746159
-0.030570755
-0.015722455
-0.045544941
0.022311978
-0.05349141
-0.053455584
0.001130664
-0.025580987
0.033875316
0.036633246
-0.034524832
-0.041128751
-0.03791666
0.046459787
-0.05956579
0.04820494
0.047205869
0.07300476
0.058545161
0.061922695
0.045419488
0.037266329
-0.044634279
0.041458447
-0.078821436
0.018873682
-0.005472166
0.011838102
0.02768961
0.065618053
-0.021150798
0.043570455
-0.047263302
0.026487138
0.0023147413
0.068989009
0.0028696663
0.015996642
-0.014763622
-0.036568243
-0.035658058
0.02754876
-0.044138525
-0.051638771
0.020084828
-0.072534792
-0.06862732
0.044688553
0.021222306
0.006089123
0.060276363
-0.03341978
-0.027099747
-0.0423337
0.038554847
-0.01890946
0.017692072
0.032992091
-0.041950304
-0.0029724583
-0.046874024
0.057018124
-0.046926159
0.0015426417
0.066989116
-0.01914442
-0.074513324
-0.047512319
0.02901434
0.039264042
0.0027812649
0.043511946
0.050506249
0.047158659
-0.084975511
-0.03163565
-0.04167299
-0.031087212
0.020463424
0.042833339
0.037420563
0.062400017
-0.0048570973
0.068130642
0.0057910439
0.0070833387
0.0065734978
-0.012283097
0.088646866
0.027904017
-0.037609462
-0.058473404
0.041871063
-0.066806473
-0.023864597
-0.014472633
0.07897754
0.051689211
-0.058959316
0.074761853
-0.057216369
0.075148165
-0.067488022
0.044297576
0.04478851
0.039437693
-0.018827075
0.021811534
-0.055003505
0.035192408
0.0039228285
-0.052616205
0.043880098
0.052440956
-0.01005621
-0.022366071
-0.025533929
-0.06742119
0.047274251
0.068552077
-0.11030725
-0.035506554
0.063475177
-0.024012396
0.039490838
0.041707538
0.037367236
0.0070221848
-0.066787384
0.029762069
-0.022515353
0.092620365
0.0032952742
0.050004546
0.029169096
0.069277741
0.031846896
-0.018632118
0.031302806
-0.045662753
0.0091786673
0.03609921
0.071507677
0.021507749
0.05695067
0.004957749
0.041565944
-0.043183398
-0.037391566
0.0054562632
0.0004072256
0.05363825
0.064969055
0.086399816
0.03097412
0.021451687
-0.017919466
0.01862675
-0.037695415
0.024165684
0.055688005
-0.057900045
0.00034531311
-0.011776183
0.017055588
0.028683383
-0.090210773
0.0076231346
-0.030236162
0.040463116
-0.069124736
0.065095231
0.011370685
-0.070417322
-0.033817977
0.075878374
0.021143997
0.004064553
-0.042487454
-0.090799063
0.006663146
-0.071145393
-0.0048799617
-0.049972579
-0.031145947
0.051518179
0.095501557
-0.094066523
0.0040469915
-0.04941088
-0.055579886
0.06403622
0.046968728
-0.018935828
0.096375167
-0.012247753
0.075331084
-0.0901962
-0.014665209
-0.027163928
0.022407951
-0.070329182
-0.060353458
0.076107539
0.029933106
-0.018968066
-0.045149192
-0.043663196
-0.055548128
-0.096466914
0.054630876
0.062414695
0.077457592
0.018982733
0.096379742
0.11083838
-0.066982396
0.18189994
0.070419252
-0.0033612899
-0.16564906
-0.11842477
0.088335514
0.031704534
-0.071469136
-0.18269591
0.089310035
-0.052271161
-0.15572968
-0.074605092
-0.077492125
-0.078201704
0.075675562
-0.069393083
0.09731105
0.073798299
-0.10032835
-0.052944437
-0.030641114
0.021773979
-0.11876
-0.073029742
-0.020484891
0.11708346
0.07422258
-0.077049978
0.006459916
0.12449472
0.018338431
-0.0016661362
-0.0062628654
0.026935639
0.13576643
-0.062746085
0.16369541
-0.036119454
-0.03604278
-0.087249301
-0.039487105
0.13231659
0.17168964
-0.032960471
0.10325024
-0.026654927
-0.22584012
0.053066444
0.0043069604
0.12836301
0.080162629
-0.23902997
0.03074372
0.084892094
0.1328049
-0.12207308
0.0087733883
-0.048625749
-0.12846164
0.020887209
0.047167659
0.16368438
-0.019678565
0.1257481
-0.016436398
0.10076034
0.029555947
-0.083572127
-0.059684582
0.049488258
-0.0094703538
0.050282683
-0.097771734
0.22785433
-0.065968163
0.048743527
-0.0076089217
-0.054963563
0.01044168
0.085170478
0.089715838
-0.16084097
0.043663874
0.12487048
-0.054569103
0.08602462
-0.1774969
0.028913682
-0.12927727
-0.15960406
-0.13945419
-0.097192451
0.015427854
-0.0059877452
0.14017528
0.13494861
-0.0073151607
0.069019251
0.035781898
-0.10567034
0.0406489
-0.019497359
-0.15742746
-0.053684596
-0.059162673
0.10112825
0.10812039
-0.012113689
-0.067428492
0.22084063
-0.10494471
0.021796525
-0.014834587
0.074330084
0.0022415295
0.1780134
-0.081205703
0.0055115852
0.070202209
-0.015344369
0.090759188
0.088597082
0.060758919
0.018801045
-0.047093578
0.037330907
-0.022782981
0.052314024
-0.0010742802
-0.053336855
0.13655216
0.03270508
-0.036991738
0.072483115
-0.013017038
-0.017044239
-0.017370718
-0.051638465
-0.088661544
-0.094445832
0.040357914
-0.055126064
0.030500893
-0.022730432
-0.091873527
-0.16093397
-0.042697459
0.0089204218
-0.092934832
0.061897878
0.11061075
0.16552764
0.074505702
0.024811044
-0.0187895
-0.0010908283
-0.048818205
0.10196857
-0.057108499
0.19416584
-0.19591641
0.096619263
0.12377435
0.023617627
-0.027354842
0.086901508
-0.064288184
0.033180501
-0.073681936
0.09522485
-0.0084419707
-0.085993625
-0.042809311
0.06154817
0.0074341497
-0.046611819
0.048209574
0.018875504
-0.06216938
-0.0056645437
0.018904438
0.016604537
0.0091792848
-0.010540629
0.12917481
0.050472669
-0.044808436
-0.02851741
0.084291577
0.019180501
-0.057749331
-0.062459253
0.17035894
-0.045540676
-0.030598933
-0.055465244
0.063211344
-0.06149118
0.028473439
0.051063385
0.072302885
0.11983702
0.075516433
0.0040922072
0.040844545
0.1156819
0.27250227
0.04326269
0.018624565
-0.08026658
-0.17063361
-0.071929172
-0.049386106
-0.053536881
0.026953636
-0.011107001
0.22335331
-0.08482147
-0.018665321
-0.032569133
-0.031374421
0.083787195
-0.0052403328
0.080763027
0.019361351
-0.07352148
-0.0095708603
-0.027540667
-0.17236866
0.014063752
-0.023863155
-0.022562869
0.0089496272
-0.065586947
0.057746187
-0.045300465
-0.07881429
0.0023844424
0.028454423
-0.013738546
-0.032487102
0.033280931
-0.083483018
0.013032614
-0.021041406
0.047438983
0.044931982
0.081472494
0.073487811
-0.01631543
-0.043636337
-0.0081020668
-0.057000309
-0.037564997
-0.013465944
-0.079562768
-0.058618341
0.072546683
0.049905729
0.018986871
-0.092502587
0.045590267
0.012037631
0.00092207245
0.041987728
0.036331419
0.00471177
0.10283075
0.072635084
0.067040667
0.012015602
0.047588103
-0.010125197
-0.0042099054
0.053406335
0.090911254
0.045457635
0.040366743
0.020049321
-0.013082523
-0.085529841
-0.083820775
-0.084966145
-0.053467318
0.085970446
-0.087485328
-0.0097114816
0.042221989
0.091943018
-0.0039612353
0.018361187
0.073964663
-0.10223776
0.027104499
0.017172281
-0.047673892
0.023623403
-0.042416163
-0.071089089
-0.022341054
0.008184108
0.056533664
0.047372419
-0.1037323
0.067689732
-0.00051994191
0.013810635
0.091645263
-0.08488255
-0.037100099
-0.011010429
0.033376664
-0.017229853
-0.072358489
-0.01181089
-0.047082648
0.06849359
0.038887683
-0.080170423
0.077991553
0.006712894
0.054825813
-0.010690976
0.080559328
0.04965074
0.034052659
-0.058579803
0.066818871
-0.028032044
-0.04969047
-0.0050372803
0.0087784333
-0.014612884
0.020391218
-0.033486284
-0.043581773
-0.047516383
0.0068818727
0.057524148
0.021504097
-0.0048992326
-0.024616541
0.058453381
-0.065809183
0.023386991
-0.051848818
0.099583939
0.0039937613
0.080569305
-0.049374755
0.020090364
-0.076913998
0.046827883
-0.053835914
0.011387558
-0.0354652
0.064537115
0.062571011
0.044198975
-0.044109508
-0.010708922
-0.04563636
-0.12208381
-0.035042033
0.066395976
0.04207949
-0.079026386
-0.073246919
-0.019045575
-0.11639779
0.017845957
-0.07733123
-0.015438081
-0.035755605
-0.071648113
-0.0055239582
0.0034616762
0.016432654
-0.002177981
0.0021815151
0.068598516
-0.023349956
0.010427357
-0.034359496
-0.039993916
0.03799719
0.0047438466
-0.011952681
0.024751376
-0.061836958
0.016431099
0.04332041
0.006219869
-0.056594517
-0.060301166
-0.057793576
-0.045654971
0.039154477
0.052730862
-0.019305658
0.07655172
-0.05322437
0.070509464
0.049110193
0.044149209
0.015415785
-0.058854394
-0.059428342
-0.08974503
0.055360623
-0.039525155
-0.070117101
0.063253567
-0.0054350975
0.0077602798
-0.063193828
0.048951492
-0.042223908
0.024778131
-0.03390931
0.015623845
0.067764714
-0.0037747747
-0.013530044
0.0099779107
-0.032885198
-0.0034778744
0.045955081
0.042555146
0.081330031
-0.0082781082
0.045113247
-0.014006586
0.058660887
0.052976485
0.054547962
-0.042614233
-0.011658035
-0.027041478
0.0021016079
-0.0082012201
0.008491369
-0.060408536
0.0082327826
-0.046102475
0.077022567
-0.05447286
0.069598809
0.027141282
-0.050244715
0.036803152
0.065096162
0.013438944
0.050236039
0.027605161
-0.032322895
-0.042414002
-0.0083170729
-0.020164877
0.029183732
0.049146865
0.019577282
-0.0011507269
0.019664159
0.012679843
-0.068269633
-0.05556903
0.0034726255
0.0551962
0.021597648
0.048069585
0.074144907
-0.017792691
-0.020138159
0.041364074
-0.049867459
0.076465592
-0.024695046
-0.046476204
-0.054923575
0.027747465
-0.01633371
-0.083833262
0.05851033
0.054853108
0.071260221
-0.050742216
-0.032532793
0.0052848989
-0.051892452
0.049389258
0.0021860101
0.011369446
0.049975622
-0.03211664
0.0075691091
-0.051437654
0.0041077617
0.046830613
0.02729963
-0.057831258
-0.088590577
0.088215835
0.014954437
0.077417627
0.0045457752
0.0053109606
0.045844983
-0.12777503
-0.020985965
-0.051627576
0.021427639
-0.04021107
0.037245389
-0.03704185
0.004409004
-0.098505944
-0.0085011078
-0.065776363
0.018613357
0.032793209
-0.089239962
0.029090745
-0.063527986
0.011241422
-0.045249563
-0.02530079
-0.051880229
-0.031634297
0.035218716
-0.033590578
-0.052732449
-0.0047695488
0.090314016
-0.020003779
0.064198509
-0.03117566
0.10242661
0.007839499
0.024772858
-0.090176433
0.015807193
-0.018425269
-0.02328936
-0.0072634718
0.10227362
0.0068961498
0.0050712763
0.034824412
-0.048543353
-0.048708558
0.065046564
0.03462828
-0.083269328
0.086139239
-0.0024479397
0.0062241214
-0.00013756016
0.13400632
0.040712725
0.0042192196
0.041700814
-0.0079343375
0.048259299
-0.077338636
0.065467596
-0.077892385
0.08698234
0.095143251
0.066551775
-0.016203199
0.087336309
-0.083422966
0.030820319
-0.0386291
-0.17537253
0.014937949
0.034531638
-0.075468481
0.023224048
0.020666754
-0.048156176
0.036155622
-0.017886134
0.0055400119
0.0025239487
0.090580046
0.020508286
0.11128885
-0.045319252
0.099529229
0.060450118
0.030023942
0.039327689
-0.061559524
0.018090069
-0.051955737
-0.10841906
0.086567111
0.029530499
0.083353303
0.14105134
0.023735393
0.083756112
-0.040966179
-0.0028015552
0.0041637481
-0.012728599
-0.1207692
0.058823861
0.023121651
0.13493696
-0.0043236222
-0.059185285
-0.07145571
-0.045899186
-0.089568064
0.037077487
-0.037495106
0.037865866
0.044770993
-0.072490059
0.057238311
0.093622789
0.070381857
-0.013230395
0.050614208
0.054925483
-0.0082245301
-0.051604182
0.015467432
0.014075865
-0.016242128
-0.029960729
-0.06878271
0.088072993
-0.063117072
0.066586487
0.0079758884
0.024825778
-0.012096009
0.01025267
0.031166315
0.078244887
-0.044089418
-0.085524566
-0.045319874
0.022623293
0.0078683272
0.054167215
-0.027335063
-0.051255811
0.026505709
-0.036405731
0.022025472
0.041996803
0.00058932684
0.032957099
0.010161807
-0.051436529
-0.00011334921
0.012460191
0.042448878
0.050018549
0.0079828668
-0.087171555
0.0076410128
0.037511379
0.042095657
-0.067578323
0.042105578
-0.057868939
0.016537022
-0.052279219
0.040830392
0.016921714
-0.059470199
0.02477945
0.041411139
0.031521086
-0.037197761
-0.024186181
0.022428246
-0.049449239
0.07105872
0.01521324
0.033356324
-0.014600545
0.035262723
0.085109204
0.045524992
0.070195802
0.026692141
0.004117087
-0.02119375
-0.069094457
-0.080371365
0.027568897
0.082508303
-0.082006253
-0.026831377
-0.051429663
-0.057180155
0.038863841
0.0047587464
0.088967897
0.039525982
-0.011002376
0.024420816
-0.014908537
0.060138848
-0.06292659
0.0010323767
-0.052145779
0.060347576
0.032945115
-0.052095242
0.031960696
0.035692059
-0.032590616
-0.058838174
-0.058438521
-0.047305144
0.0037322177
0.035887796
0.032954603
-0.0028140238
0.039245721
-0.0042705992
-0.083825663
-0.079894654
0.013706468
-0.0069074407
0.0094520766
0.022371665
0.0473083
0.022573298
0.035478454
-0.043748178
0.040053107
0.076759636
0.049357004
0.040102299
-0.074562356
0.032388672
0.041493878
-0.018655496
-0.033739652
0.082815409
-0.034853533
0.072687373
0.053313453
-0.019011119
-0.052912757
0.0082903709
0.067403182
0.02083675
-0.076191299
0.024160389
0.01579684
-0.073732957
0.013162865
0.077293329
-0.067473076
-0.017347267
0.028897963
-0.032147676
-0.028894892
0.051660303
0.04618758
0.018682813
-3.3092518e-05
0.0091754729
0.0050833826
-0.061631486
-0.079492994
-0.019465158
-0.048123386
-0.02344618
0.025312513
0.042912822
-0.068435073
0.042672269
-0.0079361545
-0.034554504
-0.0096609015
-0.027271526
0.010986084
-0.034876958
0.022598738
0.0045441315
-0.0077527631
0.021671159
-0.030807618
0.073254712
-0.01177163
0.051277984
-0.0072938832
-0.087080367
-0.023793286
0.052729402
0.051956892
-0.034924347
0.032198187
0.029124806
-0.012669662
-0.024957636
-0.051935341
0.015327931
-0.029644074
0.015307022
-0.012482983
0.073271811
-0.068304621
-0.072916225
-0.032396123
-0.027587518
-0.027919976
0.05735353
-0.089340203
0.05289305
-0.049076322
-0.020315483
-0.032436773
0.010875414
-0.0027912576
-0.017651845
0.015512427
0.0053058225
0.019891897
-0.021912299
-0.020727932
-0.071229324
0.033296503
-0.014293789
-0.087579936
-0.051570073
0.0091360565
-0.034521837
0.027793474
0.00026199428
0.012308039
-0.018163197
-0.02577221
0.048472762
0.036379702
0.045533929
0.060380246
0.053455912
-0.019919716
0.0096159214
0.055499159
-0.026009766
0.01231585
-0.028911158
0.082220092
-0.067251757
0.022250697
0.03506428
-0.054284863
0.023337582
0.039682064
-0.023357758
-0.0020825078
0.023153268
-0.053789739
0.021711314
-0.018623151
-0.074454121
-0.065593682
0.0077033732
0.011812166
0.042381369
-0.021323079
0.010400465
-0.021500239
-0.01613225
0.055943679
0.057121523
-0.020211849
0.029354626
0.013448668
0.042168126
0.092477165
0.023873225
0.015630824
-0.043323886
0.028430097
0.018103158
-0.063003808
0.028643275
-0.023597227
0.047056831
-0.10190357
0.020531127
-0.071671382
-0.059449099
0.013977848
-0.029088626
0.011029655
0.062469803
-0.054362912
-0.014941211
0.02939138
0.042365283
0.033399627
-0.064576596
0.046860248
-0.060692348
0.029948326
0.058407571
-0.043981317
-0.033374343
0.069377512
0.040453307
-0.029728986
0.02220979
-0.023367295
0.034925275
-0.061242484
-0.039757878
-0.05560917
0.0090422798
0.013161829
0.0070449822
-0.047335934
-0.044409491
-0.054175984
0.040260799
-0.043828331
0.017717609
-0.062537737
-0.038833205
0.052792031
0.039616235
0.02150574
-0.032762296
0.025416007
-0.070053183
0.0057357126
-0.02439541
0.018749772
-0.052792821
-0.042347442
0.027034229
-0.026913734
-0.065936282
-0.017288383
-0.024007604
0.0080073718
0.0075055608
0.072661243
0.027853323
0.058955699
-0.036283299
0.049048599
-0.089226365
-0.063484117
0.0022413412
0.0082765492
0.043486387
-0.01369023
0.082699142
-0.030184465
-0.067308359
-0.0060918285
-0.033801977
-0.0070544826
0.033336297
-0.052973695
0.036675856
-0.0774405
0.047332726
-0.04217913
-0.052387856
0.082066461
-0.025129424
0.019905007
0.051310636
-0.054940928
-0.022486752
0.016972447
-0.047931537
-0.002577309
0.049061667
0.0052239206
-0.014317792
0.064776897
-0.032716226
0.0094974218
0.022972455
-0.033353802
-0.0010852506
-0.0087619266
-0.0028904313
-0.02339091
-0.033570487
-0.065860212
0.063042864
-0.030188451
-0.02669004
0.036789693
-0.05557327
0.013916669
-0.040063508
0.023279164
0.029310971
-0.0063842745
-0.051922306
-0.010241956
-0.0025760115
0.029752342
-0.0039454671
0.0042463397
0.096158214
-0.045232918
0.0011657258
-0.043577749
0.096700653
0.042813919
0.052663494
-0.13293391
0.024926526
0.080473363
-0.043680117
0.00029553322
-0.050125353
0.017062137
0.014249185
0.06018988
-0.021859353
-0.011552801
0.041224606
-0.10945697
-0.018887408
-0.08514531
-0.059961844
0.036644459
-0.053336401
-0.023149978
0.046488382
-0.033681642
-0.011212938
-0.093935736
-0.066640265
0.047029786
-0.012391887
0.077623636
0.033699341
0.11738101
0.091812514
0.031884354
-0.015086102
0.048015237
-0.024816757
0.05349363
-0.089888602
-0.016212335
0.027128484
0.048411839
0.098811157
0.069020368
-0.067187198
0.02401649
0.079560347
0.042137407
0.042985164
-0.0019195055
0.038378708
0.013442581
-0.01829204
0.023030277
0.015163072
-0.038540069
0.047610842
-0.064070769
0.066055179
-0.086144716
-0.0050513837
0.050761819
0.044775587
0.019471347
-0.087965243
0.057146814
-0.025850836
0.024396401
0.067723982
-0.054464404
-0.04203653
-0.065990463
-0.051223461
-0.02613605
0.052613091
-0.055527885
-0.021200903
-0.058909208
0.058250461
0.040201768
-0.04267671
0.0017123538
0.031220624
-0.020190161
0.011246743
0.10285176
-0.029575014
-0.063073985
-0.026573995
0.010780741
0.084645897
0.030213298
-0.039862569
-0.029156502
0.041540843
0.071128793
-0.0388995
-0.038065054
-0.0066265627
-0.081693336
0.003726965
0.04410008
0.073238261
-0.049701747
-0.016206097
-0.056901075
-0.05698923
0.040078361
-0.033564296
0.026838215
0.05815582
0.029801322
0.063096337
0.01783951
-0.0075984299
0.024907544
0.083809152
0.056626406
-0.0023041796
0.011327117
-0.046645135
-0.03359016
-0.0013790652
-0.0027267009
0.00013110334
-0.046424959
0.035514552
0.06745936
-0.061205182
0.029435173
0.019890742
-0.0384598
0.057976212
-0.024269599
0.010423644
-0.061098542
0.053095382
0.031039543
0.048963998
-0.030146435
-0.041923515
-0.066373363
0.0019229576
-0.028933099
0.017936237
0.043213174
-0.00081377552
0.043717075
0.061729427
0.032194737
-0.0058358144
-0.046318173
-0.0387282
0.0026158148
-0.037914488
-0.013115458
-0.046670157
0.053296067
-0.0065356116
0.01200594
0.013649514
-0.066778585
0.0011603483
0.06894628
0.0067426423
0.017323729
-0.019930467
-0.061029077
0.075269356
0.047837678
0.019488936
-0.025355736
-0.027235445
-0.01633882
-0.051190916
0.038957104
-0.069646925
-0.025103919
0.040687338
-0.025741046
-0.052791856
0.042985745
-0.042313773
-0.031360075
-0.055037916
0.010322263
0.059975568
0.013993237
0.037107121
-0.04858809
0.0099255322
-0.017051466
-0.057777274
0.055988126
0.035713099
-0.068130657
0.015951239
-0.046195436
0.00092847669
-0.036509588
0.057297923
0.0059276056
0.025294267
0.023618853
-0.086923666
-0.057765551
0.0010054192
0.028302323
0.026223283
0.0060189092
0.003904321
-0.053461235
0.032834183
0.027515553
-0.045561261
-0.036368627
0.03318046
-0.047780544
0.024333321
0.048143331
-0.0075323209
0.01807235
0.014215285
-0.041401573
0.039089628
0.04208298
0.05415098
-0.034903478
0.062514149
0.039227933
-0.030468103
0.0090644062
-0.048232447
-0.052159104
-0.03925078
0.045204185
0.026959619
0.029671861
0.03990382
0.039525732
-0.026101161
-0.0013488299
-0.041513953
-0.018670304
0.0086184721
0.033115853
0.028828736
-0.023141116
-0.057180472
-0.013801269
-0.038400814
-0.052571684
0.0096092951
7.1116323e-05
0.018810883
-0.030427426
0.11723199
0.0082586193
-0.11443824
0.047949564
-0.10473296
-0.0087137669
-0.021358723
0.081165455
-0.058540303
-0.0014491669
-0.078792855
0.11961754
-0.10645543
0.010349155
-0.13055111
-0.20484711
-0.14073586
-0.011492246
0.089415938
0.0081915446
-0.096483298
-0.062051125
-0.078640953
0.034488361
-0.10159523
-0.082371354
-0.088587157
0.10369622
-0.032380141
0.10673845
0.078024358
0.032851346
0.021790763
-0.0048589385
-0.10164493
0.09391176
-0.0067055905
0.023600683
-0.06100842
0.13832133
0.13580848
-0.048725445
0.0011303218
-0.060171727
-0.091412969
-0.0311951
-0.0061084256
0.03912466
-0.0090186279
-0.065173104
0.071216911
-0.13908565
0.054398868
-0.029207449
0.080663413
0.054051518
0.083796717
0.037623174
0.085706756
0.007703254
0.024213335
0.049931962
0.077374928
0.014940793
-0.055713587
0.083814837
-0.027766729
-0.0055044135
-0.037169542
-0.0069988272
0.0044911415
-0.017309112
-0.12475372
-0.10456079
0.048720311
-0.086361796
0.017154127
-0.027062172
-0.042846933
0.13380776
0.040901348
-0.060182456
0.11888301
0.069273449
0.10896426
0.057166573
0.13374797
-0.058204528
-0.10988421
0.0059259408
0.0039830855
-0.061395943
0.049646094
0.052398622
0.13763852
0.034147058
0.037579011
-0.037218042
-0.036496151
0.10798132
-0.007034272
0.02904837
-0.072061822
-0.069397084
0.049900223
-0.022273101
-0.0082507804
-0.08457984
-0.092555575
-0.074768946
-0.10440549
0.018644048
0.023622446
0.056684241
0.008679322
5.8405807e-05
0.044028118
0.12331989
0.10419931
0.044511009
-0.11977082
0.059187714
0.029454893
-0.10195485
0.011025634
-0.097325362
0.054475415
-0.0050008195
0.10827985
-0.12816413
-0.039368041
0.052994315
-0.10478919
0.0069502392
-0.0017456452
0.0097898403
-0.054447673
-0.0095154932
0.0059864884
0.15811186
-0.12708041
-0.099557042
-0.015498647
-0.029710069
-0.051826801
-0.064173192
0.038329992
-0.078121476
-0.033720303
0.048399169
0.029944405
-0.025816372
-0.090299368
-0.089461975
-0.11217091
0.085574389
-0.051132429
0.074105151
-0.038666446
0.039552856
0.12712486
0.029377298
0.016042164
0.055409264
0.069642313
0.0080277948
-0.095136791
0.098935939
0.13417119
-0.090266988
0.011708708
-0.064118974
0.042500027
0.036911849
0.067621581
-0.023190232
0.013620743
-0.073003262
0.085051388
-0.014316153
0.0030406236
0.031728361
-0.063879505
0.07527189
0.11735059
-0.036424331
0.052019682
-0.029808676
0.054964777
-0.00085369579
0.07756605
0.06316895
0.032772619
-0.012004987
-0.023195207
-0.021615582
0.0034565339
-0.099204458
-0.012863533
-0.039317876
-0.10083751
-0.16267049
0.0037939546
-0.071939647
0.027700581
0.0027325791
-0.026066674
0.083573334
0.057965118
-0.081778973
-0.018210856
-0.018905966
0.0560329
0.10150554
0.11458669
-0.061783228
-0.018412089
0.056706253
-0.0034564722
-0.039029691
-0.078356467
0.013104556
0.0707682
-0.0083271023
-0.11230877
-0.031840269
-0.075523332
0.068462767
0.015321869
0.012447137
0.0066718748
0.062501967
-0.0068812696
0.06241978
-0.0551982
-0.068659939
-0.067940965
-0.055000413
-0.02669578
0.068055101
0.026242416
0.013007421
0.033063635
0.017102556
0.01066664
0.065554969
0.0060808863
-0.021478543
0.02140769
0.036107883
-0.009258437
0.031511217
-0.053778149
-0.015434706
-0.059799321
0.10475145
-0.049475607
0.067250147
0.042394634
0.018044325
0.02180244
0.057661839
0.063087165
-0.016452929
-0.0083803246
-0.023034755
0.029933089
-0.038238242
-0.016279805
0.022698736
0.028427819
-0.0097040562
-0.0019251164
0.058047336
0.034264266
0.019554514
0.067352362
-0.038579628
0.065916255
-0.055755701
0.068034694
0.028979398
0.0097040031
0.03353655
0.049430594
-0.013254579
-0.017748091
-0.067057721
-0.009295783
-0.014247919
0.08200819
0.016787143
-0.037141256
0.051297225
0.0092910286
-0.010183791
0.046670411
0.041537426
-0.04745942
-0.060299698
-0.0079323929
-0.064156897
-0.092389785
-0.020977527
-0.04373752
0.084897995
-0.007685089
0.013783609
0.0075932574
-0.0080898618
0.0091582723
-0.053683389
0.074130073
0.0050351061
0.0043443684
-0.043642901
0.0062712375
-0.0143497
-0.090103336
-0.038248017
0.043786101
-0.031226497
0.05669165
-0.0098674884
0.029143412
0.037581716
-0.013627615
0.037213583
0.01207763
0.060340747
0.021718446
0.073263995
0.041580807
0.10678606
-0.047787976
-0.068626359
-0.059942409
0.048089862
-0.039745159
0.022823965
0.035102982
0.04923518
-0.022873554
-0.003510908
0.075646251
-0.058351982
-0.058852989
0.078622393
0.064022005
-0.032316808
-0.051340092
0.0010681372
-0.019629877
-0.024989394
-0.047469888
0.042671915
-0.031613249
-0.0027461438
-0.037334189
0.024077931
-0.040232889
-0.055359315
0.065131217
-0.007312051
-0.039869167
0.07558956
0.07757768
-0.043632649
0.019608062
-0.069791891
-0.020825036
-0.055965394
0.0090850191
-0.00085895834
-0.035263225
0.049552668
-0.033729311
-0.07486774
-0.037959959
-0.026503608
-0.032214291
0.059599988
0.022218699
-0.010880211
0.0020067836
0.026321569
0.013023349
-0.043064751
-0.045952845
0.022552917
0.14202246
-0.029721495
0.048333723
0.063426472
0.055933941
0.0020786263
0.02961137
0.0025661173
-0.01680262
-0.047653988
-0.036580432
0.031552475
-0.034275942
-0.017848101
0.084818363
0.055581916
0.020684397
0.035273038
0.11526362
0.0040921783
0.033615179
-0.031279791
0.010997273
-0.08804062
-0.0023296741
0.071047522
0.060195509
-0.069812931
-0.022533968
0.030854557
0.0038681491
0.024989173
-0.0098088132
-0.03421995
0.07411325
0.056728277
-0.037802521
0.020608824
-0.035149634
-0.10191177
0.081477389
0.013076895
0.037220545
0.1216269
-0.039435271
-0.060876064
-0.057872847
0.013867393
0.019425834
0.018660827
-0.026494233
-0.047406927
0.0011055194
0.03700646
0.088106409
-0.098324947
-0.073538117
0.025614554
-0.001101342
-0.029871179
-0.016856637
0.10342161
-0.13770828
0.0074176043
0.0012526049
-0.0018281764
-0.038942471
0.025754133
-0.023775419
0.010565165
0.048035547
-0.065046981
-0.091898158
0.068660371
-0.11633832
-0.03225746
-0.089846961
-0.078965455
-0.090840183
0.058435407
-0.0088867247
-0.0029654636
0.053607665
0.036654018
-0.086062513
0.12644835
-0.083009988
-0.017016221
-0.15965867
-0.1078814
-0.080987982
-0.0020170885
0.021938069
-0.022293791
0.0082031442
0.091670357
-0.087098412
0.044346683
-0.050183263
0.033305336
-0.0013724189
0.015152112
-0.057204466
0.031254981
-0.032159701
0.060413014
-0.030141398
-0.029521354
-0.08616785
0.11053573
0.029780243
-0.0044777193
0.029999901
-0.079455756
0.11210765
0.06975732
-0.048708446
0.092466734
-0.039667461
0.12609516
-0.01131492
0.099901706
-0.10007491
0.038621366
-0.0245772
0.054956604
-0.013373358
0.0088600311
-0.033599619
0.030995985
0.0052595995
0.011504812
-0.032501474
-0.081578173
0.02559188
0.094722807
-0.029094735
0.026948677
0.11376419
0.058802389
0.033880297
0.088994451
0.0011708798
0.041583553
-0.036742236
-0.061980493
0.0506276
0.05812981
-0.0040008081
-0.019873807
-0.020198017
-0.051879182
-0.04504329
-0.013824394
-0.011287732
0.017135339
0.045974147
-0.0025132694
0.02466934
-0.072337851
-0.0010037643
-0.0030975291
-0.049332272
-0.00114221
-0.096692726
0.017864017
0.014496366
0.021030147
-0.007507273
0.06309095
-0.059843928
0.11726905
-0.01306738
-0.021790443
0.080589518
0.10189442
0.0031401853
0.013541772
0.028865881
0.083454683
0.025240602
0.065284722
0.02175523
-0.064902976
-0.0591111
-0.10713974
0.12259931
-0.099918209
0.068868779
-0.045850851
-0.089129604
-0.020714082
0.038971674
0.085416093
0.14202449
0.094963402
-0.061278358
0.063331805
-0.048932973
0.079178415
-0.025126224
-0.06195708
-0.055671621
-0.026039155
-0.0058290297
-0.041693442
-0.061375592
-0.080147728
-0.049702678
0.011456526
0.010706958
0.062347513
-0.035897531
0.036329679
0.020720333
-0.04595796
-0.058135327
-0.032302845
0.039728288
0.085625045
0.082719624
-0.051567696
-0.05917174
-0.057326272
-0.04251853
-0.049992662
-0.01027672
0.09676943
0.085603043
0.012086305
0.071169227
0.063569501
0.011127926
0.077675276
-0.070518933
-0.060083117
0.044444647
0.090754062
-0.081383348
-0.07949353
-0.060518041
-0.084214792
0.072538018
-0.029289337
-0.0033343979
-0.069129109
-0.050743561
-0.080636546
-0.016186284
-0.013727592
0.039555278
0.050793841
-0.096361943
-0.014740878
-0.12824096
-0.043564759
-0.11171604
-0.089280285
-0.029736472
0.0026593676
-0.06967812
0.078515939
-0.066760324
0.0045251152
-0.0056269658
0.011622496
-0.024993863
-0.081876501
0.06758067
-0.04216196
0.029686121
-0.059122153
0.0085523082
0.040038563
-0.045698356
-0.022820158
-0.0070083733
-0.023867281
-0.062224828
0.05090541
-0.040164523
-0.016477102
-0.039415173
0.065430701
-0.06019558
-0.0037584552
0.087522894
0.035134427
0.07890901
-0.031224821
-0.038339008
0.01982007
0.050095562
-0.034988988
-0.0037543916
-0.021076946
0.017536499
-0.069200329
0.030243451
-0.082269117
0.083732195
-0.026624139
0.039384723
-0.046819758
-0.036408618
-0.008950389
-0.039561816
-0.020032408
0.017622601
0.034063879
-0.044632085
0.067390867
0.076952167
0.020124068
-0.080049947
0.029603917
-0.10165158
-0.0033904761
0.065079935
0.02123086
0.022397855
0.033272143
0.026558381
-0.064779058
-0.062576056
-0.079535909
-0.0077889771
-0.063020751
0.0010042279
-0.018714592
-0.0016929077
0.021199422
0.024827009
0.022190943
-0.053541943
-0.055507656
0.098850414
-0.062506609
-0.077278666
-0.034487016
0.096113183
-0.15322514
0.054792829
-0.028535029
-0.0027308625
0.02341577
-0.053533368
-0.053946339
-0.049216919
-0.0038715317
0.069691382
-0.010533011
-0.049399965
0.03500839
0.081485204
0.057973187
0.02091956
-0.13387053
-0.053765558
-0.044318695
-0.033814654
-0.028842498
0.017986787
0.0049634399
0.013565883
-0.03601959
-0.042010583
0.039670222
-0.0031843958
-0.16776651
-0.098371908
-0.010437419
0.05350532
-0.046784971
0.080317996
-0.071189314
-0.057147406
-0.083442315
0.079445042
-0.077924669
-0.072688133
-0.028493935
-0.034479301
0.028905056
-0.073256969
-0.016737772
-0.00069291395
-0.016043246
0.0063245101
0.040477812
0.028611245
0.004199117
0.086949527
0.0011386843
0.001385305
-0.056796242
0.081143007
-0.070446335
0.037999891
0.00047451648
0.094599649
0.022206834
-0.065760404
0.0090225106
-0.011519154
-0.037086181
0.067456976
-0.0029977926
-0.058169421
-0.024558241
0.027917515
0.00070531655
-0.069138877
-0.016194522
-0.037580814
-0.029854624
-0.015209529
0.021075075
-0.048196007
-0.089539856
0.048364274
0.030531133
-0.00053815113
0.067535467
0.041020643
-0.041038495
-0.079496987
-0.054380298
-0.010451011
-0.037071649
0.053030528
-0.0063734781
0.014210298
-0.014541175
-0.0041510565
0.040389862
0.063595414
0.010016924
0.031147717
0.05066191
0.041782282
-0.013703974
0.0040013646
0.0086786682
0.0047527337
-0.098550431
0.077858575
-0.029668123
-0.049908035
0.032163791
0.04352368
0.053885624
0.021779146
-0.082509339
-0.049991135
0.020125855
-0.032016125
-0.017706174
-0.035562832
-0.083291657
0.0056039887
-0.024194898
0.031550739
0.018853547
0.067724943
0.033079334
-0.041808423
-0.051795233
0.076086119
-0.079207763
-0.076825924
-0.047849171
0.064821422
0.02672405
0.017734949
0.0099027827
-0.043108888
0.073327772
0.05564307
-0.098709621
0.062770613
-0.049768627
0.0311459
-0.020540364
-0.024754936
-0.020758888
0.023386415
0.0041008624
0.023381177
0.042346988
0.080809705
0.03365013
-0.021120999
0.0073126904
0.044639979
0.0016333485
0.01025252
0.010710744
-0.077777728
0.0057420018
0.025884654
-0.037128601
-0.0086637717
0.013847964
0.079187036
-0.039079759
0.03816513
0.071328789
-0.049145684
0.032385942
-0.036497891
0.084690906
0.039689973
0.046449576
-0.013732833
-0.086741261
-0.069432348
0.083687253
-0.044177633
0.0012596431
-0.033231162
-0.020359941
-0.030525077
-0.0029001429
0.050698444
0.053995788
-0.025382031
0.0076894099
-0.023849504
-0.053269308
0.017989757
-0.025168961
-0.046630256
-0.018696144
-0.06595768
0.052308042
-0.033890795
0.072143108
0.026140781
0.040156845
-0.047226824
0.0054437434
-0.035348017
-0.00010114531
0.0049101198
-0.027672984
0.09635058
-0.037287634
-0.047795922
-0.089978248
0.014761382
0.040593419
-0.028896902
-0.056948245
0.024781059
-0.050866514
-0.03185346
0.0022316026
0.045931272
0.034980901
0.021420943
0.065365799
-0.009771849
-0.040976208
-0.027122034
-0.081386685
0.0019438518
0.0042046807
0.083338857
0.057654254
-0.05954849
-0.07352744
0.016124357
-0.014957985
0.027455188
-0.010914639
-0.081041701
0.0056663398
-0.070771925
-0.092837662
0.021804409
0.011560907
0.004603277
-0.056517754
-0.00096368283
0.042870574
0.07956966
0.062310353
0.0078062569
0.078583084
0.007563001
-0.010885256
0.02774106
-0.035173047
-0.048292074
-0.014299662
0.021059539
0.054704532
0.064761095
0.012256813
-0.011062018
-0.01866235
-0.037824336
0.011611773
0.020797096
-0.065481097
0.078839116
-0.024778061
-0.073064946
0.060624484
0.039247733
-0.036452454
-0.054037534
-0.065877467
-0.09128084
-0.031209342
-0.084823646
0.05341959
0.068393275
0.0084101995
0.03528012
-0.0553829
0.032308199
0.041516729
0.06765829
0.019345574
0.0010902259
0.062291607
0.048108909
0.052290581
-0.047924444
-0.045109417
-0.010621599
-0.017272759
-0.025451699
0.016886733
0.017242942
-0.0059391712
-0.010423126
-0.0017427758
-0.0055670957
-0.011948886
-0.089046098
-0.037490632
-0.024427742
0.064085521
-0.050258838
-0.066091701
0.013469263
0.040327307
0.04272256
-0.066589125
0.013443463
-0.0066846744
-0.023374582
-0.057621006
-0.02066106
0.011837109
0.029450413
-0.019085078
-0.0065262429
0.0054225824
0.0020407322
0.051231813
0.0081048748
0.040669058
-0.021450089
-0.0097420719
-0.016959453
-0.066996105
-0.047127493
-0.020123687
-0.049401056
0.07325691
-0.019027455
0.027713999
-0.0060773087
-0.046135999
-0.04178926
0.029878143
0.075579852
-0.023407638
0.042989146
-0.043900199
0.010413067
-0.068330795
0.062454123
-0.038378481
-0.050572578
0.097855978
0.011236497
0.015874112
0.026694303
-0.022964729
-0.063392922
0.071507081
0.029789848
0.011854718
-0.037535083
0.057366051
-0.018203739
0.058306608
-0.074391507
-0.046057429
-0.0041745431
-0.00076446799
-0.036473475
0.038414497
0.091177374
-0.076922394
-0.037021216
-0.038520914
0.040320881
0.06302999
-0.0029038405
0.039627898
-0.004152772
0.066584945
0.084899068
-0.055250607
0.071667328
-0.017114509
-0.070768133
-0.049005762
0.051719315
0.0087003978
0.072929345
0.062076636
0.085547119
0.076297551
0.054641876
-0.010779691
-0.098178349
-0.023129139
-0.017231766
0.010365003
-0.0066807023
0.02530114
0.012525236
-0.018989611
0.021038119
-0.043470904
0.010685287
-0.066699132
-0.07062716
0.036665536
0.0025993644
-0.014443434
0.003031139
0.015666144
0.044738904
-0.0089808889
0.0359203
0.054773621
0.048921429
-0.044956673
0.047361966
-0.02114775
-0.14783297
0.068582565
0.24489573
-0.054540116
-0.025658902
0.21364221
-0.078633912
0.031492479
-0.047922306
0.082530655
-0.025099719
0.088093206
-0.052219957
0.073256582
-0.16070089
-0.017706212
0.026219064
0.029446049
0.057223286
-0.011305131
0.14834425
0.10065752
0.037131656
0.065826871
0.12861396
0.18473972
-0.11067854
-0.13183624
0.043756787
0.035575487
-0.1408255
0.060380988
-0.089781232
-0.0042572645
-0.14879572
-0.011230034
-0.028891388
-0.15818928
0.013497931
-0.16259333
0.12764224
-0.1314064
0.031320013
0.016054077
0.10050027
0.19966368
-0.14880346
-0.14707538
-0.014508266
0.125322
-0.038529672
-0.27167699
0.13667759
0.0044980622
0.075936943
-0.00084037735
0.15640673
0.14751115
-0.13200301
0.14585888
0.18899749
0.038779259
-0.24701656
-0.083165541
-0.0085304733
-0.040735397
0.041069694
0.00010087611
0.12127055
-0.027703851
0.086742863
0.11318567
-0.091902465
-0.020548251
-0.0028616798
0.26623547
0.15943168
-0.018434316
0.11994804
0.040698219
0.089683488
0.069721483
0.06253475
0.10759763
-0.012378478
0.14088376
0.02676614
0.14485566
-0.082589202
-0.16296294
-0.0063519436
-0.032189179
-0.038554769
0.087616071
-0.092154577
0.12511633
0.074076779
0.088639401
0.035062406
0.00034259402
0.060961924
0.10844101
0.042364553
-0.092028096
0.11140727
-0.0061730528
-0.094551861
0.069227576
-0.085556008
0.12845166
0.025108231
0.01903454
-0.13996041
0.023040526
-0.049713645
0.15214585
-0.045122668
-0.029821539
-0.029096549
-0.021781053
0.15140249
0.098156527
-0.0037705214
-0.083769709
0.051749442
0.042771153
-0.048675921
0.040141165
0.025825568
0.071719855
0.022423053
0.0031579589
0.062792897
-0.061054852
-0.0046037324
-0.017626647
0.012808241
0.016195554
0.027819753
0.041730743
-0.022012616
0.023901813
-0.033524454
-0.0091588795
-0.042239852
-0.052065507
0.005077871
-0.077075034
-0.0019075577
0.011076899
0.026208421
0.037669383
-0.02324325
-0.069722764
-0.038481832
0.008681112
0.0076699522
0.0071061729
-0.028344266
-0.06386216
0.039351989
0.053125132
0.062321495
0.079937264
0.0050338535
0.019219236
0.045816004
-0.021971097
-0.058566358
0.037203997
-0.076962605
-0.089010999
-0.035239998
-0.028412182
-0.017831741
0.00019928432
-0.020901609
-0.063236117
0.014385587
0.052358281
-0.035925046
-0.081596754
0.015624003
0.063265309
-0.03207374
-0.028616875
-0.033482239
0.014014401
-0.064472102
-0.033628196
-0.019450527
0.001928508
0.074900448
0.045060795
0.024710458
0.043106124
0.0092756907
0.0331592
0.026591107
-0.056562893
0.075276807
0.065116838
0.051152095
0.028342435
-0.043625284
0.018078508
0.021244111
0.027126154
-0.022556327
-0.00094310479
-0.024364302
-0.071272917
-0.05390149
0.021182317
0.046645828
0.010408435
0.093581155
-0.046070669
-0.059311546
-0.020412449
0.032461409
-0.0044876575
0.060967844
0.03381804
0.00049872894
0.0034847818
0.060603134
-0.051634002
-0.057267159
-0.063703485
-0.099728279
-0.069352575
-0.00471057
-0.022612564
0.042743795
-0.049748648
-0.0070400666
-0.037650719
-0.068910912
0.031178502
-0.066168629
0.01720926
0.025441024
-0.0082791056
-0.032149043
-0.097527914
-0.03777248
-0.034958046
-0.017149195
0.029436819
-0.0064928904
0.030338004
0.018917643
0.016835095
-0.037298333
0.052546527
-0.10787256
0.065860868
0.056961652
-0.02619878
-0.091591813
0.066042371
0.029970279
-0.072857752
0.052624229
-0.069713645
-0.0012479457
0.03103634
0.034498096
-0.020227287
0.054017354
-0.046213537
0.099225253
-0.017895587
-0.03905138
0.092503846
0.048970271
0.063148297
-0.057174783
0.11032002
-0.018222639
0.013919055
0.062273007
-0.076453865
-0.0053617945
0.010581422
0.074389204
-0.12435118
-0.055949714
0.02039811
-0.090412222
-0.13695642
-0.090242192
-0.014165396
0.098235302
-0.019012228
-0.050776292
-0.031521719
0.04809048
-0.044447031
0.001463794
-0.016888045
-0.012898398
0.026892615
0.017691735
-0.0067160199
-0.047117312
0.036542751
0.053820767
0.094554596
-0.021378832
0.076984778
0.030794671
-0.015661225
-0.001354905
0.00029295488
0.017120481
0.094456375
-0.00052984705
-0.010560232
-0.037523009
0.036042221
-0.10271063
-0.11180189
-0.0073803882
-0.039072819
-0.036428701
-0.037858691
-0.0001296102
0.080663204
-0.055277571
0.015026619
0.087240055
0.10256969
-0.039713129
0.063159399
-0.092309251
0.085555784
-0.070805579
-0.10749575
-0.044600219
0.067470767
-0.097478844
-0.066544496
-0.10854223
-0.083383106
-0.11576732
0.027267972
0.039849017
0.076486103
-0.079058394
0.042688616
0.01204232
-0.0090667792
-0.04137462
-0.033655304
0.040618725
0.09888918
-0.0033442518
-0.034201786
-0.095709309
-0.09419176
0.015098719
-0.0086318413
-0.10234572
0.033969287
0.021294758
0.048673369
0.0095975446
-0.040487912
0.01046516
0.055856202
-0.10944936
-0.060121063
-0.050850406
0.028228778
-0.059696585
-0.092862435
-0.053272676
-0.025775803
0.12144442
0.030198598
0.04094933
-0.01810978
-0.0026640976
0.0040571634
0.028588774
0.0069185267
0.056571841
-0.030558567
-0.037615601
0.055843018
-0.057928234
-0.050618693
-0.054984137
0.0083033927
0.012712235
-0.0058812834
0.0016376713
0.0017982943
0.035481591
0.057049502
-0.027900735
-0.032036286
-0.059534386
0.069501162
-0.062062874
0.0091993902
-0.046553809
-0.035153873
-0.0022297183
0.016369991
0.058619197
-0.067042701
0.061888218
0.0079708528
0.00065491273
-0.069382258
0.0053190337
0.028240927
0.056695018
-0.046656482
-0.047813639
-0.051545996
0.048373215
-0.02688037
0.026891571
0.032500859
0.018606579
0.036911789
0.043876681
-0.019695116
0.014956736
-0.027212769
0.068874404
0.028913779
0.0075027104
0.067343973
-0.010205756
0.027480025
0.060866069
0.045847397
-0.012339979
0.047028847
0.046721462
-0.013466374
-0.045851812
0.064570762
-0.040912911
0.032369841
0.0071363356
-0.0033713994
0.0079296501
0.016481616
-0.025573552
0.045224756
-0.045064613
-0.04554788
0.036765546
0.054801203
0.02731251
0.02766923
0.002024747
-0.0069273468
-0.056357842
0.044827566
-0.02254704
-0.013684925
0.019108579
0.006328139
0.010319438
-0.0076453714
-0.063737899
-0.0021169817
-0.015344517
-0.046877708
-0.02590847
0.041433129
-0.07863652
-0.0212132
0.013240659
-0.0083195269
0.031232091
-0.022905469
0.016160218
0.035508037
-0.031937495
0.046154212
-0.0089667356
0.056658644
-0.049077548
0.04687117
0.060867909
0.041493252
-0.025199629
-0.04847062
0.033129241
0.023759244
0.0035590641
-0.024655076
-0.049527705
-0.0315958
0.080169
0.044579923
0.037293997
0.059395026
0.028221162
-0.011981859
-0.00077695283
-0.042788509
-0.030222785
-0.026515722
-0.0060183867
0.0075295656
0.054274172
0.11663392
-0.050481725
0.0055878544
0.059150402
-0.048368935
0.037779093
-0.084111765
0.062214624
-0.065527089
0.10276964
0.034677748
0.090240382
-0.0079504903
0.095322251
0.041108001
-0.10238842
0.082190931
0.10308737
0.057710741
0.0038031836
0.0015894689
-0.040295593
0.046666689
-0.0014172725
0.052371383
0.087604761
0.10851385
0.0085940128
-0.13023233
0.082790509
-0.06748648
0.0097708842
-0.089409851
-0.1130399
-0.0028759337
0.089383587
-0.031083625
-0.0047660484
-0.045152362
0.091837235
0.0061210692
-0.13610153
-0.11208027
0.013687822
0.087567829
0.12875642
-0.028572613
-0.088726014
0.017795246
-0.14115231
-0.0072843437
-0.016243175
0.13271996
0.064862236
-0.010410279
0.16108346
-0.14598706
-0.10238267
0.078633323
0.077952273
0.1274762
0.016345769
0.024993289
-0.063238129
-0.0083253933
-0.055110566
-0.0058901189
-0.027772864
-0.1872174
0.049420651
0.11387045
-0.068952084
-0.0094734551
0.083748475
0.044279832
-0.071992271
0.028435731
-0.085241079
0.12884027
-0.035669252
-0.15724659
-0.011986163
-0.052024905
-0.12984373
-0.01656168
-0.11673132
-0.068495601
-0.00057961082
0.19187629
0.07645075
-0.055267636
-0.11017811
0.055224355
-0.0030306564
-0.011290671
-0.056229945
-0.029105375
0.049337868
0.084780827
0.056081016
0.034801401
-0.11144368
-0.076086134
0.050740372
0.045061629
-0.076828986
0.012264172
0.036900297
0.067112826
0.086391665
0.08764451
0.060843792
-0.045067038
0.004839099
-0.067111664
0.057314884
0.12936962
-0.08950755
-0.16049269
-0.009153367
-0.068435878
-0.015703408
-0.10007426
0.014607681
-0.079823211
0.0056516663
-0.022768022
-0.043815169
-0.051551141
-0.059308566
-0.12647866
0.038757451
0.053663962
0.036407609
-0.062754996
0.0014017909
0.054963868
0.017895123
0.019919557
-0.051910747
0.037138265
-0.013164152
0.012349482
0.020261928
-0.085791759
0.0023777464
0.00087187492
0.036880165
-0.033402182
0.0052405959
-0.073557787
0.024903351
-0.060597457
0.02535175
0.023733564
-0.035717543
0.037612129
0.0032724349
0.067025371
0.012682216
0.051091053
-0.034727979
0.018353688
-0.0067798533
0.071373045
0.016368488
0.068821222
0.0025462331
-0.013828186
-0.045833431
0.036446821
0.061059814
-0.030899728
0.05212361
0.062627517
0.029964807
0.061183792
-0.0020057682
0.031360272
0.066962287
0.035542585
-0.024118086
0.027090913
0.075454369
-0.010436272
0.0066999234
-0.013102283
0.082398117
-0.051183525
-0.0075369142
0.032769941
0.051957194
-0.03893429
0.0038091925
0.059657361
-0.0192357
-0.066020556
-0.014282648
-0.055411935
-0.0023943747
-0.086515807
-0.081922121
-0.032846376
0.0028413916
0.048016001
0.039883792
-0.0052026124
-0.030866785
0.054817107
0.0089676417
-0.073884629
0.011103413
0.056593623
-0.015648536
0.023073634
0.011135468
-0.02016676
-0.020873873
-0.043947473
-0.012554132
-0.054821067
0.031515416
-0.056297928
-0.072990663
-0.028504193
0.052219201
0.0053139608
-0.010232507
0.02366339
-0.027404929
0.045155786
-0.032478485
-0.0025532222
-0.037736993
-0.067392409
0.047383226
-0.015840588
0.062956102
-0.0063891872
-0.047855083
-0.050204542
-0.043052372
-0.024960799
0.031327549
0.00094807043
-0.028474264
0.008565885
0.049302727
0.0564094
-0.010536916
0.043013461
0.033735618
-0.0021347117
0.0091556823
0.056945216
-0.040379666
-0.076468438
-0.0030337931
0.020362198
0.004969615
0.0099540306
0.05415538
-0.055138528
0.030359618
-0.041422639
-0.036835775
-0.061837517
0.057975397
-0.061232354
-0.030745653
-0.021288007
0.0068864534
0.0092836646
-0.013540729
-0.04015341
0.052336965
0.019366534
-0.063038982
0.016097147
-0.022892026
0.039841201
0.06995146
-0.0023775045
0.031431921
-0.047629669
-0.0063751163
-0.057169322
-0.049730528
-0.064234659
-0.019511878
-0.023425749
0.018235324
-0.087330595
-0.037919305
-0.10500817
0.068723924
-0.034958147
-0.072210029
0.029206736
0.056010865
0.0017340345
0.03759798
0.025377808
0.069543399
-0.036087893
-0.11288124
0.0250574
-0.057025742
0.071846344
0.05282256
0.020822456
-0.012939809
-0.08118061
-0.047626462
0.055688381
0.032281533
0.071513601
-0.055127375
-0.024940835
-0.091508254
0.06253735
0.030751538
0.017364906
-0.049089193
0.010925088
0.018013604
-0.063386023
-0.060829002
0.013992074
-0.070349619
0.049243674
0.031745967
-0.032719661
-0.055936757
0.014283195
0.036233015
0.026610807
0.028611129
0.022358369
-0.058883414
0.013246898
-0.082868382
0.058959525
0.027519571
0.014496156
0.042032402
0.026685612
-0.056642495
-0.0052924082
-0.043219373
0.036118638
-0.0043828553
-0.041397396
0.034039699
-0.00078960398
0.050500143
0.019927578
0.010644908
-0.046445351
-0.014492184
-0.0067659039
-0.065997601
0.040599097
0.063656725
0.037886854
0.030139526
0.0030351775
0.053903367
0.0076318197
-0.033602577
0.016939504
0.10519084
0.05206728
-0.06524346
-0.079088725
-0.041651607
0.014922379
0.03809718
0.017186591
0.056396991
0.017963523
0.076147199
-0.065363787
-0.071555302
-0.019016296
-0.064083956
-0.095876694
0.0074964934
-0.07391426
-0.052926563
-0.11512479
-0.0077260421
0.017415456
-0.032879222
-0.052218962
0.016678289
-0.010778449
0.028588939
-0.064466678
0.039567098
-0.025128581
-0.042400714
-0.0012002636
0.048279773
0.027030395
-0.0082352152
-0.0015592697
-0.048700877
0.066989273
0.023902401
0.043414477
0.044152446
0.012990655
0.040119663
0.028632373
-0.018626401
-0.043117587
0.010582621
0.047180321
-0.035429697
-0.060281515
0.031350594
0.032918151
-0.029245796
0.076706804
-0.1055248
-0.013994273
-0.033665225
0.012740268
0.020742217
0.085881464
0.050684024
-0.016225949
-0.045159575
0.020213848
-0.027624957
-0.055636931
0.067922667
0.00050380162
0.099356212
-0.062344987
0.046522539
-0.01966466
0.065538697
-0.0086247865
-0.052552227
0.068858512
0.012798631
0.012104658
-0.01990127
0.038848758
-0.013018007
-0.09946917
0.069342121
0.0029008449
0.060967926
-0.036673754
-0.011154779
-0.092291005
-0.016379334
-0.084295943
0.005950911
-0.062925033
0.081272453
-0.063618116
0.019064143
-0.053795479
-0.014726223
0.030416545
0.06319572
-0.04470209
-0.0066951034
-0.030809807
0.041591182
-0.0035875728
-0.0068487716
0.026643252
0.024043312
-0.1099043
-0.061901517
0.096643217
-0.0062510669
-0.093101643
-0.024788324
0.047855947
0.044582933
-0.050513834
-0.03233204
0.027977856
0.090066426
-0.014314323
-0.0012402731
-0.070962034
-0.016192419
0.035337459
0.049502108
-0.012173493
0.045949988
-0.026130237
-0.0070800162
-0.0062930803
-0.021685764
-0.035558857
0.009048813
-0.069567576
-0.033325277
-0.069433361
-0.011155852
-0.055349115
0.18939179
-0.1135093
-0.060149916
0.11571523
0.068456024
-0.062261265
-0.055497393
-0.062156841
-0.029275227
-0.1654688
-0.17394009
-0.10568704
0.050909244
-0.098115429
-0.022882352
-0.0057487497
0.097741
0.096273988
0.0015820148
0.065657511
0.035382733
-0.049201865
0.12871818
-0.1140729
-0.12707821
-0.20353135
-0.017800244
0.028880013
-0.011182044
0.04233136
0.021227024
-0.043294255
0.11575709
0.029697236
0.050165161
-0.039823346
-0.061427753
0.23672307
-0.028979039
-0.048201699
-0.00052869797
0.044509817
0.045250926
0.03542139
-0.029310741
-0.19775277
0.029539606
0.069997147
0.12715214
0.18244457
-0.12117064
-0.082943641
-0.11178442
-0.067104496
0.067801781
0.1096974
0.070819251
-0.22959575
0.048902411
-0.0082349023
-0.049215648
0.0450381
0.021423576
0.10403071
-0.065861955
0.20795207
-0.00086170447
0.031851098
-0.071439132
0.093338802
0.0065112947
-0.14132296
0.16848224
-0.046974201
0.017378364
-0.16355334
-0.086893097
0.028545886
-0.11190277
-0.10024536
-0.071312048
-0.031519562
0.23356819
-0.068699256
0.18814771
-0.12233103
0.014063807
0.021169176
-0.043981083
0.036090318
-0.022136636
0.094594054
0.018883761
-0.059729043
-0.028263604
-0.10343013
0.026254363
-0.12424079
0.098922938
0.12716617
0.14981541
0.050671224
-0.05871281
0.15464823
-0.10850544
-0.053785786
0.12681918
-0.069884434
0.03711158
0.040262431
-0.075041607
0.010445806
0.13775478
0.0043310132
-0.056190111
-0.058456656
0.066187814
0.07295382
0.042308997
0.045865733
-0.085182145
-0.063200928
-0.00078570837
-0.15317893
-0.12858704
-0.1056004
0.16242719
0.053111359
0.0090982467
0.13070065
0.017322442
0.030675584
-0.04739223
-0.0022890773
0.0058400915
0.047730252
0.081696965
-0.045690395
-0.039971393
0.0013861296
-0.040378023
0.042151157
0.012583796
0.020122752
0.067642681
0.017308069
-0.018769795
-0.011986987
0.077069841
-0.047944874
-0.0046069664
-0.0027008464
0.048562899
0.0485727
0.040369954
-0.0033041525
0.025970327
0.046288271
0.047795597
-0.06282489
-0.026028948
-0.061340529
-0.040238906
-0.148055
-0.029696608
-0.062992327
0.070716694
0.053259548
0.03948601
0.011237172
-0.042426709
-0.079416834
0.02073339
0.087652192
0.024619725
0.023881637
-0.011040628
0.043414999
-0.012924218
0.052356839
-0.008335012
0.092621878
-0.011594692
0.085806131
0.029160956
0.037208363
0.034302622
0.024633287
-0.034792632
-0.064824402
0.031937886
-0.060077257
-0.029305313
-0.055063799
-0.12083159
-0.094651423
0.031688672
0.0043671252
0.02221261
-0.0032243824
-0.052746046
0.052092839
-0.01018095
0.022670379
0.059427302
-0.024168089
-0.0043008979
0.02140961
0.039308008
-0.070619896
-0.0052481759
0.036849044
-0.1137074
0.043803129
-0.099028215
-0.004357053
-0.057876971
0.033405166
-0.090779312
0.036359362
-6.623099e-05
0.010557746
0.034864303
0.091173947
-0.065109119
0.025083262
-0.05476135
-0.096349739
-0.050233353
0.036499508
-0.01142685
-0.014404374
0.049939733
0.0004452279
-0.026202645
0.021280449
-0.036977142
-0.068899706
0.0045072981
0.084937356
0.048994843
0.034849543
-0.010248188
-0.040899884
-0.0041982131
-0.074727491
-0.034812272
0.046696682
-0.043670174
0.057692856
-0.056870658
0.070792548
-0.00085504178
0.0077817985
0.0055094138
0.020508181
-0.0048407693
-0.03526713
0.018043477
-0.0060972008
-0.025074128
0.050881661
-0.033117343
-0.010315002
-0.056034859
0.0036620954
0.045196999
0.023864511
-0.048821401
0.026084132
-0.023043131
0.035297561
-0.0036545757
-0.019109553
0.031417675
0.045864485
0.057593171
-0.017518332
-0.0087032998
-0.023336055
-0.016218375
0.011297808
0.096619934
-0.029056011
-0.0039746691
0.042264931
-0.012422184
-0.059743106
-0.033150151
0.0034748309
-0.045599625
0.037636317
0.021433871
-0.053959772
0.022461573
-0.057099041
0.014632415
0.050064676
-0.049525831
-0.035976734
-0.053908974
-0.0069877622
0.064085029
-0.025951965
0.0029459349
-0.010150132
-0.04924117
-0.010550922
-0.003988022
-0.033782918
0.0086610513
0.060220718
-0.01829141
-0.031995367
-0.073561609
-0.050830103
0.023241121
0.022089623
-0.0012977063
-0.036170539
0.058129214
-0.037808742
-0.061704241
0.01640466
-0.0092345634
-0.042413156
0.03796136
-0.030280257
-0.026341802
0.0008918349
-0.06284529
-0.044301782
-0.006213638
0.059749942
0.059057761
0.0096428748
-0.038594101
-0.012114124
-0.014155761
-0.068856448
-0.06251049
0.027396346
-0.039140731
-0.025702165
-0.046895739
-0.020928977
0.041005503
-0.074514024
0.018269185
0.0032763232
-0.0089184204
0.013968544
-0.031361554
0.030654946
0.016941268
-0.02168976
-0.061343864
0.0097867334
0.034476988
-0.01657836
-0.059402872
-0.020609561
0.025541363
-0.014291035
-0.091084294
0.027261699
-0.030581424
-0.026328526
0.028225675
0.0019592105
0.05831157
0.047496412
-0.072556533
0.012382274
-0.071160674
0.011125618
-0.046300966
-0.059083633
-0.0060641658
-0.018472407
-0.050213665
-0.045155864
0.044734247
-0.044329323
0.099150725
0.063633054
-0.03811444
0.06197162
0.031031847
-0.092432752
-0.071603343
-0.050522842
0.070143022
-0.017737936
-0.04582154
-0.091535859
0.10242495
0.017024687
-0.085084856
-0.029351082
0.017580844
0.11976537
-0.12631524
0.056268141
0.0067319409
0.047186967
-0.019589009
-0.049291238
-0.054225311
-0.08003664
-0.068212047
-0.014099552
-0.059350654
-0.00096392987
0.10653682
-0.084535524
0.080040857
0.10773932
0.10482428
-0.11922459
-0.034738082
0.036667563
-0.052515227
0.024005488
-0.10817073
0.08311674
-0.070577115
0.064728782
-0.013980802
-0.027785758
0.041721109
0.15894224
0.13907562
-0.006239221
-0.047696263
-0.0012693304
0.0020814619
0.017870486
-0.068678834
0.12395032
0.12124479
-0.10888689
0.14205348
-0.080353603
-0.0354422
0.068729214
0.05328979
-0.049068931
-0.0084000444
0.13316771
0.018491732
-0.034618195
-0.025274856
0.011095831
0.064590178
-0.11488773
0.057666801
-0.072695188
0.12654312
-0.072151229
-0.05741125
0.065685101
0.058611374
0.027983645
-0.038790457
0.030063706
0.11906971
-0.024632446
-0.041275978
-0.11357078
0.058845244
0.053520121
0.054158766
0.075026862
-0.016957304
0.10821582
0.007471309
-0.017439999
-0.013437916
-0.048480917
-0.013554082
-0.094962671
0.046783876
0.039590653
0.078334928
0.022324188
-0.18299881
0.019933885
-0.10905503
-0.018261362
0.056183618
-0.11249375
0.0096496698
0.012724037
-0.26246578
-0.05370428
0.079919606
0.0045477278
0.012684906
-0.083956189
-0.060528964
0.025841421
-0.0038607696
0.020883325
0.054397885
-0.0054689008
0.048002828
-0.050438199
0.043746278
-0.11213935
0.01761741
-0.072972685
0.082592405
-0.15156667
0.0045932839
-0.052466605
0.038729697
0.049702991
-0.025879124
0.027243176
-0.12112836
0.076172769
0.060631298
0.071496151
-0.11071765
-0.12527882
-0.0082926555
0.092600606
-0.011637256
-0.11371069
0.11174958
-0.14407142
-0.017488198
-0.12849726
0.10628614
-0.067339212
-0.046519574
0.0012645551
0.122012
0.16226585
-0.090905845
0.018308913
-0.096905924
0.1052276
-0.058131538
-0.023486303
-0.038874835
0.096805692
-0.093841515
-0.051136367
-0.097874917
0.072406597
-0.0032321564
-0.062612087
0.13752867
0.021132786
0.029702887
0.016407585
0.13795654
-0.077494882
0.01024757
-0.014169274
0.16631214
-0.0077370354
-0.024247175
-0.011614576
0.10351505
-0.053792361
0.023962844
0.0069991867
-0.040978752
0.031012807
0.075282753
-0.02626574
0.019717582
0.014258196
0.03396979
-0.0054612216
0.096592672
0.037677564
-0.0035181956
-0.018205175
-0.14378282
0.042144213
0.036717013
-0.0054689152
-0.086979084
0.0238885
-0.098355964
-0.01686367
-0.028423591
-0.044172321
-0.071153156
-0.10590371
-0.011941986
0.068261348
0.059808746
-0.04545489
0.16149814
-0.050156984
0.038184594
0.038926441
0.16866794
-0.10032085
-0.071773037
-0.027555047
0.14349967
0.0035385138
-0.068118758
0.020351401
-0.026010174
0.077765763
-0.034414116
-0.021490511
-0.011653903
-0.053969529
0.15097073
-0.017308025
-0.0034447033
0.030722627
-0.063348144
-0.073174246
0.181004
0.0015793511
-0.029592499
-0.20351209
-0.089307576
-0.12253928
0.09197069
-0.011298981
0.075130589
-0.06818144
0.051498327
-0.013515524
0.16888541
0.054248583
-0.019966144
0.10672451
0.020063497
0.048237823
0.016144445
-0.063509263
-0.050592661
0.016828485
0.034117293
-0.068138145
-0.11179165
-0.021623548
0.072982006
-0.06496577
-0.030030662
0.057026573
-0.017607853
-0.094554409
-0.069371484
0.073476784
0.064173512
-0.046102945
0.0019404021
0.032667987
0.01733816
-0.02869691
-0.024603037
-0.048732828
-0.084588192
-0.08476115
-0.091698311
-0.03846642
0.002287721
-0.024745902
0.011735916
-0.044156346
0.0083241723
0.04352871
0.039535034
-0.02331995
-0.10651305
-0.014455115
-0.036109
-0.012673971
-0.058373149
0.048488002
6.15178e-05
0.098773427
0.038118601
-0.028331205
0.031167891
-0.030444818
0.039711893
0.058076829
0.033686787
-0.007368071
-0.093261808
-0.04577487
-0.024966503
-0.014882268
0.051555451
0.0096620908
0.09146975
-0.0026388043
-0.071894199
0.064192668
0.030257273
-0.065076888
-0.047755662
0.042063028
-0.014835916
0.079363368
0.032506693
0.083111942
-0.074956045
-0.0010834753
0.057462752
-0.080212876
0.064160615
-0.025217488
0.021428587
-0.050945103
-0.048544403
-0.055268306
0.014774509
-0.093175374
-0.013048871
-0.051935472
0.080439448
0.016366299
0.036380608
0.022109026
0.041710414
0.063316062
-0.012832979
0.054845624
0.01329505
-0.056302331
0.03337935
-0.060909737
0.017191632
-0.096480057
0.015086211
0.050172929
0.0096226502
0.049337532
-0.18552431
0.04444113
-0.029746471
0.023893738
0.058505617
-0.071009159
0.051880822
-0.0041362285
0.031008542
-0.061756317
0.0085237268
-0.11017983
-0.081418253
-0.046405464
0.033463795
0.044803325
0.045952272
-0.10302744
0.076096818
-0.077607304
0.013183654
0.025654104
-0.016582189
0.0027504433
0.074818678
-0.044130679
-0.022605795
0.057503104
-0.011721511
0.021203103
-0.023131497
0.077899069
0.032063663
0.051799569
0.086086042
0.058449429
-0.018131321
-0.087881841
0.0046340544
0.045512404
0.010634963
0.030110447
0.029553119
0.055144332
-0.044471927
0.051880304
-0.063775361
-0.0039650798
-0.067795902
0.10284504
0.003591958
-0.02829466
0.018992063
-0.077576473
-0.014271206
0.022534894
0.0038808002
-0.035859156
0.033056621
-0.030237025
-0.052959766
-0.014366123
-0.027434407
-0.079177171
0.069388017
0.047730219
0.036993094
0.026120787
0.032874867
-0.0090617007
0.10879618
0.072244212
-0.016399235
-0.037841912
-0.048606448
-0.075810336
-0.075971171
0.037694089
-0.0050839484
0.034422111
-0.063578822
0.03394803
-0.032534782
0.035113502
-0.0089155473
-0.010110426
0.070255563
-0.082697473
-0.090658247
-0.078385971
-0.014807916
-0.0178703
0.051421568
-0.03313553
0.084417813
-0.091932565
0.17118227
0.028237171
-0.019166892
0.06603834
0.074054182
0.098487638
0.03261885
-0.08475741
0.03062851
0.10870962
0.034166347
0.031579614
-0.055270918
0.042091865
-0.088893078
0.089935906
-0.037173901
0.031620514
0.033497393
-0.02154531
-0.02420599
-0.068060718
0.062794439
0.056293957
-0.079212509
0.0045010233
0.075773478
-0.028025664
-0.013683708
-0.10938365
0.050743427
-0.011782178
-0.041858677
-0.066901356
-0.074968703
0.071230732
-0.071947664
-0.071985394
-0.02232114
0.061216798
-0.06550312
0.023271244
-0.0041172262
0.032324158
-0.0048233978
0.042837568
-0.056605987
-0.067474999
0.0215717
0.042232938
0.0445574
0.046499915
-0.074301347
-0.033737052
0.06296771
0.058460299
0.028963646
0.033513527
0.07106553
-0.011707127
0.002659549
-0.0075588408
-0.029966401
-0.013119902
0.037572
-0.0095441686
-0.018970972
0.02145973
0.0080375345
-0.028865911
-0.0061803511
-0.052492667
0.052166864
-0.053642955
-0.012160622
-0.021400748
0.058210228
0.024132343
0.021152712
0.0041804165
-0.051945738
0.048339747
0.046922635
0.03910571
0.048186176
0.070695125
-0.055656869
0.037178837
-0.065869659
-0.044377938
0.010788035
0.0096469671
-0.014115155
0.016688837
-0.0201157
-0.040564079
0.020620182
-0.060861956
0.0064809113
-0.038709968
-0.025023324
0.01494649
-0.049274471
-0.040630065
0.028537307
0.042617992
0.0031587312
0.048655294
-0.048988733
-0.05764059
-0.037123717
-0.023218744
-0.0069421283
-0.02923836
0.045016699
-0.048346877
0.041933205
-0.080551527
-0.067288235
0.039844736
-0.036267176
0.059711244
-0.037851021
-0.038936734
0.033247393
-0.035105165
0.030713115
-0.045487478
0.027745938
-0.066175044
-0.071998172
0.007433699
-0.027929163
-0.064133346
-0.047635932
0.032407612
-0.065161705
0.021824181
-0.065250389
0.028754713
-0.0030085787
0.05377629
0.036807138
-0.072119348
0.011188891
0.029282106
-0.013550507
-0.020802289
0.031083845
0.06077921
0.015942574
-0.0034276338
-0.039014909
0.021561332
-0.040255364
-0.068722598
0.034424089
0.074459672
0.069739461
-0.070227422
0.013186115
0.068541877
0.028496398
-0.015793009
-0.05455922
0.009429208
0.013981612
-0.025911519
-0.017790483
-0.041886002
-0.020092322
-0.053032372
0.017598566
-0.036612947
0.0613437
-0.047533784
-0.011498938
-0.014159399
0.015643487
0.00020958872
-0.008134759
-0.029235164
0.010753376
-0.06038684
0.02372901
0.046039984
-0.036180828
-0.059213437
-0.081706911
0.032357465
-0.016846038
0.0485912
0.027402686
-0.033271413
0.018401362
-0.028436676
-0.017684091
-0.024266575
-0.017536862
0.0030487324
0.072083995
-0.022512799
-0.0034202191
0.026269406
0.031041933
0.056476645
0.078944385
0.048913304
0.016608031
0.024906889
0.037896454
-0.019355891
0.10515434
-0.0015634255
0.028925745
0.05777818
0.10989089
0.0099489409
0.0052179703
-0.059156448
-0.076875329
-0.050044086
-0.016833255
0.0056442264
0.058153473
-0.06777893
0.0048091966
-0.039178483
0.064835146
0.010595133
0.0061854734
0.033724092
-0.019568752
0.038322195
-0.00031235261
0.052361403
0.031860169
0.051667973
0.021387598
-0.029932547
-0.044995807
0.097991273
-0.012632359
-0.057339765
0.05434138
-0.1209494
-0.077031143
0.039006665
0.080742136
0.058378469
-0.039139256
-0.032973323
-0.062192425
0.014207659
-0.025537854
-0.006870308
0.001123994
0.018176528
-0.034963958
0.025144545
0.025877805
-0.045953449
-0.027044535
0.12723614
-0.044585895
-0.024700599
-0.053124245
-0.01012192
0.00055394712
-0.070616893
-0.099308155
0.04710805
0.023977634
0.0021572548
-0.080298059
-0.013475767
-0.06468612
0.097164772
0.093632951
0.065436825
-0.05837645
0.013131883
0.010558378
0.034003161
-0.059392478
-0.083857387
0.013568143
0.027493142
0.056737117
0.012473763
-0.015001688
-0.026326276
0.037933253
-0.047515657
-0.043096583
-0.097023308
0.020205533
0.054498781
0.028248424
-0.038954034
0.0072739832
-0.096319497
-0.036884721
0.030968238
0.019767808
0.069677144
-0.044578027
-0.11164147
-0.080723658
0.03209858
0.064622559
-0.026156951
-0.0050149551