-0.019397778
0.057042822
0.067970946
-0.11612145
-0.041469477
0.027512068
-0.11097277
0.058490306
0.0058074235
-0.037576258
-0.014744985
0.067198336
0.01142598
0.04342965
0.019266006
0.0097573157
-0.028923575
-0.0087074582
0.0092261378
0.0055839866
0.027474856
0.012610908
0.01683636
-0.015984202
-0.012206346
-0.047584001
-0.024519917
-0.05703637
-0.03631717
0.079151586
-0.032412272
0.024177687
-0.042085409
0.0096823517
0.050699912
-0.10161661
0.052323464
0.085681133
0.023145787
-0.025379354
0.0047856877
-0.0021643231
-0.058454018
0.023307847
0.034905598
0.058095541
0.014452036
0.016583698
0.024384022
0.071540341
0.0099559296
-0.023442069
-0.062475212
0.059209444
0.013008945
-0.086399451
0.034516383
0.048437376
-0.036544431
0.022364676
0.0061231055
-0.004684757
-0.0059629739
0.073381327
-0.014632573
-0.055321176
0.047042806
0.027392685
0.065143548
-0.0076167248
0.10483622
-0.0049989563
0.029216705
0.033620141
-0.038797721
0.014058346
-0.073729619
0.043699622
0.065806411
0.069384791
-0.0020471907
-0.029365042
0.018842366
0.065848745
0.067245722
0.038410582
0.046175763
0.03174888
-0.026731504
0.013549562
0.0041023823
-0.048699707
-0.027913464
0.0232905
-0.023700448
0.015725469
-0.032137137
0.010155394
-0.041370172
-0.020265924
0.017899999
-0.015611145
0.020731069
0.018270362
0.036313266
-0.022164727
-0.010328992
-0.064010471
0.009378247
0.0014727176
-0.068509154
0.037510864
-0.021122007
-0.033893202
-0.013781505
-0.025074573
0.053107057
-0.11837669
0.0076248948
-0.071473055
0.068309024
-0.00083019264
0.065135233
-0.068005763
0.024374744
-0.052199408
-0.0040784306
-0.061105274
-0.048865836
0.072294071
0.062560596
0.009851628
0.072836168
-0.026266083
0.0052075516
-0.0059633353
0.10090739
0.064553089
0.070499569
-0.10400423
0.051479828
0.00046241042
0.0042487672
-0.036421914
0.010831888
0.019871661
-0.037707377
0.1298148
-0.0505923
0.030182585
0.0083378358
-0.039125759
-0.019215783
0.044463787
0.025317181
0.011630896
0.066883877
-0.078458674
0.023041446
0.042002309
-0.0064040199
-0.061560322
-0.047440413
-0.012133796
-0.094540074
0.041130628
0.059896652
0.01974869
-0.035192132
0.035395522
-0.022252049
-0.09979222
-0.012392025
0.019706989
-0.078280441
0.03616764
0.085572042
-0.030931059
-0.051449161
0.0054081525
-0.019044425
-0.067844972
0.046952911
-0.017588334
0.0054717027
-0.081007428
0.012750762
0.0033413554
0.043363471
-0.0019521787
-0.045876134
-0.014016099
-0.087263398
-0.12419399
0.072814509
-0.082333021
0.0084080528
0.018228238
0.039734427
0.015568007
-0.015172061
0.042177346
-0.050334208
0.098330639
-0.015222912
-0.011589097
0.015584968
0.085525997
0.072412096
0.014905968
0.08160463
-0.064653732
-0.064012289
0.024446486
-0.049964931
0.087661549
-0.028674923
0.062420938
-0.046837438
0.05655412
-0.12664276
0.034373309
0.019146424
-0.034211922
0.017697593
0.062074114
0.09668614
-0.03499468
0.084841475
-0.039050341
-0.015934905
-0.028614016
0.0032081716
0.066921607
-0.030594448
0.065548211
-0.030492764
0.049935065
-0.044917919
-0.030904764
0.051332764
-0.013160391
-0.0079334136
0.018161435
-0.00080941571
0.058529682
-0.087710612
0.0087199798
-0.021062085
-0.012732085
0.02724134
0.084692582
0.030055912
0.0001304766
0.07703878
-0.043237843
0.077168174
-0.034376726
0.029308926
-0.027241647
0.016746238
0.022730982
0.00077857211
0.022582101
0.077415995
0.028599372
0.011047365
0.0092098797
0.060195114
0.038887061
0.029120142
0.040928692
0.10817704
-0.0076786447
-0.017351447
-0.058677115
0.075943515
0.024394237
-0.0095245633
0.058755945
-0.053732947
-0.01101274
0.070132978
0.038574498
0.020298084
-0.034553673
0.063634232
-0.013727897
0.030501874
-0.024633566
0.026063511
-0.0028091806
0.026375428
0.021985866
-0.046611764
-0.049548451
0.082016334
-0.0070684226
-0.0063408958
-0.016763411
-0.046739001
-0.040945727
0.023121843
-0.10066393
0.061063446
-0.086940169
-0.027582914
-0.017931022
-0.017931042
0.0040721963
0.055190839
0.02721783
-0.04443885
0.0027279193
0.024888279
0.026784632
-0.018295705
-0.065387495
-0.048493758
0.0014293421
-0.017159751
0.058016378
-0.021204656
-0.016438544
-0.054252949
0.05721736
0.027896998
0.032698527
0.019800747
0.023255637
0.028947009
0.016020209
-0.012730367
0.016736172
-0.0088768546
-0.076778695
0.025748366
-0.041738644
0.03184142
0.0114422
0.070605926
0.010386932
0.0027754742
0.036466558
0.061377462
-0.03504616
0.012039509
0.047505934
0.045628488
-0.011639702
0.076806039
-0.015915712
0.050096203
0.061698038
-0.077963002
0.044647392
-0.015814098
0.012242989
-0.091104776
0.0066255298
-0.051361203
-0.0062199966
-0.0089040911
0.0338737
0.045624997
-0.03955457
0.028383493
-0.063406758
-0.00031569405
0.07819479
-0.026756685
-0.074925579
0.0043309852
0.0351847
-0.0073670493
0.068314098
0.030431548
0.0092785675
-0.03190951
-0.00062623457
0.028374583
-0.014593356
-0.016393302
0.030777885
-0.01307781
-0.082515523
-0.052030958
0.049504656
0.02293081
-0.049391154
-0.0067455489
0.0081417905
0.051247925
0.00033506448
-0.085751645
0.029550165
0.095139474
-0.030903835
-0.052158035
0.034921296
0.04662104
0.061789062
0.058896776
-0.043933351
0.016640866
-0.099303797
-0.040364202
0.045810748
0.019298557
-0.004220333
-0.051710993
0.014162092
-0.0075784288
-0.10669196
-0.10418853
-0.10303004
0.023091676
-0.019000167
-0.010466058
0.042266428
0.013670538
-0.047297053
-0.022787865
0.064319067
0.046704266
-0.057620652
0.015651152
0.044332352
0.068313651
0.048609726
0.030266823
-0.011315417
0.11897565
-0.051205233
0.029579669
0.028822493
0.071263224
-0.02387196
-0.092205986
0.0035588208
-0.043607917
0.096461363
-0.022959359
-0.045306262
0.091085337
0.019007334
0.03355049
-0.019093445
0.045003813
-0.0063114762
-0.0085081831
0.022874266
0.040748581
-0.10242568
-0.046725079
0.020497257
-0.0048436285
0.046977524
0.069249444
-0.038673326
0.069859184
-0.089293532
-0.10272307
-0.01359868
-0.035749353
-0.049734708
0.029282488
0.037752967
-0.017045943
0.019527208
0.0015413312
-0.002041366
0.024009058
-0.060518432
-0.0011739854
0.045096479
0.01817525
0.0018151711
0.10992672
0.061826624
0.068072014
-0.033294067
0.042038321
0.025686836
0.056690119
0.031629879
0.069314085
-0.04881943
0.03439872
-0.00034579486
-0.0059133512
0.027824357
-0.12213242
0.048905499
0.0010724009
0.058457188
0.043286886
-0.0079845982
-0.055512086
-0.0218591
-0.042440116
-0.0096632401
-0.021832902
-0.013335184
-0.06499587
-0.098387107
0.020219959
0.038990609
-0.068890102
-0.014598809
0.033765767
0.040836118
-0.0087449085
0.048509415
-0.018244313
-0.048645739
-0.078521721
0.015795916
0.041982941
-0.038223956
-0.067451172
0.082075201
-0.023415234
0.14775647
0.098465607
-0.01951924
-0.043027643
-0.0054360707
0.022815274
-0.030289134
-0.051058181
0.018569769
0.027925225
-0.019259574
-0.0258232
0.042465921
-0.017282315
-0.021024661
-0.081527382
0.027044155
-0.013179621
-0.053732961
-0.014151447
0.0030845487
0.025675502
0.012936265
-0.06027868
0.048662685
0.0041489564
-0.11305105
0.0037198418
-0.15473863
0.06838239
0.031926032
0.050553355
0.02765967
-0.040002093
0.067984283
-0.054478619
-0.014617712
-0.024730355
-0.017902758
-0.053979613
-0.0025664899
-0.0049391571
-0.044702381
-0.038587566
-0.11331377
0.0075583882
-0.026362631
0.044520035
0.054866232
0.037365485
-0.076621033
-0.071745455
0.099582568
0.019038271
0.025569884
-0.012151066
0.012535072
0.050123144
-0.022065075
-0.068623304
-0.0030620412
-0.07070411
-0.032348406
0.014667082
-0.045508049
-0.0441464
-0.024096504
0.058586594
0.067049138
-0.00071343104
-0.02903345
-0.048777606
0.043480694
-0.045811884
-0.0043284637
-0.017044682
0.02476985
-0.015967775
-0.0037761703
0.028788803
0.033636115
-0.028939547
-0.051628225
0.068506911
0.077274129
-0.023829358
0.082130112
-0.047652837
0.041567333
0.026845172
-0.026225101
0.041612953
0.01134502
0.048742484
-0.010699441
-0.035574164
-0.014719262
0.030211112
-0.058657385
0.037422467
-0.082065001
-0.068671584
-0.041890386
0.00066484255
0.062757924
-0.13378164
0.060926173
0.067069627
0.012859659
0.020640105
-0.0033547252
0.017150216
-0.08171045
0.015344331
0.063773103
0.052344773
0.027497591
-0.038434245
0.02318849
-0.1052885
0.010274571
0.02770298
-0.10733957
0.084543973
0.029071188
-0.054197136
-0.0043793567
-0.039180566
-0.11684547
-0.032462493
0.094549179
-0.038647883
0.0071350094
-0.038143519
0.0063763116
0.087360926
-0.039226454
-0.038484424
-0.10052158
0.020863321
0.068990715
0.0052279211
0.096607618
0.010340626
-0.090881757
0.017646255
-0.0030694311
-0.057155516
-0.068080552
-0.0067203711
0.033655774
-0.047177307
-0.018837504
-0.014513713
-0.038186736
-0.049275752
0.059382603
-0.11573519
-0.00094190968
0.035195425
0.011417523
-0.034184027
0.026064856
0.0075530908
-0.0010187931
0.013580968
-0.0071680667
0.03287917
0.022103686
0.044517688
-0.090839088
-0.094197303
0.035703085
-0.030500714
-0.0054244483
0.025459025
0.030029109
0.0094276275
0.0048522628
0.078370832
-0.014612987
-0.013698585
0.032275837
-0.037161611
0.040257018
0.053515881
-0.034071911
0.062560298
-0.0088268844
0.0076365736
0.014570718
-0.017849714
0.040483359
0.10303321
-0.041400105
-0.024342053
-0.010214542
0.033173345
0.0092234444
0.0204775
0.029966094
0.012143379
-0.0047495668
-0.0070900801
-0.019340297
-0.016560687
0.035607643
0.048517644
-0.018881269
-0.012955141
0.037156161
-0.0072076442
-0.014648907
-0.016705107
-0.045840334
0.029236887
-0.00065382483
-0.051040918
-0.034260951
0.091916196
0.060344171
0.068059087
-0.00013332648
0.043043673
-0.050310254
-0.047625098
0.0016252776
0.02884418
0.0048472276
0.0062137581
-0.039648023
-0.017950144
-0.020747535
-0.028015124
0.023008741
-0.012048754
0.05805482
0.022352852
0.013857129
-0.046424773
-0.018883236
-0.06177634
-0.0052909744
0.024200754
0.068121329
-0.05044324
0.061541893
0.027159965
-0.038270511
-0.0525534
-0.026076794
0.025475267
0.012385205
-0.071865126
-0.0078077991
0.016300738
0.011491073
-0.0046506287
0.041931696
-0.058754951
0.01978863
-0.024548212
0.0026695367
0.030714909
-0.049539797
-0.034214828
-0.035157394
-0.0083666267
-0.001736452
0.063112833
-0.018841192
-0.01666883
-0.061688047
-0.0021413912
-0.0033162537
0.00043166924
-0.017389584
-0.022476424
0.088300943
-0.023149304
-0.01359728
0.014138574
-0.014878266
0.010249048
-0.026206939
0.021741942
0.064758822
-0.033131041
-0.01678754
0.004549915
0.01189441
0.024488468
-0.01138253
-0.058223203
0.061976135
-0.026172677
-0.017106714
0.00021028049
0.030728463
-0.053129699
-0.05469792
-0.026631309
0.052698288
-0.064004771
0.050379075
-0.036648151
0.028094027
0.083485782
0.041895036
-0.093125716
-0.049467225
0.0047693001
-0.031476576
0.080556579
-0.038100176
0.0034979146
-0.026202513
0.040186077
0.01116087
-0.02529804
0.023366245
-0.000722981
-0.0407914
0.060149748
-0.0045951698
-0.018548634
0.0079158349
0.031851593
0.049550135
0.020967355
-0.026864726
0.033211432
0.041424084
-0.0099495482
-0.050070718
-0.02781867
-0.059881706
0.029490847
0.03072663
0.021799089
0.07110849
-0.12533785
0.078999251
0.009233051
-0.026761789
0.043188386
-0.047841694
0.065861434
0.01191696
-0.0096567553
-0.014741485
0.029786792
0.0034034126
-0.067129411
-0.034460478
0.040626071
-0.029896602
0.049549371
-0.014568727
0.0098583074
0.015242483
0.050647222
0.015611035
-0.051615339
0.030977929
0.021914119
0.038720608
0.082103327
-0.051108494
0.032423865
-0.054070521
0.060596384
-0.072721235
0.09782055
0.021910526
-0.024275744
0.022998931
-0.051143244
0.0087941512
0.076926857
-0.045290992
-0.025353217
0.036983974
0.027347401
0.093947068
0.027930859
-0.015017932
-0.042737175
0.037574921
0.049927283
-0.013116037
-0.093301661
-0.050464783
0.031983193
-0.01289428
0.0041985014
-0.0078665996
0.028422369
-0.0029360028
0.050461844
0.078218117
0.021661118
-0.0055310172
0.077128641
0.0097258957
0.013817783
0.071822032
-0.078856863
0.0068407496
-0.025585761
-0.047506534
-0.013186912
-0.03163236
0.080199644
-0.033965375
0.0074559515
0.0075203264
0.057541482
0.047155231
0.016722972
0.02268688
-0.026533933
-0.0408516
0.017524496
0.0082494169
0.087578878
-0.01738813
-0.049327005
-0.023415407
-0.013427425
0.0032847789
0.024570454
-0.012105719
-0.014911325
0.011623057
-0.00092738692
-0.007737156
0.10160372
0.10634395
-0.089513198
-0.03277082
0.014729086
0.0061295577
-0.066375181
-0.025254289
-0.019613912
0.0078881728
0.077483431
0.0093436204
0.038339399
0.03059987
-0.030236701
0.040689912
0.073117532
-0.0038136828
-0.020282149
0.084147893
0.046623107
0.0016919676
-0.071182705
-0.0016843679
0.028665829
-0.053088013
0.074826114
0.021233844
0.071563452
-0.022060096
-0.017586166
-0.021728653
0.00040298802
0.02296892
-0.017467888
0.053252351
-0.03791099
0.014201265
-0.026324358
0.055501904
-0.014727665
-0.019181626
0.010261089
-0.03071413
0.0809118
0.030044768
0.021484505
-0.0078317039
-0.04625947
0.0029965469
-0.079072259
-0.0052632038
0.0013037751
0.006954974
0.036627609
-0.031429447
0.0018147271
0.041763365
-0.048217591
0.050166532
0.02358791
0.1075411
-0.055568922
0.081136577
-0.047075197
0.034684028
0.01552357
0.033334102
0.046750277
-0.0078506172
0.041145831
0.055787075
-0.050952245
-0.027220273
-0.011405917
0.060099721
-0.0013063345
0.036454245
-0.040156748
0.053087961
-0.0036479768
-0.0090752458
0.053181611
-0.00069326966
-0.020491952
-0.062744625
0.011841795
-0.028744953
-0.049398649
0.065249279
-0.024311801
-0.042522565
0.026411956
0.032091353
0.00089613057
0.016473129
-0.048172135
-0.0068201763
0.06198483
-0.061666086
-0.021848707
-0.0062430357
0.058996975
0.07813178
-0.045080584
0.019431343
0.059144594
0.0087347338
-0.019863237
0.036680825
0.018838122
0.11356077
-0.016783213
0.0011838009
-0.011974337
-0.068797655
0.019104414
-0.025076823
0.020580146
0.016981222
0.007818359
0.03235621
-0.037850812
0.024734346
-0.041143943
0.063076645
0.0096808057
0.040443365
0.063631393
0.057181794
-0.021703433
-0.028415287
0.018749336
-0.022915479
0.016120875
-0.073180586
-0.0024266776
0.032519437
0.0045089633
-0.015221284
0.056016237
0.022195505
0.05089169
0.013962991
-0.0089123603
0.038266927
0.050252274
-0.044403937
0.064106286
0.0019189371
0.0052507059
-0.04274381
-0.11168808
-0.0014259331
0.030001819
-0.030556208
-0.0080937939
0.056828067
0.010730349
0.0035304453
-0.023848074
-0.021541476
0.0067140842
0.0057361005
-0.035413489
0.012369457
0.038918238
0.043615889
0.06599132
0.095080249
-0.011534777
-0.096211553
0.022117827
0.038849819
0.031346411
0.03700047
9.2743379e-05
-0.0025226614
0.014758424
0.061161663
0.046226185
-0.05807304
0.016556816
-0.033202574
0.016855441
-0.018494861
-0.021857604
-0.059441034
0.04117452
0.003002994
0.0040173889
-0.014536882
-0.040127032
0.051890779
0.064722598
-0.055792689
-0.087660715
-0.045647364
0.064119294
-0.042780336
-0.023596831
0.008844329
0.097566769
-0.039342757
-0.034563348
0.019003464
0.0043846932
-0.023478644
0.026403513
-0.055856153
-0.024776166
0.061696731
0.0019916999
0.043733101
0.023528801
0.040385317
-0.09116926
-0.0168525
-0.062654056
0.088981666
0.072023809
0.013081564
0.10239293
0.046784885
0.027529741
0.025293462
0.0027845448
0.030521765
-0.06030871
0.059693497
0.023831451
-0.072206035
-0.028406318
-0.018947186
0.093039744
-0.031533092
-0.014542541
0.012064111
-0.067800529
0.12135442
0.0022132236
0.003598935
0.084962338
-0.038617995
0.054606304
-0.019068118
0.084526308
-0.094081946
0.07994017
-0.075516827
0.058390345
-0.16194803
-0.02893398
-0.076710217
-0.10178705
-0.073539585
0.088446893
0.062738024
0.0052440134
0.048546925
-0.026237205
0.066137739
-0.017032437
-0.050177824
-0.0071351961
-0.095927827
0.0094361594
0.042824678
0.050069679
0.0024092977
0.027034687
0.014815149
0.01346289
0.083033048
-0.074356556
-0.018194176
-0.028415201
0.015755014
-0.036314722
-0.038949877
-0.00031465251
0.11988315
-0.027070325
-0.010865417
-0.029888893
0.081944056
-0.077043027
-0.072429597
-0.056405745
-0.069299944
0.028079662
0.069550514
-0.0064515159
0.011140107
-0.1151486
-0.036935762
-0.033381864
0.099587336
0.025791882
-0.015060807
0.044387504
0.00031758921
-0.0033095763
-0.049195901
-0.049023245
-0.10558728
-0.028529661
-0.014861947
-0.0093030352
0.057323184
-0.046837889
-0.026617913
-0.01872097
-0.012252875
0.019979306
-0.043186229
0.067310207
-0.037781484
0.0073436177
0.018125849
0.021242211
0.01625431
0.02842533
0.015420998
0.011216541
0.022739798
-0.017454013
0.066911571
-0.069823436
-0.03371717
-0.080210693
0.045362249
0.02053133
-0.019345194
0.037308589
0.057318352
0.055398673
-0.020177053
0.024812886
-0.11023305
0.044301596
0.015548603
0.0043953988
0.071128368
-0.014443474
0.022271883
0.039515749
-0.049486972
0.035228532
0.029665207
0.0057333773
-0.070660494
-0.05734615
0.078934096
0.060023617
0.0088023245
0.048403602
0.01659463
0.0085147889
0.009779592
0.01892359
0.021677377
0.011880315
0.012460626
0.0074623032
0.014468647
0.057409942
-0.031829603
-0.016001297
0.045267526
-0.016209386
0.071538709
-0.0046475562
0.063688502
-0.017580234
0.008364466
-0.020230195
0.065243222
0.051871732
0.039921939
-0.094128452
0.029504005
-0.047647338
0.012142425
0.084046088
0.030234741
-0.075236104
0.0079229921
-0.019636471
0.059599787
-0.0052959002
0.018925406
0.00074627274
0.023324566
0.032655705
0.0092423549
-0.027038416
0.036716346
-0.087668493
-0.0008115939
-0.00035923391
-0.082275614
0.0081201363
0.067252904
0.019931372
0.0023040024
0.068791628
0.012947145
-0.024061566
-0.07328634
0.025842821
-0.025996367
0.11925146
-0.037216712
-0.01808989
-0.045087636
0.021927111
0.01221362
-0.017026929
-0.019221498
-0.011635975
0.01027804
0.012305352
0.0068664444
-0.0027903731
-0.0083955964
-0.031624377
-0.013335207
0.033455439
-0.0055842996
-0.0030007127
0.022725049
-0.014126243
0.087740205
-0.062160801
-0.12148523
-0.016484752
0.055903099
0.057205208
0.041822594
-0.0098555787
0.011341622
-0.092406273
-0.038374636
-0.014959247
0.036042716
-0.10845004
0.051080406
0.031114871
0.09075135
0.02592236
-0.026035236
-0.03801227
0.035468776
0.045876596
-0.016567029
-0.091356516
-0.035476819
0.0078776358
-0.065335639
-0.072164543
0.013809507
-0.013821428
0.037626956
-0.045936462
-0.026819095
-0.025909515
-0.035418298
-0.051498476
0.042433936
0.040849131
0.0018582456
0.043056343
-0.018230718
0.08650402
-0.071324602
0.053595547
0.064399295
0.02691018
0.032664806
0.015383089
0.04045938
-0.056287207
-0.0385934
-0.02381807
-0.0021671264
0.0096390424
-0.025669912
-0.05559475
-0.013762751
0.048411522
-0.036262941
0.012048044
0.0072816075
0.021533772
0.046413384
-0.026794195
0.065669209
0.0026931639
0.029159406
0.0075278184
0.027190488
0.025360459
-0.079727389
-0.0255838
-0.0081564384
-0.036612649
0.033572972
-0.027199376
0.039264075
0.027942812
0.02960157
-0.030257743
-0.036495078
-0.028941469
-0.017674958
-0.00051721773
0.034497954
0.146965
0.0095647257
0.037364468
-0.034397248
0.012380995
-0.034423064
-0.021460736
0.0069829919
-0.027157266
-0.031686179
0.030378524
-0.013852674
0.028727608
0.05007109
-0.0026601525
-0.031975191
0.072805211
0.024081225
-0.028231056
-0.026859025
-0.010441056
-0.052344698
0.060165938
0.026775824
-0.13626958
-0.030113949
-0.050207727
-0.0015893802
0.025418496
0.022902252
0.029736241
-0.014910566
0.026238991
0.047813814
0.008612318
-0.020469904
-0.010922963
-0.054107312
0.091846921
0.072810166
0.051134121
0.0035009873
-0.063598275
0.02157394
-0.028016316
-0.052455705
0.09460324
9.6139884e-05
0.084168889
0.016343771
0.025004972
0.058660548
0.088337712
-0.026858684
-0.070656046
0.010728568
-0.040902752
0.019809075
0.03725329
0.0050734216
0.035410021
-0.014184848
0.0072184517
0.0097793015
0.012638552
-0.04065869
0.066681407
0.057893146
-0.023544271
-0.046402037
0.019753588
0.077464849
0.07626418
-0.12591936
-0.0071763359
-0.0060172235
-0.012726371
0.019051574
-0.016793191
0.053849734
0.046550971
-0.00079083134
-0.052124642
0.10040505
-0.021507932
-0.071823239
0.049298521
0.029278206
-0.019403106
0.038774326
0.0082747722
-0.068490118
-0.098385684
-0.020915784
-0.13135985
0.061927151
0.035058983
0.030030837
0.0050679739
0.040180843
0.0060017756
-0.21691221
0.073455811
0.038401868
-0.084632836
-0.12440357
-0.0075061326
-0.037881341
-0.040059738
0.047593556
-0.021802977
-0.0092308484
0.03504448
0.03327911
0.054692935
0.0031501462
-0.016399002
0.025850894
0.05620211
-0.10590445
-0.024016334
0.037120964
-0.077112578
-0.16280976
0.05450426
0.041981783
0.0099384831
0.056275185
-0.051326226
0.18954824
-0.036728788
0.042464033
-0.042559411
-0.0056315935
0.067990616
-0.016983967
-0.015535964
-0.071611904
-0.086187936
-0.012960117
0.04882171
0.016055513
-0.047102552
0.026127938
-0.0046377429
0.095509581
0.02784119
-0.0011219628
0.024787895
0.0023683573
-0.015557293
0.11643146
-0.025374696
0.079396196
0.03729146
-0.055568434
0.0060487911
-0.0056743645
0.017158242
-0.033428989
-0.051294152
-0.019936088
0.034471504
-0.047969196
0.025486311
0.011559363
-0.037660323
-0.06227842
0.024654115
-0.087687761
0.13019542
-0.096878953
0.016163127
-0.059030823
-0.10048776
0.017724752
-0.10528457
0.088938214
0.026797863
0.049282271
0.098591417
0.057475034
-0.11399799
-0.024803547
0.011278249
-0.063999407
-0.020567985
0.00066357915
0.0037331604
0.014257274
0.058927644
0.068204939
-0.079978667
0.062328044
0.049787827
-0.014529984
-0.015613561
0.084235147
0.015927747
-0.0056231203
0.017843975
0.0067873066
-0.00015903007
0.0012089091
0.01969111
0.018739367
-0.0064236242
-0.041103512
-0.021320451
0.043486852
0.050789092
0.023684351
0.0054420945
0.038680296
0.034413803
0.058774196
-0.017789718
-0.010383809
-0.0076797218
0.047792189
0.096114486
-0.047060926
-0.03880183
-0.025598388
-0.057927255
-0.0073910579
0.028520854
0.049186125
0.027369015
-0.040972345
0.0031772535
0.003995846
0.041823559
-0.039399602
0.06144172
0.10290805
-0.0026221811
-0.003144111
-0.064904965
0.0095115453
-0.00096676609
0.020547424
-0.059851725
0.0083436053
0.0057028476
-0.0079246955
-0.091433614
-0.025310554
0.023446007
0.029304095
0.03155905
0.011630869
0.021904519
0.0011612091
-0.059435174
0.053864494
0.021439902
0.0068551181
0.0052906759
0.07446681
-0.036108907
0.00035149991
0.018315639
0.023375906
-0.012051119
0.012628323
0.046789132
-0.020691903
0.023509877
-0.040125348
-0.038685102
-0.020452769
0.0085759722
0.00027408011
0.027939614
0.0078363093
-0.0081733922
0.08892303
0.051745355
-0.042028893
-0.026768081
0.0072804424
0.059651829
0.022322601
0.035831109
0.057090987
-0.0267675
0.05425477
-0.060031373
0.021586012
-0.021582605
-0.048647184
0.030438956
1.4609055e-05
0.0087096728
0.0045073354
0.0097478563
0.0068260524
0.0098841749
0.059122726
-0.008196665
0.003617144
-0.011581753
-0.029060086
0.0449134
-0.0038142609
0.0031323533
0.0088892626
-0.036341418
0.030867938
0.065256529
0.043019239
-0.10975762
-0.05523793
-0.0066050184
0.048082378
-0.0071064304
0.050089478
0.004744051
-0.015653405
-0.019747913
-0.014830447
0.02928284
-0.050730031
0.044984933
0.068167135
0.029507851
-0.020756099
0.0057923631
-0.02734833
0.027735054
0.057783112
-0.02784772
0.010474137
0.032131318
-0.0029102415
-0.089254491
-0.010069677
-0.048759125
-0.025432158
0.023607526
0.075772338
-0.0093478151
-0.035331864
0.062963337
0.0043693893
-0.071439415
0.035677452
0.049402714
0.036121272
0.0019406353
-0.026270602
-0.026123727
-0.055001333
-0.00237607
-0.049267922
0.040300731
-0.022337113
-0.064446621
0.011638991
0.056482248
-0.023740644
0.0032471633
0.01284228
0.012269343
-0.039782569
0.043364964
-0.030901033
0.035410918
-0.066244952
0.022331182
-0.093345098
0.064046115
-0.11656484
-0.010827981
0.0051652561
0.0030530852
-0.063313767
0.063696511
0.097472847
-0.022858474
0.0055773691
-0.011264762
0.046580713
-0.097368315
0.0039234366
0.050749239
-0.004916166
0.022007033
-0.048766091
-0.032423627
0.0086784661
0.016769541
0.036946684
-0.013306146
0.046255019
-0.13605063
-0.01000267
0.024368266
0.014706807
-0.046581134
0.0043486301
0.02964
0.056598786
0.030427435
-0.027013086
-0.00081899168
-0.013958639
-0.011100624
-0.053977773
-0.032400843
-0.015237684
0.020309068
-0.00032389257
0.011174845
0.010507977
-0.012055138
0.028586704
0.020638382
-0.010054415
0.0363
-0.03737662
-0.0055895536
0.014387911
-0.0071481885
-0.023460932
-0.083095066
0.034486711
0.02800253
-0.045636915
-0.013317869
-0.020613143
-0.021247847
0.022077354
-0.028397527
-0.011219461
-0.03766102
0.032656878
0.048987623
-0.057622384
0.010036118
-0.003659673
-0.035760798
0.0081726275
0.085462011
0.028082769
0.073730715
-0.013325572
0.01551328
0.085293315
0.031931531
-0.05773709
0.054780476
0.046607118
0.036231294
0.022664638
0.071773648
-0.042390436
-0.054138128
0.029936729
0.0061280616
0.044621546
-0.02412218
-0.020218236
-0.11672222
0.00045400581
0.0010812102
-0.0052190903
-0.0062432969
0.04699453
-0.04061193
-0.11048222
0.031016681
0.033501703
-0.018195182
-0.0040697567
-0.014134964
-0.0085792197
-0.025147829
-0.012534485
0.03176821
-0.015807688
-0.057681885
-0.0076440014
0.065562479
0.034559511
-0.072256759
0.060435638
-0.036984932
-0.038281247
0.055643547
0.071583524
-0.073280267
-0.038544234
-0.027378542
-0.048410174
-0.0085314428
-0.029287763
0.0052540214
-0.041845832
-0.019118592
0.024073428
0.017444532
0.022410873
0.028161013
-0.046429247
-0.029723091
0.0043935841
-0.0079337033
-0.044315863
0.019080792
0.0071961158
0.026570488
0.062627614
0.0079393424
0.0082626352
-0.024341587
-0.024140291
-0.015630862
0.020811303
0.02619293
-0.03515967
-0.021703374
0.017962327
0.038045581
-0.045986272
0.018546121
-0.017296901
0.027146634
0.017072191
0.051729422
0.040832352
-0.08381331
0.075404577
-0.022667
-0.055364385
-0.032069981
-0.050566446
-0.041336518
0.043633379
-0.012693554
0.043235566
-0.045595385
-0.0055785873
-0.041383762
0.017248156
-0.00075594586
0.018188478
0.027658876
0.0018652487
-0.0046050348
-0.04893833
-0.023122979
-0.0084081916
-0.027431691
-0.026325505
0.026170915
0.12609747
-0.086652175
-0.0055220327
-0.0067192242
0.033280049
-0.012674556
-0.026539845
-0.055902921
0.014460394
0.030778112
-0.043586321
0.024621161
-0.083903126
0.028162943
-0.098489374
-0.025354814
0.034768309
-0.049362283
-0.030611428
-0.034171354
-0.0018149663
-0.039901357
0.021980153
-0.018692125
-0.011091192
0.020682666
0.0074370801
-0.05022987
0.072759315
0.075521365
-0.098395899
0.033575531
0.036337558
-0.02467579
0.051861554
0.099842228
0.058881726
-0.059263337
-0.0058896695
-0.034435928
0.15381688
-0.053072233
0.038014535
-0.02869302
-0.091038272
0.078044772
-0.033810489
0.035766508
0.00082383293
0.069456533
0.025565336
0.096911609
-0.02069338
-0.034296419
-0.12215938
-0.053589676
0.022350663
0.069512151
0.0059909499
0.067251071
0.084737577
-0.053953074
-0.025745209
-0.024360832
0.080070823
0.024173692
0.088692658
-0.020815309
-0.068278946
0.073996417
0.11187515
0.011523872
0.037282407
0.06452588
-0.0042633428
-0.026997725
0.010392289
0.21896417
0.03325516
0.014625705
-0.04922412
0.045593377
-0.083625175
-0.091046482
-0.047233306
-0.012585188
0.11235558
0.072472058
-0.021590974
-0.029559422
0.019019999
-0.070901588
-0.038567264
-0.023599608
-0.19658646
0.079887435
0.085159071
-0.020308154
0.042430364
-0.001067639
-0.11553939
-0.097046368
0.056864567
0.030150808
-0.010028132
0.06947954
0.031155454
0.048495162
-0.057149172
-0.0094981492
-0.072552554
0.078447819
-0.070522077
0.040840171
0.096094139
0.027279777
-0.0159787
0.011508672
-0.0044946023
0.017769376
-0.0057857996
0.058745924
0.085046358
-0.12445676
0.045375977
0.091993697
-0.079247035
-0.017712597
-0.083387129
0.055484954
0.097657137
0.032413028
-0.066485398
-0.071654603
-0.048998248
-0.10221271
0.086187147
-0.12199584
0.10011728
-0.0287077
-0.017007561
0.056134734
0.015299214
-0.0091807554
0.012632931
0.050783038
0.036461785
-0.08064077
-0.057074927
-0.029998221
0.031867981
-0.037661474
0.068591222
0.076424651
0.030782437
-0.0088752657
-0.055296972
0.052550696
0.0085140103
-0.042259909
0.033148263
0.019959176
0.031720035
0.071038149
-0.03945981
0.053661119
0.06918323
0.075452931
0.020757463
0.027836606
0.043512326
-0.081065707
-0.080329679
0.027049238
0.020489775
-0.050666183
0.015002168
-0.0043569696
0.0010976137
-0.049401268
-0.0893929
0.14002098
0.099712476
-0.087735079
-0.015081754
0.038749974
-0.033133909
0.010857794
-0.01897677
0.034722801
-0.0019778954
-0.0032858609
0.023080304
-0.092200041
0.065155126
-0.054043144
-0.025061062
-0.075917661
-0.0070436732
-0.037501156
0.038108986
0.06978447
-0.081342161
-0.043543734
0.10730717
-0.069908738
0.00063633377
0.031114984
-0.035447415
-0.011562048
-0.030728629
-0.014176168
0.011759792
-0.034573551
0.04541447
0.018478949
0.011281117
0.013668701
-0.058568913
-0.067483112
0.0046216352
-0.0089263124
-0.08222767
0.012372319
0.048549108
0.0018465774
0.038711675
-0.0010524802
0.068289392
-0.040734626
-0.015732484
0.044420481
-0.051353026
0.0030742974
-0.0090627838
0.024207585
0.041770995
0.066130899
0.0011096547
-0.088695735
-0.023139313
0.047632173
-0.011354079
-0.015535042
-0.035996895
0.040589742
0.032171454
0.010918857
0.093662687
-0.025506213
-0.031680252
0.057266988
-0.067749932
0.027121766
0.014439836
-0.093164079
-0.068656065
0.06126339
0.036468334
0.11407534
0.063137926
0.068598509
0.025782691
0.038197681
-0.08505813
-0.043968242
0.018921375
0.0038577325
-0.0110667
-0.025749601
0.073378362
0.06692756
0.022881372
-0.0058155749
-0.03314003
0.079331093
0.010332122
-0.03922778
0.0016110903
0.010436608
0.032744642
-0.012530655
0.024143178
0.02008624
0.017220944
-0.041209865
-0.022060189
-0.0067326669
0.0016104066
-0.0064003603
-0.0055063781
-0.032639161
-0.036328174
-0.0074526793
0.086583421
-0.02103739
0.039254099
-0.058675371
-0.053485855
-0.008119165
0.077967174
-0.01192976
0.046525609
-0.047377568
0.00018203795
0.057039708
-0.1077388
0.0095223347
-0.094711684
0.053940967
-0.020244066
0.091836587
0.031423457
-0.087604947
0.037499122
0.055373482
-0.0035358937
0.0034905409
0.07478109
-0.071045645
0.025564741
-0.04530409
0.0022702955
0.037413165
-0.027607186
-0.028480818
0.022841277
-0.0013138825
-0.034434367
-0.064940475
-0.072440132
-0.07568609
-0.021912169
-0.008578429
0.0024686258
0.022772053
-0.089616008
-0.067670107
-0.040083192
0.018957913
0.00088375958
0.0084671043
0.030695789
-0.017094914
-0.036942832
0.053459361
0.058740828
0.025502263
0.058460351
0.055944294
-0.026307458
-0.010027337
0.013850266
-0.067209788
-0.021241818
0.058120795
0.042132486
-0.059446801
0.0052646799
0.050818954
0.025592957
-0.021246158
0.023019433
-0.05616891
-0.077836968
-0.038555589
-0.0093712099
-0.11652053
0.095831223
-0.011416892
-0.065922752
-0.043814901
0.018049167
0.030201105
-0.021732936
-0.026665863
-0.010532981
0.041681763
0.023926854
0.044210944
0.0078096478
-0.13126476
0.011992574
0.03103005
0.15210773
0.0079475651
0.051945001
0.010837345
0.046392966
0.056073312
-0.022334522
-0.041452397
-0.10630155
-0.022158017
0.09096016
-0.004157905
-0.0044985139
-0.011461796
-0.01434006
-0.023946594
-0.0049062166
0.038738132
0.0030246137
-0.041137908
0.023414187
-0.03517713
-0.042429458
-0.025649173
-0.059285384
0.0034872359
0.058596857
-0.029794348
-0.068863258
0.013776201
-0.018851537
0.013100099
0.012290055
-0.0068965047
0.040895298
-0.012736152
-0.0030471028
0.026947076
0.015040467
0.031433567
-0.04412533
0.013270894
0.048197284
0.0024267437
-0.021883331
-0.042653002
-0.050932024
0.029488351
-0.056974161
-0.01375627
-0.044586945
0.025098315
0.065206543
-0.11274723
0.0076221619
0.042296279
-0.011328816
-0.0084350221
0.029420767
-0.0090307537
0.0037068189
-0.017209783
0.065296791
0.029320564
0.08539626
-0.040732794
-0.050246187
-0.025464255
0.016980836
0.017541228
0.0097491182
-0.029180409
-0.01734291
0.00015953487
-0.017850947
0.089105412
0.045856595
-0.017256035
-0.0013975002
-0.061477613
-0.0041332445
0.042208944
-0.03374289
0.035483181
0.019794367
-0.049331617
-0.020675819
0.0017408076
-0.047472853
0.075022422
0.0063085323
-0.023404866
-0.013937809
0.0095903361
-0.028810982
0.0094315587
0.029285032
0.018758951
0.060459606
0.099025995
0.044920161
-0.043043062
-0.0004876903
-0.022515355
-0.016872497
-0.0036202462
0.007421704
-0.078548856
-0.0087266751
0.025363112
-0.013102314
0.031761713
-0.052460216
-0.11048538
-0.050855383
0.012611137
0.015287978
0.009984266
-0.027635293
0.020029239
-0.0050012278
-0.031044675
0.039606314
0.0055189338
0.071906343
0.027643317
0.024833962
-0.031508379
-0.021042418
-0.0070044394
0.02816462
-0.02894347
0.0047916016
0.01162517
0.033672694
0.0075314101
0.023050217
-0.048895866
0.012284594
0.034132723
0.017771062
0.0044462439
-0.034772344
-0.020813199
0.0044732671
-0.0031422293
0.033662587
0.044249304
-0.06412679
-0.020363797
-0.082915805
-0.071450934
-0.028882129
-0.012153494
-0.044784933
0.0095994882
-0.078914829
0.033491079
-0.011150782
0.033048298
0.013432854
-0.010615124
-0.051087812
-0.018014507
0.045068432
-0.051245626
-0.048893586
-0.05088364
0.057471883
0.099012889
0.035992805
0.011143873
-0.04461477
-0.062009487
-0.11286174
-0.12277298
-0.090175137
0.035961386
0.0097078886
-0.024378398
0.013178851
-0.0040555215
0.0052238889
0.02239906
-0.068709157
0.10834615
0.0042313901
0.028115539
0.10213045
-0.016589416
-0.061395198
-0.059860591
0.034835305
-0.019649776
0.046078067
-0.015298869
-0.026035089
0.038011946
0.053741757
0.032818437
-0.16469856
0.037077479
-0.12359793
-0.0065836613
-0.098880097
0.07863979
0.040503927
0.034040675
0.086339571
0.024011154
0.013605894
-0.018595414
0.14090171
-0.0088722799
0.033421163
0.099305108
-0.048766471
-0.0314813
0.03897151
-0.04757937
-0.017440284
-0.024778066
-0.053601179
0.0067341365
0.030408889
0.048253108
0.085453376
-0.065608963
-0.011001476
0.0013352087
0.032896433
-0.042478893
0.0039191535
0.063580379
0.011276368
0.071978956
-0.0057876678
0.014081323
0.044439301
0.09824428
0.042567391
0.059395604
0.029501118
-0.068386614
-0.031436369
-0.014663572
-0.083751678
-0.010195562
-0.0034452183
-0.018075917
-0.056800243
-0.075015262
-0.030571112
0.093674049
-0.19338004
-0.00086850446
-0.0021777609
0.0038521483
0.039203398
-0.049178381
-0.026211139
0.023575602
-0.048264738
0.13659607
0.0082374299
0.020918721
0.13076119
-0.051079269
0.04167147
0.016684139
0.034128983
0.04981637
0.02995407
-0.0025851352
0.00011266665
0.023873748
-0.0086933095
-0.030004974
-0.012667316
0.034327235
0.034543388
-0.034090735
-0.012737699
-0.0062061567
-0.046561264
0.038870633
0.018738056
-0.045565464
-0.043357104
0.078870624
-0.10598367
-0.037119076
-0.00083548133
-0.049847219
-0.021088986
-0.058014277
0.059460483
0.00096264255
-0.043630216
0.018357927
-0.069173589
-0.010192106
-0.041675702
-0.081803158
0.092418879
-0.019176668
0.061355691
-0.041874524
-0.012030611
0.070387736
-0.034725767
-0.0019893316
0.054674789
0.044374548
0.07304763
-0.028576503
0.065148868
-0.018800752
-0.086962782
0.016294476
-0.030742424
0.052869655
0.092673376
-0.0099352971
-0.034501765
0.10916213
-0.056971759
0.038645037
0.019640589
-0.0015502791
-0.036798816
0.003644903
0.010610674
0.025958229
0.059078835
0.075059794
-0.070901327
-0.024261542
-0.016889889
-0.054400891
-0.03769036
-0.021404065
-0.010221026
-0.011485405
-0.07240247
-0.058928858
-0.032351632
-0.024071772
0.0086510591
0.066063747
0.056705926
-0.029307958
0.0045291157
-0.033385623
0.059417825
-0.090585411
0.0048064627
-0.077219754
-0.03944876
0.013883575
0.00067453197
-0.0073761554
0.031777959
0.1027508
-0.00087693514
0.01379764
0.0069196182
0.034899771
0.039330456
0.041455347
0.033541035
0.032497227
0.026625972
0.03414207
0.032529976
0.039034083
0.012917288
-0.099129818
0.03179846
0.011614751
-0.038409237
0.0062617571
0.052946985
-0.024785778
0.0080363564
-0.02741708
0.04363957
-0.054377291
-0.085738413
-0.023058105
-0.032783955
-0.022050345
0.037595548
0.016900448
-0.028008912
0.040654715
0.014435446
-0.039322972
0.042038511
0.051013533
-0.019373324
0.020510988
0.03263608
-0.0018829913
0.017768294
-0.03287226
-0.05318372
-0.03265322
-0.0045715934
0.032279819
0.050494302
0.042333759
0.0083586844
-0.026236638
-0.016601445
0.085332006
0.0071407072
0.0013042351
0.029404908
0.025018722
0.072698146
-0.042098053
-0.011732493
-0.030708991
-0.029185729
-0.022944605
0.048823055
0.0060059186
-0.042264417
-0.036136154
-0.043246623
-0.017243611
-0.047098145
0.016205868
-0.076794088
0.024487231
-0.031041471
-0.039677598
0.011311935
0.022053296
0.060089968
-0.018131873
-0.050999515
0.012926004
0.022014704
-0.049975123
0.016000591
-0.032106847
-0.014924034
-0.075485028
-0.058253098
-0.006079867
-0.061098795
0.042299438
-0.055598434
-0.028861262
-0.0016720395
-0.028948886
-0.1065758
0.016397992
-0.001026061
-0.0030983202
0.012498223
-0.0283009
0.0079188105
0.042016324
0.021854239
-0.048174389
0.024304241
0.041434061
0.01350681
-0.005661861
-0.058377702
-0.00089149963
0.012117654
0.036457658
0.0099011213
-0.01085497
-0.090167597
0.049887076
0.06192676
0.021008311
-0.027580813
-0.023447759
0.0033350885
0.0095652752
0.059195407
-0.030374736
-0.047066879
0.011327517
0.032342765
-0.017309671
0.0021165216
0.0072017582
-0.041279625
-0.011479863
-0.027521146
-0.070590042
0.035760343
0.057463568
0.024334449
0.088294283
0.055762939
0.048830148
-0.057608925
-0.042172745
0.003193191
-0.019941328
0.0051492346
0.0056417845
-0.045909315
-0.0098582301
-0.0049205697
-0.0499047
0.043254625
-0.017438371
0.0095462836
0.018380178
-0.010402068
-0.028070364
0.037725572
-0.047141861
-0.044541769
-0.0060507618
-0.024193577
0.0015761
-0.015967421
-0.083413422
0.012352059
0.014598555
0.010129087
0.037929848
0.074944705
-0.0047364333
0.030448055
0.059313811
0.019124242
-0.0087896008
-0.079660892
-0.0013053191
-0.027086422
0.046484347
0.044448394
-0.038343444
0.0011030482
0.012551794
0.0056358487
-0.0050573046
-0.033242315
-0.049074598
-0.014856564
-0.053935844
0.057878964
0.0066618891
0.051628586
-0.0013848019
-0.046611972
-0.079030171
-0.0067455932
-0.061073303
0.047079176
-0.078618042
-0.067316405
-0.059081763
-0.01921181
0.053842749
-0.069186635
-0.020136386
0.035284452
0.09844318
-0.071989171
-0.0037327819
0.012243061
-0.018124411
-0.092741512
0.047235303
0.032740861
0.0360879
0.016030824
-0.005672629
-0.072598085
0.067514308
-0.05733953
0.047475453
-0.08146745
0.11175581
-0.069617569
-0.055471603
-0.010985991
0.071290717
0.01698127
0.058044571
-0.051354453
-0.011308696
-0.035862859
-0.10146152
0.050934665
-0.0084255459
0.024438886
0.03719335
-0.14795786
0.031235265
-0.044507612
-0.067308344
-0.010932072
-0.033177353
-0.024541756
-0.043381792
-0.050214816
0.013026201
0.045997627
-0.060626186
-0.014859022
-0.0052866102
0.013093325
0.01815928
0.065588735
0.034555256
-0.044933658
0.092645615
0.03439223
0.06711816
-0.021832777
-0.08917702
0.027654205
-0.055458158
0.011393523
-0.0021061988
0.038334604
0.011981473
-0.061693709
0.030890722
0.024811517
-0.018659102
0.0028420903
0.038159717
0.0099541778
0.0059508658
-0.04346839
-0.03508772
-0.027206471
-0.060081959
0.00055678631
0.038299199
0.026033964
-0.049242456
-0.0013394246
-0.0068103746
-0.049405735
0.045475911
0.014247604
0.089022309
0.019522164
0.0096331798
0.07905288
-0.06660185
-0.0019936014
0.068340525
0.0032674919
0.058392245
0.020666463
-0.050833303
-0.030372066
-0.023582315
0.015565592
-0.025173783
-0.01242853
0.029465251
-0.03339006
0.021502027
-0.019623609
0.020712024
0.0022069647
0.013377739
-0.0066250004
0.01898505
-0.020509891
-0.022554778
0.077711552
0.023975549
0.0072528776
-0.042579092
0.042864658
-0.027932899
-0.014827736
-0.00062072201
0.0053881039
-0.10737293
0.010998489
0.069987908
-0.16707294
-0.068772517
-0.035328995
0.01844231
0.0069026998
0.098150589
-0.015372985
-0.0081846761
-0.033919454
0.0031423762
-0.020198494
0.00095702318
-0.024244336
-0.041588839
0.017358137
0.0071088099
0.07000953
-0.017462121
-0.060233902
-0.0090392856
-0.10870539
-0.0647505
-0.17653771
-0.015454291
-0.21922718
-0.059755918
0.066498324
-0.011323379
0.032408141
-0.00036551378
-0.15612906
0.0014809243
-0.02186214
-0.12726149
0.035399821
-0.10312662
-0.043995459
-0.010731438
-0.10338125
0.05706954
0.053580824
-0.05886104
0.033790279
-0.095890589
0.033633992
0.057167646
-0.042530932
-0.018892312
0.035013277
0.0095897457
0.055176169
0.0050806715
0.0016827033
0.032665651
-0.036751989
-0.092693016
0.01177014
-0.091601744
0.062187195
0.038734071
-0.11620467
-0.22298285
0.050614376
-0.059872933
-0.055063155
0.031597257
0.017366219
0.043867532
0.034679767
-0.018938569
0.062207606
-0.059415411
0.016245188
0.0011307433
-0.029245222
-0.022842217
-0.041495856
0.055467024
0.017559156
-0.065390833
0.034341812
0.039694123
0.029415533
0.05946362
-0.042968683
-0.046701718
-0.095118485
-0.045420393
0.054237939
0.070981279
-0.027756236
-0.027464841
0.0025640922
0.037410133
0.032428633
-0.03171771
0.02855435
-0.021123888
-0.046866499
-0.0083098449
-0.028472664
-0.015213
-0.010387677
0.013739189
0.043134257
0.015621223
-0.002142038
0.045202922
-0.043899253
0.0061935559
-0.077011272
0.019432174
0.066841006
0.026202006
0.11139765
-0.11772794
0.013144782
0.027322056
-0.011436187
0.07293313
0.043662935
0.014319
-0.067212969
-0.018284442
-0.028784664
0.0084777893
0.010824799
-0.018686287
-0.045820244
0.086652048
-0.038494993
-0.099304706
0.020334641
-0.012377526
-0.080772892
-0.021864595
-0.0018807921
0.02092053
-0.094960198
-0.030638935
0.016644742
-0.017248603
-0.024333933
0.020199131
-0.016406469
0.026577896
-0.038752552
-0.0024509036
-0.089473367
0.051285952
-0.042842031
-0.014388792
0.0027828105
0.035460319
-0.014725698
-0.01551887
-0.033238247
-0.087167189
0.022317175
-0.023206759
0.071618266
0.0031237639
0.012448319
0.0091535747
0.0038275658
-0.058536902
0.048435546
-0.03100409
-0.027060486
-0.02340835
-0.0044307546
0.0005761247
-0.0023093228
-0.0030984974
0.088540502
0.0020004571
-0.030485248
-0.027388114
0.008944313
0.014573232
0.054434437
-0.016996639
-0.047037091
0.046504539
0.048925396
-0.0017704297
-0.03161633
-0.0031316145
0.010019793
0.0095225098
-0.060001004
0.020446574
0.0061250455
-0.037657745
-0.0081300968
-0.021841962
-0.0068130651
-0.00062688749
-0.094491407
-0.038581982
0.025614541
-0.039016351
0.0018646535
0.065280117
-0.046362367
0.014820158
-0.11871063
-0.023370277
0.044427667
0.0056429314
0.014700622
0.040513266
0.046283223
-0.022340374
0.064116478
-0.0060546398
-0.040345259
0.028062964
0.021928458
-0.017228087
-0.025311666
-0.0030335318
0.023096612
-0.032667376
0.0010668352
-0.065129168
-0.02581412
-0.018113617
-0.012424103
0.032843258
-0.020853195
0.030911054
-0.047433171
0.029755848
-0.0066013518
0.026286719
-0.015047127
0.025285851
-0.024976654
0.072100975
-0.037434306
-0.087960184
-0.051561855
0.011017442
-0.053761646
-0.02871979
-0.02376559
-0.059548475
0.013433623
-0.028920885
0.015604351
0.021008583
-0.0043644235
0.0053651179
0.013219679
0.024200868
0.08190839
-0.0035800103
-0.0487376
-0.027625808
-0.096114159
-0.023546699
0.0096423132
-0.0070023737
-0.035635099
0.027166346
-0.014046724
-0.055711191
0.074707597
0.059149574
-0.0057264939
-0.042703301
0.019498063
-0.019036772
0.0043865792
0.013216655
0.11712909
-0.042116042
-0.048827127
-0.031624947
-0.026278699
0.032243889
0.038190622
0.06055221
-0.031847782
-0.031153863
-0.0078056534
0.028179353
0.03016717
0.0043196962
0.017633813
0.057565283
0.042737804
0.029900145
-0.062871762
-0.059917528
0.047565054
-0.022045664
-0.042326111
0.01657417
-0.085650228
0.022753285
-0.037519049
0.024039021
0.11676478
-0.010898838
0.0053773718
0.027618602
-0.063915014
-0.0094633028
-0.072317101
0.00020926322
0.0080228979
0.066871405
-0.020739039
0.036286686
0.027983684
-0.025223916
0.033305608
0.091687143
0.0052315136
-0.032754011
0.034385331
-0.036103219
-0.0013109472
-0.027894232
0.017454943
-0.091208167
0.0078920629
-0.0065353313
0.018393047
-0.014039025
0.028645754
-0.059101362
0.021274889
-0.013541602
-0.0088112056
-0.0099483561
0.023831271
-0.014726946
0.022953318
-0.029047875
0.0053746966
-0.011324566
-0.041357532
0.0046374095
-0.011175327
-0.009201508
0.040780663
0.072228059
-0.026239904
-0.037714254
0.038457029
-0.066922702
0.0056066639
-0.05245496
0.021167906
0.0016413663
-0.036603145
0.059188269
0.00041061174
0.02129182
-0.015594154
-0.00088626926
-0.040479213
0.060189757
-0.043037247
-0.038672324
0.082178883
-0.079966307
0.069892161
0.0091312556
0.037890483
0.0022202937
0.012762185
0.048225027
0.061735954
0.007484694
0.036267169
0.055677243
0.001216998
0.031035569
-0.076486044
0.030651763
0.04811592
0.043252598
-0.057055347
-0.058265734
0.0056644958
-0.026315913
-0.027477402
0.0044108289
-0.020190964
-0.014588306
-0.0091552129
0.01053684
0.026781932
0.016416043
-0.044135232
-0.10760965
0.0082445834
0.055537257
-0.031597115
0.041170776
0.027714131
-0.024531171
0.025082959
-0.073620811
-0.059526201
-0.02152623
0.013543994
-0.011399696
-0.061905075
-0.021591214
0.012811199
-0.074188806
0.065892056
0.082549922
-0.01048617
0.011714391
0.036367472
-0.026216093
0.015472312
-0.039213181
0.016516566
0.024621943
-0.052488752
0.016857931
-0.032367673
0.064708851
0.02331253
-0.00076598697
-0.055643812
-0.0043055266
0.0031596483
-0.00073363539
0.031484224
-0.021362048
-0.063959964
-0.013352977
0.023205657
-0.065922983
0.0061745164
0.032503746
0.0001490807
0.0023006224
-0.065544911
-0.0026426639
0.020721991
-0.048223246
-0.0086705573
-0.010525688
-0.039976653
0.049545411
-0.063065261
0.0016594154
0.063592903
-0.045159638
0.0040449672
0.0049348283
0.029948883
0.00061579049
-0.10312256
-0.016534748
-0.025445001
-0.011205507
0.0045625609
0.030426612
0.083365187
0.015536509
0.047152542
-0.021204479
-0.026183883
-0.039996747
-0.020976817
0.05982136
0.076235272
0.0069201896
-0.050261792
-0.14819026
0.049313698
-0.048329655
-0.068065047
-0.018699653
0.0097024124
0.022909584
0.020449631
0.080704503
-0.0077635725
0.035456378
0.032712083
0.073585086
0.016415307
-0.035835721
-0.12314035
0.075548224
-0.028732186
0.041467991
0.075076163
0.001302258
-0.025857463
0.021224402
0.028534338
-0.032137394
-0.04833227
0.00095454778
0.024880826
-0.012750908
0.0031484521
-0.0080033941
0.036557421
0.035174824
0.02193729
-0.047840271
-0.10807951
0.033979744
0.012689275
-0.038889546
-0.018440519
0.039167911
0.023682941
0.065947875
-4.027304e-05
0.022545841
0.066060849
0.025398154
0.0052978224
0.036070228
0.022389341
0.018872727
-0.047949437
0.03115635
0.0022426464
0.010388476
0.068758056
-0.031241868
0.024348903
-0.059691168
0.0086826459
0.0069527691
0.0046971031
-0.016542664
0.026787927
0.00084897934
0.072274454
0.051266562
-0.031979628
0.04684234
-0.012708548
-0.013901922
0.059007868
-0.050840233
0.028563876
-0.018709568
-0.024778711
0.081045777
0.0016775854
0.061332531
0.098878644
-0.037674941
0.004025273
0.027995232
0.069843225
-0.0080241021
-0.025698105
0.029345931
-0.097089097
0.034416988
0.03208524
0.054578733
-0.0050109546
-0.10574912
0.051692914
0.013657394
0.052819394
0.059624698
0.019599684
-0.042857625
0.011617596
4.9675564e-05
-0.040820394
0.01688371
-0.010912243
-0.032525785
0.021344014
0.020401979
-0.030583378
-0.024247523
0.086651161
0.032398038
-0.066489272
-0.021974962
-0.010814247
0.012548018
0.028569892
0.019730447
0.020868108
0.011099914
-0.0019624836
-0.053935375
0.046405148
-0.028508622
0.049132701
0.029506225
0.015012513
-0.0058746189
-0.011992211
0.026726544
0.026451811
-0.0079119187
0.033293933
-0.0055202553
-0.082231425
-0.027027089
0.095677622
-0.05274827
-0.045621488
0.044143267
0.020242775
0.0065270951
-0.010739281
-0.021704521
0.009696451
0.032953206
-0.061348304
-0.0074183424
-0.0052904342
-0.054799058
-0.097636193
0.029177956
-0.0017990435
-0.098759085
0.044864789
0.062915407
-0.01364707
-0.031009804
0.086267203
0.010497426
0.052198172
0.0086340196
0.030791413
-0.043661043
0.041902315
0.031338323
0.049051918
-0.02477059
0.021327086
-0.0066608428
-0.068906195
-0.014091255
0.061641648
-0.028592814
0.028463561
0.0072042672
-0.049840998
0.029788142
0.006563935
-0.043580011
0.0178257
-0.009999332
0.069357589
0.02829363
0.048196234
-0.02465931
0.023105465
0.06803415
0.006640675
0.080332994
0.013792874
0.057930347
0.00056221872
-0.063517436
-0.050162327
-0.0059079626
-0.040778112
0.026853362
0.019576143
0.087102957
-0.0070387512
0.024461525
0.058620915
0.014224146
-0.026518611
0.053485982
0.007920553
0.046317022
-0.051585734
-0.025532059
0.00031891107
0.052391216
-0.0054929149
-0.027011568
-0.11724484
-0.010405879
-0.020344626
0.016234724
-0.0041800207
-0.019676805
-0.027167987
-0.020501303
0.065125957
-0.080527917
0.017986208
0.13577719
0.0037498288
0.050398152
0.060448408
0.0081319157
0.08458779
-0.058139946
0.01586426
0.072802588
-0.00023699379
-0.035808176
-0.039792769
-0.025868945
0.065393232
-0.050359771
0.0020826554
0.083772168
-0.094766386
-0.018580649
-0.036800776
0.012198539
-0.044061311
-0.049204081
-0.06898883
0.012319787
0.038969986
0.031479564
-0.0059883236
0.032854956
0.065118171
-0.077797651
0.011378071
0.0033322661
-0.085495017
0.092726633
0.015987139
-0.0060598124
0.055961479
0.033860508
-0.028793324
-0.04381723
-0.024470573
-0.0081370529
0.077541262
0.031710949
0.0070084054
-0.08630798
0.007999518
-0.088869885
-0.0027967826
0.075056255
0.04147052
0.0060674842
0.067027643
-0.0038033996
-0.019960672
0.013600171
-0.030438842
0.096384481
0.043643225
-0.059845433
0.0537198
-0.023673119
0.04618213
-0.11502606
-0.067718104
-0.055921875
0.07731168
-0.070869282
0.057102855
0.026657466
-0.048021335
-0.06897331
0.158406
-0.072264425
-0.042001296
-0.0079384083
-0.041304369
0.02539416
-0.018807748
0.030417573
-0.10863104
-0.059703145
0.05120419
-0.053102687
0.074158065
0.039829772
0.022617936
0.0035505649
-0.011444091
0.011808811
-0.044934567
-0.037108753
0.045850627
-0.054450125
-0.023856988
-0.01696852
0.048136648
0.016015004
-0.038526289
0.010505578
0.015085643
-0.0093082665
0.085591286
0.062729605
-0.0090611698
0.012725448
0.035580281
0.086679257
0.047520716
0.0046240413
-0.0065490035
0.041085701
-0.025453959
0.035168715
-0.017649012
0.033900723
0.012542126
0.082209095
0.065774709
0.020939222
-0.026878484
-0.033448387
-0.0082233539
0.013720067
-0.020827081
0.06145262
0.014988735
-0.0050238194
-0.053680699
0.021617478
0.039116461
0.0085774492
0.044682439
-0.052993104
0.027591683
0.024939179
-0.062079091
0.056973722
0.016412232
-0.091698363
0.05116643
-0.010688473
0.037285827
0.056223255
0.080702819
0.021672389
-0.0036708494
-0.027980745
0.0094094761
0.019454956
-0.021015046
0.012168779
0.055442076
0.03716496
0.06448108
0.028888242
0.0042785187
0.054574214
-0.026886201
0.016082598
0.040311623
0.066351183
0.0037624484
0.053535488
0.11985934
0.049113546
-0.02970787
0.0047004777
-0.055040926
0.038593654
0.011823404
-0.030410696
-0.047942981
-0.011348401
0.073032923
-0.036948767
-0.047113683
0.0083079692
-0.013080433
0.10036694
0.052155115
-0.069580711
-0.014305728
-0.0066624959
-0.1228595
-0.022956088
0.037552781
0.077632874
0.00028453316
-0.10613976
0.11338636
-0.027230538
0.034512956
-0.053469256
0.019475859
0.025679795
0.048921868
-0.079396643
-0.11051653
0.097165063
0.032221258
-0.061694421
0.00064820767
0.018197563
0.048886944
-0.066572197
0.034249622
0.046106551
-0.00074426847
0.05439223
-0.028625268
-0.016635524
0.048644252
-0.14869611
0.073444188
0.095144242
-0.010153187
-0.021676544
-0.016263718
-0.1411033
-0.064610764
0.10075286
-0.10292626
0.076321706
-0.0075705824
0.058148306
0.090520322
-0.026688913
0.032242917
0.022434067
0.10872208
0.037328232
-0.10094328
-0.0023138905
-0.0093530938
0.0095938724
0.049702749
-0.013044073
0.029400874
0.01855449
-0.011504056
-0.064489812
0.053319488
0.092423826
0.037019074
-0.013061565
-0.011144181
-0.12665813
0.023531061
0.038646072
0.083191343
-0.083920412
-0.019467715
-0.08215709
0.02949347
0.03521521
-0.036147401
0.092048459
0.022169877
-0.042365551
0.022944808
-0.029612858
0.075396888
-0.048446774
0.079282917
0.0062408797
-0.066783734
0.045409758
-0.013681888
0.073012091
-0.032068495
0.034979612
0.033364031
-0.0011504453
-0.063733086
-0.030740496
-0.043545753
0.15351805
0.023348382
-0.030048763
-0.0094455061
0.053275246
-0.001209922
-0.0022391067
0.0038931628
0.028406613
0.046980787
0.0055701723
0.021322377
-0.008093833
-0.039754987
0.058339551
-0.023419164
0.047832575
0.019849123
0.035807781
-0.084337585
0.020315342
-0.10557145
0.076531909
-0.036506183
-0.066525228
-0.0017808267
0.043481711
-0.051899835
-0.066202052
0.0008701536
-0.034107253
-0.015812583
-0.065435193
0.044752914
0.0078981714
-0.096830457
0.068412602
-0.016145218
-0.016064888
0.0031008618
0.0033508705
0.04443638
-0.067237906
-0.029305188
-0.071779221
-0.067347571
-0.040328741
-0.11637727
0.0030793843
-0.034302473
0.068837263
-0.036125809
-0.020608278
-0.0067820903
0.020907935
-0.15039419
0.031366166
-0.016460203
0.038327403
0.031932134
0.059600938
0.017820785
-0.0027636881
-0.0022839343
-0.0013734992
-0.07274887
0.041590348
-0.04147429
-0.045469575
-0.044221085
-0.00010786359
-0.024174243
0.047603823
-0.0093227001
0.029999362
0.023351271
-0.11380636
0.11847142
0.030089045
0.029767603
0.011222067
-0.069848292
-0.015162443
-0.024502384
-0.0042519267
-0.021198176
-0.087234437
0.025915889
-0.022568967
0.0037633122
-0.011765786
0.04567403
-0.055764042
-0.036342386
0.067013949
-0.011074479
0.019467376
-0.049652975
-0.041946009
0.055535924
0.018288154
-0.013437199
0.08749073
0.0022772816
-0.013874883
-0.02616227
-0.023365248
0.017193152
-0.081663363
-0.0048159063
-0.0095207263
-0.022245448
-0.038392838
-0.020692518
-0.057739303
0.01532856
0.021571765
-0.055600915
0.055648144
0.010556827
-0.037331499
-0.10327198
0.012608399
-0.006816756
0.021764193
0.0032570807
-0.047490235
0.026182063
0.07537806
0.080458544
0.054803874
-0.023914153
0.050307795
0.033494696
-0.025131151
0.042514391
0.036443725
-0.021495258
0.019863306
0.0051923348
-0.036480781
0.04211916
-0.023502804
-0.08407481
-0.011447561
0.027775683
0.012626771
-0.037729662
-0.031275395
0.024074484
0.00071130006
0.021775555
0.0045704809
0.010493344
0.049111813
0.071375489
0.028088147
-0.064504199
0.037207551
0.005684888
0.053611286
-0.032729596
0.017181629
0.083096191
-0.01780175
-0.0010156047
0.015978351
-0.05148267
0.039104871
0.030785911
0.0095879557
0.086095959
0.0015395472
-0.0026279732
-0.011609842
-0.082189336
-0.037507899
0.069665395
0.072604507
-0.063296169
0.020300817
0.014588471
0.02134856
0.01039359
0.016464537
0.018276941
-0.059721615
0.0040797633
0.053762265
-0.041533757
0.044496801
-0.0087136319
-0.01723966
0.025885582
0.0010309793
-0.026423577
-0.043875404
0.050995626
0.017800039
-0.023839884
0.074434951
-0.072279207
0.019230964
-0.10668257
-0.012895827
-0.023305805
0.054230388
-0.021152269
0.057915691
-0.018207515
-0.023449523
-0.0010432268
0.024290727
-0.012462105
-0.02392897
-0.066956528
-0.056048512
0.018639352
-0.030691095
-0.020497985
0.0117593
0.035674423
-0.018561829
0.011106842
-0.021454545
-0.10623983
-0.056255441
0.064687498
0.013736982
-0.0131565
0.047882274
-0.025813267
0.0038417124
0.017873069
-0.058778711
0.011759276
0.036778063
-0.033302456
-0.03529622
0.04879174
-4.7440244e-06
0.0060638175
-0.013511243
0.031682994
-0.0061335852
0.017098527
-0.037972596
-0.056820229
0.044011991
0.026342822
-0.02885231
0.010813406
0.0059242491
0.009125703
0.065008678
-0.036727507
0.039481435
-0.038624357
-0.024136685
-0.019964827
-0.017750751
-0.01123258
-0.0040619713
0.063419946
-0.10881666
-0.032373291
-0.031063447
0.043303162
0.09400481
0.02287462
0.046480682
-0.055178978
0.081031725
-0.0020479262
-0.098007917
-0.12001905
-0.0092473235
-0.022523895
-0.0069746529
0.03442695
-0.11740457
0.057290662
0.025602208
-0.062850565
-0.0020936739
-0.094617076
-0.039173387
0.029136101
0.00044384535
0.030643711
-0.030914063
0.050181445
0.01383375
0.006026404
-0.052439693
0.010393488
-0.065002516
0.034892704
0.0073306249
0.0071094614
-0.069629252
0.02731226
0.079792656
0.018120388
-0.0016663581
-0.02806985
0.0043901405
-0.025206303
-0.0098235579
0.029693929
0.013780735
-0.070208982
-0.022779917
-0.0033239319
0.015409632
-0.012134683
0.032207198
-0.012691638
0.066694938
-0.12279169
0.04699738
-0.047382325
0.0079796743
-0.019551229
-0.015164084
0.032276869
-0.026508508
0.051578954
0.10219898
0.0069468683
-0.020854495
-0.020476721
0.022294752
-0.099271625
-0.020353876
-0.064176135
0.031570293
-0.12125438
-0.010874307
0.024874078
0.045138687
0.026688289
-0.054166269
0.063972667
-0.053487688
-0.018659057
-0.0069078859
-0.021136492
-0.089207083
0.041441586
-0.010943964
-0.04287298
0.075654864
0.04806529
-0.097657502
0.016890481
-0.0073149344
-0.01252846
-0.093936801
0.024327422
-0.10130205
0.016199451
0.080680437
-0.039622575
-0.0086257514
0.057691347
0.014297829
-0.02699727
0.0027995391
0.0075967289
0.0051174923
-0.010113732
0.035314374
-0.010017256
-0.088614054
0.011122884
-0.036134727
-0.02079713
0.066208571
-0.064474113
-0.00022923347
0.017338607
-0.0074590025
0.021868749
0.023109967
-0.12442594
0.10326
-0.0022896584
0.10554929
-0.034274533
-0.024246674
0.018360743
0.055414639
-0.025840335
-0.018843601
0.076737419
0.00099158182
-0.024957143
-0.073237903
-0.013043624
0.01428261
0.019476164
0.039794382
0.014995303
0.03658668
0.041084841
0.0045514992
-0.071084492
0.00069274544
-0.065107644
-0.02653748
0.038703926
-0.012620511
0.069508843
0.063494727
0.026237084
0.03822903
-0.028556323
0.087430283
0.065693185
-0.023333631
-0.051473927
0.053810515
0.047483452
0.050373152
-0.02522454
0.0057090488
-0.028448373
0.063353263
-0.056848902
-0.029766699
0.00021374763
-0.061106671
-0.061764225
0.006575204
0.0063717915
0.030445602
-0.020170374
-0.037407164
-0.022886623
0.016201422
0.015321055
-0.059314754
0.011266157
-0.039803054
0.017237291
-0.050941326
-0.0069908332
-0.0035660756
0.070044935
-0.041783247
0.0043874015
0.038190302
0.035966303
-0.0079519795
-0.026791055
-0.041181613
-0.0013216303
-0.057529733
0.031592153
0.045548487
0.04090919
-0.045070805
0.068341374
0.0047299177
0.026784115
0.00508036
-0.0033096627
0.030196441
-0.025439445
-0.0081867641
0.035865009
0.033761673
0.00043707382
0.047446094
-0.019768082
0.021492593
-0.030571098
0.004800682
0.0014443449
-0.0099088419
-0.04442155
0.047060378
-0.00044587927
-0.044889454
-0.028097345
0.011717828
0.058100767
-0.0045921952
-0.060796991
0.044258591
0.031399142
-0.018017098
-0.0066494476
-0.007361345
-0.0014548117
0.027430002
-0.021987442
0.014103313
0.013512797
0.043647557
-0.025976967
0.013661668
0.013426874
-0.022009075
-0.092575096
0.046594024
-0.080339268
0.0076819328
0.00098607794
0.045512665
0.11348535
0.0096352808
-0.023295784
0.0093001947
-0.0041869101
-0.024475418
0.0061653941
0.027203074
-0.052240387
-0.033507589
0.040677026
-0.007950712
0.0044207135
-0.012869748
-0.094638735
-0.018045969
0.038038615
0.024414977
-0.072850548
0.071980871
0.083593987
0.016918112
0.051460337
-0.013184965
0.0041503799
0.04099695
-0.089505404
-0.038043384
0.0097586103
0.010885395
0.037807427
0.068301201
-0.020550258
0.008312556
-0.029965965
0.074856177
-0.022823926
-0.0002160211
0.02156692
0.055977199
-0.00015489152
0.0065887272
0.057636257
-0.022578828
-0.023257041
0.0055918135
-0.091482997
-0.020949472
-0.032378655
-0.011120817
-0.077378541
0.04198955
0.061956726
-0.0022005283
-0.025621543
0.0090655824
0.02610028
-0.045910113
-0.014046193
0.012433284
0.044636019
0.024316482
-0.054105897
-0.087302774
0.051598467
-0.045823477
0.038174435
0.091970317
-0.011961417
0.00054141163
-0.01463288
-0.1202869
-0.078260534
-0.0097073661
-0.095132351
0.026538355
0.0047242264
-0.039903942
0.032847285
-0.0072640474
0.038227323
0.025593325
0.053918879
0.07217522
-0.12235823
0.0034590941
-0.040449712
0.013007711
-0.053418033
0.053267542
0.06059977
0.047078867
-0.013720054
0.0031069613
0.048106678
0.0077084797
0.014078051
0.027520189
-0.01476314
0.070455894
0.017585693
-0.0099087562
0.021071918
0.010106015
0.017820438
0.018635137
-0.061969813
-0.052892242
-0.001980332
-0.011917307
0.01274299
0.0062194336
-0.054041065
-0.014372346
-0.042027526
-0.064988673
0.023032403
0.062341243
-0.035816282
0.060744945
0.018747278
-0.011057273
-0.016289614
0.027900316
0.02659172
-0.10097783
0.028783932
-0.028226888
0.089228943
0.051890314
-0.014299101
-0.10103592
-0.07570146
0.053394962
0.038588703
-0.078778744
0.0060102278
0.00077925914
-0.073659793
0.037850101
0.050424594
-0.15149876
0.017651496
-0.0065705786
-0.055609312
-0.071273401
0.034024071
0.0596953
-0.046362538
0.025965398
-0.079896681
0.007732139
-0.012576036
0.033012364
0.0090739913
0.059393324
0.048190098
0.036596678
-0.065449364
-0.0083301822
-0.062207177
0.057875622
-0.075183101
0.039826222
0.1020691
0.014373596
-0.022939445
0.0018264271
-0.12238419
0.06053764
-0.078637622
0.058058128
0.09435986
0.061087582
-0.055915125
-0.083565034
-0.076744266
0.0012520164
0.043239988
0.12806161
-0.072620526
0.033445667
0.051724155
-0.03115589
0.030490862
-0.024564274
0.029409217
-0.032398388
-0.02754477
0.001459968
-0.035633475
0.0063900403
0.043880068
-0.024874905
0.048912577
0.036771365
-0.089838535
0.056083795
-0.023882426
0.095270626
-0.086512275
0.059950165
0.033011008
0.024180958
-0.089112662
0.040308971
0.09885142
0.062371593
0.0089813108
-0.047492351
-0.041436885
-0.033961166
0.047091074
-0.032612376
0.075685337
-0.00094349874
0.0040824227
0.021323457
0.033671398
0.043328889
0.050830767
-0.01399214
0.011429603
-0.059313945
-0.0038607346
0.0068950839
-0.0050555277
-0.099343158
0.043511555
0.0099301878
0.079892762
0.11797117
-0.016290313
0.0077433907
0.012244537
-0.015015853
0.030300878
0.04478706
-0.063729845
-0.01717926
-0.012583887
0.053137563
0.043067642
0.032147549
0.029674564
-0.058540002
0.043731518
0.0018884477
-0.075199753
0.0076127467
0.042895801
-0.044115074
-0.030154666
0.055098563
-0.0042859265
-0.016497705
-0.10425182
0.10162765
-0.018959789
-0.0305981
-0.025461785
-0.016539868
-0.084796995
0.020136354
0.0037797592
0.04126643
0.034189992
0.056957457
-0.011807004
0.021011623
-0.030183002
-0.017478077
-0.013869762
0.046832412
-0.019202465
0.10304774
0.035497736
0.02238252
-0.0051815384
0.0017936429
0.042451706
0.059238911
-0.045162167
-0.0037445899
-0.0084881252
0.012057637
0.040687658
0.024387041
-0.039600983
0.024286112
-0.0073235598
-0.0062902593
-0.020622078
0.022102779
-0.030826274
0.025930859
-0.04985046
-0.014582527
0.030775899
-0.042533774
-0.044242155
0.0031607561
-0.013658223
-0.063242503
0.026258832
-0.0053299372
-0.043992858
-0.03796665
-0.011646512
-0.029861076
-0.032561801
0.018349266
-0.024800571
-0.0056215678
-0.11043616
0.060079306
-0.044542778
-0.054037616
0.02166686
0.0085547771
-0.001690024
-0.014783825
-0.014295564
-0.030557642
-0.063579924
0.036553346
-0.028677475
-0.026547754
-0.0029785538
-0.0630619
-0.022154666
0.016889744
0.03408929
-0.007562452
-0.01630312
-0.033984527
-0.030350659
-0.04728828
0.052349128
0.0089805098
0.026212262
0.0013398207
0.022553375
-0.001866387
-0.034624103
0.061193358
-0.056048322
0.027810384
-0.061092682
0.013011637
-0.041302387
0.03000509
0.011248301
-0.061925784
0.015400521
0.019414453
-0.044942617
0.037769608
0.01210997
-0.10069722
0.0082289176
0.057756666
0.043162119
-0.014037251
-0.046287861
0.046207577
-0.047366902
0.0012384007
0.012747845
-0.0043005669
-0.053870328
-0.013608974
0.012903556
-0.022716308
0.013999015
0.052322749
-0.069798678
0.045036506
0.00082621496
-0.048070431
-0.022843707
-0.019204095
-0.010495355
0.023298847
0.023592399
-0.017481828
0.034946665
0.011041274
0.017713873
0.02766001
-0.0013884793
0.0065881298
-0.073275976
0.016357252
0.030914973
0.11792684
0.0073101409
0.031312998
0.0068284911
0.04722169
-0.071676724
-0.085812047
-0.0065597738
0.035900872
-0.018234948
0.029921839
0.023409922
-0.020229768
-0.029858265
0.063094392
-0.071204953
-0.043751538
0.033808284
-0.029765502
0.068542965
-0.03775733
0.00025323205
-0.0089127263
0.037803739
0.076758415
0.04227268
0.044212457
-0.0059120348
-0.0057112947
-0.080515727
0.089311011
-0.075807892
-0.012304163
-0.045768376
-0.0063763415
0.05298426
-0.030947758
-0.033381648
0.0027974485
-0.052845657
-0.05384694
-0.032426916
0.013659435
-0.011485241
0.099649139
0.028224921
0.015613542
-0.087175608
0.023594949
-0.048967592
0.054251652
0.042257413
-0.03258609
-0.04446999
0.02037373
-0.10005948
-0.049529288
0.0063157822
0.04085521
-0.043619987
0.06035585
0.044277351
-0.067484424
0.11743243
-0.019752556
0.010178786
0.016376527
0.022916973
0.031057525
0.035171267
-0.016238714
0.057863709
0.01632542
-0.027412534
0.043042585
-0.055281635
0.040249478
0.0071278601
-0.035154115
0.035374891
0.057344329
-0.025146341
-0.0055585429
-0.013230528
-0.043629453
0.026831791
-0.053090919
0.093549177
0.052046705
-0.044104774
0.0059682163
-0.10852642
0.050828263
-0.060416564
0.1093182
-0.023306398
-0.0007479217
-0.0037804714
-0.10994641
0.024943704
-0.053019218
-0.029702954
0.037613764
-0.073831223
-0.011157818
-0.05839996
0.034998074
0.079289377
0.046533655
-0.041776221
-0.036287501
-0.044068262
-0.013836277
-0.0011728341
-0.021649292
0.046314731
0.016118214
0.0061012558
-0.051861908
0.084917687
-0.014088184
-0.058909733
-0.11595243
-0.035111878
0.039722271
-0.0087014325
-0.03302272
0.051752642
-0.04723696
-0.03020528
0.05876955
-0.035957199
0.017724803
0.019085968
0.031274058
0.060131527
0.0080490578
0.0070048524
0.010811815
0.026537325
-0.0095006945
0.052212249
-0.038325086
-0.028515916
-0.024062261
-0.037229665
-0.019938579
0.048964586
-0.00010182848
0.050817367
0.018547494
0.052655894
-0.018567644
-0.029203417
0.030284142
0.067266971
0.020173119
0.096872874
0.0056797485
0.04270111
-0.06109852
-0.005721855
-0.034489777
-0.0049752239
0.07787437
0.032883491
0.085053839
0.0067861527
-0.065118834
0.04666042
-0.054992963
0.027162522
-0.0062749782
-0.0085164979
-0.024078293
-0.077206552
0.030203328
-0.018941557
-0.032217123
-0.035628967
-0.011441893
-0.054393746
0.037912648
0.10663012
0.0093573416
0.053431116
-0.054577898
-0.0080264499
-0.046254542
0.01789324
-0.012615783
-0.022907356
-0.023223246
0.035801906
0.04919995
-0.04020289
0.00027002531
0.006744226
0.051937833
0.024627933
0.0091158533
-0.037119322
0.039917313
0.038385764
0.051583134
-0.017159956
0.041794591
0.04848849
-0.062651694
0.025131742
0.080854617
-0.025906028
0.066707052
-0.025392257
0.00060507667
0.017879203
0.0053099925
0.0034050173
-0.0089828512
-0.019479288
-0.035381354
0.04897587
-0.095888644
0.01759493
0.063174829
-0.0054950514
0.0056677158
0.040910475
-0.0055905548
0.0106245
0.02504544
-0.017204138
0.023371801
0.001683967
0.02688048
0.010738998
-0.089497872
0.072120167
0.016574357
0.019948177
0.0026456413
-0.024019061
-0.012430038
0.031403262
0.019386765
-0.011146278
-0.030508099
-0.056810051
0.028009556
0.035741493
0.045288544
0.011586634
-0.0060753804
0.017003398
-0.0325507
0.030779188
0.028589593
0.023906017
0.011909359
-0.073586732
-0.013589715
-0.017995041
0.063223951
-0.059828997
0.069346726
0.032730963
0.041162308
-0.12062456
-0.0031039638
0.057367634
0.055483315
-0.0031084295
0.01901504
-0.026760824
-0.095965073
0.012078569
-0.058828004
-0.07217025
-0.033377547
0.073159024
0.057571162
-0.0044860346
0.041732132
-0.075069323
-0.052310344
-0.089580663
-0.0062435823
0.0272262
0.063069977
0.036170814
0.010494253
-0.050759777
-0.094615795
0.019151544
0.057012714
-0.038689341
-0.056736924
0.023750907
-0.019332035
-0.045568243
0.053811193
0.020266136
-0.022235911
0.004386941
0.023454964
-0.057455998
0.073628187
-0.00075715536
-0.030650143
-0.058873259
-0.0064655878
-0.11033559
-0.025286241
-0.054502051
-0.027038703
-0.11714384
-0.038642637
-0.020018304
-0.0048985854
0.053317625
0.029199008
0.035453543
-0.063160822
0.069285333
-0.046536908
0.037502859
0.023878153
-0.018091192
-0.018625453
-0.024152622
0.063509077
0.0043275706
-0.01919595
0.014981023
-0.10448982
0.020736938
0.034042984
-0.019828815
-0.03793944
0.00027872578
0.023218147
0.061800122
-0.1005666
-0.084022447
-0.099628039
0.023479529
0.062710866
-0.045255776
-0.026342513
-0.018562173
0.055928025
-0.013918602
0.067892998
0.019151608
-0.076203004
-0.068208329
-0.018716093
-0.018695021
-0.021146566
-0.037286308
-0.099323459
0.0050387983
0.0086730896
0.004543385
0.045124706
-0.064083286
0.034280147
-0.043757401
-0.079504259
0.054874543
-0.10166049
0.0044729384
-0.010386684
0.038273849
0.023815436
0.07991682
0.024908468
-0.030825647
0.044745624
0.0090929344
-0.12011
-0.050746888
-0.055824161
0.056069482
0.093418874
-0.0031289016
-0.023590712
-0.028527208
-0.015655065
-0.020973394
-0.015204832
-0.051347323
0.02799836
0.020804284
0.022906573
-0.067068569
0.0066098045
0.022995114
0.067727499
0.01061766
0.016921291
-0.014747174
0.082996041
0.071869716
-0.0089435438
0.064876162
-0.084691934
0.0014395752
0.089033686
0.014272732
0.0024487458
-0.072191708
-0.044562642
-0.074773505
-0.011689309
-0.033485547
-0.020205062
-0.081671685
0.047237501
0.018914597
-0.14976324
-0.038087416
0.021586467
0.0086463504
0.0042385538
-0.026280226
-0.041581701
0.070182338
-0.013592024
-0.017730406
0.027760267
0.032146364
0.067934036
-0.06286519
0.064501218
0.031371374
0.048234053
0.013949557
0.031338561
-0.044716939
0.070848592
-0.11537326
0.07255014
-0.049654964
0.01844437
0.019350566
-0.039306991
0.029954743
0.070930272
-0.016105492
-0.025467036
0.085313618
-0.011564727
0.06585972
0.042101521
-0.007709878
0.0072988016
-0.043018553
0.011867005
0.022786587
-0.040145371
0.043975804
0.0042565437
-0.0049026636
0.048393391
0.019068962
0.022442564
-0.024066724
-0.065124653
0.084255412
0.017092083
-0.0048865755
0.035931472
0.03720849
-0.043819848
-0.026092114
0.036958594
-0.062428556
0.0538195
-0.01295303
-0.12136044
0.062451132
0.0022948103
-0.094926313
0.040640805
0.0038374944
0.081617862
-0.015325289
0.025634941
0.014727316
-0.066624261
0.058340181
0.048362993
-0.090086982
0.0018369963
-0.024534002
-0.082579456
-0.00015355436
-0.080931894
0.0081863916
0.013709891
-0.0225305
0.028956361
0.10048328
-0.026451005
-0.0109539
-0.018854855
0.055863064
0.030999936
-0.035010949
-0.0010838878
0.023262138
-0.051510673
0.038422212
0.0098664155
0.018133948
-0.14697509
-0.0038064932
0.0388643
-0.015536984
-0.0026302573
-0.0095165614
0.0017828037
0.031089189
-0.075850211
-0.050719682
0.071710676
-0.027659273
-0.03292232
-0.027909597
0.054644816
0.037128814
0.067857169
0.051324598
0.074651636
-0.13894747
-0.0010739914
0.0048691714
0.0072269123
0.0092348112
0.02837136
0.040540159
0.027989734
0.042400341
0.053428262
-0.020108853
0.0035876506
0.01014936
0.031758901
0.054963227
-0.040179837
-0.014802309
0.038480766
-0.047748066
0.027811628
-0.058140777
0.024434945
-0.013536731
-0.04135602
-0.016062438
-0.038701821
0.030698206
-0.02919046
-0.014995947
-0.097383849
0.06323842
-0.060793433
0.096448191
-0.023854541
0.04636969
0.017115051
0.08543992
-0.088642076
0.030275265
-0.029514907
0.0063220402
-0.011043129
0.017684421
0.030775968
-0.015729791
-0.0085927667
0.038946677
-0.017437227
0.049933299
0.024681251
0.0051132361
-0.017332476
0.025676947
-0.027360084
0.029353242
0.017949875
-0.0065870569
0.0049441829
0.013039281
0.032512307
0.058275227
-0.013886643
-0.074630998
-0.021987053
-0.013851033
0.072184317
-0.026189521
-0.028961036
0.051200461
-0.05914719
0.024323257
-0.067081198
0.021863341
-0.029168135
-0.023092911
0.021711519
0.016408013
0.015996361
-0.037402209
0.038274448
0.0060426644
-0.014506752
-0.0056208456
0.018471967
0.0058148494
0.00096454291
0.0099470587
-0.048131794
-0.021675594
0.0080485232
-0.045246959
-0.013199371
0.0086074201
0.094536729
0.0099499244
0.012235641
-0.050992731
-0.017836733
-0.015045519
-0.010463543
-0.053207148
0.076313481
0.036447134
-0.027233437
-0.041347452
-0.098043948
0.0184309
0.048120923
-0.094310872
-0.017579788
0.045221891
0.12408992
0.053312156
0.0026148076
-0.032285549
0.023730027
0.073009379
0.0040523829
-0.014503796
-0.038958296
-0.0089924801
-0.024225792
-0.00015054802
-0.031082058
0.0039076256
0.030532122
-0.032659531
0.047680356
0.01532562
-0.014938955
0.010109229
0.068360545
0.1023172
-0.013737069
0.038088135
0.055477239
0.017455289
-0.093104713
-0.046346728
-0.075456336
-0.068236135
0.045710135
0.034445666
0.078057207
-0.09427309
-0.044893365
0.032821979
0.013583187
-0.048366368
-0.054861624
-0.01372527
0.00087264576
-0.01352176
0.076008223
0.0048083388
-0.021391341
-0.01434337
0.020232052
-0.080033839
-0.055893257
-0.05517
-0.054836962
-0.012745946
-0.020631874
0.043503083
-0.071033709
0.064285085
-0.059818894
-0.0068747932
-0.074042074
0.02631318
-0.058240589
-0.046107631
-0.013413918
-0.045797832
0.055359662
0.081600755
0.011759745
0.026944879
-0.052904602
-0.093542263
0.086465143
0.087709129
-0.063630804
0.029633634
0.054602791
-0.039808653
0.0018990482
0.051756032
0.12881893
-0.055572592
0.094808802
-0.0017805003
0.03451607
-0.039281607
-0.081461556
-0.048786461
-0.011696019
0.020346321
-0.035778262
0.058119256
0.0090997471
-0.052897487
-0.0037644256
0.09294986
0.0022486749
-0.0051494478
0.010116282
-0.019559629
0.076939598
-0.02598653
0.0050072107
-0.063464798
-0.043681599
0.032034066
-0.0069287126
-0.046251372
0.031449948
0.038347047
-0.021441283
0.029128626
0.069912009
0.046118762
-0.017523393
-0.0473767
0.026829556
0.0028206583
-0.007708773
0.057539552
0.025382485
0.034963921
0.025408937
0.041438542
-0.052470971
0.017402977
-0.00077422854
0.075746827
0.024542348
-0.033251807
0.081012838
0.063186713
-0.039647784
-0.10951118
0.060666043
-0.066141613
0.021422761
0.022269789
-0.083186567
0.013624922
0.070567451
-0.034146555
-0.052956562
0.030389162
-0.036868092
-0.025088074
0.052835863
0.11097778
-0.0067273974
0.01718729
0.093573876
0.03005055
-0.0094256541
-0.014389877
-0.029524099
0.0074238335
-0.0292481
-0.036924426
-0.089177266
-0.017998911
0.030972622
0.040503073
0.018881204
0.016616888
-0.030831886
-0.042888757
0.045012157
0.037598398
-0.05661986
-0.04036596
-0.0057595731
-0.014437099
0.011849089
-0.063675225
0.041489609
0.01083686
0.015538952
-0.15104021
0.072061308
-0.24234791
-0.096290372
-0.1282146
0.010604425
0.019505765
0.08262711
0.045733083
0.052468516
0.068416387
-0.023544678
-0.014551829
-0.029462181
0.061111558
0.0087137856
0.0083938148
0.039465632
-0.074423008
0.017700668
0.067345671
-0.0010749522
0.0039804452
-0.040993847
0.024094382
-0.027665986
-0.026663365
-0.01943814
0.057431575
-0.020039471
0.032570329
-0.00015165265
0.034326132
-0.039905019
0.01287257
0.051645
-0.01727544
0.0059649893
-0.045184966
0.022370359
-0.066273361
-0.01672183
0.062496599
-0.067878745
0.017082168
-0.026990321
0.0094503732
0.0057121427
0.001497003
0.016288346
-0.02737671
0.045239732
-0.0031981096
0.016354704
0.0016200551
-0.103382
0.0012185504
-0.019506538
-0.12217744
-0.071003027
0.025060177
-0.0056020315
0.0025520348
0.054787382
0.019695468
-0.07111147
-0.024061918
0.10358541
-0.026736863
-0.077937357
0.053891391
-0.033746969
0.055579983
0.0031260692
0.060921229
-0.0069540902
-0.014602254
-0.0017972661
-0.024954276
-0.0047403369
0.024504663
0.063781179
-0.0028167916
0.013308916
0.032064732
0.0054695955
-0.042223297
-0.0059527024
-0.0025661488
-0.014143365
-0.013605149
0.031068267
0.01160905
-0.04482371
0.012777139
-0.027069699
0.023191199
-0.045921203
0.058561277
-0.0004125181
-0.034230463
0.070675723
0.00099972461
-0.028874017
-0.021777814
0.068976901
0.049342696
0.030806357
-0.060703147
-0.010410384
-0.021886485
-0.057511359
0.018113906
0.026410898
0.054065026
-0.1046591
0.045128006
0.025360901
-0.004712835
0.022795036
0.045859247
0.039985839
-0.048413649
-0.034431752
-0.062547274
0.0359345
-0.034302223
0.016642388
-0.097266726
0.0070188553
-0.027434776
-0.10787926
0.046828821
-0.022667209
0.010142585
-0.00068131334
0.01344362
-0.015031561
-0.0038944734
-0.06641116
0.0052954936
0.0029847734
-0.025301324
0.020938475
-0.043580826
-0.020458147
-0.041577384
0.016322494
0.013845947
0.0090471627
0.045492962
0.093416698
-0.011054476
-0.043642476
0.037133694
-0.0005734234
-0.031878732
-0.037115518
-0.016782096
0.0065656267
0.043042991
-0.051299229
-0.0071879975
0.048206922
-0.034629751
-0.057046805
-0.059222441
-0.050377514
0.034589659
0.0045828139
0.061647657
0.028223762
0.051098619
-0.0553177
0.042876124
0.042766768
-0.010084886
-0.0042412211
-0.082077853
0.057425085
-0.0028668719
0.050874386
0.045281708
-0.075734057
0.0082531488
0.013244663
0.044949722
0.0087666428
0.019892888
-0.020599814
0.012579994
0.027046239
0.061382663
-0.038045503
-0.034694795
0.053389832
-0.045282759
-0.013841317
-0.027678648
-0.016843867
0.025142919
0.049098667
-0.025635215
0.034391537
-0.012984045
0.048167076
-0.052647412
-0.038115662
-0.077768072
0.00086242351
0.024668286
0.0039498433
0.054105118
0.056991108
-0.059938651
-0.0089701833
-0.01455546
0.016361658
0.025967946
-0.066461615
0.037664168
0.028087948
0.013774952
-0.04162902
0.020969968
-0.07175348
0.088309787
0.0023529574
-0.072093651
0.085219055
0.093914159
-0.032388974
0.038129788
-0.032432489
0.054978233
0.016787436
-0.0064539351
0.0023536561
-0.0062387753
0.027635714
0.0061526797
0.1014327
0.045299053
-0.051193278
0.12083592
-0.033715904
0.056119867
0.0043621114
0.037005138
-0.04584226
0.039303791
0.023941405
0.043371588
0.0013360712
-0.052373778
0.048891068
0.0018533277
0.0077311387
-0.05825229
-0.025671458
-0.031206122
-0.10316619
-0.042760029
0.1196052
0.081410453
0.079106577
-0.06959299
0.015126584
-0.061198119
0.011040593
0.011566995
-0.03775575
0.026124462
0.016239706
0.010207582
-0.011005091
0.11573945
0.057700839
0.044948902
0.084172852
0.021259999
0.027524062
-0.077277228
-0.031036071
0.0052964343
0.015652906
0.0039559826
-0.10221997
0.023906233
0.026455041
0.012078488
0.0090759452
0.045649134
-0.027504718
-0.063068822
0.047859274
0.033446785
0.076507866
0.001870123
0.0051802211
0.056519669
-0.041198801
-0.0063814232
0.031429872
0.050681554
-0.031454451
0.015877599
0.030588457
0.0053548212
-0.060357969
0.049386077
-0.088820226
0.011720405
0.078448914
0.10379537
0.048967786
0.041670214
-0.029587992
0.032580577
0.016511086
-0.069640465
-0.039089546
-0.010351909
0.037248474
0.029844873
-0.0044980389
0.052051246
0.017294284
0.075664617
0.018140744
-0.046687435
-0.034279261
0.049164101
0.032205503
-0.052566815
-0.10309179
0.045334209
0.011869176
0.025629887
0.018922314
0.015713194
0.0032245067
-0.0016848051
0.041752525
-0.010970159
-0.031880498
-0.046083372
0.053871576
-0.015143536
0.0015950681
0.053963356
0.056936279
-0.0058707884
0.017867422
-0.018570332
0.055595681
0.027225124
-0.004703694
0.0069081881
-0.0041661663
0.01847256
0.0073233098
0.028578022
0.060865518
-0.0028469833
0.016832711
-0.073171943
0.034327425
0.011693121
-0.045544893
-0.047492389
0.036073007
0.021558231
-0.016763078
0.072726421
0.010788566
-0.016342076
0.02305918
0.04532532
-0.064105235
-0.037095755
-0.0076470631
-0.012232261
0.047835506
-0.028926603
-0.054540485
0.022648856
-0.053400125
0.016313419
-0.035107289
0.070208035
0.011456246
0.032094076
-0.021660773
-0.019453727
0.0034906622
0.0020974327
-0.023121787
-0.068864524
-0.019858155
-0.039789494
0.0057350909
-0.072176017
-0.043239832
0.066624261
-0.0068606278
0.052415907
0.047019999
0.020121826
0.030728567
0.067466952
0.012010262
0.044999234
-0.022671638
0.05179546
-0.042594731
-0.055735748
0.064560026
-0.044441245
-0.028712038
0.021469655
0.0018437493
0.01706465
-0.024041273
0.034013763
-0.06297528
-0.024888212
0.017792607
0.0042846943
0.040755626
-0.027716698
0.022925906
0.024439305
0.032454189
-0.018710217
0.036610536
0.03378474
0.0038930958
-0.037834525
-0.036989346
0.040520906
0.038331509
-0.011131122
0.01713297
-0.017976835
0.0032210797
-0.031320624
0.064947061
0.049728021
0.046579551
-0.097040132
-0.024341693
4.2790809e-05
0.027816813
0.006652711
0.023646574
0.037344243
-0.044237811
0.032128587
-0.055267822
0.030426705
0.046188664
0.046939112
-0.10545314
-0.053765256
-0.054720797
-0.079266243
-0.048390321
0.00086495205
-0.025250908
-0.0074170879
-0.042197339
-0.027089603
-0.037914705
-0.039616756
-0.0074144755
-0.13591702
-0.069215439
-0.010590124
-0.039170321
-0.046505392
0.030335261
-0.053998064
0.052918956
-0.031140367
-0.055827327
-0.075741
-0.022119587
-0.00399986
-0.076137751
0.0068162447
0.052268881
0.039756898
0.0085895127
0.015404848
-0.065407835
0.0080572022
-0.036988329
-0.095391721
0.062606618
0.063243866
0.034317791
-0.01527258
0.02009121
-0.028941808
0.014582748
0.029333469
0.040017504
-0.030581577
-0.082890168
0.011608127
-0.012866462
0.068514243
-0.00082837982
-0.0073506013
-0.042083338
0.017262954
0.053514175
0.0056374827
-0.016266629
0.02188872
-0.075025834
0.035719041
0.010339859
0.0093398849
0.046574458
-0.022690043
-0.024475692
0.013547044
-0.014574364
-0.0014272442
0.035096787
0.046061415
-0.018316885
-0.068379544
0.011827115
-0.0030789005
-0.019057538
-0.0018553411
-0.028555425
-0.020581858
-0.092646778
0.070601366
0.017336538
-0.017647507
0.021347275
-0.050886877
0.072288908
0.078650981
0.040364768
-0.055587161
-0.16159707
0.0084383143
0.03902895
-0.0021798788
0.027276462
0.0075983219
0.084330723
-0.0081381062
-0.015477579
-0.020456916
0.031663992
0.00050139503
-0.076403186
-0.012594187
-0.034806456
0.00149039
0.029224226
-0.0077100024
-0.0084554926
-0.096215345
0.0056544156
-0.094896197
-0.043322511
0.01386994
0.022742532
-0.0064296471
-0.0057038986
-0.014021535
-0.0035730135
0.010255337
-0.077767253
-0.011792492
-0.018342169
0.020787887
0.098692827
-0.043630477
0.074796103
-0.016696561
-0.041247647
-0.0075581903
-0.0064829839
0.018971909
0.029294435
0.0054981038
-0.099470094
-0.0062599648
0.0093722623
-0.038812052
0.026294135
-0.079412848
-0.099178955
0.012451558
-0.05440769
0.061149884
-0.054312073
-0.015222342
-0.070825972
0.030082479
-0.080763489
0.0076799011
0.11033433
0.043596607
0.08010117
0.097710006
-0.00067187526
-0.060424749
0.046092667
-0.10117045
-0.019948252
0.049473338
0.016764252
0.1123952
-0.076526485
0.03577628
0.031276405
-0.076090366
-0.098044716
0.012995115
-0.017593268
0.042683955
0.072372429
0.032518469
0.018422253
-0.06024814
-0.043294411
-0.034744781
0.011356845
0.028317867
0.023392161
0.019149603
0.08593104
-0.046509597
0.019582983
0.063562274
-0.075939715
-0.010617778
0.12418816
0.0043119905
0.0058482965
0.016049244
-0.069654688
0.045238949
0.092226796
-0.014459699
-0.020327272
-0.034710653
-0.068532966
0.064102717
-0.010213435
0.085448332
-0.016894305
-0.013207316
0.015339199
0.04801698
0.060224485
-0.031686854
-0.041190092
0.016226998
0.071531758
-0.025287401
0.031969298
0.0088825412
-0.11484357
0.1075533
-0.010700624
-0.0013853634
-0.047381517
-0.031124463
0.017668946
0.072164774
0.10416308
0.035850134
-0.0083147334
-0.019658227
-0.057633802
-0.033859476
0.027712345
0.073661603
0.018314114
0.18882558
0.10107719
-0.020378277
-0.084708892
-0.025072958
0.0069724424
-0.10992143
-0.05120286
0.066231258
0.092341423
-0.056213301
0.029863112
-0.020656575
0.047937576
0.03735514
-0.035305135
0.073473349
0.051359303
0.097983897
-0.043754626
0.051688325
-0.0031309263
0.068152271
0.04283648
-0.018559849
0.0079863733
0.039331697
0.02143942
0.0047308183
-0.036998246
-0.065316103
-0.055205163
-0.0092583261
0.004803143
0.050552782
0.068839066
0.036065217
-0.022651294
0.019723205
0.084774911
-0.073486447
-0.047847878
-0.043070663
-0.026221335
0.034162052
-0.036724795
-0.013899529
0.048021171
-0.051589694
-0.0072246557
0.030379876
0.081214502
0.061267495
-0.050513484
0.009399239
0.076078095
-0.068815552
0.00068100082
0.0013836643
0.045942664
0.034296144
-0.11227885
0.037096553
-0.020893293
-0.019918485
-0.028762786
-0.024554955
0.0051989178
0.039312281
-0.00089184806
0.081492506
0.012012298
-0.04258636
-0.030760052
0.017073456
-0.045851216
0.012767277
-0.02690679
0.012855942
0.027341262
-0.018168196
-0.11818801
0.044859394
-0.017172776
-0.011689266
0.0089755207
0.042021547
-0.041413821
0.043111231
-0.01441897
-0.018760735
0.080533989
-0.09533982
0.0013183992
0.073147908
0.016539929
0.023222791
0.013062519
0.011648382
0.060697962
-0.047482606
0.092831112
0.056670204
0.040041264
0.014626584
0.024874432
-0.025974302
0.067653716
0.014751528
0.026338637
-0.052423809
0.037418701
-0.0030354962
0.089670606
0.019385034
-0.033233739
-0.032741312
-0.048820939
-0.029693117
0.093981698
0.0073599056
-0.014756586
0.051227037
0.032819856
0.037826214
0.021619039
-0.029415226
0.059632923
-0.089804813
-0.0058350903
-0.0039300201
-0.029111333
0.076444246
0.021958703
0.046072491
-0.018600529
-0.028540444
0.049751859
-0.037643082
0.017297501
0.039974157
0.030387037
0.016644238
-0.079729579
0.018427446
-0.020112118
0.03013468
-0.042636614
-0.038859468
0.073199525
-0.10706717
0.061736435
-0.03279569
0.0033789661
0.096125573
0.047748502
0.010739493
0.0404642
0.051528662
-0.063893698
0.023260152
0.046626605
-0.04920448
0.0097462554
0.01920075
0.026650844
-0.028930906
-0.023888079
-0.13863888
0.067504905
0.041934483
0.012088695
-0.035802487
-0.17521861
0.054171607
-0.0042384756
-0.077217974
0.034255493
-0.033049267
0.011495657
0.057853553
0.13675679
-0.049235519
-0.039379466
-0.065602958
0.066463329
0.10547893
0.031996965
-0.093324035
-0.044643153
0.020571861
-0.095719837
-0.021276256
0.022864291
-0.019820802
-0.0067089447
-0.1570911
-0.075616926
-0.060511231
-0.16224654
-0.044400148
-0.034675509
0.029856538
-0.0049815839
0.019843336
-0.08497332
0.018892337
0.055172682
-0.042725205
0.045324862
0.036098763
-0.13654438
-0.01551374
-0.088359185
-0.048489667
-0.025222545
0.11426241
0.083570071
0.095250994
0.13461193
0.11899064
-0.022509398
0.072377227
0.0043631541
0.14411645
0.025559414
0.0086686825
-0.0048841084
-0.11874113
0.023170462
-0.069760464
0.001050696
-0.0061827046
0.056424707
-0.0079271616
0.024656577
0.11031523
0.079026625
-0.021126727
-0.020128267
0.18224792
0.090792641
0.022637285
0.066422634
0.05768938
0.10180359
-0.022016654
0.087167196
0.12762973
0.069224045
0.038480461
-0.072787106
-0.076684579
-0.079728991
-0.075021662
0.02676834
0.10593037
0.038126864
-0.086381793
-0.0027902056
-0.15200162
0.092377685
-0.028520532
-0.01513715
-0.082583524
-0.06816294
0.06561517
-0.08242397
0.077500686
-0.047313172
0.01851547
-0.064825743
0.051664818
0.068957917
0.12793817
-0.0086282352
-0.066106901
-0.020315718
-0.044576928
0.028229203
-0.039972585
-0.018125484
0.07411585
0.023168283
0.023025671
-0.059705168
0.14705822
0.098364063
-0.0071528764
-0.013857116
-0.11952446
-0.052566431
0.031351008
-0.029624039
-0.051614545
-0.033006489
-0.012403368
-0.0059988555
0.095583439
-0.0072994777
0.047631279
0.088118471
0.037595008
0.046035871
-0.068453044
0.020679314
0.0097606722
0.0041728346
-0.086905889
-0.047473513
0.0087095387
-0.034408394
-0.014143448
-0.0026514074
0.0031597849
-0.10815867
0.0053562522
0.13630909
0.084990546
-0.098270841
-0.13004443
0.030683409
-0.11079384
-0.014414392
-0.093657732
0.0099433046
-0.08184249
-0.03840173
0.068831787
-0.032983489
0.045262918
0.033623651
0.0099383583
-0.066350348
0.022809928
-0.064103812
-0.070349731
0.019815363
-0.050176904
0.017409224
0.04286081
-0.064297207
-0.099931329
-0.063464053
0.015431101
-0.049134139
0.10370671
0.014234594
0.090278372
-0.072898023
-0.05204853
0.04684867
-0.059128053
0.043910988
0.017777843
0.025345426
-0.059458353
-0.021618487
-0.0045700469
-0.031954881
0.015186672
0.025471343
-0.0050788103
0.008737497
0.068188034
0.034423087
-0.061687298
0.04340928
0.0019727249
0.014968905
0.01634803
-0.12324385
0.0060977153
0.048364513
-0.020336861
0.012752029
-0.05384893
0.019393664
-0.075944245
-0.0020534305
-0.0063334056
-0.015647149
-0.062997177
0.035005528
0.032677229
0.041665297
-0.082601376
0.025267992
-0.043371312
0.02907878
0.0280199
-0.12246988
-0.12013064
0.042301565
-0.076821707
0.018647486
0.08058618
0.1337381
0.11551508
0.053120717
-0.10042966
-0.043744326
-0.061087739
-0.0021252693
-0.0208416
-0.075573325
-0.070222728
-0.036073271
0.062914856
0.017411279
0.048903685
-0.020987466
0.078534365
0.005998617
-0.015910389
0.04163301
0.031132102
-0.04049148
-0.024484577
0.026596768
0.0092103053
-0.054835614
-0.028911339
0.046486955
-0.058184605
-0.0016869031
0.039073713
0.090656169
-0.018349763
0.066973776
0.074419536
0.074086174
-0.15389682
0.010933882
0.13213034
-0.026253888
0.0076786038
0.098303236
0.005497776
0.076903954
-0.10659482
-0.029477891
-0.056798913
-0.062630355
0.019195877
-0.075740553
-0.030444369
-0.001767161
0.030381011
0.073411755
-0.12466875
0.01716138
-0.055174887
-0.033438422
0.00092783273
-0.032763716
0.033875838
-0.041514248
0.025081437
-0.027846668
-0.031144477
-0.090486325
0.073810101
0.00049233681
0.096972413
0.023602726
0.034743533
0.038230065
0.03991567
-0.058876574
-0.031196337
-0.028072225
0.068060741
0.076048873
0.053153042
0.10270717
0.035496868
0.063208252
0.058554079
-0.034107596
0.017599335
0.044264805
-0.055594169
0.020401625
-0.0041326154
-0.078735687
0.042379707
-0.0060840277
0.051367033
0.070982851
-0.022386203
0.10885839
0.0075654159
0.051569697
0.0052129854
0.065412581
0.069329001
0.061310906
0.022669611
-0.0092389397
0.018014202
0.014516333
-0.061549991
0.020046134
-0.027765168
-0.052385706
0.023278723
-0.037904877
0.037475202
-0.050275102
-0.094961263
0.050529189
0.028735245
0.059431836
0.0039562732
0.0081776641
0.079336382
-0.036092509
0.046552673
-0.048634134
0.033178505
-0.068271153
0.0276505
0.0065849172
0.012197196
0.042945344
0.050444666
-0.029418403
-0.026961088
-0.04187094
-0.032550745
-0.029407376
-0.0024386314
-0.0086554857
-0.058087967
-0.12213929
0.08611612
0.054043606
0.020879675
0.024936112
0.089923754
0.012144866
-0.0080942772
0.033334468
-0.0057494934
-0.028469075
0.021260809
0.013501515
0.054025181
-0.045957234
-0.042074796
0.038016859
-0.079487585
-0.02851201
-0.030695386
-0.0025324614
0.069024988
-0.032866579
0.022003651
0.035480026
-0.029701697
-0.017272778
0.031617131
-0.026570942
-0.02670148
0.077771023
0.093053147
0.030127008
-0.0053988127
-0.0079613095
-0.017221183
-0.11990026
-0.022542782
-0.047272786
-0.028941425
-0.0091704903
-0.00051661988
0.047151905
-0.017131247
0.037154406
-0.0068682558
-0.0005888482
-0.04200916
-0.031712577
0.0295635
0.039477568
-0.034528267
-0.020879988
-0.0046309475
-0.1064306
0.068627618
0.0026804064
0.080604091
-0.021384608
0.006726122
0.060107697
0.035718545
0.026033234
0.031764705
-0.040267833
0.047225982
0.02142253
0.032057703
0.058000553
0.018432787
-0.00018450891
0.083625175
0.00064535497
0.001478637
0.066016689
0.03537605
-0.068220623
-0.10957065
-0.039650831
0.014565264
-0.0082790088
-0.03692038
0.016924985
0.053659447
-0.0018611517
0.0032413376
0.045984052
0.035254251
0.057693493
0.079679288
0.062201355
-0.077932611
0.049174648
0.027543714
-0.026017517
-0.052221265
-0.025521468
0.048012532
-0.0032258295
-0.012489741
-0.0037885802
0.033875007
-0.025287801
-0.082739897
-0.0048827417
-0.055734504
0.023858879
-0.066362239
0.017494939
0.012480824
0.005422886
0.039098691
-0.045508992
-0.069678307
-0.082474604
-0.0034490866
0.035012737
0.012927762
0.05914155
0.021070542
-0.081423245
0.0053581931
0.032730546
-0.024276298
-0.0067052539
-0.018104086
-0.051232379
0.0156764
-0.017326785
0.039630797
0.006312775
0.036906853
-0.074798346
-0.03713331
-0.061561715
0.023472857
-0.01400683
0.004089002
0.046693839
0.028454656
4.9344046e-05
0.033085931
0.030547373
-0.015556697
0.076831043
-0.036292594
0.0065836809
-0.0042093303
0.033101778
0.027037216
0.013674336
-0.091976002
0.005448963
0.038235139
0.017019318
-0.046167452
-0.051467437
-0.060752179
-0.01008751
-0.016985301
0.0034463929
-0.013858107
0.050689042
-0.0035160522
0.074065052
0.025621153
-0.023302065
-0.076988786
0.023500746
0.047937263
0.012538324
0.0018535991
0.040932566
-0.0033533482
-0.010964731
-0.050496709
0.017891502
-0.013887022
0.010280916
0.026162134
-0.050539184
-0.018476624
0.028529365
0.0027864738
0.005501498
0.0031263549
0.037453678
-0.031740472
0.0029742131
-0.051316328
0.022858562
-0.0086262822
0.026264688
-0.013769198
0.059930108
-0.065564662
-0.039813425
0.00040653895
0.012932351
0.06380336
-0.024886871
-0.022116212
-0.024905704
0.0020111331
0.0086835604
0.0060467757
0.036573716
-0.014284899
-0.015358433
0.022876393
0.0080366163
0.034496147
-0.061447363
-0.021995179
0.013431187
-0.034855504
-0.063916691
-0.10191386
-0.059899151
0.0056935567
0.068269782
-0.006581136
0.019181095
-0.0092989793
0.057552058
-0.020484734
-0.021818724
0.023775972
0.095621243
-0.034865785
0.067499883
0.055092469
0.069537118
-0.044652622
-0.079269923
0.053697769
-0.0011125369
0.042912703
0.024699625
-0.02103531
0.0058799707
-0.05679078
-0.0078631006
-0.0057399818
-0.0058503081
-0.0050569698
0.028657706
-0.048190497
0.01475387
-0.015454404
-0.040128659
-0.0083116703
0.0090009123
-0.020661827
0.00027056425
-0.030734686
-0.021154247
0.033022273
0.07098601
0.033674397
0.068177193
-0.036721129
0.056971755
-0.024907259
-0.0091857435
-0.077752769
0.05368197
-0.01067486
0.021891439
-0.047970396
0.013464917
0.035565462
0.0054631545
-0.043566544
0.034758776
-0.13966511
-0.084812634
-0.12308506
-0.0045054541
-0.039747477
-0.020814834
0.030504851
0.059923064
-0.02095657
-0.045180261
0.018155593
-0.0042244033
-0.015838217
-0.066051863
0.01385395
0.026840247
0.030495716
-0.055802941
-0.044408303
-0.034040887
0.043829169
-0.037766341
0.0012270977
-0.03420661
0.0076339333
-0.012975592
0.021651454
0.09163636
-0.079444006
-0.0077291266
-0.107191
0.094401546
-0.033258624
0.050497808
0.012973584
-0.014795647
-0.10115156
0.014567623
-0.056279209
-0.035647228
0.012057918
0.057307441
-0.11555003
0.017194472
-0.00070354092
0.032673195
0.052388299
0.02665839
-0.0098341154
-0.0529157
0.037388958
-0.042607978
0.049510654
0.051078033
-0.0015883768
-0.0062793521
-0.00067876751
0.024140168
0.10712676
0.058084927
-0.043930296
-0.039871179
-0.036139917
0.028713102
-0.010419804
-0.10392225
0.053486023
-0.031432007
-0.0066847596
-0.094523899
0.09204641
-0.083523832
-0.041931819
0.11188401
0.007572073
-0.071110018
0.094243966
0.10953243
0.073279686
0.11852096
0.0096239019
-0.0037008338
-0.040118448
0.029243605
-0.035429712
0.012710259
-0.0052265944
-0.15045632
0.027884685
-0.020830723
0.012285966
0.0013980106
-0.0078441175
0.077155992
0.023371289
-0.0015291901
-0.020101769
-0.19450712
0.018167607
0.0020577752
-0.053540032
0.0077077812
0.0010983578
0.078321025
0.0089218654
0.008003504
-0.061017871
0.0007585712
0.012125495
0.067966014
-0.047740813
-0.021292575
0.067130357
-0.00032575778
-0.092216365
-0.046339277
0.056808934
0.0072562885
-0.035993811
0.025972338
0.02330732
-0.058138244
0.0091491975
0.016525373
-0.093366891
0.034450822
-0.07710997
0.03632199
-0.0049508824
0.043120608
0.0015317351
-0.0033968983
-0.045532383
0.026876451
-0.079566963
0.064636
-0.015299249
0.0045019556
0.014023796
0.0055097542
0.036925592
0.054749712
-0.012950448
0.081033431
-0.026580527
0.051669952
-0.043741651
-0.0056110914
-0.0041365759
-0.06213719
-0.075966641
0.017928809
0.0089401919
0.064620323
-0.056921981
-0.010049631
0.055139281
-0.041871633
-0.098354988
-0.0488552
0.013240471
0.02526194
0.031019613
-0.031476818
0.00012283822
-0.020476041
0.052466735
-0.097202346
0.056980554
-0.037680805
-0.024415312
-0.03763232
-0.01820589
-0.072333962
-0.050753016
-0.096694134
-0.00055366784
0.059484661
-0.04639947
0.022931075
0.026587626
-0.02421161
0.030082654
-7.2986797e-05
0.040248264
-0.0055312943
0.0066123633
0.079630621
-0.010991756
0.013051015
0.023490448
-0.016636072
-0.073843569
0.1050014
0.068657435
-0.030131863
-0.0017543583
-0.062678613
-0.031819776
0.0127075
0.019126426
-0.021350497
0.0010905926
-0.063452937
0.043681089
-0.0096373204
-0.052253306
0.069790259
-0.047563516
0.018909926
0.026265148
0.010416732
-0.0047497521
-0.0033212095
-0.033718891
0.0095472494
0.031931091
0.016235104
-0.056765355
0.082933791
0.0058963182
0.0071013938
-0.034051288
0.055949606
0.027107848
0.040961407
0.027577905
0.021430783
0.092150159
-0.046789706
-0.018483041
-0.059531003
0.042944781
-0.0034641642
-0.012272081
0.027418589
-0.051772013
0.0037799792
0.034747288
-0.047618784
0.029771917
-0.048592541
-0.13007575
-0.044825297
-0.024695402
-0.081887223
0.025205066
0.030264098
0.013402387
0.027028427
0.0081341919
0.032960948
0.072810784
0.081185885
-0.0033644214
0.083159901
0.015963705
0.028027168
-0.0027495001
0.023863103
-0.062373493
0.024898779
-0.0054757702
-0.059615821
-0.058087461
-0.038436856
-0.10152376
0.010149041
0.02186341
0.078789003
-0.0039930292
0.037955675
0.015104288
-0.019010833
-0.039419428
0.1086445
-0.044530015
-0.028071763
-0.01350724
-0.020443784
0.023107989
0.004663764
-0.076075368
0.036642317
0.074263372
0.063547604
0.097150534
-0.059902295
-0.013088417
-0.072600946
-0.0095817829
-0.036087282
0.10349359
-0.051874947
-0.0087670581
-0.021193407
0.0026809289
-0.012115894
0.088865243
-0.04108328
0.032576717
-0.019171949
0.0030583637
0.015168927
-0.027294451
-0.020692648
-0.054488432
0.086000398
0.067853794
0.032780148
-0.00932026
0.01541393
0.024145655
-0.044063181
-0.048354637
0.029078558
-0.061598979
0.072977483
0.041508507
-0.048050061
0.035286501
0.061646555
0.014936942
-0.00027205655
-0.0072823223
-0.01448326
-0.015644113
0.014425362
-0.019027427
-0.011676825
0.021078153
0.0011850309
-0.024303846
0.0331099
-0.025205038
0.054941371
-0.030146677
-0.0068196547
0.021596532
0.034244269
-0.0024120596
-0.012592201
-0.089220256
-0.061194267
-0.0423613
0.012926499
-0.044168085
0.013676086
0.12690908
-0.079588532
-0.065241963
-0.022904543
-0.029954517
0.078139886
0.011098376
-0.030674268
-0.016011547
-0.05091206
-0.00654423
-0.12898567
-0.045449372
0.035205428
0.039300714
0.010508467
0.0018073879
-0.04397564
0.0051726657
-0.0096805552
-0.013677551
-0.059036523
-0.031478621
0.02958345
0.019933537
-0.052221518
0.058278326
0.10815889
0.067552835
-0.01602878
-0.047212053
-0.042236753
0.029192885
0.050739828
-0.022037439
0.0088303192
0.012593699
-0.042648233
-0.013185682
0.012857289
0.057314429
-0.0045824144
-0.006674944
-0.02391891
-0.011705383
-0.054104403
-0.063048013
0.044703893
-0.0058851438
0.048438396
0.031380121
-0.01617419
-0.047329094
0.0070054238
0.011657413
-0.020082278
-0.0066356934
-0.050264649
-0.017114544
-0.060171511
-0.023442829
0.015181161
-0.06229756
0.0095941797
0.044568844
-0.002894361
-0.059468579
-0.1041083
-0.097530395
-0.023769943
-0.030635852
-0.029380774
0.031659056
-0.019640541
0.02373335
-0.028621295
0.009299553
0.063575909
-0.020007446
-0.050688334
-0.025522662
-0.057407096
-0.036510993
-0.051858291
-0.046096481
-0.021106135
-0.055679914
0.031933498
0.0093856668
-0.06595885
-0.015720353
0.036500171
-0.035692193
0.054681502
-0.025279967
-0.016973095
-0.096954308
0.020306364
0.010551685
-0.0074675805
0.015972769
0.023383288
-0.01975706
0.036505736
0.0015508486
3.3808567e-06
0.033919394
0.013652912
-0.066610888
0.016847597
0.0060588052
0.016902287
0.013990364
-0.024576403
0.019512476
0.0016024162
-0.027672056
-0.017035026
-0.069606863
-0.042783264
-0.032892268
-0.004110083
0.00016002593
0.013219398
-5.4855096e-05
0.027295157
0.019569056
0.050805666
-0.022872424
0.014066709
0.0068314709
-0.063973427
0.094868347
0.050416723
0.075772032
0.025703108
0.022784315
-0.095150322
0.019493012
-0.029717073
-0.015407015
0.034838092
-0.031862423
-0.0047173756
0.052224841
-0.024747359
-0.016779069
-0.0015322682
0.062483493
0.056831304
-0.023173206
0.094042026
0.10363913
0.05336168
-0.058869727
-0.01981329
-0.07416869
0.020115549
-0.038810242
-0.051779065
0.029270167
-0.010712719
-0.01573037
0.051472634
-0.024585482
-0.072765939
-0.055263344
0.062377922
0.0058297883
0.042903278
-0.037620854
0.0058856905
-0.068117522
0.018642791
0.029070228
-0.0080507593
0.059506375
-0.012938073
0.048853233
-0.10722627
0.021065922
-0.11954144
-0.0036394503
-0.02738882
0.06111199
-0.066234611
-0.0041378331
0.025114976
0.01975533
-0.075772867
-0.16068792
0.057997935
-0.06881395
0.028051505
-0.054016382
0.063405618
0.035342261
0.017787442
-0.037007403
-0.01825843
-0.023092812
0.0042488072
0.033611402
-0.010376371
-0.023990374
0.020963468
0.03603147
-0.2168438
-0.11197857
0.043126591
0.0014484021
0.060331315
-0.0060406211
-0.0068698456
0.08205834
0.021981448
-0.039372534
-0.062803917
-0.023671182
0.042584609
-0.080738895
0.014906519
0.034599982
0.012187319
0.036487296
-0.064971857
-0.00052449614
-0.00080787728
-0.045421652
-0.051494453
0.068938479
0.043846779
-0.013791681
0.017457485
0.021945054
-0.093515009
0.0065512583
0.037155643
0.020147322
0.0031282152
0.035836257
-0.017217403
0.021408321
0.048420653
-0.058752291
-0.030463547
0.0016488543
0.059124887
-0.030599477
0.0075027933
-0.012115836
-0.040875919
-0.0017792048
0.051075913
0.03804937
-0.0090768542
-0.016637372
0.032949958
-0.043001007
0.0074661453
0.017898304
-0.074085273
0.058462687
0.054254584
0.038305193
0.082051545
-0.041839097
-0.012042515
-0.023329936
0.019627584
-0.054198913
0.017831959
-0.037006825
0.0089194532
0.022506574
-0.0082475133
0.057080775
-0.02301486
-0.02944703
0.042851456
0.05458888
0.031187376
0.0069197961
0.023048041
0.039610062
-0.0096211182
0.053309631
0.079523794
-0.0018339205
-0.011379684
-0.033298485
0.049162313
-0.049906477
-0.010571343
0.012495452
-0.034858339
0.05337007
0.00048629157
0.019562388
0.034345299
-0.026777292
0.023811823
-0.00040063975
0.071392827
0.034202892
0.035134945
0.059118275
-0.049989287
-0.066055685
-0.011875749
-0.049795564
0.047625046
0.035686024
-0.0048162849
-0.033253308
-0.06588731
-0.018041192
-0.013343331
-0.15275048
0.031337928
0.044678129
-0.042847645
-0.026348665
-0.0066539254
-0.058201082
0.039193455
0.00039105912
-0.065925993
-0.0050012679
0.063781112
0.013853686
-0.072086126
-0.045438875
0.015157858
-0.023333354
-0.07296481
0.044276811
-0.076060183
-0.048216514
-0.015078414
0.03708588
-0.02882614
0.018543879
0.066439644
-0.0043471693
-0.0076925298
0.02714666
-0.011410333
0.022406099
0.039848119
-0.063072979
-0.03856935
0.00096202752
-0.010515994
-0.036125831
0.044105586
-0.018877126
-0.049967017
-0.0083830785
0.042160287
-0.02686845
-0.036992013
0.058765858
0.034209739
-0.047842439
0.041077718
-0.0065358006
0.0044149095
0.028072219
-0.032520991
-0.017905043
-0.014885466
0.023993021
-0.008869092
0.0038242624
-0.027931858
-0.027204737
-0.027684458
-0.023563782
-0.028968357
0.022347152
-0.0077302689
-0.018798729
0.065981403
0.048741948
0.0030391698
-0.044976726
-0.067671083
0.053823728
0.0090412274
0.085795999
0.023591746
0.016205536
-0.089935184
0.024137056
0.00072275696
-0.038543075
0.0042796191
-0.050593499
-0.037154086
0.084051587
0.015797341
0.0069558821
0.029847205
0.010090831
-0.0019943854
-0.054434963
-0.019052645
0.044803094
0.063684292
0.016690219
0.036766887
0.070575684
0.0012649861
-0.0028212441
-0.051788907
0.0056981021
0.010060425
0.060847882
-0.0010496948
0.030553102
0.014462689
-0.0088392701
0.091241479
0.0098193036
-0.072454274
0.028680654
0.048095543
-0.001743071
-0.084937975
0.028241428
0.00074038043
0.022662546
-0.099713936
0.055177242
0.010373865
-0.023401642
0.028528884
-0.021224706
0.023462037
0.016955167
0.015379889
0.017326033
0.02369372
0.047800958
-0.044287793
0.041989908
-0.00020530318
0.050500549
-0.027152622
0.017268999
-0.034465306
-0.0074433275
0.031269144
-0.0016703731
0.049841668
0.02009418
-0.044528849
0.072459079
0.11539752
-0.084427163
-0.022352744
0.029574886
-0.11074051
-0.039379142
0.036546562
-0.04279346
0.055546746
-0.014219598
-0.044182833
-0.013701247
-0.031872798
-0.0047103427
-0.016954655
-0.0044618566
-0.013946687
-0.09222921
0.0064045489
0.081898406
-0.018453136
0.012833691
0.051955149
0.034468126
0.009517787
0.0024430505
-0.037598222
-0.034935396
-0.029686989
0.035239026
0.025888838
-0.12648168
-0.11745822
0.060658187
0.003181997
0.047181971
-0.047387667
0.024324322
-0.032379515
-0.074809819
-0.011531638
-0.048697289
0.059505377
-0.02252388
0.041138746
0.04199506
-0.007547691
0.027010215
-0.039682347
0.039990183
-0.044714417
0.0015865808
0.059385739
-0.017552335
0.0052800043
0.04579125
0.031378742
0.064678021
-0.06369029
-0.045222726
0.011943033
-0.011428287
0.089917712
-0.045321386
-0.040555451
-0.027982963
0.070796281
-0.013292043