-0.045726176
3.3812659e-05
0.02612056
-0.012543213
-0.043980371
0.050515953
0.020676792
-0.02269182
0.010528725
0.005901292
0.01964514
-0.023278434
-0.042939778
0.050615296
-0.041008718
-0.0078421598
-0.031711217
-0.020204056
-0.0080825677
0.005453825
0.015327823
0.061595693
-0.014124362
-0.016285274
-0.052634332
0.0066771773
0.014452795
0.044262104
0.046922106
-0.040196974
-0.00019888849
0.052274588
0.036185868
-0.024659434
-0.0077734673
-0.020623209
0.014792174
0.023932144
0.019687168
-0.017092669
-0.058628149
0.028737169
0.067977928
0.022971904
0.06497553
0.033881232
-0.013016899
0.023244893
-0.029877335
-0.019977661
0.026453299
-0.024039246
-0.030088939
0.006399917
-0.012259208
-0.033705279
-0.063634664
-0.027946703
-0.015721014
0.013484513
-0.010770441
-0.0041238149
0.021611072
-0.020856908
-0.0088648573
0.054165702
0.011990266
0.073110841
0.029745324
0.061262794
-0.005642903
0.072038338
-0.02310157
0.050239272
-0.058748469
0.032032833
-0.0086952988
0.036015317
0.0068308688
0.016989242
-0.018225772
-0.0020683429
0.0042243036
-0.0096955067
-0.038034283
-0.024734477
-0.00060466008
0.039181855
-0.029995626
-0.046835259
0.034493946
0.0094534522
-0.035025463
0.0060918168
0.032743298
0.0014239338
0.022994434
-0.034533393
-0.019074049
0.074654199
-0.010196295
0.062936738
-0.042390425
0.016648142
-0.014477347
0.07580705
0.011981085
0.043029997
0.0065024532
-0.033273403
-0.0094740801
-0.0097354595
0.033292282
0.0036544993
-0.0057705375
0.0088451011
0.0047973981
-0.032686193
-0.030291028
0.057738919
-0.034192383
-0.018101776
0.015004401
-0.05611331
-0.0014866296
-0.012182915
0.014758804
-0.036971118
-0.071474627
-0.034888551
0.037640642
-0.080053464
-0.044884447
0.077773027
0.049408384
-0.001993224
-0.02966642
-0.018976329
-0.023508286
0.048452184
-0.024712814
0.0030781953
0.04886584
0.021661093
0.068544872
0.083273344
-0.040599339
0.056088287
-0.019763561
-0.080014102
0.039475281
-0.035522409
0.064857468
0.1122602
-0.053732377
-0.0075196647
0.069757588
-0.033100162
-0.014680137
-0.019696333
-0.055169482
-0.0051521445
0.020360811
-0.11257469
-0.091949292
-0.030078953
0.0071526146
-0.0017955797
0.0036104594
-0.063404918
-0.043809272
0.045768999
0.011072853
0.044158321
-0.032181289
-0.039730672
-0.0070930663
0.011894902
0.016963668
-0.048962608
0.052605063
-0.074667923
-0.041654285
0.036284324
-0.087249942
0.0016007766
-0.031031618
0.039399799
0.01221115
0.066077508
-0.073878735
0.029822828
-0.043330099
-0.043198209
0.054554839
-0.03941837
0.10762417
-0.044685565
0.013354233
-0.039024636
-0.028088527
-0.051155586
-0.050312061
0.038671426
0.032179479
-0.00088494096
-0.070279762
-0.015632179
4.1519455e-05
0.05106293
0.053422995
0.040233895
0.02017865
-0.021560725
-0.028115546
-0.0025963073
-0.058372796
-0.076801881
0.059068318
-0.059615638
0.030267434
-0.0046496615
-0.041486487
0.038632732
-0.1412311
0.06094278
-0.011517546
0.068115115
-0.071257621
-0.083242029
-0.0041751331
-0.046658393
-0.025881104
0.043149926
-0.022265626
0.0036871021
-0.051797718
0.040151905
-0.02100621
-0.046126854
0.028326379
-0.0066449828
0.081533171
0.0094396835
0.016705863
0.037566993
0.019307908
-0.081834383
0.045842424
-0.0013987634
-0.065579392
-0.055252101
0.039206497
0.078842431
-0.081609465
-0.025291005
-0.011551604
0.043410432
-0.031047542
-0.14160071
0.026109632
-0.075713828
0.0011168637
-0.027834442
0.011459229
0.07407023
-0.0091440175
-0.025209242
0.028998762
0.056285679
-0.015198389
0.024902999
0.027398702
0.017475396
0.018579435
0.00048103346
0.025796451
-0.025916301
-0.01915236
0.10022829
0.044891044
-0.053968567
0.054944515
-0.055948604
0.038727701
-0.039857015
-0.050542936
0.053270914
-0.037277654
-0.026649594
-0.11175372
-0.024105644
0.13238096
-0.052513469
-0.011333574
-0.025784982
-0.037939657
-0.0040539526
0.0079423096
0.014611636
0.057769593
-0.019233231
0.035486743
0.029298538
0.0075309235
0.00022895745
0.058933306
0.039129946
-0.070543282
-0.026953442
0.068008997
0.0030556067
0.044641562
0.030939756
0.00022422697
0.051237654
0.066288568
0.012537044
0.015360314
-0.085125096
0.063170359
0.05084765
-0.091461651
-0.0095550194
-0.077345811
0.071053296
0.040859517
0.040801015
0.072333127
-0.084179521
0.04590318
0.0053599305
-0.037958145
0.034524355
0.058613203
0.050616883
0.042674035
-0.022459457
0.0099566802
0.0064485571
-0.08560282
-0.012831486
-0.011968118
-0.019707723
-0.039284103
-0.019123461
0.026065525
-0.00017719275
-0.019756254
-0.01096116
-0.0368037
-0.11848222
0.035173196
-0.098706305
0.028979188
0.027466506
0.035674721
0.13903192
0.038067441
0.04397621
0.029929807
-0.0059061679
-0.05385638
0.029310523
0.065188833
-0.028058188
0.00068340183
0.013436499
0.063857466
-0.020341357
0.0098645734
0.014537424
-0.027685987
0.027303558
-0.059877381
0.024506779
-0.014302334
-0.053560846
0.063601919
-0.14980073
-0.043174312
0.0079063848
0.079669304
-0.018341737
0.016568655
0.066887863
0.0090321172
0.08508154
-0.030316364
-0.020140521
-0.053385541
-0.013440301
0.0056606145
0.065327592
-0.045283198
-0.065342516
0.0041134837
0.04609023
0.10528891
-0.041157957
0.037104204
-0.046187274
0.038819008
0.020451875
0.057937112
-0.043313939
-0.0077069695
0.011546313
-0.076733485
-0.06233963
-0.00017716835
-0.028555354
-0.026012801
0.01652132
-0.01557392
-0.054095108
0.02699309
-0.021610159
-0.060101107
0.021559056
0.091259584
0.0123461
-0.0023771089
0.0050787586
0.018935818
-0.035726987
-0.051495098
-0.055759154
-0.0088708652
0.043205641
0.041875023
0.046780102
-0.0054720892
-0.010480087
0.017628772
0.026886664
-0.060076132
0.0098850206
-0.041688737
-0.0029984969
0.0083523309
-0.029568786
-0.0091996342
0.0074875522
0.091250107
-0.13179444
-0.017764702
0.021053806
-0.01572773
-0.11092687
0.0045888498
0.020155162
-0.037677135
0.0681298
-0.0018513494
-0.04980569
-0.03436901
-0.0031799839
0.01530931
-0.0094135087
0.01821927
-0.044699635
0.068152361
0.047186151
-0.079404607
0.089351259
-0.011956881
0.0046766414
0.013207639
0.013150312
0.13659656
0.028680474
-0.0063834493
0.024634348
-0.10453277
-0.025799209
0.029173307
0.039087955
0.045181207
-0.0020848529
-0.046453875
0.032654479
0.028891906
-0.069316447
0.0086817537
0.087141842
0.018670287
0.013138202
-0.021976346
0.02843811
0.051584855
-0.026944408
-0.043318041
0.053680625
-0.022422628
-0.033702936
0.0082004033
0.072156541
-0.025816878
-0.019232236
-0.041078828
-0.065816008
-0.037163202
-0.018436244
0.074702099
0.077416509
0.022087753
-0.033987422
0.0022859992
0.087093078
-0.014524792
-0.018421261
-0.0075245015
-0.070993379
0.037981819
-0.076267086
-0.015534536
-0.031851806
-0.0034770374
0.026148008
-0.0058825924
0.02225806
0.0060483646
-0.037163034
0.00076978316
-0.03001482
0.064434089
0.018289046
0.078730837
-0.0025414247
0.014780892
-0.014549727
0.0015904582
-0.038931496
0.039863769
0.021051558
0.0074006901
-0.053410836
0.054610267
-0.028910505
-0.025966095
-0.0091513479
-0.070298068
0.0087558655
-0.059002399
0.027134608
-0.034045208
-0.1318116
-0.098703668
-0.023216035
0.035699166
0.023842994
-0.021053111
-0.028316995
0.048558775
0.029554579
0.036539949
-0.042561781
0.00071854505
0.054928675
-0.031686239
-0.014456402
-0.098205134
0.065645263
-0.021047225
-0.064204954
0.034650307
0.012076221
-0.088933848
0.03696122
-0.024093924
-0.055634174
-0.018344134
0.054748997
-0.011500191
0.015934622
-0.062237199
0.034574572
0.0079180123
0.027530294
0.057875849
-0.0022290789
0.0026166069
0.011518034
0.048052292
0.01622233
-0.096780933
-0.047891036
-0.041802261
-0.043856204
0.050584719
-0.033767171
-0.071798153
0.028784843
0.024116136
0.0056583765
0.020092985
-0.010617515
-0.034726251
0.034209061
0.012164284
-0.027993727
0.030100657
0.057387687
0.068116069
0.015718644
0.010984623
-0.067026958
-0.044804297
-0.018861538
0.012159035
-0.056834061
-0.042379085
-0.0030805345
0.014424632
-0.052482206
-0.0085097142
0.03726317
0.02570268
0.074507795
0.0017515242
0.034120299
0.027875917
0.026367705
0.062498719
-0.043055419
0.064096928
-0.030077951
-0.027826255
-0.033808678
-0.052888844
-0.08021339
0.029385377
0.048832662
-0.052611426
-0.10596141
0.025792796
0.098977767
0.028337004
0.012180016
0.032274652
-0.016333362
0.029842349
-0.022667607
0.050528899
0.083007306
-0.026305206
0.013390794
0.02911162
-0.071634293
-0.0034311682
-0.027874259
-0.082316056
-0.020257851
-0.012430257
0.070036329
-0.10075801
0.065830126
-0.086132251
0.018747043
0.032333855
-0.071934916
0.095581584
-0.11437196
0.063942783
-0.043156613
0.047272399
-0.01871565
-0.014022084
0.042465277
0.015671672
5.805918e-05
0.068537265
0.022759445
0.0088661052
-0.014724019
-0.067500837
0.0016583552
0.0083940672
0.01111075
0.018208141
0.028336259
0.064929806
0.042188786
-0.084468514
-0.047682378
0.027421892
-0.0058129993
-0.010616176
0.03504964
-0.036844932
0.070252404
0.077895969
0.001122682
-0.057050236
0.032305803
-0.04076888
-0.029147508
0.11884136
0.10685302
0.00079728395
0.059451882
-0.037240408
-0.086385101
0.03811213
-0.035315923
-0.031317819
-0.19860193
-0.068040907
-0.10933957
-0.014496106
-0.076300725
-0.036957793
-0.052765995
0.0088032652
0.018565575
0.1285612
-0.017860001
-0.010838215
-0.032936122
0.079440206
-0.016670752
-0.0077519864
0.025647247
0.077635601
-0.026664224
0.052749567
0.045248095
0.011103406
-0.0081282761
-0.0095629245
-0.049394142
0.058758166
-0.081440724
0.014086864
0.053774584
0.021242827
0.026665295
-0.00032472695
-0.11726075
-0.017693028
-0.069501542
-0.051863745
-0.052902341
-0.039995022
-0.011135286
0.050997972
-0.14308295
-0.019619003
0.014045841
-0.026325932
0.0068331426
-0.10136213
-0.043604065
-0.15117608
0.04585211
-0.031416398
0.043533407
0.072443515
-0.075526468
-0.033870667
-0.010222469
-0.067467548
0.10987377
-0.02868614
-0.026361296
-0.062106695
-0.04368367
0.073617384
-0.045397475
-0.08045245
0.068963841
-0.00071733526
-0.060946811
-0.045950264
-0.014418612
0.011354463
-0.031773064
-0.018310109
-0.095947206
0.049860217
0.062505834
0.0057589705
-0.080434009
-0.0078356136
-0.081075616
-0.047355138
-0.029649453
0.014217081
0.00378206
-0.0020860741
-0.0056757499
-0.098844215
-0.064729244
0.0017065436
0.043506619
-0.054650679
-0.014418649
0.032722391
0.0011672076
0.021475306
-0.073921867
0.0092192981
0.017648984
0.096873768
0.049184125
-0.010902792
0.024595484
0.041728504
0.033769537
-0.045136765
-0.01372862
-0.020530859
0.0549527
0.036651962
-0.057852644
-0.0069631101
-0.0058708573
-0.0091712456
-0.067534864
-0.090987034
0.012274503
0.012301262
-0.023018831
0.0017759439
0.014521182
-0.024002906
-0.058898777
-0.053742643
-0.095677845
0.045251597
-0.00028291997
-0.068298772
0.033090401
-0.010768745
-0.0079715224
-0.045774203
0.027382918
-0.048823401
0.00019807898
-0.088435784
-0.023971986
0.036683951
-0.034331948
0.031815194
-0.0031915514
0.06312415
0.035847876
-0.055511501
0.0082759764
-0.00031882341
0.040154859
0.0066348314
-0.023621259
0.0607876
0.038127553
0.03988789
0.022615492
-0.018218026
0.030335516
0.017642904
-0.0033693186
0.018075923
-0.025930483
-0.057931237
0.004288807
0.0043469351
0.0084680701
0.075176276
-0.012300358
-0.078327939
0.0030581758
0.05599723
0.050386053
0.031844646
-0.032887798
-0.15729032
0.0021597636
-0.058771539
-0.01836146
-0.055970807
0.061359685
-0.10477221
0.029921481
-0.031380132
0.046379972
-0.046863489
0.011448355
0.017075157
0.030274466
0.027360518
0.032471821
-0.046852089
-0.0041056708
0.017416269
0.016261825
-0.035799541
0.0027005801
0.015180628
0.038933098
0.0091246562
-0.014851633
0.036877453
-0.057236142
0.085112534
0.04631358
0.0036135896
0.0089899926
-0.11213954
-0.048895936
0.04677967
0.081952743
0.05090173
-0.018542839
-0.033537414
-0.026170513
0.07127244
0.030663354
-0.015379761
0.048360661
-0.003149949
-0.08845564
0.019923838
-0.031164559
0.033761319
-0.017091516
-0.04783849
-0.04398733
0.061800566
0.066940054
0.026986528
-0.044581085
-0.010305149
0.01063966
0.076217018
0.030667908
-0.0007829321
0.0061649191
-0.013729844
0.047524314
-0.0041631195
-0.064230263
0.034112792
0.078754514
-0.051134266
-0.0039885198
-0.034224667
-0.041547041
-0.031098811
0.072632894
-0.042715866
-0.073471203
-0.013116965
0.053341456
0.016221922
-0.069446437
-0.074451856
0.029564288
0.01577845
0.035407223
0.01689771
-0.044124339
-0.056024972
-0.074038364
-0.073398642
0.057218213
0.007251055
-0.051252108
0.050093602
0.0021360572
-0.0010002635
0.12712012
-0.0096693411
0.0059174984
0.020479837
0.026866376
0.052345306
-0.023592489
0.056116693
0.034533195
0.031145912
-0.079760268
-0.035848957
0.019736759
-0.041367289
0.028455505
-0.054889321
0.032199301
0.065008618
-0.024802973
-0.040971983
-0.011281882
-0.0020594054
-0.011398898
-0.0066685257
-0.039623152
-0.015820114
-0.026085729
-0.056985669
-0.10976623
-0.032986052
0.053678036
-0.0012406701
0.031122452
-0.05702338
-0.031863499
0.016037604
0.086874865
0.022992609
-0.019845126
0.005894023
-0.0080126487
-0.087302208
-0.039882552
-0.025668472
0.040468689
0.022280335
0.065260187
-0.022752231
-0.019734597
0.051154122
0.027025651
0.063862219
-0.0088958684
-0.04542353
0.0058636526
-0.038053852
-0.09898147
0.011970789
0.035756867
-0.0055817454
0.0026850195
-0.038417373
0.047696043
-0.059218518
0.040848643
0.03649734
0.013024025
0.031997919
0.012151481
0.036660787
-0.065143161
0.061377067
-0.023985172
-0.0248344
-0.05350212
0.033438031
0.065975979
0.010376663
0.01379637
-0.017506471
0.036134187
0.0063584391
0.019119313
-0.015082567
0.045946274
-0.022916123
-0.019719627
-0.066768028
-0.030782908
-0.040113132
-0.004848246
-0.021942835
0.070983835
-0.018517679
-0.030673727
0.048779864
-0.015544977
-0.01433624
-0.021504771
-0.049015515
0.010613428
0.027325956
0.00049144286
-0.0056511047
0.035476603
0.0028403047
-0.039211862
-0.022911681
0.037301801
0.056867346
0.033564966
0.011802506
0.026873324
0.028373333
-0.0073867496
-0.093711905
0.02002869
0.030671179
0.075851806
-0.02282149
-0.031593811
0.047571436
0.037503231
0.0045522428
0.075734377
0.035189662
0.01774976
-0.098240025
-0.099656262
-0.078839228
-0.032028556
0.015540074
-0.0078917835
0.04582338
-0.0061049266
-0.053613875
0.0091247065
-0.0572032
0.057184882
-0.01824761
0.075079396
-0.079718009
-0.0099834446
0.0020206203
0.011978476
0.0040120385
0.071777329
-0.0050055995
-0.016652733
-0.016669277
0.0081488956
0.027282378
0.046131313
0.046060089
0.036253035
-0.02661055
-0.03990452
-0.001594493
-0.036785983
0.018452005
-0.00079871732
0.034453195
-0.051942885
-0.016016968
0.011075358
-0.0077196672
0.02515292
-0.01763005
0.022087671
0.042868141
-0.027621502
-0.06321945
-0.066718929
0.042153932
0.015796643
0.025112156
-0.058455825
-0.042264178
-0.058072865
0.05495565
-0.048023507
-0.015962323
0.097662143
0.01243952
-0.14384784
-0.027437072
0.033936486
-0.0081450017
0.021590576
-0.022124156
0.0050542401
0.013221709
-0.014723742
-0.044567559
0.032944404
0.013063791
0.073657148
-0.054010555
0.048630703
0.023111574
-0.045321062
0.047005534
0.041273098
-0.083805174
0.075630546
0.014781569
-0.0070692259
0.017413145
0.018366328
-0.019624216
-0.031728081
-0.025827713
0.044190306
-0.049237553
-0.033170227
-0.015602054
-0.022285484
-0.10027922
0.0034499476
0.025827309
-0.032850217
0.035899896
0.045551807
-0.011582686
0.075100884
0.062168315
0.0051235268
0.011638585
0.080667205
0.073623598
-0.062347759
0.074638024
0.066270046
-0.025105743
-0.04128775
0.028193101
-0.046203941
-0.11871672
-0.0012112078
0.052357677
-0.0037650224
0.042199105
0.07740736
0.017693464
0.0086823916
0.0071699671
0.083077624
-0.019904446
0.064276636
-0.020364383
0.063360594
0.05456391
-0.021335086
-0.0076922975
-0.015933184
-0.018489562
0.0010692843
0.0090802396
-0.0094895791
0.067546159
0.098230653
0.0061919354
-0.052226402
0.025106184
-0.0050868713
-0.049213991
-0.045025691
0.036853317
-0.0030493939
0.0079870196
-0.020442998
0.075943545
0.019134114
0.0044098319
0.0056216796
0.0045612669
-0.042090185
-0.029678367
-0.0049514868
0.025343828
0.051436912
-0.047790211
0.014410045
0.042684313
-0.0516553
-0.035491534
0.064570427
-0.078508735
0.11036632
0.036375221
-0.02646682
-0.036575947
0.079940557
0.045467462
-0.02117813
0.040149815
0.0037017171
-0.020490399
0.047503654
0.0429595
-0.037936855
0.029265665
0.008098105
-0.012274119
-0.077287935
-0.012583445
0.044132438
0.024662541
-0.039350271
0.060227718
0.014769956
-0.040377222
0.068399042
0.0064448006
0.038116623
-0.067123391
-0.0047997683
-0.032922171
0.00097195635
-0.075147361
-0.082031474
0.018633636
0.063302577
0.10676424
0.017561508
-0.00085277646
-0.06325727
-0.010569049
-0.062343631
-0.053863116
0.014799275
-0.017274376
-0.069572076
0.015079531
-0.10186007
0.017684139
0.040175535
-0.037054561
-0.038260564
-0.0021082545
-0.079684623
0.081763558
0.049822152
-0.0024552597
-0.012568417
0.095230594
-0.0091938758
-0.018799301
-0.041993242
0.063802488
0.00095591065
0.034619249
0.0038616944
-0.060123131
-0.060911488
0.049570076
0.046274945
0.0096886782
-0.020800536
-0.065475151
0.054083824
0.00048408427
0.069368668
-0.011097105
-0.017629582
0.025868529
-0.041197717
0.041482139
-0.051325485
-0.057153299
0.0076943939
0.027128646
-0.012991922
-0.056187123
0.055457126
-0.048706211
0.0010295487
0.041327383
0.023764571
-0.006075982
-0.019210298
0.027478315
-0.035164922
0.10485716
0.010881915
0.036791667
-0.038405035
0.020014694
-0.012507821
-0.051802009
0.015354224
0.044892181
-0.0061280187
0.082198538
0.047317166
0.067627802
0.024089474
-0.047650773
0.01179262
-0.010756419
0.0035050272
0.02062653
-0.023009269
0.057784505
0.025192222
-0.046268135
-0.0085617993
-0.00057668879
-0.11874261
-0.0037562929
0.01162313
-0.09362638
0.0029412473
0.057004891
0.0041759769
0.03663902
-0.1038606
-0.14479567
0.045453876
-0.050968185
-0.0043996456
-0.053740799
-0.047274482
-0.12314653
-0.0063617877
0.035798755
-0.07053557
0.026343465
0.029227547
-0.013765269
0.080470748
-0.011981984
0.0045724665
-0.059500325
0.051737081
0.033456519
0.02679972
0.014150234
0.059424475
0.02785906
0.053576756
0.12435792
0.021001585
0.067432366
0.015810493
0.047857791
-0.0933448
0.033032801
0.0019650045
0.0029856013
0.044091739
0.079056181
0.020001631
0.060788065
-0.042234696
0.0031385894
-0.070189953
-0.051092997
0.020953309
-0.022884423
0.073859811
0.130036
-0.034232628
0.015126673
-0.0166384
-0.01912456
-0.026099797
-0.059276469
0.030182565
-0.024442969
-0.013713263
-0.011412211
-0.060460068
-0.044654518
0.072164156
-0.015276123
0.02433777
-0.029211124
-0.0066717155
-0.027334306
0.056142941
-0.0016335397
-0.023320958
0.052823599
0.046819087
0.0082457243
-0.006255433
0.063929968
0.028156869
0.011258897
0.074662559
-0.0062586009
-0.021138053
-0.032595605
0.020246543
0.0039605121
-0.17264697
0.071531169
0.1202479
-0.058563083
-0.063039102
-0.11038809
-0.034870785
0.0056129377
-0.001446674
0.02385976
-0.016320638
-0.019496061
-0.018885262
-0.0020169811
0.068184987
0.01184501
0.0066251839
-0.15383072
0.019419137
-0.019270441
0.026937149
-0.065653175
0.037844986
0.15799069
0.032595523
-0.0085551506
0.027265487
-0.064156681
-0.006574044
-0.058558222
-0.040253751
-0.014745014
0.011613813
0.039024662
0.026350455
0.031247422
0.0065590329
-0.040531553
0.039973874
0.10031024
-0.012600979
-0.010615004
-0.010460272
-0.068605617
0.022474194
-0.075170606
-0.0028936518
-0.042684358
-0.013899991
0.010166911
-0.015933668
0.041048784
0.14171219
0.01938379
-0.036204215
-0.056161687
0.039394993
0.043145899
0.047116507
-0.0085813031
0.021695482
0.038196374
0.069035895
0.0011431832
0.014693866
-0.010222233
0.051125728
0.038879398
0.054244835
-0.03754364
-0.014845029
-0.067816623
0.0039941054
0.01541101
0.057026483
-0.011057903
0.027202925
-0.013094503
0.066647433
0.020431506
-0.0079988316
0.036086101
0.059732854
-0.0021482315
-0.022924216
0.0429589
-0.016966958
-0.017086241
0.030013034
-0.10690641
0.0075519164
-0.042183589
0.039485164
-0.047295153
0.069991931
-0.033561584
0.0037612722
0.052364226
-0.0036988184
0.040366486
-0.057984017
0.020454235
-0.059106715
0.02101906
-0.060186595
-0.02686489
-0.024766374
-0.021759119
0.0059830975
0.03697224
-0.046384227
-0.051877245
0.028675508
0.013495935
0.090641245
0.055892643
0.036152259
-0.024028145
0.050782688
0.012207252
-0.062373541
-0.0046621352
-0.034013357
0.014916057
-0.035106286
-0.076894775
0.027475409
-0.034827422
0.048710998
0.010527355
-0.026927123
0.00033578608
0.022621395
-0.020058244
0.031559072
0.071380146
0.048006095
0.057707224
0.010484602
-0.010316334
-0.049529944
-0.10582882
0.025956824
-0.013555009
-0.03313667
-0.10394155
-0.042511474
-0.043445356
-0.00029789546
-0.063649923
0.044419568
-0.055367574
0.0061448752
-0.090592019
0.0023812384
0.021167064
0.036384705
0.00053159299
-0.020416263
0.014707261
0.0031543255
-0.053702276
0.027309548
0.031648308
0.056061823
-0.10942755
0.021270394
0.017581245
-0.026959334
-0.053244848
-0.038532931
-0.064222962
0.027456231
-0.0045225541
-0.036793191
-0.051468778
0.013866478
-0.018367026
0.035812981
-0.022142379
0.032068718
0.020807577
0.06190832
-0.046775199
-0.00045063847
0.013169433
-0.015855176
0.044068325
0.025533015
0.058905285
0.016231
-0.007038116
-0.0060914177
-0.027409626
0.036789365
0.0043877582
0.079206422
-0.025307693
0.10887385
-0.0074018198
-0.077364728
0.057564389
-0.057287402
0.037494875
0.051328961
-0.034663584
0.021990256
0.13197067
-0.034616798
-0.0074322
-0.097515032
0.058557786
-0.0080958363
-0.065137118
0.016230837
-0.10887221
0.012991318
0.068461284
0.014835076
-0.03293604
0.010171201
-0.034226958
-0.094062686
-0.055897471
0.038377289
-0.024311157
0.0059736813
-0.046553127
0.079498067
-0.039814111
0.037186004
0.024214979
0.036718149
-0.033705216
-0.039118607
0.042972941
0.028014444
0.0020836848
-0.0035977096
-0.035516404
-0.05348001
-0.016805658
-0.025631089
0.00011072528
0.082300939
0.043243013
-0.044783488
0.00036733839
-0.018904615
0.032450095
-0.0085603725
0.07315328
0.0072163953
0.0094048101
0.025340844
-0.069086514
-0.0026291476
-0.035270043
-0.017342778
-0.0017654974
0.039880551
0.068320699
-0.077594236
-0.039870594
-0.12147561
-0.11671218
0.13610595
0.040937349
-0.10696284
0.022252608
-0.075085253
0.008663794
0.0022559965
0.03594742
0.026195025
0.0078278035
-0.0074018352
0.074007556
0.032103021
0.015462096
0.012048416
0.091417842
-0.044460144
-0.018736251
-0.070735097
0.018541504
0.1012775
-0.097196959
0.093882605
0.028496349
0.012228715
-0.10205065
0.015665973
0.085516363
-0.025302658
0.028115142
-0.0068628718
-0.0086865593
0.0052999747
0.14584169
-0.015515108
-0.023747515
0.070404403
0.010912905
-0.002272326
0.15013412
0.1115761
0.053043745
0.006054481
0.00066460762
0.046014089
-0.011468098
0.032315187
-0.11966743
0.051582523
0.028190622
0.0021770603
0.018277036
0.0043633096
0.12551205
-0.051926099
0.048451006
-0.083474778
-0.036820222
-0.065027051
0.068460219
-0.006231816
-0.0080809202
0.017519275
-0.027694684
-0.0307828
0.033689104
-0.089077756
0.087530039
0.014510647
-0.021119619
-0.068886109
-0.053912964
-0.019807324
0.055005904
0.041060094
0.034127984
-0.10613115
0.045561947
0.018702893
0.0095145889
0.029694486
-0.070908986
0.02570072
0.03617527
-0.09216854
0.060193446
-0.0014491488
0.0028229968
-0.037541632
-0.018920677
-0.056774765
0.063993409
0.047696415
-0.023600731
0.020582123
0.014350696
-0.018239392
0.068152472
-0.0036477156
-0.055499997
0.043991275
0.028641354
0.024434816
-0.018843381
-0.094714716
0.035669219
0.062747903
-0.036938019
-0.032114729
0.039121389
0.020695508
0.033031516
0.086381346
-0.016621094
-0.012783424
0.051505387
-0.0273109
-0.02071801
-0.025983676
0.063337266
-0.076466843
0.041409366
0.027099987
0.032306604
-0.0086005609
-0.10162573
-0.0040528448
-0.10137352
0.060990494
-0.031544659
-0.056461927
0.055192962
-0.079387642
0.027515724
0.024658184
0.034188993
0.025989255
0.0083133122
0.055877458
0.0117753
-0.066537626
0.042681526
-0.024915146
0.047961019
-0.0088135423
-0.0042642481
-0.021606063
0.015667956
0.035574142
-0.081026278
0.026542798
0.024136199
-0.013091768
0.0090181157
-0.018724378
0.028278993
0.049461145
0.030352587
-0.11760055
0.028318249
0.064573884
0.024030194
-0.005772477
0.0059911641
0.045141481
0.028001895
0.012084031
0.040239491
0.032507669
0.010190771
0.020324981
-0.0065152687
0.023255639
0.0338521
0.016342556
0.00683431
-0.044255994
-0.049267754
-0.0043302625
0.062876388
-0.029065154
0.10793886
-0.0058300239
-0.029497745
-0.011330205
0.077663891
-0.030149614
0.010054239
0.029371532
0.070933111
0.023215467
0.056959663
0.035702489
0.10392403
-0.00082030002
-0.036412954
-0.054658473
0.0066566076
0.071448825
0.024492063
-0.078137659
-0.022333704
0.12459659
-0.011707683
0.0095035285
0.0054348488
-0.050898053
0.0090337247
0.018001882
0.021671982
0.044614788
0.072746612
-0.038859557
0.01574857
0.044769574
-0.011520948
0.043070845
0.035303723
0.005520097
0.048688024
-0.061848972
0.048322104
0.063394144
-0.029898055
0.086989596
0.013048647
-0.0002034543
0.013826799
0.069222584
0.027389407
0.055505238
0.010497638
-0.0710731
0.020073356
0.067282975
0.053661231
-0.0099247284
0.08560171
0.036036253
0.06529513
0.070729926
0.056788422
-0.077759549
0.010119123
0.012993008
0.08723601
-0.032355648
-0.016609764
0.027662214
0.037141897
0.026187439
0.022055048
0.038785376
0.017243642
0.0031018371
-0.0077491095
-0.068694331
-0.014917362
0.047123145
0.058827106
0.054439269
0.068476833
0.14506347
-0.01296837
0.089767352
0.00073955342
0.025937188
0.026004108
-0.071243174
0.030114872
0.038308337
0.066028677
-0.024686435
-0.010083092
-0.0023099228
-0.051628187
0.0045357589
0.011911455
-0.051279735
-0.036407832
0.0081509007
0.0021879647
0.016519928
0.013649459
0.065790407
-0.020346478
0.006097117
0.016746914
0.037396565
0.0016395417
-0.086780824
0.037615694
0.0011478738
-0.011553571
-0.016375037
-0.022125278
-0.027971327
0.0074262093
0.10378208
-0.064079553
-0.091293305
0.024767825
-0.0016027773
-0.053089794
0.0074424343
-0.012288238
-0.070604332
-0.05981902
0.051334772
0.018990729
0.0044033574
-0.024991985
0.0072375853
0.0099288458
-0.080479667
0.069980413
-0.067287594
-0.073744319
-0.014916806
0.024456361
0.0047033587
-0.059951082
-0.011963318
-0.0048988252
-0.050357066
-0.019926062
-0.064339422
-0.016879557
-0.02679727
-0.0054649133
-0.0069186194
-0.0051587569
0.0085838633
0.031008091
0.018257068
-0.0086886045
-0.050412916
0.065110229
-0.026742257
0.033177897
0.065302067
-0.0034568335
-0.025552003
0.013116344
0.0056734746
-0.0049736816
-0.046164643
-0.021200255
0.042815875
0.06507466
-0.01793422
-0.051819913
-0.014244061
-0.053037524
-0.053444482
0.029566793
-0.012128885
0.040554862
0.043687347
-0.044592306
-0.037021738
0.076970249
-0.032271054
-0.031830531
-0.045964312
-0.055003695
0.07329382
-0.013692885
0.042793855
-0.026870813
0.039295331
0.035935048
0.018718958
0.034561478
-0.052950028
-0.044530392
0.10376181
-0.044975314
-0.0055305697
0.016522413
0.014891387
0.0097567271
-0.00030558128
0.033257533
-0.026353575
0.019217836
-0.0280258
-0.025261261
-0.031914026
0.05037808
0.016800229
0.033796109
-0.031380031
-0.016827758
-0.036226831
-0.01581469
0.053507034
-0.050154213
-0.059759382
-0.0089289043
-0.0024096775
-0.025202911
-0.0077154264
-0.04300525
0.0068274201
0.035025518
-0.051254615
0.016748443
-0.10207274
0.0089428807
0.1003249
-0.085883901
0.071414806
0.019812427
-0.060445212
-0.015321652
-0.028930299
-0.13017757
0.0083113788
0.022315543
-0.030782172
0.047891963
-0.048469309
-0.034116782
0.01485684
-0.030288117
-0.036163349
0.04100658
-0.026441371
-0.040587764
0.014669058
0.040101282
0.025688956
0.023505142
-0.035120871
-0.029354209
0.023642341
-0.074620783
0.031945098
0.032645773
0.0028366279
-0.038199872
-0.012515522
-0.041355956
0.023327652
0.08228077
-0.0017610149
-0.064452127
0.0021618395
0.051192503
-0.054501873
-0.063690141
0.049238488
0.036120873
-0.044424478
-0.083366513
0.017697908
-0.026433829
0.052865393
0.029666489
0.033492744
-0.034313519
0.03418833
0.030452769
-0.04896735
-0.021326324
0.024556281
-0.0059970948
-0.014143377
0.012431563
-0.0030659789
-0.0097992532
-0.022188384
0.010899629
0.028898612
-0.035054944
-0.020947242
-0.04380767
-0.0073093041
0.04942983
-0.020061394
0.022372814
0.062308285
-0.16473593
-0.014407063
0.036171917
0.01946971
0.047103222
0.0071390942
-0.076341949
0.0038008871
0.0073824325
0.0072710393
0.018566379
-0.087373421
-0.092177227
-0.045787532
0.0079337144
0.022312352
-0.088203572
0.067982666
0.030554464
0.015643241
0.010569009
-0.0083971415
0.100253
0.059159189
-0.025053548
0.0083641224
-0.015026423
0.03861881
-0.056640528
0.018426955
0.0433494
0.00033217217
0.016451383
0.0011547419
-0.12033085
-0.010115329
0.0058980025
-0.00043461929
0.058989387
0.054124765
-0.039995164
-0.01595949
0.11847471
-0.011108172
0.0008022738
-0.0016565265
0.031325005
-0.050094295
0.011801965
-0.061395966
0.06800741
0.0015566322
0.0028895831
0.0052695605
-0.03980004
-0.10804353
-0.052149996
-0.026766717
-0.034243871
0.078465089
0.028764181
-0.0031174552
-0.0026945565
-0.075777546
0.040202361
0.088823274
-0.074279286
0.073424257
-0.022987584
0.0096627874
0.0021220541
0.078163117
0.049024105
0.033665005
-0.0098843677
0.051336966
-0.061977282
0.037506808
0.0042890273
-0.025928296
0.027799588
-0.056821413
0.008175727
-0.12361024
0.039556846
0.027041541
0.025030084
0.036313023
0.0063390909
0.013280601
0.028635904
-0.038160417
-0.061163019
-0.0058848737
-0.012716639
0.048282493
-0.022213191
0.033735596
0.021796856
-0.0277596
-0.12396235
0.099625021
-0.049577564
-0.061666138
-0.04582167
0.0054612062
0.044465151
0.0053343573
0.054460429
0.083616219
0.022821743
-0.087307498
-0.021114571
-0.076446116
-0.052421991
0.061361168
0.063400432
-0.047438975
0.021711007
0.084909819
-0.002783651
-0.035128508
0.021016642
0.03520428
0.013765521
-0.024833532
0.041474197
0.054106656
0.040580209
-0.021127025
0.032253738
-0.037202686
-0.028704949
-0.041582722
0.045859613
-0.0016279501
0.049481496
-0.088390335
0.047479596
-0.043783296
0.0032273219
-0.005045251
0.027849175
0.076755509
-0.053849664
0.054353941
0.014829104
-0.03914123
0.047222253
-0.061830156
-0.0065678935
0.017964398
0.029702317
-0.082628258
-0.096319236
-0.02661496
-0.03385976
0.042941339
-0.015133203
-0.092026174
-0.012283091
-0.1066024
-0.041610263
-0.068472907
0.044197481
-0.05170219
0.02430903
-0.027121661
-0.06140881
-0.030231191
-0.023681728
0.034727544
-0.0010459167
-0.12474449
0.027875531
-0.03870314
0.049253352
0.013218735
-0.011035121
0.0509222
0.0045017935
0.0057293754
-0.01860524
-0.057692252
-0.01134738
-0.02696239
0.06337636
0.066316232
-0.03959316
0.093115605
0.061483443
-0.017971076
0.015214018
0.063530535
0.011732895
-0.0026190565
-0.0530896
0.019596878
-0.019505955
-0.040752914
-0.014428069
0.039364405
-0.019076308
0.010128051
-0.032449123
-0.010107396
0.0070607434
0.10602021
0.0074436939
-0.022146996
0.074307881
-0.043559909
0.0666392
-0.048699334
-0.019098042
-0.015613637
0.043739486
-0.079993218
-0.077877328
0.050043136
-0.015892031
0.041583344
-0.05535816
-0.024572454
-0.040402818
-0.062902503
-0.038169805
-0.092073262
0.059650939
0.024196073
0.0058693755
0.010210067
-0.014535599
0.04682523
-0.068951555
-0.01478751
-0.082683869
0.03288601
-0.00028909626
-0.041709911
-0.0020539057
-0.032710589
-0.044789109
0.030286586
0.033052702
-0.0011370933
0.057722904
-0.06478209
-0.013046793
-0.033550326
-0.0064354967
-0.012958919
-0.034861654
0.045902304
-0.067427881
0.025356131
-0.0064268224
-0.041403834
-0.068796687
0.0015171353
-0.018056378
0.060167015
0.022781905
0.0040805805
-0.0372709
0.036291879
-0.025864044
-0.061147045
-0.062694743
-0.044728778
0.0091657015
0.001676784
-0.01141212
-0.075758733
0.002693492
-0.095534399
-0.064616896
0.015631448
0.006008477
0.0092832809
-0.038151074
0.034274954
0.033126466
0.049597621
0.068498388
-0.037830047
-0.043414839
-0.04604724
-0.078235865
-0.0058215722
0.0039179474
-0.0072871158
0.0061612651
0.086528771
-0.012009899
0.0052013937
-0.078044444
0.044777468
-0.057654012
0.046057373
-0.0049873623
0.040990435
0.074693613
0.069593564
0.047640182
0.0090246154
0.021222385
-0.010340217
0.015371664
-0.0053377207
-0.01049799
0.062457539
-0.098575138
0.043938782
0.012944226
-0.034973178
-0.045194566
-0.010376025
-0.12166289
-0.010178103
0.03454154
-0.057089694
-0.039550655
-0.020084411
-0.079285502
0.010962551
-0.014061354
0.026707115
0.034688789
0.016974714
-0.064885937
0.056442428
0.015686989
0.075527422
0.029367566
0.030341361
-0.017600209
0.035393097
-0.054582547
0.070791394
-0.070815042
0.023955626
-0.05457605
0.017620301
-0.065687947
-0.0061299163
-0.033984996
-0.053133171
0.026197197
0.042759843
0.051624488
-0.014963487
0.014108808
-0.077625878
0.018436061
-0.081306167
-0.055691104
-0.020530639
-0.093788818
-0.067814827
-0.078961007
0.060646076
0.023789564
-0.044169851
0.050077513
0.0077287261
-0.0207728
-0.0087803164
-0.040438734
-0.041458201
-0.070316665
0.072357632
0.060869846
-0.049220234
0.073613696
0.050631285
0.022331323
-0.025707172
-0.01966792
0.060821258
-0.005068237
-0.011583995
0.025806488
-0.0080061005
0.059395984
0.034001645
-0.04220593
0.015091923
0.034386724
-0.0091575161
0.0040361336
0.0078157606
0.029488545
-0.010896324
0.043445423
-0.0073098154
-0.037632816
-0.055645157
0.076629661
-0.058294948
-0.066353209
0.0049159741
0.028834993
-0.01098347
0.028200353
-0.022225924
0.042246722
-0.10906694
0.081968151
-0.011504458
-0.035182428
-0.010968423
-0.05143851
0.046449535
-0.026269477
0.022480899
-0.070955709
0.026913872
0.052366208
-0.0055407058
0.067154646
0.040873274
-0.00030218519
0.012187547
0.041496649
-0.052833177
-0.068740025
-0.038025014
-0.0084532266
-0.1121963
0.0036747411
-0.069183782
0.072871022
0.02706369
-0.020153685
0.053245787
-0.037782501
0.012537546
0.010912166
-0.031866845
0.036520854
-0.020800743
-0.03645809
-0.0052260519
-0.0085029192
-0.033021718
0.074033074
0.035475664
0.011307025
-0.023991579
-0.031699859
-0.029661087
-0.012640857
-0.0028897044
-0.12835136
0.036527455
0.014635072
0.02119372
-0.064213067
0.029665433
-0.063752621
0.023938779
0.013810865
0.052266296
-0.011271504
0.031939764
0.011245805
-0.0024726507
-0.036935966
-0.035109159
-0.055399001
0.014669252
-0.011646123
-0.0043115579
0.0083880974
0.0092548393
0.0010163717
-0.033783939
0.065975904
-0.019155404
0.018024443
-0.036307417
0.018753894
0.020316884
0.0078066573
0.027530899
-0.0003409145
0.045018192
0.00019535852
-0.030924721
0.03423037
-0.0083374614
0.063942738
0.021535749
-0.0694765
0.00084908062
-0.064860947
0.016460408
-0.021030882
0.024099993
-0.046451699
-0.0088855512
0.055557594
0.049015149
-0.0024834054
-0.074268512
-0.044870704
0.011557992
0.11989838
0.0039713737
0.041350219
-0.012751315
0.019169014
0.0057055224
0.021134213
0.011568896
0.00086743606
0.071766324
-0.0027960937
0.02865003
0.07928393
0.011976014
0.091238469
-0.064680442
-0.049699411
0.030001361
-0.048386101
-0.025399998
0.010198596
0.06918437
-0.021472139
7.8948387e-06
0.040758919
-0.088274062
0.064128801
-0.025710844
-0.055616625
-0.010295101
-0.02820502
0.020413732
0.038013991
0.0077857338
-0.049516231
0.048605584
-0.018255057
0.020118179
-0.001788483
-0.037726615
0.032134645
0.024003727
0.077651322
0.00068819273
0.03570886
-0.026971743
-0.022591678
0.030464506
-0.031848814
-0.081043407
0.067740582
0.0050877025
0.06492877
-0.016555889
0.024975747
-0.017846504
-0.033008371
0.057945389
0.049608383
-0.00030694131
-0.021193359
0.045550056
0.003754986
0.093741454
0.058532417
0.012343796
0.03934221
0.0047280528
0.00064597779
0.010789082
-0.013873085
0.015518457
0.05691611
-0.078751557
-0.001918097
0.02369822
-0.020660253
0.1000737
-0.027125414
0.056207597
-0.030891696
-0.029654436
-0.067648947
0.053028435
0.047490977
-0.031694472
0.046984527
-0.033452339
0.0097097848
0.002835087
-0.033104993
0.045979179
-0.019741321
0.061120898
-0.0036088906
0.059200805
-0.11924473
0.028138347
-0.0024394626
-0.032438602
0.043854129
-0.016076347
-0.057082273
-0.054139964
-0.036268268
0.027162842
0.056536064
-0.013891245
0.027227009
-0.011841115
0.037548576
-0.032420702
0.027966904
0.073946923
-0.026500868
0.016296681
-0.038112145
-0.033494815
0.0093452474
0.012409487
-0.047152281
-0.053050339
-0.023377307
-0.023015089
0.031720646
0.0026854363
-0.032098632
-0.036376294
0.015261898
0.0120292
0.079290994
0.048929203
-0.058271881
-0.055150766
-0.035702378
0.025815686
-0.040848184
0.048393246
0.083156563
0.027200274
0.015532505
-0.030399859
0.0054228413
-0.043867163
-0.03446617
-0.014993687
0.013671819
0.025340458
0.025202304
0.068037465
-0.068809226
-0.018592529
0.00078134955
-0.049544338
0.056633409
0.01293839
-0.092238896
-0.029727349
-0.07326708
-0.016511025
-0.079113908
0.11713163
0.0006623732
-0.042380236
0.0068712244
-0.078467689
-0.0064597321
0.017299712
-0.0066140606
0.0019761084
0.040387791
0.026221123
-0.088424325
0.0054920688
0.077342324
0.01637125
0.018917121
-0.02884572
0.041156422
-0.050936434
0.027053548
-0.021512702
-0.022868719
0.053751189
-0.036419224
-0.015032105
-0.0050328788
-0.051359918
-0.030306732
0.043018699
0.014077693
0.011572899
0.026931727
-0.0063202847
0.0075462293
-0.050859153
0.038108658
0.11762059
-0.033713661
0.03929833
-0.068019964
0.017226446
-0.03788805
0.063920006
0.082427271
0.034300301
0.030907189
0.050460383
-0.0048106364
-0.017494552
-0.004773376
-0.0084488308
0.0010490478
0.052414022
0.026856752
-0.090106674
0.033128187
0.0072053354
0.045528647
-0.046119846
0.0095353117
-0.041661631
-0.0012570572
-0.051976003
-0.043803114
0.024016272
0.00078043301
0.012485815
-0.1014256
0.050705176
0.058841508
0.040179212
0.012575484
0.051491145
0.010203889
-0.06519378
0.0046369545
0.025360091
0.053778511
0.084796518
0.035406098
-0.042486515
0.073101051
-0.073509507
-0.064205065
0.0072956569
-0.021944007
-0.084412523
0.033969469
0.037203539
0.034283411
-0.011899515
0.044986021
-0.0081329122
0.074718781
0.069513641
0.047399607
-0.0025948684
0.0061012506
0.031902291
-0.0087611796
-0.032816086
-0.051618092
-0.011649906
0.029461123
0.067987762
-0.059774213
-0.084423564
0.09796153
0.021010835
-0.020029455
-0.033424754
-0.00025434032
-0.040307548
0.0093886033
0.079533897
-0.016077204
0.0097294142
-0.012452547
-0.014058394
0.032756776
-0.073733531
-0.0092903161
0.024293169
-0.036304176
-0.037514064
0.024693623
0.014750713
0.031795509
0.01381971
-0.077712163
0.0012971975
-0.044014219
-0.052629653
0.0032425099
-0.054013051
0.070017822
-0.079290919
-0.016740257
-0.020460609
-0.033093061
0.1113681
0.0083753541
0.017294845
-0.0089454632
0.021643568
-0.00028039762
-0.029305102
0.10615665
-0.057041455
-0.0021004016
0.0017079087
-0.052819759
0.00032028148
0.048191026
0.013812601
-0.063625298
0.041149318
-0.017504593
0.052596767
-0.042851411
-0.025520496
-0.078188419
0.020917999
0.018584896
0.0042989017
0.035093907
-0.0075013433
0.078073226
0.025083086
-0.00079316407
-0.063632987
-0.024447968
0.055860009
0.027049717
-0.047667205
0.047078494
0.040558927
0.039895698
-0.037498403
0.0047905203
-0.013252428
-0.062275935
0.025225885
0.059570786
-0.01238916
-0.021720454
0.012366486
-0.011693839
-0.027844978
-0.040728994
0.031473909
-0.083828539
-0.0075253197
0.018950574
0.0013911133
-0.025235122
0.044784669
-0.041878562
-0.031606548
-0.02557664
0.025336474
0.031841863
-0.025791792
-0.014421877
-0.073284484
0.036094334
0.017595731
0.069468804
0.025571799
-0.03229358
-0.019739941
-0.073597535
-0.10282659
0.059192471
-0.0054085376
-0.038960122
-0.063263394
-0.0060480344
-0.030452784
0.021468345
0.006158771
0.0256062
-0.025042323
0.044694439
-0.024641883
-0.0052710352
-0.02278892
0.0315363
-0.035302162
0.0043860483
-0.012737382
0.014024639
0.0063780192
-0.007809143
0.024233541
0.030179018
0.022065818
0.026058115
-0.060577728
-0.063520171
0.011807285
-0.020455454
-0.06598746
-0.045811035
0.026613299
-0.037444763
-0.043779608
-0.0071794866
-0.10989614
0.00051393046
0.027242204
-0.08641436
0.053490333
-0.037351441
-0.0017162742
-0.016468447
0.026191041
0.026898922
-0.018808678
-0.0094768824
0.00033887135
-0.0026052562
0.016968936
0.046720244
-0.034708142
0.076523192
0.047686059
-0.013169697
0.054512367
0.034928624
0.051220406
0.028819036
-0.011972036
-0.01681095
0.0077683572
0.066447891
0.030329563
-0.046147749
0.077898212
-0.011440282
-0.029425358
0.04382398
-0.035147764
0.019901814
-0.014130561
-0.021292832
-0.042104065
0.046150886
0.046666391
0.0080957245
-0.032365657
0.076888651
0.018203858
-0.025232384
0.049586032
-0.054235045
0.023592087
-0.0064761736
0.043845642
0.027856212
0.014914658
0.025235182
0.024806639
-0.038582817
-0.045366164
-0.061200742
-0.044984967
0.030865606
0.047697727
0.060064692
0.0010805491
-0.019614866
0.038770914
0.040947836
-0.057711981
-0.025809057
0.037479628
-0.042620834
0.078656599
-0.029094314
-0.006923168
-0.016948119
-0.043942165
-0.050564565
-0.043612409
-0.089443326
-0.053372163
0.016427077
-0.030218855
0.0077512432
0.035637654
-0.039677899
-0.086557366
0.022673292
0.0080537936
-0.055550829
0.068629742
-0.050535183
0.10504114
0.038747586
-0.073190078
0.010965227
-0.02098912
0.034288682
-0.0185485
0.015535179
-0.041653037
0.01521058
-0.029311648
-0.044598803
0.054345414
0.054150097
-0.027810622
0.071349181
0.038618106
0.021274075
0.049238548
0.031303335
0.01211076
-0.059963096
-0.0043327156
0.043797325
0.0046992269
0.0080586802
-0.046790328
0.025115076
-0.040643547
-0.059294969
-0.028453501
0.029193737
-0.10149612
0.016372038
0.061743099
-0.0027952294
-0.032401595
-0.004188614
-5.6527548e-05
-0.0031970791
-0.058457695
0.052383542
0.046388015
-0.0019354923
-0.03804639
-0.096623532
-0.010355957
0.015777947
0.043487843
0.015774908
-0.01562885
0.0083043212
-0.011876569
-0.015077119
0.05154134
0.012060174
0.053884555
0.055603877
0.011195652
0.023696095
-0.087072104
-0.045570046
0.028234618
-0.0024221921
0.041475054
-0.035292715
0.068337053
-0.031696044
0.074700654
0.027883962
0.061085187
0.058578946
-0.0074690129
0.042614393
-0.033113759
-0.049138088
-0.028434422
0.030660583
0.10226672
-0.0070464476
0.0072289156
0.022901598
0.033650532
0.017327938
0.035604324
0.083007574
0.0032442401
-0.037394784
0.020815192
0.030155607
0.019552853
-0.0027935558
0.012681078
0.019398149
0.034438714
-0.043098856
-0.069607191
-0.023680067
0.033939295
-0.0087362593
0.015457042
-0.038261376
0.025183911
0.073617801
-0.00024484121
0.07139124
0.084256522
-0.036934786
0.01025526
-0.011673036
0.0020849139
-0.025331223
-0.025865659
0.038391784
-0.047671847
-0.036299855
0.034329817
0.018379081
0.037674855
0.076361023
0.029201793
0.001312101
-0.096157409
0.10202298
0.0097084735
-0.017119607
0.05185879
-0.060559463
-0.013865448
-0.064739749
-0.077811025
-0.0053117201
-0.05396425
-0.056158286
-0.07282532
0.0086969649
0.026400184
0.072498627
-0.058358684
-0.053033549
0.0079951119
0.093148001
-0.0092099784
0.057582658
0.023757763
-0.0026531399
-0.0072494526
-0.034391806
-0.019818053
-0.077600993
-0.020275798
0.02589903
0.01536417
-0.061437987
0.039736461
0.085375562
0.007276122
0.0023164768
0.027265189
-0.030259559
9.6230899e-05
0.02368734
-0.0048547839
-0.03046244
-0.027487678
-0.023919212
-0.053932432
0.072556287
-0.083743177
0.082777597
0.011794849
0.02113536
0.036691964
-0.059329506
0.0040745959
0.0054543889
0.039435051
0.028338837
-0.019211316
0.06644316
-0.030234775
-0.079779781
0.063898772
0.095042929
0.077035166
0.031567004
0.041229501
0.022027565
-0.016031126
-0.079030819
-0.054198038
0.066508673
-0.047046732
-0.015270245
0.060974441
-0.15520117
-0.042300586
0.0022347772
0.052004412
0.038848538
0.020874353
0.039167918
-0.03718527
0.0069258818
0.00046030543
0.039190393
0.08767619
0.072612315
-0.0080763474
-0.0054769283
0.0080972938
0.057878993
-0.035381775
-0.00072629593
0.0038764649
0.0090967687
0.071872547
0.033022646
0.039553776
-0.038327638
0.058607124
0.030919198
-0.0032635059
-0.063180804
0.037092518
0.0090172393
0.044471763
0.028910959
-0.049514171
-0.026503738
-0.011381659
0.085946232
0.013125716
0.074806303
0.010787429
0.012677054
0.020302072
0.093277857
0.039089821
0.027200498
-0.0079836138
-0.015045872
-0.059937
-0.039286908
0.05020437
-0.036617998
-0.10192358
-0.019295668
0.10845929
0.044001561
-0.035724469
0.017318908
-0.045704395
0.02909543
0.021808127
0.043417625
0.049153455
0.10724775
-0.04477971
-0.046252765
-0.008680921
-0.039997585
-0.00085296307
0.011319135
0.014352073
0.070725061
-0.073409408
0.067733519
0.027790805
0.03976937
0.088430449
0.091460772
0.028910516
0.016305696
0.01999232
0.054736968
-0.019660287
-0.07091403
-0.019729735
-0.041644253
0.089733884
-0.0040358859
0.038757432
0.074896246
-0.017566513
0.028528748
0.039444245
0.0069526411
-0.090221927
-0.055840217
-0.014855785
0.075625733
-0.066529244
-0.081180491
-0.011021916
-0.0046702758
-0.032433741
0.028057167
-0.016211994
0.041493241
-0.0064845877
0.021804266
-0.060692601
-0.033476938
0.067437597
-0.0045572808
0.051829226
0.030977484
0.095802188
-0.00139172
0.11275996
-0.016382607
-0.04686249
-0.0045384518
-0.026481695
-0.0034934322
0.0095796417
-0.027422726
0.033796493
-0.0077608433
0.074703604
0.022339718
0.10027673
-0.088088118
-0.022684181
-0.024742974
0.01343634
0.067672811
0.00048664457
-0.007526191
0.022676105
-0.088271961
-0.0075434791
0.048724625
0.055423193
-0.048186406
-0.080832683
-0.015738122
-0.027732957
-0.0034569353
-0.039479394
-0.057795878
-0.041535124
0.03243316
0.053525511
-0.027818987
-0.044306189
-0.0022838917
0.035113249
0.0042038402
-0.0078494791
-0.040727627
-0.090586156
-0.014661213
0.055967413
0.0070595928
0.016399795
-0.050813265
0.0513721
0.035376251
-0.061615285
0.0040074917
-0.081095718
0.020718625
0.011687536
0.078175008
0.052631024
-0.027889878
0.032470856
-0.071660243
-0.087788112
-0.098143131
0.063499071
0.0040122457
0.035698984
0.069130115
0.016892143
0.045229778
0.044734325
-0.047480054
-0.015751719
-0.0091818692
-0.042913157
0.028983258
0.009138098
-0.014991789
-0.013560516
-0.0022333763
-0.018797455
-0.034880836
-0.0087432349
0.030527703
-0.069122769
0.0017683217
-0.0047298432
-0.0092139747
-0.017843956
-0.021823421
0.081810392
-0.038399044
0.058287662
-0.013927386
0.017973784
-0.041051209
-0.040040888
0.024428025
0.046312645
-0.00046437979
-0.0055695609
-0.049337648
0.016535681
0.010448843
-0.0047871228
0.011045729
-0.044936743
0.017778395
0.054551341
0.0096218446
-0.057457969
0.02665679
-0.030237416
-0.07105802
-0.029301606
0.016464217
0.0058403355
-0.063560657
0.027984099
0.046748918
0.023349674
0.091326535
-0.080888599
-0.031220218
-0.0049078846
-0.0011468731
-0.0057100113
0.047025736
-0.018448371
-0.0031571256
0.06312862
-0.0013963068
0.035441309
-0.088063352
0.001904067
-0.049326185
0.028818939
0.053848512
0.059606295
0.088405281
-0.0091643892
0.028788269
-0.05061717
-0.0018804509
-0.10158031
0.032364566
0.025129026
0.045066785
0.031047165
-0.087330282
0.052212264
-0.0011963381
-0.0039393604
-0.012381262
-0.040153082
-0.030171912
-0.033858858
0.036311716
-0.0118468
0.066246875
0.0029850975
-0.10514899
-0.065769114
0.069528587
-0.034353666
-0.033566006
-0.030568836
-0.0614282
0.037525591
0.018702781
0.012784814
0.059224661
-0.072223656
0.029901186
0.038822152
-0.075147964
0.025447002
-0.0025881636
0.09499722
-0.043906137
0.05162105
0.046876591
0.0081234416
0.049846392
0.035139881
-0.055292413
-0.027932692
-0.0027998118
-0.015036372
0.062737808
0.026428694
-0.032009386
-0.00525244
-0.037362602
0.036031745
-0.022804981
0.045558866
-0.0019434642
-0.098970972
0.018662693
-0.049891789
0.00054565759
0.029853508
-0.050954416
0.0063188169
-0.010751604
-0.057431128
-0.011409436
-0.0045265183
-0.017244525
-0.086769633
0.0031550888
-0.052082706
0.056376036
-0.048680291
-0.0054504657
0.0085928263
0.07477013
-0.014239145
0.054239247
-0.0076596681
0.020765992
-0.0023121748
0.0068437275
-0.0028206424
-0.041487977
-0.036378141
0.019955365
-0.034246128
-0.093669951
0.02109224
0.062728643
-0.010163128
0.014221479
-0.00063728058
-0.050747842
-0.043171834
-0.00535694
-0.017047362
0.036722254
-0.043033522
-0.023429267
-0.036631353
0.077458046
0.071151108
0.031273291
-0.0003965777
-0.053930696
0.008699731
-0.13623808
-0.0020267006
0.052112907
0.00068357599
-0.015236721
-0.029837918
-0.030656859
0.028025344
-0.028139537
0.0019187994
-0.0071822829
0.054434024
0.019911841
0.048958514
0.098541446
0.038128819
-0.061677475
-0.034957733
0.049754832
-0.036149785
0.016755983
-0.022875661
-0.043907888
0.011101569
0.015351974
0.015347413
0.033043064
0.042539489
-0.072009191
0.025114065
-0.036003228
-0.017321676
0.045703433
0.079002865
-0.075323597
0.022115847
0.093964778
0.083119549
-0.035571922
0.043486871
-0.017555883
-0.062430117
-0.069440082
0.08119414
0.070840083
0.018567933
-0.0016279862
0.0047248048
-0.0287576
-0.0070989244
-0.048013024
0.0031501129
0.047584437
0.012649
0.071487896
0.0071181534
-0.003988619
0.033123888
0.050441988
-0.017800665
0.023008425
0.051812783
0.041377477
5.6297944e-05
-0.11503237
-0.010702885
-0.012358991
-0.059166271
0.04346231
0.035100006
1.7804015e-05
-0.068978474
-0.051371604
-0.00892823
-0.004617109
0.028757758
0.015484339
0.016909298
0.001458879
0.055132303
0.05864745
0.034710396
-0.02882351
0.03787059
-0.016525624
-0.096520603
0.01212918
0.00046553684
0.016042707
-0.033653442
-0.041208263
-0.048078861
-0.033236429
-0.043287721
-0.049542945
-0.025292782
-0.027814681
-0.031403664
0.011911178
-0.022742361
-0.0048053553
-0.049954332
-0.0038286508
0.047413174
0.0049313344
-0.0072480687
-0.027377123
0.0089961095
-0.028545933
0.0093485201
0.04057825
-0.060434181
-0.064640947
-0.037136752
-0.031549208
0.0038712202
-0.0037965442
0.041950606
-0.045739189
-0.078107305
-0.017983234
-0.10877361
0.05630653
-0.0017565193
-0.084280804
0.01409551
-0.0031393447
-0.010694782
0.036649223
0.065087751
0.013547011
-0.017429369
-0.015720896
-0.067224748
-0.065694489
-0.027608812
0.035154339
0.0026544582
0.063567579
0.038773436
-0.047485251
0.033529431
0.045345917
-0.0082307504
0.0076627107
-0.078213349
-0.027590135
0.0037791214
0.015205701
-0.0032010342
-0.032936323
0.062010229
0.015228587
-0.041584257
0.021510512
-0.0090672029
-0.023125082
-0.038352743
0.020980304
-0.022727272
0.021608481
-0.0018666189
0.019541513
-0.037437104
0.032410644
0.10795112
-0.026376082
0.056823108
-0.021613969
-0.024282753
0.011790863
0.078447603
0.085276596
0.017789442
0.045237888
0.023595262
-0.02225823
-0.035028063
-0.091632776
-0.03052623
-0.00077777071
0.052272268
0.051852636
-0.054969296
0.060032479
0.023399185
0.0081423977
-0.057553254
-0.092258438
0.03106717
0.054125778
-0.11696907
-0.075593457
0.068502903
0.093511455
-0.03644748
-0.11106277
-0.027446922
-0.00043667128
-0.0060423706
0.017265085
-0.0072039603
0.014895823
0.030432994
-0.0062403474
0.01856856
0.0033468276
0.050625086
0.05058242
-0.099861965
-0.0052931234
0.049590334
-0.0040184795
-0.027512435
-0.001818146
0.04411912
0.033724595
0.034017004
0.011984162
0.038691837
-0.031802326
-0.048081465
-0.077920102
0.035254177
-0.01427609
0.043871205
0.054396525
0.050682534
-0.058449231
-0.037091665
0.037191309
0.077233151
0.060547803
0.0040683341
-0.016676648
0.080897301
0.043321066
0.11093412
0.066658996
-0.0089890007
-0.020393843
-0.061542977
0.035040729
0.022705246
-0.051417861
0.04346253
0.017071879
0.0098919962
-0.043275002
-0.0080810897
0.028182646
-0.012875024
0.007935321
0.062038291
0.016927769
0.059155617
0.049385797
0.0044117793
-0.052878734
0.015598156
-0.060091641
-0.0082312524
-0.13371161
-0.06671311
-0.011075147
-0.049852304
0.035090391
0.032531176
-0.0081934398
-0.0049526822
0.030814333
-0.0039562713
-0.094631158
-0.055944368
0.027442658
0.03599336
-0.041049194
0.02474214
0.068888023
-0.034162294
-0.023035344
0.016175039
0.036761452
-0.044189639
-0.014545435
-0.014595235
-0.067153595
0.052114502
-0.043823328
0.017325837
0.023717068
-0.054485116
-0.0012811908
0.097978689
-0.042844526
0.082733534
0.012303103
-0.078996524
-0.025561629
0.044911902
-0.0013499045
-0.0057173776
0.010960178
0.010805775
-0.036127836
0.043261483
-0.01590384
-0.10199209
0.037467342
-0.045102876
0.02886061
-0.069324069
-0.071206704
0.03371406
0.044515349
0.0099083753
0.043359779
-0.0092862723
0.028397107
0.0015731014
0.018611051
0.028240988
-0.0036866399
0.017601894
-0.049948972
0.029941859
-0.045711674
0.073853143
0.041593626
0.022827385
-0.079239398
0.012725403
0.021979706
-0.063168697
0.04854244
-0.017048944
-0.05703377
-0.053070825
0.084099628
0.045294885
0.012538045
0.025301741
-0.090916231
-0.0016744391
0.012456086
0.054524068
-0.061245777
-0.013950187
-0.0090286992
0.037063606
-0.031417433
-0.019867551
0.035428844
0.016383868
0.0024349499
0.018894453
-0.015089955
0.037253488
0.0027327794
-0.032150049
-0.077790268
-0.047210496
-0.020023163
-0.024941256
0.028519824
0.039293222
-0.068646543
0.058925055
0.02129177
0.017254703
-0.055301085
0.03471132
0.071603172
-0.015088442
-0.019689672
0.045386937
-0.030401945
-0.062822051
-0.12799309
-0.030448014
0.063892677
0.023976553
0.030751521
0.030717418
0.0092579415
-0.0040209298
0.046881918
0.031115891
0.020469051
0.0073461197
-0.00056844548
-0.059288107
0.020599661
-0.020611625
-0.031252656
-0.018324854
0.022943873
-0.074683391
-0.078001752
0.03331298
-0.03616422
0.0092400443
-0.02811479
0.00033552098
-0.069590099
0.018717995
-0.035850309
-0.034968235
-0.012385818
0.063501403
-0.012776976
0.052627917
0.042378873
0.071020707
0.0083204955
-0.044418443
0.063483112
-0.031215658
-0.048724983
0.020455213
0.024258636
0.0130949
0.064516701
-0.00095125794
0.039690185
0.0086012231
0.0056963963
0.0026114734
-0.090498835
0.015100427
-0.01685789
-0.044563536
0.012011863
-0.10059305
-0.051896695
-0.050230268
-0.028933596
0.015174526
0.01230138
0.046954092
0.024108315
-0.029111227
0.02742362
0.059126336
-0.034770604
-0.0045839557
0.014652366
-0.0057396074
-0.01258839
0.021219157
0.0019491243
-0.037930515
0.014945116
0.0095398771
0.04965819
-0.0070972042
-0.05307262
0.010236554
-0.020289736
0.067309216
-0.0097897053
0.0014372485
-0.048332017
0.014187369
0.048763908
-0.034206327
0.029192571
-0.0087309657
0.046110116
0.063397564
0.0038690383
-0.0073341085
0.064486951
-0.074013978
-0.05596716
-0.048853159
-0.054041956
0.076800689
-0.02051943
-0.05310167
-0.01746585
0.027540781
0.017443318
0.021814393
-0.012668773
0.028548442
0.063169733
0.016315745
0.090325586
-0.060536399
0.038032554
-0.030618576
-0.02866503
-0.034075718
0.035887219
0.060173254
0.046881549
0.0074111265
0.059468593
0.029707896
-0.044635184
0.034569107
0.049514864
-0.010958429
0.038290985
0.094942689
0.0060371766
0.013370454
0.032166418
0.023783766
-0.028392326
-0.064200014
0.020387867
0.081638679
-0.0023354059
-0.021758147
0.033235352
-0.024107067
-0.083582059
0.046125866
0.045021072
0.018949661
-0.044585947
-0.042582422
0.0024223311
0.021701731
0.06764061
0.03967309
0.052078065
0.018253366
-0.075810708
0.0010012913
0.014815483
-0.021302929
0.00061392668
0.011652067
0.030320007
-0.057961039
0.011871216
-0.067344062
-0.0093343966
0.013289617
0.042851735
0.027940782
-0.012739995
0.029505804
0.013331881
-0.007903629
-0.017239263
0.0098800398
-0.071177587
0.075789191
0.0039997087
0.067660071
-0.058639497
0.0019552931
-0.0053446903
-0.013795123
0.04277217
-0.048094116
-0.057886321
0.010184892
0.034276854
0.025797455
-0.023516836
-0.050142977
-0.02359877
-0.026742408
0.043432754
0.011699188
-0.0074245874
-0.055351272
0.0089452993
-0.034449738
-0.020145396
0.011691007
-0.042610742
0.033346284
0.020185478
0.035252169
-0.027878981
0.012913411
-0.0054722992
0.0093244053
-0.011833694
0.042363867
0.034948159
-0.022414546
0.045279242
0.0037033844
0.0094802408
-0.0035373112
-0.0056117186
-0.020324416
-0.00047764764
-0.049468629
0.043535281
0.077358849
0.010421495
0.0047340887
0.072753794
-0.030099986
-0.021340538
-0.067087024
-0.042489991
0.031784728
1.3689629e-05
-0.04703436
-0.082102008
-0.016128402
-0.062658884
-0.052560259
0.027024748
0.071730912
0.030510509
-0.0010471304
-0.012274516
-0.015384622
0.02401039
-0.029477419
-0.021976069
0.027742753
-0.0055384715
0.0099277943
0.050134622
-0.01982934
0.038301047
0.0043522129
0.0087066544
-0.024671782
-0.013367032
-0.0011873784
0.019384334
0.079270013
-0.039851006
-0.018793
-0.02805214
0.013780231
-0.045771111
0.058243245
0.044540983
-0.015521185
0.063207209
-0.048529696
0.052424368
-0.016142853
0.048162997
0.0063198432
0.049735036
-0.0637694
-0.056757383
-0.037877962
0.0017782275
0.042711925
-0.057261445
-0.012287558
0.051948503
-0.012686436
-0.01751921
0.032466993
-0.029620402
0.0029640023
-0.020571792
0.033745315
0.07854259
-0.028330682
-0.030787393
-0.0058225081
-0.047931604
0.075337626
0.0081004454
-0.045390863
-0.029991683
-0.068384707
-0.047846165
0.010855611
-0.0022547212
0.018987319
0.041624416
-0.047438201
-0.06038909
0.041139651
-0.028901562
-0.0096082613
0.018846612
0.038836755
0.023719098
-0.037392266
0.007811368
0.013085616
0.070200197
0.027457435
0.024184346
0.040103097
-0.0092851017
0.036035966
-0.044710219
0.0079889577
-0.01728615
-0.036871724
0.065636136
0.0096926307
0.0069837221
0.031206718
-0.080589488
0.038216859
0.021724151
0.021923672
-0.086394846
-0.055042155
0.061256569
-0.083160132
0.004418544
-0.0030222121
-0.0078951977
0.03372274
0.01895603
0.013791131
-0.016933374
-0.019230125
0.028781237
-0.021216631
-0.050616033
-0.18680954
0.013585335
0.018548641
-0.047993459
-0.043009032
-0.040272914
-0.035870694
0.0048335851
0.00019931863
-0.041442607
-0.023728466
0.012471844
0.029873792
0.0018962004
-0.042566292
0.0082689859
-0.00451311
0.024838034
0.043400876
0.042832859
0.031877428
-0.015263643
-0.037354354
-0.021724433
0.014461122
0.080613896
-0.039877895
-0.029623484
0.069013231
0.050775431
0.0033588642
0.079146899
-0.018492043
0.040451787
0.037254456
-0.027478352
-0.0082169753
0.062256649
0.074083358
-0.0054291557
0.040145587
-0.035654448
-0.068212211
0.054531287
0.026654569
-0.051798057
0.047408532
0.059246831
-0.075110957
-0.02697539
-0.060715068
0.049257502
0.04557715
0.063600659
-0.017907731
-0.036364038
-0.015869046
0.0036861554
-0.017951082
0.010022881
0.024383407
0.06876722
-0.026705917
-0.042268779
0.069516711
-0.035175107
-0.028044809
0.11458923
0.02811683
0.041169759
-0.046156146
0.034230269
-0.030015113
0.03143451
0.011425421
0.043339688
-0.031968053
0.0077894055
0.0072608986
0.052147176
-0.047116973
-0.041201882
-0.043555748
0.057953764
-0.0032431092
0.044112671
-0.032295808
-0.0072253211
0.01060753
-0.028881809
-0.013178083
0.026199115
-0.020109558
-0.030039106
0.0050072991
0.011162393
0.02192067
0.031097887
0.0066241049
0.07190527
0.0056135822
0.080803663
0.027069481
-0.0033837957
-0.033230111
0.11550438
-0.045448035
0.04355073
0.061517548
-0.012862813
0.041580796
-0.02560625
0.038064979
-0.038377773
-0.069194272
0.0093077598
0.009294806
-0.034212817
0.015449978
-0.043641228
0.099715933
0.053938895
-0.011016091
0.062184822
0.02442891
0.019479513
-0.048708726
0.080114305
-0.13515562
0.00013981364
-0.030115675
-0.037217904
0.019072194
-0.0085889772
0.029505242
-0.058109846
-0.0058651655
0.064041987
0.053491898
0.030684711
-0.0041975589
0.032787174
0.0086239297
0.0048128529
-0.019466884
0.0012169492
0.062500693
0.025855687
0.013048387
-0.086526968
-0.15738088
-0.029031947
-0.075616859
0.008798521
0.014765235
-0.098897062
0.011168218
0.05368213
0.023709567
-0.12491217
-0.031677715
0.046575911
-0.02408413
0.054818287
0.056219727
-0.054585829
-0.03647273
-0.032175649
0.026525326
-0.0047001438
-0.02380849
-0.021088587
0.027603503
-0.039965585
-0.059663754
0.017876292
0.029429212
-0.048515931
-0.054180898
0.034603238
0.053199887
0.11459666
-0.0081189219
-0.026886826
-0.13135785
0.04099055
-0.065062955
-0.058259428
-0.059156131
0.011145943
-0.0068689589
-0.005386373
-0.027800674
-0.013886172
0.015995264
-0.0078695556
-0.058145188
0.035377968
-0.0082890559
0.060611688
0.07812155
0.00023432203
0.089621454
-0.020580579
-0.033227433
0.094127029
-0.10983447
-0.11506698
-0.076483876
0.031807125
0.0089726597
0.035503574
-0.1277419
0.0079557821
-0.070792906
-0.032715477
-0.039992746
-0.14226173
-0.037213892
0.03697424
-0.015236287
0.031303514
-0.085615665
0.0030951141
-0.076931864
-0.025304848
0.017383739
-0.028875986
0.061776213
0.034543522
-0.031790059
0.0023553977
0.021173762
0.041219395
-0.015513442
-0.010011407
0.0027034462
0.020186042
-0.036249407
-0.010808211
0.014626515
0.020322761
-0.00062219152
-0.029435176
0.0095800757
0.0099989241
-0.017114982
-0.079961486
0.049773157
0.054543521
-0.026574979
0.088077314
0.0090536634
-0.05723368
-0.027557217
0.020089487
0.040522266
0.0077627399
-0.025676519
-0.074856155
0.038725451
-0.019157959
0.059750047
0.017903594
0.014490358
0.024124755
-0.020178838
-0.081814446
-0.024410127
-0.0010568855
-0.0027721375
0.02598422
0.032227449
0.028643884
0.080331109
0.060337368
-0.040095687
-0.065755315
-0.12740432
-0.014931113
-0.02476518
0.027392078
-0.0035852382
-0.050216533
0.073767476
0.030137036
0.10730221
-0.036959287
-0.025626186
0.10792048
-0.013436259
-0.050474897
0.013827184
-0.087455764
-0.05925072
-0.069627799
-0.045966815
0.055122986
0.028894182
-0.017153624
0.072670676
-0.064340085
0.02209519
0.062593594
0.045561507
0.03732767
-0.044240762
0.053298883
0.038660258
-0.019223573
-0.045272745
0.017120978
-0.028673233
-0.014010983
-0.06182782
-0.025355347
0.016517272
-0.031553771
0.074915543
-0.02573191
-0.0012216493
-0.019694572
0.012580583
-0.088178888
-0.033435628
-0.028655522
-0.0094675822
0.030530559
0.032571342
-0.011259347
0.0012583906
0.0065983753
-0.021768672
0.11460109
0.025819119
-0.047486182
-0.029912448
0.068584651
0.024795333
0.10194617
-0.059264742
0.03059374
0.025643822
-0.0061243097
0.0056254193
-0.091490611
-0.0019111985
0.033093091
0.026276866
0.024383869
-0.062912449
-0.10991711
0.021327235
-0.041066628
0.036156096
0.030062588
0.024790641
-0.02879855
-0.041289426
0.071281485
0.028095679
-0.0040344587
-0.024011862
0.046215385
-0.057897005
0.025716919
0.060633589
0.040883064
0.0066666692
-0.067615464
-0.05019721
0.078977838
0.0014204775
-0.097698584
-0.023224212
-0.13989913
0.028943833
-0.031745538
0.0028732992
-0.0385742
0.084658697
0.0073584425
-0.050194196
0.089498758
-0.16981435
0.025277883
0.088458888
-0.10967001
0.01782481
0.068454161
-0.0065499186
-0.057031877
0.07422369
0.024554569
0.058257814
0.027405232
0.030679904
-0.10784093
0.014941685
0.010790204
-0.07312236
-0.0078500491
0.050822824
0.018864997
0.0066100499
-0.0020710735
-0.11571785
-0.049950521
-0.035851449
0.045927927
-0.088816963
0.038401429
0.026189277
0.044904273
0.033062484
0.077029407
0.0067606326
0.017359162
-0.045905467
0.041193452
0.03247029
-0.0099662514
0.026257478
0.0039939261
-0.0053838743
0.013714119
-0.088396177
-0.061893396
-0.104561
-0.07392244
0.026893673
-0.014977475
-0.043329217
-0.019268597
-0.052543398
0.046462908
0.0546063
0.065365948
0.014712437
-0.063140109
-0.086109802
0.078554891
-0.048497092
0.029630417
-0.035573114
0.073921837
-0.0097993333
-0.056276705
-0.040403731
0.074578293
0.062922694
0.002313752
0.03571637
-0.0062805349
-0.0026238428
0.016476475
0.00076658564
0.064426228
-0.0044743507
-0.023855524
0.0035796966
-0.018135637
0.0094002699
0.011467332
-0.034423351
-0.010901519
-0.059086561
0.0067674173
-0.088616371
0.13042007
0.0041231052
-0.037229963
0.0036028372
0.0092085786
0.053615857
0.016481623
0.00020954412
-0.077162318
-0.0073535666
0.086467758
-0.0233899
-0.0042586769
-0.068087526
0.004045926
0.067234837
0.01052726
-0.036291685
-0.073926635
0.018709984
-0.040899374
0.039712351
-0.095434733
-0.013607274
-0.0069497959
-0.035292447
0.018056445
0.014988884
0.052600123
0.014687743
0.0094273882
-0.024445271
-0.011832746
-0.074345648
0.034006014
-0.083147742
-0.046858411
-0.016303025
0.02023899
-0.10179758
0.01978191
0.10473552
-0.024637222
0.043554995
0.019865166
-0.044579063
0.038176466
0.084257163
-0.051124446
0.0037477387
0.023172505
0.069107428
0.018634321
-0.048960257
0.027390569
-0.025137413
-0.093197286
0.045524281
-0.0081324568
-0.025796732
0.048152946
-0.026139045
-0.024330271
0.007598714
-0.034097169
0.0068766931
0.05633856
0.017407382
-0.030907998
0.0027458575
0.028902244
-0.0051958966
-0.075709395
-0.0058923075
0.052207477
-0.069572903
-0.059263952
-0.007605107
-0.053792417
-0.037826832
0.052786775
-0.0086013116
0.087535441
-0.016049497
0.032149691
0.10674545
-0.0058240574
0.017079035
-0.022445101
-0.12089341
-0.014623996
0.032184388
0.016907616
0.017568374
0.073732994
0.042263161
-0.076399758
0.025388725
0.070213765
0.071301609
-0.024741458
-0.041710149
-0.083674192
-0.046015251
-0.054042887
0.029034786
-0.040036455
-0.02269261
0.036407042
-0.0026586605
-0.0055182972
0.030128427
-0.065040782
0.0325034
0.033521626
-0.028623963
0.016008569
-0.063739233
0.050537013
-0.013663934
0.021250507
0.04181939
-0.025908682
0.013034054
0.012297459
-0.10579416
-0.09168759
0.01789755
0.0042951298
-0.039763514
-0.047312245
0.066788107
-0.078756295
-0.05356383
-0.044487584
0.0077836057
-0.046207663
-0.010797531
-0.030719221
0.044034068
-0.056128331
-0.0097527308
0.048636325
0.050292913
-0.051205944
0.017674111
-0.037330512
-0.021739129
-0.014598326
-0.017500533
-0.010851883
-0.063536391
0.00099554576
-0.039873444
-0.057491235
0.0032730016
0.033961728
0.011722982
0.00036754005
-0.035735022
-0.0065535209
-0.04739273
0.066770434
-0.018030621
0.094176799
0.025014596
-0.009049071
0.015558938
0.007627245
0.038959399
0.047832631
0.062475599
0.065788038
0.070170172
0.017355833
-0.054795045
0.0098949065
0.024319375
-0.048433766
0.013332398
-0.068505377
0.050899386
0.0046972153
-0.18561313
-0.11113162
-0.043331672
-0.042009152
0.027288528
0.075536452
0.09185414
0.062288556
-0.019608142
0.0040756203
-0.088589437
0.0082896734
0.0008831888
-0.017953804
-0.050006021
-0.061335232
0.14842865
0.065294027
0.073857047
0.037576687
-0.02325429
-0.048477352
-0.029283691
-0.00090157584
-0.057904121
0.025715796
0.13402034
-0.065944716
-0.003726932
-0.062518731
0.03017967
-0.028127922
0.029244099
0.065865085
-0.0010171166
0.064941503
-0.037343305
0.064471401
0.019446129
-0.031642362
0.048372097
-0.038950872
0.031709462
-0.009076898
0.034945689
-0.025753081
0.063686594
0.03593798
0.065873183
0.004946277
0.037520595
-0.14105257
-0.026945071
-0.060439777
-0.0397074
-0.018992096
0.047085747
0.014493559
-0.048524577
-0.039405111
0.0024636064
-0.033338409
0.076282799
0.049999665
-0.054285813
0.010278119
0.035322879
-0.015581046
-0.045426566
-0.032410566
-0.043004151
0.064118944
-0.015196115
0.013342039
0.032379191
0.056213662
-0.020909848
0.059456322
-0.09374582
-0.0041893725
-0.022579549
0.025058759
-0.015181602
0.034712628
0.0022519864
0.032798037
0.0698805
-0.0020703897
-0.020990621
0.081059627
0.098156981
0.0060297549
-0.0014505893
0.033504549
-0.034280643
0.014304713
-0.020368155
-0.014536418
0.026814511
0.028415684
0.012628693
-0.048021521
-0.0046650218
-0.13658583
0.066635266
0.021888917
0.033365995
-0.089692868
0.019751726
-0.0054002963
-0.0090796798
0.057844471
0.081871822
-0.016810402
-0.074381091
0.043303639
0.05394277
0.0018327624
0.0040763211
0.0010033064
-0.0015500016
0.021077322
0.052911893
0.038883828
0.025094397
0.063841723
-0.021956421
-0.010168373
0.076578245
0.061406545
0.022132741
0.040464301
-0.02886658
-0.056843538
0.00097939989
0.040292837
-0.035201006
-0.0068532215
0.00075406529
-0.064750247
-0.049082115
0.059265107
-0.010862286
0.038922507
-0.031275615
-0.014939266
0.030989267
-0.07813181
0.044568148
-0.0025898998
-0.022736987
-0.0051411539
0.018341741
-0.015982205
-0.10663577
0.028264686
-0.016969983
0.017088095
0.01433156
-0.022523399
0.066796303
-0.019765686
-0.021899538
-0.011976779
0.0071764598
0.016408702
0.051175319
-0.016510425
-0.05495806
-0.023535749
-0.0047370903
0.052237883
0.035055492
0.032118987
-0.066559643
-0.06231612
-0.0067625558
-0.11333341
-0.0060652168
0.037609089
0.039740682
0.024099208
0.030961234
-0.05458549
-0.088095434
-0.06927444
0.05605007
-0.011494284
0.021563333
0.043501802
-0.035705738
-0.042761162
0.065811887
0.041605502
0.060500491
0.058663785
0.024185648
0.040180612
0.031762511
0.063083589
0.017105056
0.095426865
-0.021138377
0.0073712287
0.0049055936
0.0095534688
0.020239683
0.017365258
0.001915028
0.074530922
-0.044780351
-0.063493162
0.029616136
-0.044397995
-0.060267415
-0.0089037269
0.0089841951
-0.07377927
0.010796066
0.031334061
-0.012355081
0.018615423
-0.047367409
-0.07984221
0.012331292
0.023751404
0.029089043
0.014723437
0.012042707
0.0061025415
-0.023485495
-0.0045145918
-0.017376564
-0.021941992
0.04022
-0.041457944
-0.027278686
0.0089123053
0.016898492
-0.057211533
-0.0017818098
0.024028579
0.0091117136
0.01485754
-0.0093783345
0.099932924
0.08368855
-0.031058915
0.083378807
0.059714027
-0.059342936
-0.054155111
-0.014285586
-0.051743478
0.030710233
0.011383038
-0.069873363
-0.10210612
-0.060526375
-0.026398564
-0.066769831
0.047670122
0.085136004
0.043942157
0.03181288
0.061725624
-0.10868434
0.0095459307
0.046975419
0.045369111
-0.082207024
0.02111358
0.069134727
-0.026900614
0.0060794246
0.039710086
-0.057005607
-0.025384564
-0.02572591
0.056351531
-0.0046466994
0.019294163
0.071658894
0.019102497
0.014761683
-0.019830871
0.093741409
-0.033804614
0.022193033
-0.0016230636
-0.074654236
0.057120863
-0.095137909
0.033713061
-0.051012017
0.062373869
0.10531861
-0.0075798528
0.026369944
0.015208671
0.0046257577
0.051643595
-0.023742773
-0.037606873
-0.046220403
0.0010685507
0.059139512
-0.098933734
0.028399516
-0.061485797
0.022742063
0.068948247
0.037675742
-0.022004521
-0.051104508
-0.015602362
0.015754564
-0.0066001108
-0.012301255
0.074842468
-0.041824769
-0.034820825
-0.032774761
-0.031130096
0.032712728
0.033921637
-0.0054668547
-0.020246288
0.0084029296
0.047461815
0.041919179
-0.00016687269
-0.016008439
-0.0082221637
-0.029867131
-0.010183317
-0.044503558
-0.053434312
0.0025977825
0.06097009
-0.032122698
-0.039061859
-0.012897696
0.08372274
0.036026139
0.026924115
0.013419566
-0.002711128
-0.053980518
-0.032613952
0.022753619
0.064345241
0.0075941058
0.0033338545
-0.019309584
0.03057782
-0.012136893
-0.050370377
-0.050818074
0.03677303
0.018776231
0.033598151
0.033174336
0.054509226
0.060557216
-0.031004736
-0.029885435
-0.06553629
0.022637166
0.0033639641
-0.017695855
0.043455739
0.055846237
0.016375579
-0.053137939
-0.026401609
-0.088742621
-0.037924178
0.0031158973
0.04069642
0.033458114
0.084410295
-0.08586321
0.031664677
0.14535089
0.118495
0.12731014
0.11581637
0.13852647
0.013489733
-0.083379261
-0.07039576
-0.090226248
0.0077843964
0.10193832
-0.066112004
-0.031300601
0.040980406
0.044980682
0.052078344
-0.068325929
-0.027887225
-0.052769706
0.053762924
-0.033889152
-0.021087158
0.043396227
0.066077337
-0.065201908
0.029202931
-0.070107065
0.017786382
0.039610874
0.016152214
-0.08053796
0.050138429
-0.080259182
-0.049393967
-0.052818164
-0.1009512
0.10175806
-0.060317505
-0.0010189264
0.057662603
0.0045398674
0.073811322
0.044139177
-0.00059769087
-0.0036520115
-0.033170741
-0.0030282482
0.093778014
0.001316554
-0.019038405
-0.031985931
0.11498599
-0.054672379
0.1039269
0.037972029
-0.017379472
0.0147375
-0.013324968
0.050159261
0.02866549
-0.0090749292
-0.0092544835
0.0024933445
-0.067437537
0.093537942
-0.023908187
0.014971502
-0.019966593
0.0068443189
0.0074072145
0.021927107
0.030627407
0.041743934
-0.028048221
-0.062818937
0.018288523
0.054331105
0.058137696
0.050883587
-0.034577478
0.12755913
-0.054224703
0.059767175
-0.029333845
-0.055711221
-0.02961017
0.022098666
0.028748276
0.024695132
-0.087063134
0.032757074
-0.00019724749
-0.0042031989
0.049420595
-0.01878071
-0.033801258
0.03484986
-0.01570872
-0.032060944
-0.03921248
0.018670235
0.0071600843
0.053085014
0.0077420794
0.11087094
0.046143744
0.066352665
-0.077561215
-0.0078444052
0.032841381
0.055066008
-0.039651398
-0.009199922
0.027409278
0.025782479
0.073180906
-0.073057912
-0.046736915
0.080749251
-0.074761443
0.05911237
0.042412274
0.018816723
-0.0001475036
0.037382971
-0.079344772
0.0087707341
0.065832473
-0.04831557
0.0031132135
-0.062243804
-0.017954499
-0.04526671
0.06651178
0.036646426
-0.017218649
-0.024791077
-0.066063993
-0.025318325
-0.017841702
-0.029237658
-0.0043556658
-0.014617726
-0.035720564
-0.0311515
-0.0026875481
-0.039897785
-0.014392287
0.05106071
0.04456846
-0.014804814
0.009793642
0.0019238854
-0.023888711
0.027769426
0.008431958
0.050035194
0.03598655
-0.0029347751
-0.055434611
-0.034663707
0.035251815
-0.0044989251
0.0067776158
-0.052847464
-0.0083833961
0.02626181
0.078284778
-0.022248475
0.051259257
-0.049848277
-0.055911515
-0.050536435
0.011734528
-0.026445163
-0.06093888
0.046177786
0.037402131
0.037554443
0.028266884
-0.037369881
-0.042983327
0.025431523
-0.044062573
0.054442056
0.047211666
-0.025553033
0.022482611
0.038957883
-0.021461967
0.04846615
0.078183234
0.01701952
0.034538615
-0.048483074
0.051558577
-0.0032686584
0.018144649
-0.046562426
0.026115987
-0.021660665
0.049898557
0.027994176
-0.0080728456
0.006449983
-0.01094274
0.035614446
-0.0074450076
-0.0049510915
0.045627791
-0.023969876
0.012719781
0.021501932
0.036147967
-0.01312058
0.0050515798
0.070127346
0.028213492
-0.0046934346
-0.06755437
0.051470827
0.05799412
-0.053044148
-0.12326007
0.079647467
0.035799664
-0.010585559
0.0067766267
0.037290912
-0.023082929
-0.015091565
-0.010584585
-0.071760952
0.047942385
0.072538331
0.0095314356
-0.01403653
-0.0063100592
-0.026992964
-0.0067800493
-0.069824778
0.0051311138
0.074108131
-0.0053009447
-0.041219015
-0.019181926
-0.015157871
-0.0096434643
0.057207659
-0.030201018
-0.013578198
-0.021337356
-0.0043214019
-0.033335675
-0.0052379915
0.058965437
-0.044068631
-0.0056787739
-0.0079319291
-0.07949999
-0.079156123
0.011822461
0.059369214
-0.020304572
0.083494492
-0.026677577
-0.0066542607
0.095933832
-0.0067885723
0.022979798
-0.087596104
-0.031923991
0.029608425
-0.00074518705
0.077811591
-0.015271009
-0.01199372
0.042963952
-0.020050855
-0.043460142
-0.0061629456
0.035973705
0.032147177
0.0056984411
-0.0041271634
-0.082395561
0.010848568
0.018453399
-0.0034466598
0.027913701
-0.0091987383
0.10029992
-0.11920486
-0.0034448274
-0.020364152
0.10314342
0.058089726
0.00266241
0.02059841
-0.011403607
0.017789384
-0.073193431
-0.023602284
0.03564021
-0.072864413
-0.04473586
0.054705311
0.0059971469
-0.015665643
0.012231299
-0.085375473
-0.055680346
0.031507809
0.017003404
-0.077418283
-0.027613316
0.02552624
-0.035285641
-0.0015256745
0.058219451
-0.031222099
0.02707636
0.046722639
-0.070109762
-0.022387847
0.022124071
-0.096378066
0.0088595264
-0.066067234
-0.11209548
0.079706982
-0.043403503
-0.016032815
-0.05693581
0.033547189
-0.046022579
-0.036853645
0.032408435
-0.0030629989
0.041570753
0.02738983
0.023219347
0.052418191
0.041678179
0.08432202
0.039452098
0.03875066
-0.020959485
0.027281173
-0.0036438103
0.059090935
-0.040248163
0.0061720191
0.02281896
-0.0083475718
0.0019793904
0.04427319
0.021203119
0.044829641
0.00072952762
0.0087645594
0.028358774
0.041126672
0.0085121989
0.023589341
-0.0068940064
0.0021363411
0.064796239
-0.0066203754
-0.040377583
0.062026937
-0.063156657
0.10843117
-0.0047035264
0.011150871
0.018607143
0.046802592
0.022121204
0.052546863
-0.021461109
-0.011645118
-0.010533658
-0.060182713
-0.084752455
0.022357915
0.099512599
0.030566854
-0.014257775
-0.010040841
0.044081941
0.018831452
0.029285865
-0.0032438845
0.039957941
0.034710851
0.00023485001
0.062375847
-0.00938938
0.029424014
-0.02434328
0.017037509
-0.021120859
-0.026233057
0.00090896065
-0.031821933
-0.035086177
0.004877659
-0.062617518
0.042440906
0.076462202
0.0109472
-0.006318266
0.036930844
0.051144339
0.023778498
0.0355272
0.060468264
-0.035686314
0.066500992
0.034533869
-0.0030846233
0.031380307
0.034514699
0.019765712
0.013606884
-0.058316629
-0.035440996
-0.016353348
0.07600937
0.018365914
-0.081122942
0.041051827
-0.016828615
-0.083807878
-0.031241041
0.079003312
-0.021959197
-0.030091705
0.06058988
-0.022465471
0.024259185
-0.057611462
0.016995847
0.068014331
-0.064408869
0.069342479
-0.016719785
0.0098333396
0.071415961
0.054665044
0.061942369
0.053177465
0.047334421
0.040251747
-0.01548867
-0.026612109
0.017329654
-0.0070472625
-0.035667766
-0.010171209
-0.010075645
0.038163926
0.043130673
0.014494888
0.016472945
0.017740298
-0.00077324337
-0.055710025
0.016221926
0.032690518
-0.012068433
-0.013188798
-0.036355425
-0.11419836
0.024242019
0.056166951
0.021149727
0.065291241
-0.055238545
-0.02025651
0.036025207
0.045174353
0.050165478
-0.0061833267
0.010106994
-0.017330686
-0.08001563
-0.049329553
0.089380562
-0.019465301
-0.061741352
0.0062193247
0.11066572
0.070019327
0.00077183114
-0.028886549
0.03391574
-0.012457866
-0.014856086
0.083636396
0.012559341
0.078004412
0.018263031
0.036890574
-0.00018168107
0.059610542
0.061557774
0.004803401
-0.013653891
-0.0094411271
0.041764624
0.084108144
0.0030174623
-0.039639808
0.07867685
-0.030031329
0.015629763
0.004319788
0.01869842
-0.077987865
-0.025487348
0.019012282
-0.012010986
-0.0042440789
0.0081575243
0.032391369
0.016211497
0.017161248
0.039715819
0.051892772
0.028760644
-0.021577673
0.04791123
0.0039525395
-0.015827505
0.1010123
-0.030027315
-0.016164778
0.038528375
0.0045766998
0.033960123
-0.041949235
0.0091763344
0.052510042
-0.08516977
0.047354177
-0.090535849
-0.03160179
0.052884094
0.022627672
-0.026879065
-0.025192453
0.057362381
0.013190275
0.049841996
-0.017794441
-0.062073439
0.078829736
0.034503158
-0.10160164
-0.0077520856
0.047123507
0.028199857
-0.03788561
0.028972328
-0.042397946
-0.026394663
0.012612642
-0.044810038
-0.022258231
0.027759584
-0.026170438
0.0012056048
0.012453272
0.022476917
-0.013131511
0.022511946
0.0021891366
-0.043105874
-0.042379361
0.028328421
0.0026859748
-0.016498161
0.012529439
-0.049292758
0.01757222
-0.048294023
0.0030421121
0.080030918
-0.046751745
-0.0045232666
0.0067938897
-0.026241736
0.030242151
0.021244474
0.067931749
-0.045057032
-0.01077326
-0.030675285
-0.071351483
0.018503252
-0.042027727
0.060674697
-0.02388563
0.021647852
-0.036952168
-0.064976282
-0.037290487
-0.0019951335
0.028868195
0.0062693711
-0.00029614021
0.031407651
-0.0027007253
-0.056813661
0.039917879
-0.085173473
-0.11367252
-0.023301367
-0.081261523
0.0077639665
-0.096335836
0.077093393
-0.04438534
0.04672575
0.09450689
-0.0057533993
-0.016605681
-0.029310744
0.084378295
-0.015124017
-0.029045278
0.020983635
0.067246623
-0.042115431
0.031203832
0.079007827
0.019372767
-0.0056293095
0.006382389
-0.041950338
-0.1031004
-0.030692369
0.017990319
-0.045853119
-0.004696948
0.061470617
0.007497102
0.039442975
0.02828995
-0.0011917982
-0.053701505
-0.024883512
0.024294084
-0.013451084
0.027651418
0.031101264
-0.0036525936
-0.025326164
0.12498467
0.0051228614
-0.071314812
0.044559196
0.036178909
-0.043889031
0.05555816
0.068822809
0.013564166
-0.0065625641
0.015230621
0.0016454186
-0.097588792
-0.02079805
0.0072873305
-0.048758615
-0.045879059
-0.020524517
-0.025730794
-0.034086809
-0.032316633
0.038417306
0.09118785
0.019626584
0.039687131
-0.043713812
0.096816033
-0.1063739
-0.084803671
-0.077168033
0.032766331
-0.062342845
-0.044876698
-0.009250721
-0.011514524
0.0049934685
0.014525635
0.030649437
0.056046102
-0.096152179
-0.033579815
0.0033901231
0.043315146
-0.043086689
-0.023683598
0.024726229
-0.056763213
0.016597461
0.049457442
-0.01033799
-0.056436229
-0.080379322
-0.07297302
0.014198093
0.063702852
-0.0055188853
-0.032573953
0.063960418
-0.012833366
0.04172774
0.0072971536
-0.00029046164
-0.055620022
0.028801583
0.021835569
-0.0078802416
-0.054532368
-0.036846388
-0.029357508
3.9326049e-05
0.0044263382
0.020759514
-0.061455172
-0.081395902
-0.021427307
-0.0031996672
0.0047856928
-0.034032591
0.031829841
0.068285376
0.082430869
0.040867344
-0.0059268968
-0.02308728
-0.017366391
0.065536462
-0.0077181584
0.032576188
-0.050309263
0.022107007
-0.062160775
0.058392595
-0.053646576
0.0085850134
0.038797755
-0.023442406
0.018992241
-0.024690876
0.036095232
0.080748372
-0.047680352
-0.018147837
0.050793454
0.020763308
0.041139968
0.075606741
-0.0053463364
0.027454073
0.00075794075
0.044483796
-0.003085179
0.032540914
-0.022032181
0.0062551945
-0.0021534108
0.023999888
-0.04651795
-0.022690801
0.023204861
0.007212624
-0.0030968948
-0.038947951
0.0041651563
-0.0010973222
0.062990539
0.014578244
0.022795379
-0.012435913
0.016696867
-0.0078708371
-0.11090407
0.019920332
0.039979231
-0.035656545
0.052460194
-0.041889444
0.047869127
-0.055028576
0.090971954
0.021926539
-0.04562185
-0.021593845
0.018132919
0.055393733
0.0015477124
-0.064923741
-0.071061619
-0.024890542
0.041192133
0.021986682
0.034214009
-0.021672724
-0.047091872
-0.0067570973
0.013559333
-0.015963068
-0.011166982
-0.030239554
0.072376683
-0.03977029
0.0014394425
0.0041025993
-0.0046100654
0.016258705
0.058256757
0.026671957
0.028611939
0.010413618
-0.044284653
0.0069226809
0.054314643
0.027547766
-0.030934842
0.008184107
-0.064856045
0.039514124
0.023302285
0.050731976
-0.036671024
-0.061816536
-0.049121816
0.030138055
0.045272112
0.0064780582
-0.010274532
0.017408565
-0.024912095
0.055111632
-0.025675276
0.059015065
-0.0072919712
0.011755175
0.015787292
0.041775595
0.045109577
-0.042944215
0.049106993
0.021603804
0.013330993
-0.055650529
-0.076570541
0.044228945
0.035815366
0.036954056
0.076089025
-0.042173043
-0.067191996
0.0032652747
0.067350179
-0.036761098
-0.034665614
0.050082184
0.0055155945
0.030246682
0.023690095
0.060637724
0.034813978
-0.026823265
0.035703056
0.093259297
0.0086636655
0.073863782
0.044688895
-0.04572621
0.077344902
0.052613243
-0.044373006
0.076554596
0.05495264
0.034072671
0.075646706
-0.02669874
0.048784785
-0.0020271996
-0.038697481
-0.044169754
0.034544758
0.023712741
-0.011236503
0.020375859
0.025285838
0.028120408
-0.038017869
0.0038433203
-0.0070732529
-0.07686688
0.016299201
0.056599125
-0.084070228
-0.01722962
0.010561197
0.071765803
0.014064781
-0.055587266
-0.0056368927
-0.10835641
-0.020617809
0.040520951
-0.043898992
-0.025889684
0.026774971
0.032518893
0.055575531
-0.049533401
0.02277022
-0.0061829817
0.017664677
-0.075708784
0.053588744
0.044985037
0.067259513
0.068260916
-0.014550217
0.0085651698
-0.014088215
0.0038581847
-0.054910511
-0.10174302
-0.03979861
-0.084396988
-0.029403664
-0.00093524088
-0.043885663
0.054333132
0.075837009
0.089853458
-0.12306137
0.015755661
0.030654704
0.011681195
0.03142206
-0.0024944192
0.026730159
0.015058299
0.038318753
0.010666893
0.025649913
0.0040054717
-0.074606918
0.015299598
-0.057701498
0.09690889
-0.0684627
-0.058397561
0.026735973
-0.038107395
0.035676707
0.020520577
0.034847893
-0.0051447535
-0.023390297
-0.030035837
-0.025000079
-0.01803148
0.070851237
0.026479596
0.053926978
0.033077549
0.048463527
0.064630136
-0.010841491
0.11711186
-0.015309503
0.046409875
-0.034581825
-0.044771038
-0.080973916
-0.00053972052
-0.02530209
-0.0083810911
0.088403821
0.023320302
-0.1135738
0.10361509
0.040056046
-0.033279639
-0.060893789
0.0067847245
-0.042293474
-0.011083866
-0.044453278
0.035173144
-0.0038374965
-0.032954413
-0.015429601
0.041988976
-0.0029294055
-0.033243742
-0.063599117
0.0081167677
-0.074118122
-0.0023172072
-0.015899355
0.034022544
-0.013493589
-0.0089208772
0.01747583
-0.0064477185
0.020831788
0.036582809
-0.028170617
-0.086434409
0.063507646
-0.0025632996
0.015775029
0.013707643
0.02873845
0.043731976
4.2188814e-05
-0.03400299
0.003604403
-0.00386552
-0.036267582
-0.00062998186
-0.074811064
0.04530292
0.032928735
-0.026941087
0.013018304
0.035142891
0.010000171
-0.053233981
0.017487429
0.055387128
-0.055359218
-0.0044057863
-0.019299759
-0.045222603
0.011006715
0.037239432
-0.023905018
0.06670668
0.0023202382
-0.094305225
-0.038401958
0.042297963
0.021755306
-0.028836038
0.013798787
-0.1304871
0.012057727
-0.079223044
-0.0038913398
-0.065300718
0.053617731
0.0055218288
0.059659477
-0.013403178
-0.022639023
0.042183712
0.09294004
-0.056113757
0.0048684711
0.018011885
0.055478141
0.023811175
0.033097338
0.074931532
0.03860173
-0.033691071
0.0029468692
-0.025095375
-0.014374366
0.029971996
0.020104313
0.078176364
0.058852661
0.029306712
0.011759236
-0.019899096
0.0014821846
-0.056310058
-0.0076509439
0.0025196739
0.061019056
-0.034839384
0.056497298
-0.090644293
-0.022551432
0.0022814937
-0.05803024
-0.042101461
0.01946298
-0.0084634842
-0.087857231
-0.015974402
0.040354423
0.012932098
-0.00062206475
-0.039504137
-0.063526876
-0.0026359912
-0.030540198
0.070661344
-0.13625287
-0.0063806791
0.023535699
0.053345378
-0.054671839
0.0092694759
-0.043917757
-0.097466104
0.041522905
0.00036614627
0.030724553
-0.014788248
-0.066642754
0.032133203
-0.064159825
-0.012727872
-0.051592909
0.0086303204
-0.030306272
-0.0034431191
0.076783955
0.067999475
0.038229465
-0.016522849
-0.0017845299
0.017069794
-0.029732848
0.023962708
0.071848541
-0.033960745
0.024752952
-0.032311
0.040605202
0.040232081
0.025194481
-0.0092841331
-0.020699533
0.011219816
0.033506583
-0.14637117
-0.10702577
0.024716055
-0.0080083646
0.04697505
-0.029830392
0.019684771
0.059511073
0.033742476
0.065652512
0.0064589987
0.021499848
0.03330021
-0.021168718
-0.0051075802
-0.050006934
0.09816023
-0.012385228
-0.019617876
-0.016058329
0.018135346
-0.0025901014
-0.025769539
-0.057658959
-0.052142899
0.011816065
0.061181415
-0.081342496
0.021279454
0.023196613
0.098381795
-0.012751618
0.090830684
0.059006579
-0.016535159
-0.033211689
0.025869014
0.05585679
0.022660155
-0.013553726
-0.051358625
-0.10766002
-0.019810526
0.041285891
0.026075212
-0.0029302519
0.0083070435
0.0017465256
0.017076423
-0.021859039
0.0065667885
-0.060691327
-0.0093186405
-0.051505059
-0.050550357
0.035904076
-0.015391194
0.038293194
-0.047526188
-0.0033445312
-0.094627529
-0.053761225
-0.022510666
0.051140495
-0.068949856
0.017566303
-0.037334599
0.02383263
-0.011350934
0.0065725236
0.031341221
0.0050099217
0.037813317
0.0030294389
0.010351863
0.013395061
0.015677353
0.020723984
-0.049509749
0.045188632
-0.041841768
0.043891504
-0.0046011084
-0.070779353
-0.061624773
-0.018248636
0.048646659
-0.056533974
-0.024280809
0.03202185
0.097996064
0.0027246377
-0.061651409
0.089022227
0.017496314
-0.0081861494
0.032823931
0.057625528
-0.026610563
-0.039951496
0.030808125
0.020251963
-0.042810943
0.019909311
0.0053084446
0.052782793
-0.04085895
-0.0050743241
-0.036271725
0.056963336
-0.025232531
0.056510434
-0.11106123
-0.064249776
0.014029842
-0.085191958
0.039289478
0.048454896
-0.038390491
0.062495802
0.049471222
-0.0034947854
0.071543217
0.00073345302
-0.032480802
-0.023346106
0.11035579
-0.032517806
-0.09055651
-0.069019124
0.016279602
-0.083243795
-0.0048709903
0.070465088
0.088353582
-0.044400461
0.02152049
-0.07757356
-0.073505603
0.02020013
0.096432149
-0.079770871
0.0030857825
-0.014659436
0.050009429
0.022632761
0.11589037
0.033095408
-0.077449374
0.079291478
-0.026917512
-0.00021918264
-0.037368737
-0.033461399
0.0021935161
-0.0070197405
0.0083163353
-0.0062810788
0.049144417
0.0099063208
0.039273519
-0.039627604
0.019424748
0.035605039
-0.07409887
0.1015281
0.00014281167
0.11082286
0.070815116
-0.034060311
0.043917987
-0.047164742
0.0041818139
0.032534499
0.0054718722
-0.041056275
-0.078060523
0.05955096
0.04090219
0.059649643
-0.0038330664
-0.052035578
0.0083321352
-0.011191007
-0.026485065
-0.018280659
-0.057153739
0.04521561
-0.064726584
0.012161133
-0.0099670291
0.054309331
-0.040733341
0.086081766
0.082561478
0.0085928058
0.0018194373
0.043455463
-0.037458986
0.0004675152
-0.026259959
-0.036282089
0.020518608
0.077003799
0.015599669
-0.054980975
-0.011710516
0.025017994
-0.022489954
0.018390112
-0.086118996
-0.092516206
0.016052723
0.054052174
0.02085465
-0.0241723
0.055560458
-0.02636476
-0.011252232
0.047609352
0.046627134
-0.0098468913
0.080877483
-0.03012339
0.014417912
0.021794541
-0.070872881
0.018036272
-0.041667163
0.070421651
0.0069202296
0.02188533
-0.037091292
0.015109191
0.0078816805
-0.041842371
0.047976177
-0.041972738
-0.052985482
0.0088749817
-0.044572394
0.0094218496
0.07286755
-0.10741193
0.053258341
0.060609102
-0.068980403
0.036401868
-0.025843259
0.0086357454
-0.058440141
0.034375496
0.020332299
-0.023669461
0.011881028
-0.071620777
0.038810059
0.0084591936
0.015606784
0.007904673
-0.04640257
0.019442158
0.056910262
-0.067087486
0.010931205
0.012274045
-0.0015967577
0.041342791
0.067517966
0.016426194
-0.026662689
0.05671316
0.025448876
-0.086376429
-0.020382687
0.05965694
-0.093527898
-0.06928473
0.021822259
-0.039732464
-0.016025044
0.078586616
-0.041371383
0.049768675
-0.0027920073
0.057865869
0.01918315
-0.059899323
-0.022400154
0.0050860178
-0.014760301
-0.043317877
0.024430282
0.047098726
-0.0092306249
0.00078405405
0.018590966
-0.027540473
0.025845855
0.041386075
0.072018802
-0.050586246
-0.0053799185
0.075414233
-0.082152911
-0.069493718
-0.0080122538
-0.027285822
-0.05424371
-0.049730543
0.028010119
0.00089958834
0.0073910947
-0.02129391
-0.014052235
0.028353661
-0.048244204
-0.008843421
-0.085415863
0.026679896
0.046905953
-0.014602409
0.12871669
0.063199222
0.022298632
0.024952477
0.046736926
-0.039367467
0.067758158
0.077456877
-0.06885276
0.0013647884
0.096356459
0.099296294
-0.010380598
-0.031524662
-0.014560915
-0.083231464
0.013149649
-0.076708451
0.033180848
0.026998514
-0.010134143
0.11454988
-0.051886905
-0.079891741
-0.020153483
0.068778768
-0.0014697304
0.025205893
-0.01757716
0.0070391251
-0.03345659
0.02107013
0.017859008
-0.014841073
0.0068960418
-0.056694817
-0.044516057
-0.053922538
0.036975097
0.02555347
-0.023967071
-0.0069321939
-0.065125898
0.040461466
0.0076075154
-0.041716389
-0.026446244
-0.041049689
-0.014540688
0.041680869
0.039448116
-0.022788532
-0.00683726
-0.036434531
0.026182355
0.025509713
-0.0090100067
0.020680791
-0.014191315
0.06363035
-0.016674001
0.027185405
-0.0089634173
0.063328572
0.026528427
-0.037537243
0.025323335
-0.011188077
-0.056755371
-0.04490168
0.0034829499
0.0017461346
0.02296471
0.018261362
0.013869065
-0.025260167
0.010223664
-0.057753634
0.034889437
-0.038796712
-0.0081351129
-0.00059797236
0.0071656043
-0.041483421
-0.030408969
-0.026038917
-0.025177266
-0.024256209
-0.00059824344
-0.0016624994
0.026202086
0.015009771
-0.0089528216
0.0067156209
-0.0060929316
0.0076540159
-0.036260363
0.018133078
-0.027197234
-0.045316577
0.010779022
0.0040520439
-0.0070407768
0.044201899
0.089292884
0.00030762088
-0.032886527
-0.032313954
0.044769336
-0.019970166
0.050406009
0.029226551
0.049527645
0.034759197
0.0023254671
0.030375903
-0.033268306
-0.061665647
-0.044558629
-0.053800724
-0.04798862
-0.010380209
0.054878619
-0.067791574
0.061297849
0.01149393
-0.024222571
-0.0053576445
-0.088852122
-0.075342134
-0.029469939
0.012610639
0.020552078
0.064230099
-0.073083796
-0.10441252
0.012495746
-0.036242735
-0.058123376
-0.0021328882
-0.010178998
-0.075173177
-0.008567919
0.032660883
0.035384752
0.04326674
-0.00069528975
0.059188165
0.007419514
-0.067264937
0.046434153
-0.072797611
0.080940276
-0.098314293
-0.0090465322
-0.095160961
0.013984138
0.0078594154
0.018279599
0.041131467
0.015795501
0.037165012
0.06215835
-0.029914191
-0.0027462672
-0.02715921
-0.09312503
0.02136638
0.017929005
-0.048263703
-0.053076562
-0.125477
0.049254268
-0.027799793
-0.060466465
0.035772923
0.037519973
-0.032038603
0.020908443
0.0057820771
0.0076898364
-0.07237839
0.084200174
0.061526515
-0.082707673
0.054314267
0.039952226
0.061621681
0.025665043
0.022328861
0.012864118
-0.11293112
0.0083595691
0.019988965
-0.022963159
0.022405427
0.033058297
-0.046560973
0.025012782
0.077598713
0.021704052
-0.0034262915
0.064606994
0.021734187
-0.046696294
0.080061272
-0.017354796
-0.016204812
-0.017458443
0.083118238
0.036697827
-0.085031994
0.02467172
0.03379659
-0.091975108
0.036540575
-0.022493361
0.063928321
-0.065384671
0.07163325
0.024694167
-0.036846407
0.032880448
-0.0050208918
-0.03023936
-0.015070404
-0.029727906
-0.027300866
0.065834835
0.005348288
0.038387273
0.0076756543
0.070741028
0.028822865
0.053916581
0.03612737
-0.081785329
-0.052641813
-0.0097760456
0.023380268
-0.0059216768
0.014166893
-0.022876319
0.024394004
0.030877255
0.031422794
0.034129426
0.015336285
-0.065078586
-0.0045567648
-0.00092929008
0.041265108
-0.015101353
-0.035842922
0.07638292
-0.065721191
0.058375813
0.025718637
-0.0034666883
-0.069583647
-0.029916178
-0.14141883
0.025312679
0.0070198001
0.027232081
-0.072017968
0.035410237
0.01478722
0.03440056
0.002093765
0.026491614
-0.078856222
0.036723312
0.021414945
-0.0041259634
-0.049673155
-0.024635289
-0.0076425914
-0.033072162
-0.017016396
-0.01312522
0.0087230336
-0.0075681512
-0.015997818
-0.011656049
0.035884675
-0.019283794
-0.070902355
-0.028752809
0.01708265
0.04827258
-0.024661886
0.098740965
-0.029956389
0.034614056
-0.031557228
0.088936649
-0.016535198
-0.0090679675
0.046786401
0.029779529
0.028154062
0.043362759
0.0024302453
-0.050214786
0.030184424
0.054994639
-0.056827843
0.10053805
0.033838514
0.033629466
0.057463676
-0.05021948
0.0096409721
-0.018552069
-0.016882267
0.068821073
-0.045291696
0.037938327
0.061060369
-0.050785009
-0.029598413
-0.064867124
-0.13358983
-0.016004063
0.03184294
0.01430706
0.015135466
0.014157234
-0.040087987
-0.052288979
0.082143582
-0.036433596
0.0317409
-0.039341994
-0.031447567
-0.055949379
-0.059300229
0.076731607
-0.015350963
7.429508e-05
0.004191359
0.090377241
0.094802164
-0.00042110702
0.026721984
-0.057210103
-0.039555844
-0.026612898
-0.011017869
0.045977566
-0.026459536
0.052302696
0.063666835
-1.5303911e-05
-0.019217931
-0.029707825
-0.063578784
-0.11932441
0.04573296
-0.036285758
0.042803809
0.0047559012
0.041338015
0.060126938
0.02426493
-0.0087799812
0.010019504
0.026424417
0.070801795
-0.053215243
0.014545039
-0.033614729
0.038336836
-0.0068394556
-0.014743059
0.038271755
-0.024226226
-0.0099592581
0.0020446181
-0.050826848
0.037040453
0.060997695
-0.0089251269
0.080517538
0.078338258
0.060040627
0.050790779
-0.00069757714
0.039942078
-0.017000614
0.076817617
0.016615052
0.031140679
-0.054511722
0.039990783
0.082725853
-0.009265082
0.046723489
0.0040338282
0.0056262002
0.033096638
0.064636908
0.016338922
0.0077088079
0.047712594
-0.025280517
0.017031554
-0.016206233
-0.033316158
0.026423097
0.026720431
0.018754667
-0.03413057
0.064574257
0.0086210333
-0.015980251
-0.045632146
0.065901279
-0.027401192
-0.015490755
-0.077273868
0.0085913902
0.082872346
-0.015901113
-0.027734818
0.0045347307
0.035917215
0.018617826
0.025545621
-0.039046746
-0.10823023
0.001847993
-0.064010248
0.11293373
-0.032539416
0.033126514
-0.01584026
0.063458368
0.0070061861
0.034250457
-0.039021529
-0.01672413
0.034329869
0.0014027753
-0.030755349
-0.0094270194
-0.010677349
0.043241031
-0.053322315
-0.049427599
-0.0062548397
0.049106713
-0.0063053332
-0.030702496
0.0052588391
-0.015732601
0.025997326
0.065341182
0.017522851
-0.0078109275
-0.00049800955
0.0013309517
-0.03728658
-0.027745018
0.031147948
-0.076499328
0.0049230694
0.053459644
-0.072279401
-0.026151646
0.024486816
-0.030806936
-0.088503152
-0.0015156887
0.014926
0.098652922
-0.033451062
0.069620833
-0.033661637
0.022924107
-0.03321664
0.054759748
0.0067144157
0.04106649
0.011011444
-0.015937801
-0.10749835
0.034800224
0.0043138349
0.074498318
-0.021906594
-0.068672478
-0.039233547
-0.047726832
-0.10264179
0.014895909
0.028288431
0.034377564
-0.063959457
0.041628737
0.025995679
0.040392295
-0.0017709822
-0.0024412952
0.059443578
-0.060432266
0.053087272
-0.058878206
0.038473293
0.028923796
0.026702967
0.054233864
0.032602396
0.011088233
0.035836004
-0.018566133
0.0044900486
-0.012620544
0.0011867487
-0.068243831
0.026586618
-0.031934988
-0.021412369
0.0025158364
-0.013725363
0.049435396
0.051028669
-0.0090754721
-0.070972428
0.043945156
-0.033240303
-0.053699475
0.056124974
-0.0091775805
-0.085619025
0.046365034
0.0060051312
0.025681844
-0.084105551
-0.015339935
0.089869007
-0.043328539
-0.054848459
0.029754916
0.018273845
0.0019328988
-0.089527942
0.011437329
0.060412772
0.037471734
-0.042288035
0.033354226
-0.0037499804
0.07164719
0.070143975
0.08548373
-0.030635143
0.049226165
0.050871931
-0.12276188
0.032043722
0.02264964
0.058883458
0.015077621
0.019782189
-0.0077437111
0.064317457
0.053313836
0.012607934
-0.030686749
-0.10685025
-0.0096196011
0.05445917
-0.079107098
-0.076668851
0.038600687
0.021988809
0.0027920911
-0.048479516
-0.021372275
0.063617855
-0.034837253
0.080568358
-0.048662085
-0.048196349
0.037909783
0.019506175
-0.019426137
0.025873592
0.037276562
0.021023519
-0.054669674
-0.012265936
0.047629338
-0.11976068
0.04186717
0.038024958
-0.046755373
-0.026695747
0.062379856
0.08525718
0.037362855
-0.065828592
-0.023564609
0.026232995
-0.042398281
0.095271587
0.014743338
0.0011782111
0.02780916
-0.045311201
0.026860395
-0.11392561
-0.00044153267
-0.024716996
0.0013379464
0.030263579
-0.033340994
-0.028297437
0.020881617
0.055905208
0.025544344
0.0011694304
0.021073183
-0.037276018
-0.020980367
-0.025387255
-0.070289589
-0.0010447564
0.0565353
-0.020032285
-0.013033703
-0.014207557
-0.015975595
-0.036116973
0.071393713
0.060917575
0.01416098
-0.014326929
-0.060023487
-0.020209881
-0.05490021
-0.049352791
0.012899723
-0.03564987
0.076259956
0.023940878
0.0020801504
0.042802066
0.01834831
0.089673728
0.016793316
0.082570933
-0.034676541
0.002328265
-0.019447181
0.010204176
-0.092289262
0.071240701
0.022935508
-0.024678277
-0.065867156
0.059569206
0.02481588
0.0155532
-0.054529123
0.065667287
0.015614249
-0.067876063
0.092098005
0.081288688
-0.051212806
-0.028155185
0.05807244
0.018828217
-0.0017906381
0.029599864
0.10750034
0.075474441
-0.028807253
0.03321299
-0.098279886
0.06579563
-0.064887516
0.052174222
-0.082689799
-0.09440887
0.018946158
0.023964411
0.04918519
-0.09915971
0.019355197
0.089152597
-0.040545613
-0.016037727
0.10324161
-0.012467232
-0.032240849
0.0047314339
-0.0045411233
-0.043635022
0.073041663
0.035207644
0.01688488
-0.074692398
0.027050983
0.0512559
-0.043690398
-0.059173863
0.0085190209
-0.089096658
0.022905642
0.026297459
-0.029455762
-0.053607043
0.027135888
-0.015120848
0.049489755
-0.014345272
0.041099519
-0.081790186
0.016824022
0.097698875
-0.04322847
-0.025433153
0.020266026
0.018275324
-0.082588188
-0.042020168
-0.029532153
0.12271357
-0.044263408
0.040240709
0.026465844
-0.092552617
-0.069157057
0.056719672
-0.098427944
-0.082893237
0.02548071
0.1632676
0.016913529
-0.010005708
0.046708442
-0.061339393
0.051101528
0.02416612
0.062074736
-0.060129635
-0.05630096
0.014180806
0.010712665
0.0078788642
0.011159325
0.0086943386
0.040816609
-0.098240279
-0.10857783
-0.06988664
0.061897837
0.084976822
0.017831579
0.014671902
-0.060408648
0.063950151
0.012606159
0.018276883
0.096599214
-0.014520131
0.028979916
-0.017866345
0.014734585
0.023671675
-0.12415057
-0.036991861
0.031225875
-0.040511865
0.00080180337
-0.017443037
0.034649659
0.029879881
0.021076174
0.10702635
-0.019928509
-0.010145248
0.13813987
-0.014841755
0.0032811819
-0.023526598
0.093522094
-0.08721453
-0.022673635
0.074501485
0.10029253
0.00097412191
-0.044029895
-0.025178697
0.065852597
0.041750256
-0.026005849
-0.036343295
0.041041568
0.049010035
-0.0022757102
-0.1040272
0.044592116
0.087474979
-0.010382921
0.047834229
-0.052826446
0.096507847
-0.058460649
0.057893544
-0.082531646
-0.04299853
0.022149112
-0.061929356
0.077798538
-0.037029151
0.03327788
0.016237525
-0.0083128214
0.0023836703
0.00062842324
-0.044777799
-0.091820084
0.017038908
0.036437772
-0.06405469
-0.08674252
0.08542797
-0.03029808
-0.044853356
-0.047849685
0.061817829
-0.035872359
-0.023023652
-0.00043128044
-0.033679377
0.043592721
0.014543466
-0.037566394
-0.034186535
-0.022614518
-0.043389022
-0.020402109
-0.055162914
0.040698938
-0.011567305
-0.045799684
0.043288246
-0.031934258
-0.074595116
0.030618181
-0.004972734
0.020514606
-0.00014001396
0.0072094589
0.012819394
0.062719844
0.070994265
0.011295711
-0.02791618
-0.068394564
-0.037440278
-0.068357743
0.0057826927
-0.032264628
0.093306743
-0.001958865
-0.13277443
-0.011696354
-0.022544594
0.0050706123
-0.053704102
0.051190719
-0.010693052
-0.042334411
-0.0045497771
0.077228628
0.010403635
0.05499519
-0.021187397
0.018876102
-0.048090994
-0.047318917
-0.035190027
0.046788566
-0.0056000431
0.0080419714
-0.037349787
-0.058094442
0.044852398
-0.012808029
0.099313028
0.086978815
-0.0025796234
0.070902042
0.036467418
0.0038172735
0.023774637
0.013246009
-0.041950092
-0.020630525
-0.0065427027
0.038592704
-0.083061844
-0.0097077526
0.0046268594
-0.016381549
0.10323592
-0.038901493
-0.056284554
0.046743557
0.012777652
0.028089389
0.023828784
-0.014942871
-0.057758879
-0.0083263945
0.019158665
0.056476951
0.0033534039
-0.029325245
0.029396195
0.058214668
-0.07122919
-0.060043685
0.02474883
0.027419535
-0.0043058991
0.059424266
0.022354456
0.011145635
-0.021899225
0.035083696
-0.0065955054
-0.050941374
0.073910452
0.035897266
-0.054529406
0.018968811
0.047834978
0.031984899
0.018568624
-0.073819138
-0.010515328
-0.013405337
0.050337136
0.079718873
0.03713401
-0.0095236693
0.066632047
-0.032705519
0.0010457449
-0.075412467
0.041494295
0.067511074
0.0018028287
0.012210104
0.074528575
0.019825216
-0.049226034
0.0024567551
-0.054112785
-0.033556864
0.033691909
0.0085344156
-0.003610909
0.039776713
0.011222604
0.029636983
0.039348315
-0.065996371
-0.068815731
-0.089098476
-0.014754026
0.10483931
-0.054511618
0.055267714
-0.035263758
-0.043286663
0.00428322
-0.10743126
0.082033865
0.008715258
-0.013206572
-0.095630102
-0.0097460207
-0.025609916
0.05232333
0.089980721
-0.017802926
-0.022348117
-0.012641661
-0.0078535546
-0.023959406
-0.054810766
0.022216374
0.01359353
0.040431242
-0.015433733
-0.026640058
0.039180242
0.061662052
0.0857246
0.01530547
-0.10665965
0.011120606
-0.014894636
0.097333066
0.031559788
-0.039206874
0.020819858
-0.0028269021
0.024483424
-0.0099220704
0.02745272
-0.025449114
0.0019928478
-2.813325e-05
0.084469773
-0.0047875019
-0.024966454
-0.024048662
-0.024448607
-0.0034564962
0.031852182
-0.035219539
-0.02035564
0.0035700374
0.019993983
-0.062674433
-0.029159015
-0.029916646
0.10022446
0.0003876969
0.062104262
-0.063783154
-0.043225445
0.00097558944
0.00017110581
0.075253733
-0.0077341893
0.022633558
-0.021027364
0.026147835
-0.0244767
-0.031082395
0.021912646
-0.022073122
0.0093253655
0.026089875
-0.06986028
0.052508611
0.053532615
0.036619429
-0.071266554
-0.081939213
-0.0043480638
0.053962741
0.05661685
-0.036556378
-0.043269265
0.045536675
0.091407418
0.023417916
0.045237571
-0.0042094807
-0.03008315
0.0051346589
-0.043503631
0.034459513
-0.086461425
0.080712765
-0.0041485615
0.050091319
0.048412543
0.024174076
-0.023886822
0.049592726
0.020534098
0.017818455
-0.0089132404
0.059833203
-0.0076034633
-0.053011801
0.036646824
0.060503334
-0.0035944809
0.026403885
-0.030240625
0.058744967
-0.011686358
0.014371254
-0.035547432
-0.015535642
-0.0010821414
-0.0077897091
0.0059361015
0.066393577
0.055627495
0.017518535
0.044808261
0.0013423817
-0.064855218
-0.02042051
-0.040138129
0.041568071
-0.028592782
0.061447214
0.079592034
-0.026447497
-0.042547479
-0.013059845
-0.081140511
0.076271564
-0.076669231
0.027422439
0.060601637
-0.031835753
0.094208263
0.069431163
0.019271363
-0.025266631
0.038988024
-0.012159011
0.11128451
-0.064914726
-0.012007361
0.0097956415
0.049872667
0.06762889
0.041947294
0.0506601
0.032347765
-0.06730479
-0.0080612227
0.037883665
0.048715599
-0.016111497
-0.01905771
-0.018280907
-0.033821158
0.011892679
0.0055903574
0.008140441
0.020964699
-0.06131874
-0.0050817789
-0.0050228857
-0.051961921
-0.01888115
-0.075848311
-0.031290058
0.083014563
0.05085827
-0.058558799
0.064286761
-0.017394228
0.036118437
0.0041513937
0.0094289668
-0.021891307
0.068374291
-0.051468782
0.0046563293
0.028117014
0.0033680387
-0.030338457
0.0075338744
0.0044412119
-0.016599197
0.017394107
0.081156462
0.012363106
-0.060258634
0.018320609