0.023532273
-0.017082063
0.069242984
-0.0018517209
0.12892632
0.017569538
-1.1191782e-05
0.089369886
0.0023573234
0.042841628
0.036603827
-0.06092117
0.0072668009
0.028913027
0.075902946
-0.047461811
-0.064841531
-0.033726145
-0.01731558
-0.018878117
0.063890874
-0.023517216
0.053098839
0.11243495
0.078692503
-0.019229574
-0.082891241
0.011702662
-0.14378628
-0.029463613
0.0015863741
0.028738415
0.044159472
0.055502228
-0.0077084759
-0.014248259
-0.063933425
-0.020867461
0.073025987
-0.05388166
-0.058244959
0.027517715
-0.018008061
0.079353794
-0.090654336
0.060343068
0.040242828
0.069738664
0.066261597
0.019653317
0.10441666
-0.014928943
-0.040838026
0.10922483
0.047552496
-0.012696675
0.041790448
0.047705475
-0.12366655
0.050825663
0.038746044
0.071055509
0.055395287
-0.042192999
-0.078773789
0.028021097
-0.024959059
0.024801556
0.055807758
0.11932188
0.10666253
0.01050593
0.10828895
-0.024278272
0.032797147
0.022360826
-0.0095693264
0.0090169422
0.049483705
0.027325295
0.041135795
0.009915947
0.012402122
0.031820513
-0.012314544
0.0055544698
-0.0288048
-0.038951572
0.014123658
0.044815332
-0.013400581
-0.049995083
0.073728524
-0.041867249
0.077229135
0.027994476
0.016887866
0.033305369
0.082223147
-0.050488591
0.00055370311
0.040038247
0.021893198
-0.073871113
-0.027659193
-0.026886465
-0.063940451
-0.070677221
0.15515031
0.0881069
0.036362261
0.027654173
0.034709599
0.033084799
-0.064208142
0.001580263
0.0050209495
-0.10702273
0.027087606
0.040861439
0.072721064
0.0371213
0.038713437
0.037657328
0.048668914
0.034378514
0.0058379504
0.015424605
-0.087424874
0.014120621
0.089571044
0.010480507
-0.065123938
-0.040958807
-0.048428651
-0.077838667
0.062918559
-0.014974586
-0.048194569
-0.02055471
-0.028616296
-0.12293548
-0.033345472
0.013403087
0.020008298
-0.0092912158
0.03993402
0.064304508
-0.0046669426
0.045354296
-0.070417188
0.082135357
0.12955214
0.029493907
-0.10297434
0.032142825
-0.062311646
-0.027171088
0.0021169751
0.042042948
-0.084499717
0.012686937
-0.02768413
0.089459635
0.064463288
0.090205148
0.057251677
0.048539933
-0.06086332
0.10637
-0.018503662
-0.021029808
-0.078800939
-0.017461671
0.060550027
-0.018483831
0.045491315
0.029032541
0.030620154
0.047486894
-0.061965283
0.0074511645
-0.017640017
0.0053495355
-0.12140723
0.063409291
-0.060534619
0.063712709
0.045262944
0.028831476
0.025607372
0.00039846794
-0.064797565
0.065091766
-0.016882345
-0.045306936
0.075290523
-0.031596024
0.039789282
0.043846745
-0.0061176876
0.10434314
0.050381992
0.049767919
0.10446933
-0.037085153
-0.089143299
-0.097934298
0.075444289
0.08773496
-0.038077027
0.067318156
-0.10477922
-0.002848485
-0.11859417
0.0090268953
0.022088837
0.0060976166
0.031525005
-0.079928733
0.030428315
-0.027826659
0.036996152
0.026016233
-0.039679099
0.068308607
0.031668775
0.10457904
-0.0012015237
0.040502399
0.044025127
0.012146148
0.059047148
-0.0051278188
-0.052369732
-0.033093266
0.040255085
-0.022447379
0.0014467123
0.056164265
0.03673093
0.1152548
-0.023135148
0.080562912
0.060387645
-0.011287213
-0.073258325
0.018951982
0.1210608
0.036499452
0.0072742314
-0.052205063
0.055299964
-0.092212863
0.05531529
0.062192112
0.055680189
0.054295089
-0.1007966
0.034555856
0.00060250133
-0.040478744
-0.015499612
0.068642356
-0.030626249
-0.042922169
0.021933584
-0.0059756339
0.086915411
0.070867389
-0.061554324
-0.024071299
0.034260102
0.048623588
0.10667148
0.098798923
-0.027955886
-0.023984618
0.095217891
0.095154054
-0.049061809
-0.10079572
-0.023307968
-0.022034988
-0.0012349958
0.13466419
-0.0094336756
0.0031486514
-0.02976069
-0.025865199
0.14708345
0.019101849
-0.088949531
0.085944653
-0.029202934
-0.11666124
0.0045428756
-0.069764704
-0.034138355
-0.029407369
0.0021513943
-0.044768725
-0.068711393
-0.022336978
0.049975276
-0.078289844
-0.075297907
-0.015002687
-0.072890386
0.058163207
-0.044104796
-0.035364117
0.10165756
-0.0087606423
0.0011896131
0.05712197
0.098170772
0.1026558
-0.011369016
0.010242057
0.081826858
-0.018722674
0.029303204
-0.048089042
-0.039829463
0.05552182
-0.021697802
-0.0037421149
0.019145779
-0.03140771
-0.016238241
-0.048900828
0.0017305325
0.030393818
-0.020221414
0.056081075
-0.027567724
0.021133546
-0.053313982
-0.11977649
0.072707921
0.10315211
0.024437048
-0.025045898
-0.015768146
0.062412929
0.056641959
-0.02524676
0.038980048
0.1079843
-0.0063820863
0.046322234
0.040707417
-0.017277125
0.02304822
-0.019397445
0.080008626
-0.027202014
-0.003926177
0.099364281
-0.021156337
-0.009928897
-0.099290691
0.078682289
-0.032419629
-0.016546568
0.028813461
0.0075234179
0.048659746
-0.12056458
0.045423716
-0.0579377
-0.0033750045
0.0089806784
-0.0066882377
0.032562327
-0.03778819
0.048613138
-0.054669693
0.051747534
-0.020312419
0.10345551
-0.0096607506
-0.069820516
-0.081950285
0.0047164606
-0.021141389
0.016615044
-0.070504881
0.046994224
-0.050860669
0.016670508
-0.086214833
0.10244468
-0.01246749
0.13437845
0.038387991
0.07356371
0.015878325
-0.082701936
-0.064673744
0.027584612
0.028193751
0.060146898
-0.085042387
0.062917635
0.018710276
-0.038774282
0.046188287
0.067000382
0.022559388
-0.09504623
0.032883305
-0.064636834
0.074179865
-0.041689135
0.072373994
-0.049185541
0.027375139
0.038832579
0.14444649
0.068373248
-0.016964171
0.026771495
0.019107953
0.054229986
-0.091460645
-0.016718857
-0.14552554
0.096120059
0.057231016
0.017870935
-0.093731552
0.085694373
0.037099142
-0.0066314801
0.034024391
0.02766145
-0.037640061
-0.019020393
-0.108982
0.046307787
0.13137004
-0.026224446
-0.038208075
0.013079726
-0.087061591
-0.012739673
-0.0016858417
0.038629163
0.13621514
-0.014065022
0.13529761
0.051789824
-0.059258416
0.010997888
0.05285605
0.091867551
-0.029917454
0.061203495
0.025575384
0.08692234
-0.047818832
-0.11346218
0.077703789
0.0037514714
-0.090072215
-0.021191757
-0.0054516396
-0.095431067
-0.018490572
0.045825966
0.065845981
-0.07263346
-0.00323683
0.049018241
0.049213495
-0.0019183772
0.017137554
0.011622576
0.034263965
0.078124709
-0.0098414645
-0.033772543
-0.048359871
0.046087384
0.072840981
-0.067842223
0.085199922
-0.083697453
0.054624941
-0.070448935
-0.053025257
0.11358158
0.01298903
-0.064351864
-0.040990148
-0.11827269
-0.0858531
-0.012704202
0.10125534
-0.015672181
0.018238932
0.11904889
0.10937152
0.051262174
0.043710183
0.050021816
-0.00087753194
-0.043027885
0.042456273
0.023650657
0.072357126
0.039090108
0.1146559
0.056993332
-0.096968167
-0.023645457
0.054891258
-0.084280409
-0.11389251
0.058344468
0.020019496
-0.0002333928
-0.12063404
-0.095106758
-0.10404458
0.04231897
-0.029559223
0.031919178
-0.038784463
0.068570502
-0.073334858
0.0055057616
0.071346156
-0.1056805
0.055600882
-0.036016874
0.0045826966
0.0025509472
0.15673904
-0.038506802
0.017797157
0.028273078
-0.047480721
-0.094295397
0.054860294
0.064806275
-0.053078394
0.032800484
0.0337019
0.018275563
-0.12519537
-0.078640096
-0.07734327
-0.077778839
0.08219187
-0.03382685
-0.016287703
0.071867809
0.065506853
0.027032025
0.045830294
-0.031777624
0.039912857
0.0074376799
0.0082168803
0.034751844
0.065535419
0.053165045
0.070802853
-0.016688406
-0.0035538829
0.03933531
-0.11403569
0.036984272
-0.060874652
0.045128472
-0.0017717916
-0.021207757
-0.018446164
-0.30918199
-0.033501133
0.041063324
-0.13385998
0.046914231
0.07047344
0.0072889607
0.14173216
-0.0078348564
0.013403363
0.024373541
-0.026222205
-0.11909051
-0.072067723
0.080916129
-0.028570075
0.021393653
0.040323071
0.061395466
0.072098099
0.094678767
-0.056841895
0.069541723
0.031281851
0.035403349
0.015040767
-0.076871328
-0.071038939
-0.070573322
0.045012973
0.086631335
-0.019506617
-0.0088511175
0.045774646
0.0067529543
0.036298163
0.11682748
0.10796873
0.064758308
-0.080684632
-0.1546455
-0.027384093
-0.029961107
-0.032667812
0.041567285
-0.03170814
0.11535962
0.021217408
-0.03597391
-0.027104722
-0.03645011
0.055994269
0.017094987
0.1234538
-0.10266022
0.0077847582
0.043058272
-0.0065318677
-0.026732929
-0.011014631
-0.098725408
-0.076770052
-0.012895533
-0.007128661
0.027797971
-0.044624083
-0.014175624
0.017445626
0.025035383
-0.011058592
-0.085967213
-0.060385104
0.024171364
0.058555257
0.053950638
0.084038936
0.018948935
-0.0095173437
0.049632456
0.030299457
-0.034217615
0.068014421
-0.039169084
0.0073161083
-0.0061850371
0.011363516
-0.022021426
0.011214556
0.026982779
-0.093627311
0.02193333
0.023465695
0.067214482
0.035508119
0.014456719
-0.081780702
0.009685671
0.0021319729
-0.11280895
-0.022734335
-0.053375117
0.014371984
0.14036834
0.039173126
-0.059734229
0.011203998
-0.0052736909
0.12152372
-0.042526677
-0.020746205
0.0065765749
0.051278017
0.070111409
0.062198762
0.048986696
0.014887935
-0.040291544
-0.0028395574
0.033702489
0.024525475
0.043304659
0.034934096
-0.0015589283
0.073345266
-0.058057096
0.05817486
-0.078542069
0.011288977
-0.048206858
-0.016895866
0.078293271
-0.067773312
-0.10309866
0.032095194
0.071221352
0.012700725
0.049567867
0.063993558
-0.04640042
-0.075439803
-0.024704503
0.073470712
-0.013302802
0.036459059
0.089635842
-0.0084504616
-0.029319322
-0.02290378
0.055830203
0.033749204
-0.055847388
0.065426067
-0.039614271
0.074904792
-0.057000667
-0.012720731
-0.038029276
0.0078980038
-0.037124068
0.088776119
-0.0083461115
-0.064802051
-0.016558163
0.028270178
0.083879009
0.010522067
-0.026641648
-0.027731344
-0.11624526
-0.090381071
-0.049915228
0.054119211
-0.0070065358
-0.068729475
0.014031615
-0.013529507
0.047011115
0.021229411
0.071420819
0.040134594
0.0037632484
0.047184195
-0.056266557
0.078136109
0.0014922166
0.030868828
0.052659761
-0.036495782
-0.049049336
0.0036336691
-0.050599232
-0.027096443
0.066831298
-0.013670102
-0.079557687
-0.077766694
0.046306733
0.052854981
0.00074042345
0.0530678
0.042054206
-0.04091192
0.057723463
0.019683553
-0.052601483
0.027016664
0.060409896
-0.012234136
0.086219683
-0.0088346973
-0.044371843
-0.011113198
0.053797238
0.0072883214
0.040198304
-0.073844954
0.01659577
0.0040338365
-0.088769034
-0.039964501
0.014689066
-0.035686094
-0.065366991
0.13198942
0.069456384
-0.083281435
-0.037506819
-0.0019687261
0.023707991
-0.037987728
0.0055187899
-0.043155573
0.02980637
0.002796592
0.026208552
-0.027466578
0.074842408
0.036952272
0.016522257
0.0033498616
0.040208053
0.070653386
-0.05817198
-0.046945211
0.042813316
0.059817206
0.031070609
0.050991114
-0.08540906
-0.02493331
-0.03238859
-0.0097237024
-0.037067335
0.058321878
0.093914218
0.063404523
-0.060342666
0.028181616
-0.0047107372
0.0017265308
0.044037279
0.0031082174
0.043552123
0.07099919
-0.026572786
-0.0093879849
-0.044585533
0.098735735
0.049274128
-0.056945857
0.074610874
-0.021316536
0.080176406
-0.025075374
0.041609373
-0.012400283
0.056029487
0.00089461799
-0.049742475
0.050024297
0.067292251
-0.008352357
-0.017241349
0.011780664
-0.055539344
-0.015496386
0.047992915
0.02701349
0.023200689
-0.049320038
0.025907159
0.044306807
0.064435802
-0.027314493
-0.039930753
0.053267583
0.064067818
-0.070630886
-0.012526492
-0.081518784
0.022791052
-0.027730152
0.025804868
0.011163157
-0.035787016
-0.053170443
-0.049837593
0.042534899
0.057570044
0.055904604
-0.036561836
-0.090723582
0.01187426
0.072555445
0.013649723
0.041074615
-0.015874406
-0.074622057
-0.18872567
0.1294505
-0.050792884
-0.014616988
-0.024548938
-0.17017804
0.076198898
-0.066393405
-0.058622763
-0.033573639
0.16229415
-0.042016417
0.08785101
0.11713069
0.11114818
-0.139157
0.11544874
-0.053123306
0.08784347
0.044846945
-0.21848741
-0.14779137
-0.0085199112
0.13554607
-0.039032534
0.0036849405
0.16410308
0.043200899
-0.088433497
0.039268099
-0.009870192
-0.027746236
0.16672249
-0.0001922814
-0.012535102
-0.10383855
-0.10846596
0.045709349
0.13188429
0.10671674
-0.075695232
0.028834347
-0.014517205
0.053339496
-0.13563083
-0.11917493
-0.036227852
0.068992741
0.051917545
-0.060621131
-0.10480879
0.013817448
-0.058870204
-0.11962865
0.070776246
0.069182657
0.073659249
0.12033206
-0.062872916
-0.22068667
0.029439831
0.21776041
-0.033666879
0.057952665
0.037128136
-0.010182996
0.079095826
0.10274488
-0.10642882
-0.08956632
0.064375535
-0.028419171
0.041887745
-0.13907905
0.10453833
-0.10681056
-0.12741992
0.019289907
-0.11436161
0.051628817
-0.017218992
-0.090266809
-0.019340964
-0.0023834589
0.0323768
0.061386645
-0.098295406
-0.096755944
-0.057574455
0.072028935
0.091411449
-0.115026
0.21001181
0.10237624
-0.081938967
-0.02008293
-0.13500643
-0.039772708
0.21758008
0.052893791
-0.023690378
-0.056146357
-0.092599384
0.12437197
0.14011
-0.10185274
-0.0041365298
-0.11296035
-0.080252916
0.049660455
0.046914663
-0.23910506
-0.055651546
0.12451413
0.0077401879
-0.17141706
0.026639326
0.018768901
-0.13580304
0.036044735
0.0157436
-0.080581702
-0.17276236
-0.09904553
-0.076052882
0.11255614
0.052303161
-0.091489851
-0.06106938
0.072525002
-0.084888525
-0.01195398
-0.1547707
-0.06752836
0.018911822
0.13543563
-0.091549583
-0.0142144
0.21873619
0.080019847
0.044238016
-0.071606584
-0.012279759
-0.065856472
-0.033282567
-0.12220608
0.047566365
0.0020113778
-0.0025796623
-0.007672946
-0.042595714
0.015548267
-0.08890029
-0.12595308
0.084655173
-0.11363651
0.0064702369
-0.06273365
-0.035081413
0.060920961
0.11342509
0.054968361
0.04517369
0.0090516843
-0.047098726
-0.070416309
0.11806609
-0.14308159
0.0043558292
0.035498641
0.069886729
0.029507684
-0.059752587
-0.052045092
-0.029963488
0.029770754
0.027953241
-0.16759981
0.00046828698
-0.0052789669
-0.0023550976
0.020889664
0.04129488
0.060132913
-0.07461603
0.042421181
0.0010710618
-0.040425941
0.12463394
-0.026965473
0.064915225
-0.0018653761
-0.0053682397
-0.046341997
0.13111641
0.17335621
-0.18758686
0.10504549
-0.11932574
-0.02932637
0.099210225
-0.076226182
0.060538225
-0.10848039
-0.15990646
0.038386554
0.029247092
0.013447302
-0.05787269
-0.097278006
-0.052099124
-0.016654138
-0.10101106
-0.035093661
-0.064070307
0.0032378989
0.0024573843
0.060979262
0.024234034
0.066613622
0.025519617
-0.039377607
-0.054996029
-0.079615913
-0.031176833
-0.17528154
0.029691556
0.080348998
0.12659399
0.029366029
-0.089651078
-0.070138387
-0.1233051
0.00077606994
0.057801768
-0.032807536
0.024746921
0.065189511
0.0070331353
-0.19643
-0.1040609
-0.051851109
0.045677654
-0.14233927
-0.082814276
-0.06043997
-0.026206698
-0.13704062
0.14515014
-0.020533614
-0.1475663
-0.15901166
-0.058975302
-0.014790134
0.16688207
0.096924812
0.066080466
-0.070646383
0.024352947
0.067937516
0.084488377
-0.038823735
-0.1762827
0.11118465
0.00075134309
-0.11053976
0.016243728
0.047467772
0.010469804
0.048185449
-0.096804276
0.040749904
0.055362411
-0.031223724
0.11424799
0.11991573
0.052548867
-0.11246385
-0.12497028
-0.075310163
-0.052819587
0.031007038
-0.046320412
0.16999581
0.0077517582
0.049362462
-0.0015470868
0.040208649
-0.10049295
-0.054370239
0.047955684
0.005789143
-0.10882834
-0.0041083577
0.035103101
-0.055820517
-0.082205385
0.02751781
-0.045047149
0.052872822
-0.10219584
-0.045228694
-0.067462385
0.048028555
0.12918924
0.054356143
0.012596118
-0.081459813
0.010883864
-0.15382333
0.058980145
-0.026732761
-0.0022955006
0.0078942161
0.086104915
-0.052490689
-0.077902965
0.024088215
0.085820563
-0.05128736
-0.060556617
0.015087695
0.078960709
-0.021809857
0.087276541
0.044490285
0.047639295
0.087951422
0.069881566
-0.070588827
0.062133893
-0.16959274
0.083930902
-0.0077730333
0.052982301
-0.037123665
0.11862376
-0.027328881
0.019609557
0.13193905
-0.032775413
-0.16144179
-0.010191022
-0.047803197
-0.057590008
-0.023054428
0.0085386643
-0.047953963
-0.062831022
-0.0008013685
0.071187072
-0.0079972008
-0.019749261
0.076063171
0.14077292
0.1149673
0.1227639
0.03293762
-0.045575913
0.074395694
0.14030486
0.13222419
-0.11104997
0.070962913
-0.03628356
-0.015630858
0.028156342
0.024265897
0.04470025
-0.0075453911
-0.11985428
0.077005833
0.079468533
-0.0014155316
-0.042858072
-0.073074587
-0.081690907
-0.026833463
-0.00329468
0.11532415
0.039644793
-0.10120527
0.071177103
0.028278116
-0.0076089022
-0.045956928
-0.10814635
0.064159565
-0.11926455
-0.13426106
-0.047470018
0.015807739
-0.13300997
0.069634594
0.0027483639
0.026483851
-0.022003187
-0.057493988
0.029192936
0.11046689
-0.085782617
-0.070150897
-0.036148962
0.030504921
-0.027506839
-0.01478706
-0.013859965
-0.0064676991
0.13060749
-0.15020335
-0.012055733
0.010715326
-0.12671719
0.10689732
0.044654742
-0.048135426
-0.00091418531
0.059321105
0.083329432
0.046342235
-0.034470428
0.0086529078
-0.029549545
0.07238885
-0.049295302
0.045754176
-0.027685896
-0.037411176
-0.027192473
-0.042447366
-0.0078313388
0.087823376
0.09494967
0.025449242
0.067506142
-0.026158419
0.077472612
-0.070020668
-0.025476903
-0.10596287
0.017053848
-0.044275548
-0.020175012
0.010682821
0.052272957
0.019060843
-0.074131317
-0.071893066
0.063791811
-0.059867349
-0.08337687
0.069684289
0.011348924
-0.064438537
-0.10494784
0.032460686
-0.053025872
-0.031446401
0.018558746
-0.045121349
-0.0077101621
0.074446224
0.005037785
0.053752869
0.030483369
0.015012085
0.077725358
-0.025373688
0.043177925
-0.023142692
-0.0037633998
0.072712496
-0.011742499
0.032243121
0.015917255
0.043268278
-0.0048993318
0.017135484
-0.18838939
0.10250531
0.048270926
0.01900791
-0.09122695
0.078090943
0.053825431
0.028063549
-0.12477078
0.0070494111
-0.00740539
0.020497937
0.03744686
0.080486201
0.086864293
0.04354408
0.021956516
0.087421313
0.10133456
-0.015819697
-0.0098198224
0.046955578
-0.094096407
-0.050844524
0.027968796
-0.020042416
-0.067294635
-0.036269091
0.033877932
-0.029469134
-0.0099757593
-0.051106673
0.15050203
0.093812518
0.069134049
-0.0074088257
-0.045990236
0.024398305
0.012029673
-0.011649066
0.057234142
0.11792833
-0.065562598
0.0026540416
0.06723801
-0.10622266
0.027232105
-0.031622194
0.067737602
0.028816937
0.046592358
0.0045187706
0.013936197
0.03776928
0.027951576
-0.07903818
0.073269062
-0.026388412
-0.0066486909
-0.0046474193
-0.0011376104
0.061152011
0.023197712
0.0047677821
0.015102717
-0.078333117
-0.012340961
-0.007330229
0.089704283
-0.0087005962
0.14336844
0.0081893755
0.062161572
-0.066185199
-0.019392669
0.054772805
-0.076968916
0.037124913
0.032555193
0.14733447
-0.1201159
-0.0070313686
-0.0092404792
-0.046156377
0.058171786
-0.053624731
0.11842003
0.009638912
0.0089819832
0.085581541
-0.049395915
-0.018792145
0.034822814
-0.00048160536
0.10438585
0.02631148
-0.029958321
-0.011287845
0.027803598
-0.056132581
0.00098988996
0.044651777
0.029042467
0.080344394
0.01301853
-0.046570398
0.06634941
-0.084804192
-0.051979233
-0.0390964
-0.021140013
-0.051820368
0.00085588562
0.017722093
-0.059106711
0.024974428
0.043256842
-0.00047299804
-0.049867794
0.067269415
0.024895184
0.078256465
-0.016106203
-0.083881199
-0.035472065
-0.059264634
-0.028668029
0.0035139313
0.10871846
-0.035409559
-0.06489452
0.020810576
-0.055205144
-0.0020759734
-0.010345044
-0.065803625
0.072984204
0.085967816
0.12944381
-0.0074326368
-0.012364928
0.12367052
-0.021346737
-0.024926774
0.018123902
-0.035331611
0.055930845
-0.11740831
0.049987618
-0.1105896
-0.11593039
0.0029087702
-0.019479763
0.0014448198
-0.071323484
-0.04810185
0.051488902
-0.0032462429
0.021376299
-0.0074124318
-0.0098116491
-0.072840922
0.054046862
0.018321119
0.044176374
0.05830358
0.033277854
0.041026626
-0.0086184666
0.038270809
0.009883658
0.090332858
0.10509059
-0.0024547991
-0.058728874
-0.034682933
0.10027342
0.090655968
-0.027559018
0.047620691
0.052110329
0.041339554
0.040145289
-0.10897321
-0.011541923
-0.037648451
0.0082067009
-0.1278498
0.020882044
-0.036270846
0.015416306
-0.01487353
0.063958861
-0.0077650505
-0.034993399
0.051523834
-0.024414403
-0.013363943
-0.031495009
0.06466572
0.11384672
0.10581252
0.08704485
-0.066217899
-0.02444257
0.013158243
-0.03559735
0.021874106
-0.06517411
0.037383854
-0.075772174
0.068258718
0.056897599
0.014212841
0.055177748
-0.013159258
-0.026668677
0.015787272
-0.024480999
-0.047716007
0.032911643
-0.0056034825
-0.018482681
-0.0794136
0.024351524
0.11458626
0.03801389
0.076490305
-0.006135752
0.02543287
-0.034965828
-0.016469661
0.043490157
0.02834985
-0.080367394
0.081214756
0.065605305
-0.059658982
0.068857774
-0.0061406977
-0.02076376
0.01507199
-0.050784815
0.056647759
0.075352758
-0.12186537
-0.026579197
0.026714042
0.073971912
0.076264031
0.030464495
0.017256008
-0.06984923
0.034001388
0.049139816
0.0072822575
0.010567677
-0.011586578
-0.055518877
0.045557067
-0.037549384
0.041104726
-0.0010934214
0.037040275
-0.058126807
-0.072956063
0.06966754
-0.049047548
0.07558877
-0.050360691
-0.062083531
0.025984377
-0.1494993
0.07219407
-0.015662733
-0.0097790593
-0.073936746
-0.011665041
0.039506648
0.0096976552
0.082016423
0.072156616
-0.00361055
-0.07758265
0.083623439
0.005454889
-0.078182258
0.013357196
-0.044002388
-0.016821122
0.043483611
-0.071057901
0.081104606
0.041861303
0.073543258
0.034841165
-0.015339185
0.015379192
0.12783007
0.025661942
-0.050578732
0.025285266
-0.070384167
-0.036015052
-0.03821237
0.075277172
-0.015740395
0.024393091
-0.024683829
-0.06839934
0.0058779335
0.077929027
-0.0097168861
-0.075260326
0.013631933
-0.040404629
-0.08577694
0.030737275
0.0039255237
0.027955925
-0.046263073
0.0098364167
-0.047508746
0.071181573
0.0011250785
-0.084248878
0.054412402
0.11059257
0.071719728
0.014007255
-0.070832685
-0.04891555
0.072984643
0.036768191
0.0018418056
-0.063755132
0.072460413
0.040984415
0.045713667
-0.078835249
0.043709837
0.027374305
-0.051315773
0.043874491
-0.036906127
0.010716219
-0.011218998
-0.01832453
-0.091346622
0.045286391
-0.019758625
-0.0010305585
-0.017166996
0.086472049
0.10535135
0.0026735305
-0.053510673
-0.04059156
-0.0070657558
0.020719923
0.11275406
0.00048582212
-0.012481132
0.027864946
0.054839227
0.016452366
0.11048494
0.10368568
0.017476549
-0.075055197
-0.0067605958
-0.042971838
0.0043029077
-0.010272276
0.0736944
0.0065472703
-0.13805422
0.043409292
-0.10427107
0.036878027
0.016475409
-0.04441772
0.0021463991
0.11168605
-0.052618798
0.078987479
0.12553895
0.068061829
0.056333121
0.042380285
0.052460324
0.025784321
0.044796567
-0.11563443
0.0093862275
-0.02518204
0.087422378
-0.016901787
0.049501523
-0.0054945848
-0.00072257291
0.10779231
-0.030084433
0.079692602
0.083631493
0.075196691
0.067895263
0.027942909
0.051564205
-0.032641731
0.01107414
0.013116742
-0.059089471
0.0099633206
0.087767035
-0.042068541
-0.0038928646
0.014877954
0.058794305
0.064104617
0.013748794
-0.055557031
-0.086110346
0.081091672
0.087644964
-0.017407911
0.056708466
0.031322233
0.078724153
0.10064483
0.048074674
-0.063879266
0.094756827
0.02040023
0.075011
-0.0048191999
-0.061799448
-0.0014795982
-0.085982531
0.014320117
0.086146124
0.086982921
-0.021767337
-0.070614465
0.023910245
0.012873443
-0.0074708378
0.037193183
-0.012920884
-0.010965042
-0.051135134
-0.032298043
0.10458983
0.10944127
0.044716839
-0.0057667568
0.067845941
-0.046914089
-0.036462579
0.031637643
0.067151383
0.017963486
0.10626666
0.038463034
0.071608268
-0.043471258
-0.011852088
-0.035725128
0.030966919
-0.073678382
0.06158359
0.083298109
0.10599202
0.1078148
0.010474087
0.08688236
0.049293023
0.080537573
0.030915037
-0.013934809
0.057698548
-0.023208125
0.010970216
-0.036335692
0.027497763
-0.034030739
0.049631476
0.0068980977
-0.11550398
-0.013201807
0.079851113
0.023926452
0.098867089
0.015322954
-0.10672514
0.058657736
0.0039023638
0.066363432
-0.029526062
0.094186723
0.068410471
0.079825215
-0.00089780852
0.0069634635
-0.0042858664
0.018401988
-0.12406071
-0.0088150045
0.036596447
0.01038172
-0.036246598
-0.025868239
0.040122531
-0.12613647
0.052097294
-0.064959675
0.068638735
0.081126563
-0.01037443
0.046285644
-0.039370738
-0.017861905
-0.0088552674
0.014951748
0.0055504022
-0.021069346
0.069724724
0.012603932
0.10103922
-0.016358268
-0.018849256
-0.074636728
-0.050411455
0.01991252
0.062616043
0.024359943
0.052162074
-0.076401487
0.042933382
-0.030762253
0.0030049782
0.0053869681
0.026702022
-0.073387727
-0.12509337
-0.050104711
0.085680462
-0.11985207
0.15370168
0.00040461973
0.047621679
0.0088482695
-0.022980278
0.0050237849
-0.020954158
-0.032733802
-0.030158149
-0.1202418
-0.0032787379
0.11278158
-0.048408285
0.17523257
0.028507367
-0.092328653
-0.063699253
0.061641797
-0.071285218
0.025919415
0.0098829446
-0.097660646
0.072999962
-0.0017261509
-0.014452764
0.099313624
-0.12787534
0.017571799
-0.060723744
-0.045346089
0.071863092
-0.10314322
-0.10053351
-0.010513767
0.0038708402
0.054158315
-0.041544333
0.046780776
-0.045942657
-0.074133195
-0.045912854
-0.038595688
0.16251156
0.009548896
-0.054089494
0.0091599813
0.042245742
0.078253292
0.10392866
0.0013439823
0.00046510223
0.03073027
0.033761188
-0.066392705
0.084906295
0.094920702
0.024634564
-0.095767289
0.020913146
0.083842598
-0.042483687
0.065942653
-0.068111457
-0.039889857
-0.022571823
-0.079857461
0.13995604
0.065535679
-0.0083935754
-0.039827466
-0.067909144
0.011375153
0.098170489
0.1080137
0.15758926
0.083531491
-0.077504493
-0.14999385
-0.092450015
0.083645411
0.074444264
0.095332637
0.1347553
-0.064486526
-0.055164911
0.10490522
-0.02814338
0.021065705
0.047582708
0.0134734
-0.038652699
0.018244835
-0.049327828
0.094079815
0.0047081304
0.164792
0.027385237
-0.005847198
0.069342799
-0.023626266
-0.0038954483
-0.14114206
-0.026112787
-0.037248503
-0.059702996
0.0379108
-0.061938111
-0.11600284
0.055944994
0.0933626
0.0077601965
0.094257072
0.044395521
0.088452391
-0.014402042
0.08111912
0.045244716
-0.030634811
0.060919899
-0.018453212
0.021957133
0.075893633
0.058087237
0.033295956
-0.14989142
0.091300458
-0.054783702
-0.019809298
0.073500335
-0.023826076
0.0053647589
0.011430821
0.075491071
-0.14230713
0.068475157
-0.020077897
-0.15896972
-0.020284504
-0.16872595
0.026662013
-0.013853655
0.0038765685
-0.065305419
0.018696759
-0.099389963
-0.083097763
0.020647138
0.015750924
0.090039171
-0.02759801
0.091679603
0.062132154
0.053755734
-0.056950755
0.14906256
0.016033759
-0.039920043
0.12250482
0.16862044
0.029804228
-0.054732446
-0.029649869
0.11653225
0.033968292
0.060418904
0.068189889
0.058841791
0.085679837
0.11665396
-0.038847383
-0.086676478
-0.087595813
-0.10641915
-0.0033066005
0.092158273
0.013895693
-0.044650406
0.12529762
-0.0056646825
0.104141
-0.024982158
-0.18045495
0.031561363
0.096089751
-0.022767123
-0.035515748
-0.010844555
0.039486602
-0.12542413
-0.067355797
0.090135023
-0.10068182
0.035750881
-0.06933783
-0.003974997
0.08730568
-0.0086617013
0.058104433
0.058765773
-0.11226968
-0.12490021
0.13126466
-0.028431753
0.078090854
0.038097512
0.088159263
-0.040792618
-0.014010057
-0.020060804
-0.046683874
0.0077086324
-0.028326638
0.038229916
-0.07541883
-0.0098253917
-0.022083029
-0.02021471
0.059961151
0.026134076
0.10845826
-0.085493952
0.0066395267
-0.009603668
-0.099593639
0.04271004
-0.086233124
-0.054277793
0.10108082
-0.11420496
0.077233598
-0.034996949
-0.00090792234
-0.022242768
-0.042481139
0.056265917
0.048972871
0.049575932
-0.02087504
-0.078630544
0.052013077
0.17862521
-0.028856385
-0.021614378
-0.0033016752
-0.10820081
-0.037473977
0.019596633
0.033678781
-0.0064769858
-0.058158677
0.10866495
-0.07147418
-0.070052221
-0.022690708
0.0056631104
-0.031263471
-0.01708794
0.031894002
0.078342184
0.01798841
-0.059725229
-0.057728451
-0.019918764
0.11692446
-0.043918442
-0.08758422
0.0092680492
-0.0068641957
0.12413555
0.058520343
0.091373488
0.030730421
0.044065341
0.10715735
-0.0071020597
-0.021645851
0.0099335108
-0.032938465
0.048067272
0.069824755
0.072759993
0.10761846
0.094786704
0.10231213
0.035980131
0.04909366
0.0098651052
0.0073386258
-0.025995374
-0.02845284
-0.035555225
0.042733535
-0.067393355
0.022482106
-0.030581886
0.051996704
-0.025034489
-0.015523142
-0.13850124
-0.029219691
-0.057087276
-0.0030185143
0.099277064
0.0065236702
0.035207011
0.033903502
0.04740449
-0.082024962
-0.005624549
-0.0086169168
0.12828185
-0.064884238
0.035302967
-0.049495753
-0.048623994
0.04088359
-0.029293353
0.01475096
-0.012744999
-0.12760796
0.016033767
-0.10391387
0.035135362
-0.079772875
-0.025506994
-0.03968576
0.10984474
0.0056167236
-0.043675564
-0.0024439518
0.028221689
-0.053106166
-0.057716846
-0.01727907
0.080031686
0.077576078
0.010447678
-0.032441918
-0.0060284911
-0.0011103264
0.13582617
0.007463173
0.14244074
0.021662395
0.020363852
-0.044497371
0.089166529
0.10083664
0.058709852
0.058210149
0.04813005
0.10246744
0.056144666
0.026964556
0.019869901
-0.0096781775
-0.063335404
0.064493462
0.12541303
-0.04798172
0.01158614
-0.048141617
0.03024679
0.02706274
0.010814992
-0.041716114
0.0074593201
-0.038591046
0.13390476
-0.0020850396
0.046686999
0.015875153
-0.034258019
0.11109936
0.040294528
0.017453255
0.049038395
0.11937075
-0.052472647
-0.029335227
-0.016452888
-0.034843255
0.0015015419
0.022895845
-0.0039241421
0.06130372
0.015901556
0.070048928
-0.14931333
0.062069975
-0.077508345
-0.075874262
0.039923582
0.027248295
-0.041425593
0.091672011
-0.025332334
-0.043871518
0.00022892693
-0.040437143
-0.013454247
-0.017525673
-0.025412481
-0.0036478203
-0.043017581
-0.093007639
-0.014602388
0.058718726
-0.036726337
-0.039995827
0.089096949
-0.058272298
-0.026235988
0.048432916
-0.0010550376
-0.12611662
0.057212945
-0.0083412817
0.051207319
0.13839455
0.046689287
-0.051512096
-0.051661093
0.062165361
0.06532266
0.053872008
-0.029287791
-0.063972048
0.0050634393
0.027641244
0.085345767
0.030314542
0.081637435
0.0097344387
-0.063728683
0.033294994
-0.070822649
0.045656677
0.086817242
0.043337695
0.042197637
0.08677765
-0.05949394
-0.09924259
-0.091183446
-0.0036737258
0.026634118
0.08522816
0.041753482
-0.062876388
0.043524206
0.044473134
-0.012991237
0.04039624
-0.065818772
0.0024585817
-0.018508127
0.05343141
0.16708387
-0.044048682
-0.042069092
0.062678203
0.065933406
0.043511365
-0.055433191
-0.03848673
0.0078472886
-0.02817555
-0.095660403
-0.0091061629
0.027041016
0.018653015
-0.019572305
0.067877829
0.1094736
0.059126992
0.025390686
0.051033713
0.065017566
0.1025369
-0.015388824
0.047588456
-0.074113496
-0.035790771
0.033360638
0.05082196
0.072253838
0.062849693
-0.025187593
-0.06185675
0.013117773
0.034962498
0.0017569114
0.049517944
-0.0076015452
-0.0037120471
-0.0078018098
-0.033558954
0.078026816
-0.058474924
0.017279023
0.0088672601
-0.038705956
0.091226868
-0.014674139
-0.056750346
-0.02487915
0.098595388
0.00134071
-0.0657444
-0.037755378
0.099066101
0.075117022
0.0084072808
-0.016309025
-0.0014919564
0.079971559
-0.11609041
0.07562875
-0.0015543101
-0.021129636
0.026777735
0.043727938
-0.015228666
-0.075588226
0.097467922
-0.058867514
-0.0083138887
-0.052802112
0.047642235
-0.085150845
0.010567637
-0.058705751
0.022286303
0.025173027
-0.13654093
0.073378488
-0.027327096
0.018830687
-0.037006754
0.076685883
-0.12695552
0.10713258
0.013042187
-0.087857559
-0.090252504
-0.043615393
0.042683408
0.15487611
0.031312976
0.14392895
0.053426795
0.05586851
-0.097069785
0.0080335606
0.00080664392
-0.041329708
0.021114055
0.02308177
-0.057439957
-0.059305705
-0.05503675
-0.0009542008
-0.020718977
0.095428333
-0.078439951
-0.021677932
0.073332138
-0.062793158
-0.010077246
0.14288037
0.019603208
-0.012600758
-0.02921652
0.0051852753
0.086368166
0.10679797
0.1294568
-0.13029763
-0.04251042
-0.0045214281
-0.1348822
0.061278842
-0.041492783
0.016097141
0.059330404
-0.019945905
0.085775748
0.067866459
0.028080298
-0.15482737
0.10482924
0.0047679939
-0.1089911
0.11952104
0.065738618
-0.043116137
0.10585216
-0.21328233
0.020587722
-0.063087493
0.080801234
0.024774985
0.061386894
0.027747819
0.077702552
0.015423732
0.032930821
-0.032973163
0.015054905
0.13088921
0.00069271482
0.072203636
-0.057078365
-0.070400357
0.062224574
-0.0079758754
-0.11008044
0.11682573
0.097848959
0.018220356
-0.076799661
0.01287521
-0.016083647
0.035827186
0.06172711
-0.007317719
-0.029694866
-0.040230781
-0.038404349
0.058536358
0.0015565818
0.080573276
-0.013741889
0.07719826
0.0118679
-0.074841216
-0.025124399
0.020657936
0.045700777
-0.048296146
0.018720372
0.063021652
0.11723859
0.012560681
0.035211783
-0.028247956
-0.022381919
0.044858698
0.03211483
-0.007121922
-0.068952151
0.021679707
-0.02239004
0.04535025
-0.040744361
0.050631944
-0.011474874
0.069015451
-0.0095995907
0.089216843
0.011880996
0.051037695
-0.029492013
0.082128629
-0.059714153
-0.0090937167
-0.025423106
0.042327154
-0.0093050469
0.0027142225
0.024489006
0.072642632
0.064933531
-0.04621622
-0.12914251
-0.040175654
0.053821553
0.10413759
0.043161176
-0.010060013
0.076376781
0.034786638
0.10112252
-0.042518321
-0.015195326
-0.042958084
0.011162088
-0.032376222
0.090999559
0.050981849
-0.043329921
0.045088034
-0.059304267
-0.14484575
0.03509577
0.034942687
0.0046421988
0.064009637
-0.034247175
0.024767391
-0.015514942
-0.024488941
0.032557372
-3.7933626e-06
0.10877977
0.027388617
0.013814007
0.0067787846
-0.01784757
-0.040865567
0.09062355
0.025049515
0.064159222
-0.050688751
-0.00062110985
-0.0095266057
0.10822589
-0.08764708
-0.04494448
0.034985006
-0.065681659
-0.02582345
0.033234008
0.11132783
-0.011867869
0.008514042
0.062431134
-0.062960275
0.038228396
-0.068405949
-0.050173681
0.057120066
-0.038798619
0.020880116
-0.032073356
0.013154035
-0.073134407
0.010014052
0.01624823
-0.060080905
0.064605094
-0.079774857
-0.058172274
-0.072469145
0.0037286554
-0.07635355
0.014037366
-0.059823629
-0.047060627
-0.037290052
-0.085264482
0.038590256
0.013068045
-0.030854313
-0.066003971
0.048974548
0.0023011989
0.008075499
-0.051782396
0.050710168
-0.036960285
-0.024481867
-0.062737748
0.14484033
0.0019276397
-0.00011332273
0.056496218
-0.092013948
0.078926384
0.029447507
-0.052604873
-0.052231159
0.034082901
-0.031450666
-0.048595615
-0.071977511
-0.053736743
-0.028783014
-0.10316747
0.10483848
-0.076527499
-0.054648917
0.11796335
-0.16925055
0.0052120364
0.0090965386
-0.161879
0.037817687
0.082289815
0.096418753
-0.033290122
-0.016109874
0.062709518
-0.015618318
0.10150401
-0.051966064
-0.2102816
0.01269242
-0.23116301
-0.0034765131
0.081143714
0.051729035
-0.032598015
0.020726746
0.020815952
0.055608075
0.075568072
0.0041228933
0.087945305
-0.0341199
0.092720345
0.020185798
0.10758232
0.029333077
0.027162803
0.11128125
-0.092365436
0.081866756
0.01718878
-0.025802126
-0.083439074
0.084027432
0.011393022
0.12409954
0.13443401
-0.074864738
-0.024424875
-0.070263974
-0.19261596
0.021644317
0.017525934
0.030852685
-0.077697016
8.8822308e-05
0.0053677629
-0.059093978
0.12064314
-0.023204986
0.020520203
0.037210293
-0.11441749
0.096078195
-0.029771427
-0.09368071
0.017988399
0.061822452
-0.12627336
-0.016005544
-0.19498952
0.02432012
0.10546565
-0.031201715
0.034150299
-0.11049283
-0.11871269
0.068238735
0.052843668
0.040314052
0.0023063694
0.037317809
0.0050079203
0.12364154
0.068642192
-0.0785909
0.060541578
-0.12335259
0.050941598
0.059582304
-0.088069953
0.070523158
-0.040827494
-0.030011231
0.082355835
-0.029862273
-0.071623079
-0.055261165
-0.092569433
0.059345901
-0.10294377
-0.040239371
0.043713111
-0.010148885
-0.12848161
-0.038282175
-0.011411232
-0.10163061
0.087741777
0.096470527
-0.14320758
0.12815647
-0.077922367
0.002383431
-0.01896687
0.026162973
-0.056367222
0.092425101
-0.03497282
0.10477632
-0.035853218
-0.014434222
-0.066273563
0.11437815
-0.019012773
-0.13963486
-0.034664925
-0.019260667
0.050629351
0.025102235
0.078804739
-0.02211706
0.031310078
-0.054659534
0.096563168
0.035311546
0.045367807
-0.0070160516
-0.024341604
0.077137418
0.063476987
0.062619984
0.032804895
0.0036714023
0.080707781
-0.10549631
-0.03946086
0.064949729
0.051085539
-0.0070291613
0.02586508
0.036563367
0.039969046
-0.093945585
0.052068073
-0.042178366
-0.011661203
-0.0057563353
0.030814955
0.032214753
0.098426163
0.085549891
-0.023982154
0.060947526
0.0087949606
-0.028090736
0.049529359
0.055375207
0.071987405
0.048293479
0.050297454
-0.025580548
0.10197117
0.058931313
0.0085272258
-0.043753386
0.10148134
-0.062255993
-0.021970231
-0.033767562
-0.061989244
-0.12641726
-0.064730264
0.11829135
0.012064978
0.0097051328
0.017567642
-0.020935765
-0.031351939
0.056047801
0.026513251
-0.00086751994
0.10707682
-0.063690372
-0.0013192596
0.010541695
-0.0037669421
0.039105687
-0.036126684
0.04552605
0.04601483
0.055216964
0.022081882
-0.045045711
0.055971589
0.054777686
0.051681418
0.040461212
-0.0049893041
0.047201242
-0.0019870182
0.04268888
0.059426188
-0.013906967
-0.030776545
-0.037226647
0.017240094
0.069124356
-0.047161479
0.052338496
-0.015256179
-0.021395789
-0.070785567
-0.029050279
0.057060678
-0.0054386668
0.014860778
0.028795877
0.083773673
0.032327224
0.017974578
-0.0088781845
0.037052136
-0.0029028794
0.104798
0.056053124
-0.022293849
-0.025780426
0.038108088
-0.012849298
-0.062512428
-0.012723777
-0.06723839
-0.014349327
-0.0080763642
0.0040665641
0.045075454
0.093421429
0.011106477
0.021273745
0.11176508
0.081780814
0.1035964
-0.031173464
0.11712604
-0.12487663
0.11858041
0.039794173
-0.024380188
0.018323941
0.07296513
0.0035131224
-0.018541109
0.041730627
-0.021615675
0.014921986
0.018371975
0.041625459
0.0049103638
0.067952618
0.13372324
0.015437072
0.057711743
-0.02486987
-0.083995394
-0.20860776
0.050507173
0.10326817
0.053532898
-0.13418637
0.037025515
-0.10570904
-0.17979296
-0.063528568
-0.058725115
0.084596343
0.14189568
0.086038388
-0.036092542
-0.017137539
0.02441092
-0.035964612
0.052992657
0.10218102
0.097932063
0.071583979
0.14917944
-0.00534567
0.063861854
-0.022506474
-0.052006986
0.058198888
0.086272143
-0.17751777
-0.020249994
0.079456091
0.036837745
-0.063921228
-0.021255841
-0.037399881
0.033988707
0.044675965
0.0049195052
-0.13314524
-0.0025105022
-0.007388507
-0.048514988
0.12693849
-0.12798594
0.032944664
-0.065816648
-0.057377681
0.058011778
0.053539995
0.09610521
0.076620206
0.052565016
0.018797657
-0.050316457
-0.0098590301
-0.04225165
-0.076843522
0.11235219
-0.0017691437
-0.092137195
-0.10619735
0.14868547
-0.11973901
-0.070638694
-0.14495665
0.046824355
0.010162417
0.15350708
-0.035897274
0.00482347
0.15937099
0.011186008
0.007822196
0.045301378
0.013906004
0.017917389
0.014297085
0.0016765028
0.031274162
0.11312291
0.040182635
0.022302454
-0.018261909
0.099448137
0.0065308386
-0.025500158
0.12099732
-0.082730711
0.026176138
-0.028921483
0.069762573
0.035759509
0.039251737
0.11817718
0.11911094
-0.099196427
-0.059839919
0.042397834
0.044931564
0.015470339
0.077054217
0.079070665
0.065336913
0.03405584
-0.0066660554
-0.043540087
0.033667237
-0.010078597
0.071128614
-0.0099603524
-0.014318568
0.03536725
-0.060088795
0.019209255
0.023106584
0.012472875
0.13423336
0.047988303
-0.061610486
0.082033694
0.057694681
0.038241167
0.080588363
-0.0022800639
0.028132467
-0.1032236
-0.065759696
-0.082616225
-0.046681408
-0.052794024
0.067144476
-0.085278161
0.010424806
0.080413736
0.036800358
-0.10451055
0.068967998
-0.081264697
-0.038536597
-0.030014152
0.045742679
-0.068532012
-0.031894282
0.023967914
-0.0035147883
-0.062324166
0.024307108
-0.076933853
-0.076775558
-0.038797885
-0.014119576
0.098285988
-0.022199102
0.15080403
-0.061923008
0.071403727
0.073464125
0.068409681
-0.013884914
0.12510483
0.12278596
0.086635403
0.08928737
0.015218675
0.017954396
0.10709741
0.075803302
-0.066536583
-0.071044549
-0.09858714
-0.042416353
0.012686312
0.042493314
0.11654137
0.0074575446
0.023158655
-0.056063645
-0.10773533
-0.049100336
-0.032246571
0.064816497
0.017276272
0.030728608
0.094544739
-0.096095026
0.019205453
-0.0840251
0.068248957
0.030872896
-0.0020637228
-0.093141511
-0.13834289
-0.065886468
-0.004280841
-0.037427485
-0.057758395
0.036733359
-0.055195101
0.069995642
-0.098518059
0.05426072
0.028557055
0.056040864
-0.0034015349
-0.052404448
0.085160762
0.047243714
0.016014326
-0.021180039
0.081063293
-0.029768478
-0.0072651897
0.038594458
0.092543714
0.095623553
-0.079993889
-0.0032513468
0.033123173
-0.072543509
-0.068122752
0.013411535
0.15534639
-0.001555651
-0.16467559
0.016205378
-0.006226493
0.0041811592
0.098247588
-0.043954205
-0.042168334
-0.065098509
0.1534024
-0.006794035
-0.074737273
0.025617072
-0.0028576567
-0.084214389
-0.062418111
-0.024803266
0.013961982
-0.23009513
-0.16850676
-0.11248595
-0.038898431
-0.044207357
-0.0036479423
0.065654643
-0.044732835
-0.060844187
0.028479857
-0.070163302
-0.17103438
-0.047271639
-0.014912441
-0.092112787
0.021828672
0.0092580868
0.025961094
-0.19842002
0.13057882
-0.016778326
-0.088123374
-0.11193141
-0.14388072
0.080903687
0.11045499
0.063065052
-0.038638182
0.053645875
0.086883143
0.091632828
0.047154989
-0.19868304
0.0063137361
0.092563801
-0.044020642
0.11571471
0.015499038
0.025809288
0.12078388
-0.024645701
0.046607126
0.067381598
-0.024716754
0.1037138
-0.17319018
0.064021796
0.10550663
-0.060641348
-0.0077775107
-0.075656235
0.10787538
-0.095954582
-0.0076679634
-0.016338684
0.016657501
-0.11269137
0.12491162
0.0983698
-0.093070976
-0.032238461
0.14953224
-0.11692284
0.036089581
0.06922365
0.085221179
-0.027981171
0.13072324
0.17146681
0.072316706
-0.048231322
0.044116639
-0.21310008
0.11678274
-0.14215003
-0.022545315
0.023457805
0.069719374
-0.050048783
-0.14027274
0.12334339
0.013678667
-0.24659725
0.083805777
0.20549351
-0.046826277
0.24653405
-0.10283346
0.0060753901
0.13236223
-0.065422192
0.020508209
-0.20349841
0.056292716
-0.15871567
-0.18608685
0.17057104
-0.035754383
-0.027067339
-0.1810075
0.10773806
-0.010411922
-0.042397074
0.038808703
0.13281095
0.087733284
-0.025505014
-0.21469401
0.071551204
0.019782405
-0.057774402
0.069834858
0.13270627
0.056972779
-0.037668057
-0.050244756
0.012193405
0.065485887
0.0040618889
0.028580777
-0.012356141
-0.040721823
-0.068843678
0.016131885
0.021361658
0.10746814
-0.088848591
-0.079339422
0.059663195
0.050904043
-0.071759984
0.058283754
0.09118814
0.07484173
-0.058445234
0.038119242
-0.080777884
-0.0074880677
0.026194308
0.031483624
-0.015749848
-0.11567616
0.10134779
-0.017543549
-0.045034878
0.016077958
-0.018763369
0.052972354
-0.042503357
0.031739801
0.022399394
0.027536629
0.082754523
-0.0081737097
0.047114454
0.12206369
0.056832653
0.013874477
0.021651518
-0.034011841
0.064678356
0.010903924
-0.0081052817
-0.014720955
-0.02425264
0.028999727
0.068210796
0.041443523
-0.08558514
-0.038858771
0.11178055
0.10478358
-0.035655815
0.10797555
-0.005625668
0.0041362122
-0.011097311
0.0049197762
0.084381849
0.043634415
0.059767105
0.029702203
-0.012695357
0.079706594
0.031974781
0.082933493
0.027098455
-0.044422541
-0.11178943
0.0077506695
-0.04218955
-0.0031977429
-0.1081252
-0.00077342457
-0.025118079
0.0082459738
0.025519434
-0.046851855
0.0098436149
0.010936872
0.0053155702
0.065679185
0.038151041
-0.00056509895
-0.062652744
0.0068185292
0.10382364
-0.044947054
-0.023725439
0.051942397
-0.01679532
-0.039274983
0.050647616
0.057613306
-0.041601412
0.092296012
0.033348814
-0.093246333
0.034222681
0.063656054
0.047598243
0.10923126
0.077724896
-0.029618854
-0.10989326
-0.00073070684
0.054822177
0.084826201
0.055503014
0.02653216
0.082728446
-0.061025117
0.041730274
0.15403105
-0.033922408
0.087567449
-0.028698551
-0.16928528
0.0080814641
0.082196184
-0.043305784
0.013617328
-0.015516916
-0.088804588
-0.0035348558
-0.089463577
-0.096125253
-0.016150074
-0.033808172
-0.080240153
-0.097357102
-0.12294377
0.026996307
-0.013615225
-0.061638899
-0.028036134
0.18825799
-0.0080956761
-0.0079932176
0.0084410654
-0.02265127
0.03115789
-0.14241485
-0.056914642
-0.1513779
0.023216696
0.12174097
-0.011376239
0.077083714
-0.0028236334
0.066505522
0.1591703
0.15421304
0.003421633
0.080756411
-0.0013347456
-0.14271304
0.11877103
0.011915837
0.084313996
-0.041027728
-0.03277263
-0.1314126
-0.042632028
0.013352477
0.013328211
-0.019079611
0.097433567
0.047768474
-0.037709333
-0.10285616
0.076209411
-0.023607701
-0.091564722
0.038624164
-0.18925035
0.0401728
0.039270628
0.12057095
-0.091084138
-0.06649676
0.08298631
-0.13818981
-0.083569996
-0.042909842
0.069789633
0.025793621
-0.07802137
0.066658735
-0.041000895
0.0044209277
-0.011126399
0.11286864
-0.027585926
0.055018548
0.064955689
-0.066672586
-0.056227684
0.12882999
-0.059339862
-0.066535786
-0.048107207
0.071589209
-0.11964469
-0.048311103
-0.018320426
-0.047954217
-0.025220584
-0.056980822
-0.077596433
0.066288821
0.0010046393
0.033026226
-0.05930768
-0.10248499
0.028708912
0.11490817
0.058663923
0.030305106
-0.047536176
-0.022622306
-0.0044222018
-0.13590258
0.073776066
0.006681792
-0.10317349
0.0090344083
0.0051965676
0.027314346
-0.010193782
0.074469268
0.035914704
-0.035542205
0.15792739
0.22010148
-0.018036092
-0.094274819
0.07940425
-0.0085960487
-0.013093044
-0.1507279
0.10931359
0.15005884
0.094042972
-0.046128679
0.07313329
0.038455058
0.016381808
0.023088554
0.015290049
0.022775009
-0.021877063
-0.0077099572
-0.0022859552
0.061309602
-0.087278403
-0.094745785
-0.029918324
0.067921944
0.0092204697
0.082341462
0.083587661
0.011478339
0.021146625
0.038623847
-0.0978605
-0.044038095
-0.086483188
-0.11034406
0.12121139
-0.053217325
0.099789232
0.090373605
-0.013132636
0.017297663
-0.04767644
0.062386796
0.064397633
0.032067187
0.12283226
0.13924837
-0.018349944
-0.096738905
-0.045102011
0.070559047
-0.052926064
0.047615614
0.0078087258
0.027502773
0.012104089
0.12694022
-0.036478799
-0.050683245
-0.094554514
-0.019260446
-0.11976359
0.01379793
0.035018489
-0.05812569
-0.0044297157
0.0016378673
-0.021134218
0.0096044587
-0.16162744
0.0082669547
0.02223314
-0.013886488
0.090258583
0.094361663
-0.063566722
0.02837538
0.091139175
0.013331342
-0.039278783
0.096857563
0.075532682
-0.0053362758
-0.073332123
-0.1491127
-0.051020607
-0.027671752
0.027181292
0.00068364595
0.15025423
-0.057424325
0.0093853362
0.095597714
0.019509207
-0.010499811
0.11294425
0.058635402
0.014483912
0.010373885
-0.041791767
0.061491583
0.017397681
0.028412882
0.027032118
-0.021500744
0.12592573
0.1048769
-0.041907668
-0.064829417
0.065430902
0.027587352
0.0086575523
-0.040249031
-0.037103418
0.10068586
0.070301153
0.072300032
-0.060118482
-0.1572185
0.12120415
-0.055350758
-0.030484304
0.061104774
0.097271919
-0.10859625
0.11110228
-0.058063328
-0.05873999
0.039056584
0.12042094
-0.061181024
0.028100697
-0.024801707
-0.0038117263
0.085381724
-0.024547985
0.010027295
-0.091968089
-0.098370492
-0.12558289
-0.05945161
-0.01212619
-0.019794656
0.051017616
0.048757896
-0.13153227
0.016650002
0.0026851064
0.063107923
-0.021856163
0.040800001
0.028918387
-0.026469717
0.0064839553
0.17255513
0.10449636
-0.0035436675
-0.028004698
0.086874068
0.0010276757
-0.044594564
0.087404661
0.036016759
0.042733975
-0.094298542
0.12171005
-0.04153258
0.12842402
0.016085135
0.087750636
0.0040388638
-0.084193356
0.032863487
-0.059178106
-0.035786774
0.043984205
0.026051365
-0.016780699
-0.18135816
0.0849659
0.15448342
0.038955633
0.044971865
-0.036543038
-0.082740895
0.10409354
0.0048171426
-0.053138241
-0.024463076
-0.052245416
0.03735951
0.017703762
-0.067894623
0.076973394
-0.051458091
0.059003953
0.1174911
0.062054902
-0.020306356
0.0057539153
-0.015101889
-0.069278859
-0.041640688
0.13935897
-0.040188316
-0.02996348
0.026374856
-0.041566052
0.038163345
-0.11530873
-0.038834542
0.045192637
0.086994566
-0.025872916
0.091308326
0.021145821
0.12554853
0.027340222
0.018881403
-0.05937029
-0.041710615
0.033304732
-0.0020410321
-0.015745334
0.073700309
0.010897976
0.0065786694
0.018415304
0.00433562
-0.058037378
-0.083440468
-0.018808441
-0.087912485
-0.043215118
-0.002827103
0.059249979
0.019013656
-0.063401006
-0.16338998
-0.017769247
0.12092607
-0.089434326
-0.20229033
0.072661676
-0.055140097
-0.044417664
0.036870234
-0.23446326
0.091753118
-0.0027902762
0.06652911
-0.002651395
0.088023171
0.020299705
-0.18840335
0.054348219
0.090318874
0.052658398
0.057532687
-0.04655797
0.030659067
-0.11335044
-0.1094709
0.02896654
0.047790587
0.056488309
0.073052727
0.0077018039
0.049508005
0.098779857
-0.051432341
0.011852644
-0.039627064
0.039275687
0.035174005
-0.018167855
-0.057906374
0.080674864
0.0006860763
-0.027251741
0.039953031
0.0050969417
-0.057155401
0.077661924
0.021582756
-0.0077663525
-0.046999466
-0.053244472
0.03269846
-0.038510356
-0.031474389
0.10461892
0.062781848
-0.057283733
-0.028632995
0.012262852
-0.041324303
0.083081588
5.8512421e-07
0.065048136
0.012993961
0.019571291
-0.025708346
0.04395299
0.0688207
0.054179382
0.083484486
-0.090524919
0.017767295
0.037146673
-0.083075024
0.08149904
-0.089382574
0.011749941
0.095120504
0.091225952
0.10564574
0.098222516
0.0092994729
0.015180301
0.095262721
0.0058076656
-0.031034401
-0.053325318
0.051390823
-0.032220259
0.034112547
0.041039038
0.071055152
0.017994436
0.060300749
0.063804626
0.049563911
0.071568929
0.015147103
0.054337908
-0.021498473
0.071358584
0.039993871
-0.077396974
-0.0474898
-0.098281272
-0.07683365
0.014621002
-0.0094275996
-0.057821538
-0.046944078
0.042613916
0.072207913
-0.067757711
0.00089463417
0.010413864
0.024081655
0.083338633
0.065825149
-0.093329214
-0.086870424
-0.038380668
0.049573895
0.0082833506
0.10350626
-0.010072589
0.0014358085
0.011179566
-0.067449942
0.12567745
0.0086342646
-0.059335362
0.065565519
-0.025308669
0.03816935
0.054662865
0.012577265
-0.00076888321
-0.029334018
0.03505978
-0.03670853
0.09292835
-0.033772625
-0.07265868
0.039540038
0.070212729
0.10808658
0.099487104
-0.050305981
0.028485082
-0.080008946
0.066084929
-0.011306346
0.058337551
-0.07632412
0.048509307
-0.020220267
0.039714005
-0.099897169
-0.086473055
0.083292961
0.016294843
-0.054350998
-0.080679879
-0.1733672
-0.0082601262
-0.079670884
-0.081809372
-0.023274912
0.11938911
-0.1838637
0.013775606
0.041026991
-0.036765717
0.079277098
0.004430877
0.066817567
0.096663959
0.036568314
0.093002312
0.038120713
0.097453743
-0.04139176
-0.064073905
0.0028692759
0.00081131468
-0.0034509844
-0.038432274
0.031537246
0.011179542
0.085949451
0.10414481
0.11055414
-0.062533058
-0.12032594
-0.062686913
0.0072431965
0.0038026641
-0.058013182
-0.09544573
-0.041807462
0.058301289
0.037337136
0.0935186
-0.01812415
0.056500096
-0.017739039
-0.018973764
-0.022614297
0.063705832
0.030577019
0.074792646
-0.016474877
-0.0087004583
0.014554931
-0.067342237
0.075624235
0.0027086211
0.0094307326
0.035960216
0.034958042
0.0023795429
0.13785724
0.011403388
0.020415731
-0.038004052
0.038369451
-0.0315459
0.025640186
0.0064694183
0.030518154
0.014790409
-0.04609431
0.055908296
0.033446774
-0.063166037
-0.066343322
0.049031369
0.0052217459
-0.051716417
0.10087525
0.074111126
0.05602387
-0.023367466
0.070614509
0.0087075876
-0.11269035
-0.091614738
-0.0091765793
0.031456351
-0.077139638
0.021232475
0.12660344
0.012037057
-0.040090315
0.072082892
0.033137988
-0.045856725
0.013307334
-0.024975972
0.043842729
0.09307497
0.048107687
-0.029682539
-0.064664811
-0.041843385
-0.0049233055
-0.00051910721
-0.12442023
0.019452887
0.15921418
0.10004423
0.052539714
0.096292451
0.0067642592
-0.062662683
-0.030484283
0.092588611
-0.058974374
-0.12200768
-0.025709122
-0.051082086
0.08342348
0.04893307
0.036504708
0.0045273881
-0.01809597
-0.052535575
0.084080018
-0.011768291
0.072904617
-0.10439664
0.0090418914
0.083441317
0.027317118
-0.070479825
0.00088419742
0.0067851227
-0.027772926
0.1079645
0.016363868
-0.054654196
0.011570057
-0.036430232
0.071364358
0.04431868
-0.0035656153
0.090508915
0.061026435
-0.031500377
-0.15748368
-0.10359739
0.079950035
0.018949525
-0.031364072
0.022403389
0.03762592
-0.024156079
-0.047279388
-0.04399221
-0.029756619
0.094836496
0.045831934
0.055257846
-0.017634062
0.062714353
0.060833052
0.028179873
-0.051849429
0.016289646
-0.079150461
0.11710547
-0.037515745
-0.036826197
-0.0245288
0.06544394
-0.086925909
0.069150783
0.032867771
-0.0054201507
-0.068565436
0.017243546
0.10768099
0.12887362
-0.016289679
0.010505522
-0.024966804
-0.010711217
0.076262467
-0.06207576
0.047345743
0.042369306
-0.034061663
0.070633292
0.0024107408
-0.082234524
0.05205331
0.048552748
-0.091886327
-0.026803002
0.053871065
-0.12033844
-0.040078729
-0.022954799
0.0054768771
0.039741822
-0.015683416
0.0024653231
-0.055831902
-0.0064200726
0.030123264
0.02807577
0.073017105
-0.021230234
-0.076960631
0.023861241
0.056990914
0.083744571
0.10075244
-0.04008811
-0.020449424
-0.046142705
0.017941892
0.018690566
-0.020763256
0.056586169
-0.056046955
-0.0035294201
-0.065476149
0.11341475
-0.094550475
-0.083315678
0.024186211
-0.010637199
0.14151265
-0.036259938
0.046046529
0.0025005788
-0.027300283
-0.035719
-0.041503899
0.102929
-0.003210658
-0.08831685
0.015674256
0.010955758
0.11023565
-0.11379845
0.016225031
0.077090383
0.095092416
0.0766498
0.048448808
-0.058532719
-0.09637446
-0.011874733
0.080352597
0.069289036
0.014006896
-0.03025765
0.02057258
0.085403867
-0.024234364
0.083245926
-0.055692933
0.0051612966
0.0052701612
0.012234113
-0.066272825
-0.07544177
-0.024165956
-0.0024203211
0.015735552
-0.010239589
0.016368821
-0.098854788
-0.0089204041
-0.008867424
0.082954377
0.0512885
-0.049176201
-0.0072786841
-0.0026248414
-0.066018336
0.084435262
-0.089922369
-0.014386168
-0.063620016
0.0089925658
0.10526513
0.063060239
0.074656442
-0.074113496
-0.05400138
0.019953709
-0.1034883
-0.0056699454
0.052677207
-0.054176476
-0.035625413
0.0042484258
-0.11322153
0.049298305
0.066040687
-0.07729692
0.044057962
0.070301235
-0.040295511
0.056913976
-0.085282214
0.091079637
-0.018987028
0.054702986
-0.036582246
-0.076435551
0.052305944
-0.076095827
0.094860084
0.12842952
-0.045614809
-0.095025092
-0.016084068
0.090629287
-0.06665919
-0.055658031
0.055044524
0.090142578
0.013359435
-0.010804724
0.058148019
-0.012778887
-0.084560044
-0.039005294
0.10482633
-0.0088016409
0.032325845
-0.0068698381
-0.034905497
-0.04132482
-0.099391423
0.0080963597
0.062717877
0.010094697
0.0047509316
-0.017338237
0.090064079
0.028421752
0.0091159111
-0.010526849
0.094602287
0.034053259
-0.06601508
-0.053182285
-0.022395603
0.056596432
-0.013714747
-0.020268936
-0.054544929
-0.027920254
-0.052788217
0.045140941
0.010923715
-0.080337487
0.064484067
-0.08995977
-0.066276968
-0.041732147
0.0019552002
-0.041870181
0.059860449
-0.0010651747
0.022147145
0.028902933
0.089372903
-0.066294365
0.067476951
-0.02514538
-0.034325529
0.018883057
0.028203916
0.061194573
0.017711442
0.077730104
-0.054888219
-0.072503045
-0.079980515
0.016639858
-0.038174227
-0.017658843
-0.0010932204
-0.081337474
-0.00083236513
-0.08932697
0.101257
-0.044931784
-0.08894518
0.10926554
0.0041958615
-0.054521043
-0.047558416
0.056381181
0.022754839
0.028191376
-0.050977483
-0.11365916
0.062811285
-0.082794733
-0.090416439
0.071022995
-0.074880391
-0.014108134
0.013594057
0.033347633
-0.024179388
-0.079886399
0.0063476423
-0.035668977
0.063006282
0.095694862
0.02811259
-0.095107011
0.016514489
0.055721
-0.11216303
-0.051331162
0.11372675
-0.017915573
0.015162788
0.060948696
-0.046608787
0.0030253755
0.061422918
0.049850076
0.042851426
-0.036501803
0.050728627
0.049182139
0.077332966
0.15539621
0.11934226
-0.087584093
0.063635327
0.11979405
-0.019932402
0.043550234
-0.051205169
0.0098834001
-0.078038819
-0.0007049056
-0.051188562
0.12026804
0.030284582
-0.15536596
0.098561063
-0.057336852
-0.016686408
0.0065500215
-0.008998422
-0.061848111
0.025194217
0.051837396
-0.039971594
0.084920496
0.061907444
-0.029471513
0.013282285
0.018253358
-0.028834498
-0.064864099
0.032938983
0.056324899
0.080954969
0.038782761
0.11867269
-0.085272536
-0.051548414
-0.0021669762
0.045756724
0.014028836
0.062482055
-0.057795458
-0.0029746841
0.12558842
-0.0058805789
-0.079121687
0.11254831
-0.075321659
-0.07660415
0.10239275
-0.011741595
0.087684102
-0.053947173
-0.14219595
0.057332344
0.026013408
-0.028959686
0.02042252
0.027182188
0.024685791
0.014208005
0.042696986
-0.028769907
-0.0045848452
-0.040870152
-0.058118314
0.049407184
0.064166822
-0.04380554
0.068975128
-0.11529282
0.084095456
-0.091126405
-0.043055601
0.10634915
-0.03392968
0.0051429579
0.1161136
0.037774224
-0.0099245189
0.062245362
0.082065709
-0.044485029
0.014472004
-0.014967932
0.033424381
-0.049798656
0.021813085
-0.093107589
0.090769216
0.013072857
0.098931797
-0.0085992692
0.084108822
0.011963312
-0.024761926
-0.011822612
0.057265036
0.10646102
-0.032067001
0.031304467
0.1280022
0.049917642
-0.01895039
0.077960432
-0.045877818
-0.009026099
0.068317279
0.10039949
-0.009093524
0.05088504
-0.043416366
-0.076974966
0.06462723
-0.062359281
-0.067006662
-0.13061725
0.012206076
0.086471722
0.049974464
0.024472062
-0.038133152
0.034485072
-0.048770431
0.0071327467
0.047650617
-0.0018484727
0.0175278
0.00040689224
0.13196966
-0.026516385
-0.10962029
0.052492242
-0.095164433
0.024944248
0.044149648
0.066354379
0.065460294
-0.035403699
0.088299952
0.0025611571
-0.018084044
0.09354201
-0.05689894
0.04662592
0.011375478
0.062335189
0.087835453
-0.022307962
0.022576775
-0.022188941
-0.029644018
0.048161641
-0.0087597221
-0.02442042
-0.065132104
0.00021299308
0.10773331
0.0166102
-0.034012042
0.069310099
0.12620203
0.0045726653
0.02286635
0.0080763232
0.083257787
0.0056658834
-0.043476224
-0.092628583
0.0086305588
-0.0015592019
0.051237572
-0.078030065
-0.033496466
-0.024253558
0.085385419
-0.046441481
0.02252331
0.1167687
-0.049135845
-0.0041264822
-0.035256699
-0.055326469
0.0046664034
-0.070309527
-0.010750536
-0.041270241
-0.059130348
0.06003831
0.094915979
-0.00021916867
0.076422557
0.0074007344
0.078951657
0.062526487
-0.039795216
-0.076445319
-0.010818512
0.084954932
-0.011661176
-0.016424133
-0.007937165
0.0031281835
0.049113791
-0.026864477
-0.036416568
0.0094591845
-0.028024556
0.10361647
0.051331479
-0.030736275
0.044530056
-0.039894871
0.0052781506
-0.012206386
-0.07826551
0.022949763
-0.036820769
0.017127573
0.018794689
-0.0094193732
-0.027418457
-0.053424731
0.10164586
0.064023204
0.058385838
-0.019889399
-0.012287434
-0.011813922
-0.043378495
-0.10193251
-0.021190839
-0.016827844
0.031503871
-0.020025654
0.035640027
-0.02679101
0.00062011502
0.064850181
0.11532912
-0.097034544
0.014450091
-0.032426786
0.12733865
-0.022750236
0.043488495
-0.044294093
0.13996685
0.071915776
-0.059317254
-0.064154156
-0.15388559
-0.0074658636
-0.061506636
-0.024959208
0.0070281425
-0.061197896
0.0057735266
-0.04809564
-0.035397302
-0.016353428
-0.064336188
-0.035280693
0.0017418824
-0.022212654
0.0027417077
0.053965926
0.050422799
0.071713373
-0.15473603
0.064907499
0.018104613
0.059031341
-0.029812822
0.0096107256
-0.076966651
0.038563538
-0.12151702
0.022112392
-0.079598479
0.062730119
-0.093542755
-0.067111656
-0.089319691
-0.093928494
-0.084327966
-0.080084458
0.043313224
0.091006361
0.012337372
0.058623135
0.066999078
0.022443295
-0.087166667
-0.042147655
0.054251313
0.062051311
-0.071830757
-0.027620248
0.10420305
0.025572972
0.00041973195
-0.007875544
-0.073078237
0.032429554
-0.063334882
0.079825483
0.00444113
-0.076349877
0.063796811
0.096503519
-0.11379728
0.013185498
-0.0040625241
-0.11888852
0.08837048
-0.11113916
-0.0033613844
-0.02924973
-0.00645024
0.079855807
0.032800604
-0.021012992
-0.018166838
-0.025701279
-0.023728358
-0.08445663
-0.0049170791
0.041582763
-0.016748587
0.0092089046
0.12511405
0.002504688
-0.089660324
0.041525401
-0.010455402
0.049724333
-0.077999108
0.030054005
0.0061205183
0.046802167
0.12942356
0.10991235
0.11994356
0.016885476
0.037884753
0.015812559
-0.045009665
0.0017431327
0.098955937
-0.024842713
-0.20294598
0.049964122
0.062936105
-0.063427992
0.049440514
-0.12798062
-0.015130917
0.062722608
-0.072009347
0.080944501
0.070052259
-0.049747549
-0.02218681
0.004747259
0.091479532
-0.044861853
0.11185575
-0.11682064
0.017013984
-0.061454367
0.07187099
-0.040007636
0.05836615
0.016725123
-0.064609788
0.16070303
0.10557391
-0.063098826
-0.049433578
0.031205108
0.040173467
0.050738834
0.094623722
-0.13659523
0.0064946716
-0.012411912
0.050104551
-0.052182909
0.048082486
0.0128428
0.067076169
-0.001619806
0.10801188
0.0087062456
0.053867649
0.07614632
0.033799801
0.11390675
0.022841748
-0.064271145
-0.081188001
0.034830023
0.082828939
0.12064388
0.075498372
-0.051385745
0.058881834
0.0026857131
-0.025467988
-0.0054713013
0.063879073
0.0938164
0.021131394
-0.050832991
-0.016209153
0.058485061
-0.0061879242
0.010534091
0.088836007
-0.057023101
0.077238463
-0.035049599
-0.058220852
-0.03455402
-0.015565728
0.15943953
0.035867445
0.077563345
0.023983825
0.028261589
0.16997436
0.053568766
-0.17087726
0.06591668
-0.099544227
0.1232342
0.024557818
0.038129214
-0.060978953
-0.076666497
0.054946572
-0.14395812
0.17099223
0.011237229
0.0009879478
-0.16023113
-0.0098642763
-0.050971266
-0.026928766
0.11784841
-0.055488016
0.036925297
-0.0039654728
-0.061199766
-0.10537094
-0.062661223
-0.025256153
-0.080595046
0.020053115
-0.13318293
-0.024388313
0.0054083816
0.032646328
0.091889963
-0.0037330722
0.023463244
0.10244565
0.043581177
-0.057283964
-0.044438794
-0.10838345
-0.084141776
0.034276616
0.039171319
-0.057863358
0.10980602
-0.048264664
-0.0036806234
-0.031504646
-0.0033729102
0.20084071
-0.031942289
-0.056541651
0.037271045
0.12940483
0.061827179
0.053151876
0.072363377
-0.035970263
-0.028246729
0.014088794
0.0064519471
0.043204125
-0.0044020019
0.10478882
-0.11496963
-0.069740318
-0.071394317
0.011015346
-0.03160939
0.0099318353
0.12925197
-0.0076653352
0.092734843
0.024137752
-0.084057279
0.012011902
-0.032592416
0.071515262
0.067690745
0.056539528
-0.0044252747
0.18388051
0.018862212
-0.046445455
0.101166
-0.0006198124
0.058470674
-0.045628723
0.096630327
0.059890628
-0.029054549
0.011134925
-0.015677376
-0.15263805
0.043261476
-0.070650093
-0.035884403
-0.081378259
0.045212071
0.0037593076
-0.053694256
0.039964959
-0.064365447
0.025242053
0.066223912
-0.023001514
0.082152992
-0.082180336
-0.016927257
-0.13620216
0.021529024
0.08371187
0.045112513
-0.07694038
-0.097911827
-0.0013024292
0.058670882
0.085017681
-0.081886925
-0.015092622
0.078270271
-0.024492191
-0.0085525913
0.035668474
-0.091337666
0.0036520236
0.030026276
0.087125577
0.069581695
0.13318048
-0.09059193
-0.014075913
-0.21701774
0.012511463
0.057990406
-0.1972902
0.12237307
0.14150769
0.06453678
0.018760286
0.034182545
-0.022267239
-0.094715104
0.023708871
-0.044971634
0.15398146
-0.034610566
0.076186493
-0.11705068
0.038163777
0.073703803
-0.11752074
-0.016195053
-0.056993265
0.0024509118
0.0011019318
0.051871371
0.06065803
-0.006215258
-0.039439727
-0.049627759
0.073754556
-0.0034464456
-0.0081216414
-0.0331573
-0.024764139
0.037923567
0.13440353
0.086778432
-0.0037685318
0.013067801
0.07344801
-0.012152631
0.011967215
0.02780883
-0.15872093
0.09314426
-0.074702159
0.11023206
-0.066400699
0.16232435
0.080852151
0.043104507
-0.062832817
-0.0058462028
-0.020950077
-0.012785597
0.049675915
0.032888189
0.031052124
-0.015173765
-0.072444536
-0.039531562
0.023985129
0.11526105
-0.027696505
0.13130108
0.092434131
0.055601742
-0.032367159
-0.085538395
0.096402615
0.058536462
0.090270951
-0.011216746
0.00098099583
-0.018567307
-0.10697576
0.067400552
-0.080678798
0.087722734
-0.01805144
0.027789017
0.055055633
-0.11596782
-0.0041688443
-0.018760916
-0.09664312
-0.020552181
-0.092431888
0.11276551
-0.035670709
-0.0083605424
0.04704253
-0.10959882
0.053596329
0.13734759
-0.019960973
0.021542432
-0.055794735
-0.012971611
-0.0090876203
0.080697231
0.064958662
0.0057889959
0.017211946
0.050419513
-0.002052414
0.1182958
-0.046706177
-0.075289801
0.0091606686
-0.084991857
-0.06470535
0.016129052
0.077552944
0.049790949
-0.0060177231
-0.024432339
-0.018055746
-0.034717601
0.00074720522
0.030308334
0.02441497
0.073843963
0.0019862724
0.13218746
0.07936959
0.0078435829
-0.025664445
-0.061183505
-0.098399207
-0.10173181
0.079499856
0.079470575
0.084369004
0.032153271
-0.039194684
0.069364533
0.075358003
0.11812823
0.065942653
0.087157682
-0.043245275
0.03360061
0.0721782
0.073902823
0.0084471991
-0.021061603
-0.0053239265
0.19146328
0.078624383
0.13064143
0.03714101
0.067283966
0.074839748
-0.025239848
0.22052482
0.037929434
-0.019032221
0.050226495
0.037990257
0.017081637
-0.046078529
-0.0088726766
-0.01664141
0.065964401
-0.04899234
-0.042929269
0.00071680493
0.10517733
0.054792736
0.10528839
0.066575333
-0.082895778
-0.00078063121
-0.020419817
0.036726873
-0.034687344
0.031977359
0.081506357
0.11849502
0.029210502
0.067721732
-0.038538802
0.019968402
0.024536738
-0.015782619
-0.076820806
-0.019482588
0.079952426
0.0019704911
-0.01401579
0.040025454
-0.002719224
0.028261298
0.01158108
-0.035236251
0.043559346
-0.029086966
-0.031367995
0.10894743
-0.076907776
0.078905195
-0.007068899
-0.028147718
-0.13336132
0.05471582
-0.034779556
-0.0028018462
0.025835056
0.04894881
0.033977225
0.020778744
0.094054662
0.040374212
0.0032078128
0.012447842
0.0022055649
0.067029059
0.05177246
0.0077802595
0.061777592
-0.00023254292
-0.078519054
0.13644239
-0.11870854
-0.0029368072
-0.026038136
0.016705429
0.0057918322
0.053437296
-0.042175893
-0.040544376
0.0003092663
-0.0044888505
0.049474332
-0.074737951
0.00016693884
0.089078411
-0.090833351
0.058268297
-0.013575864
-0.084331527
0.006747717
-0.10147142
-0.047170226
0.055964008
-0.090199716
-0.070956975
0.017213577
0.053343344
-0.086266674
-0.048672192
0.019628529
-0.0068247286
0.056410532
0.040123481
0.032996483
0.075946212
0.07494434
-0.0083819162
0.0074119517
0.010932079
-0.12769192
-0.025239967
-0.070099398
0.058117468
-0.078137979
-0.0031720684
-0.018828904
0.0059743291
0.015500174
-0.081752948
-0.01105632
-0.036418676
0.0005524357
0.078010902
0.13799468
0.01449187
0.084556542
-0.047220286
0.058006749
-0.06851881
-0.047488231
0.049909629
-0.01716518
-0.016394138
0.070784472
0.070242509
0.042012356
-0.0051269704
-0.014415867
-0.027795404
-0.0034680651
0.002463564
-0.020902105
-0.097400106
0.06102984
-0.049597207
-0.069841519
0.05672022
-0.071290679
0.019796209
-0.026755286
0.029064929
-0.0050832396
0.013684376
0.0058534942
-0.08746282
-0.040408749
-0.017301653
-0.0182683
0.026198512
0.041279308
0.033107083
-0.059420776
0.090520091
0.088636242
0.001943166
-0.032971766
-0.048519995
-0.0090206917
0.076137096
-0.0034389792
-0.035175607
0.0062140189
0.013920312
0.058803227
0.00057879102
0.031352062
-0.038281899
0.02227708
-0.029381501
0.056658324
-0.075314656
-0.0089146746
0.020514224
-0.0429282
-0.13664101
-0.004579904
-0.099353328
0.019163223
0.0054144575
0.046725757
0.17518453
0.061661217
-0.026181204
0.034657877
0.015930051
0.078459345
-0.047385886
0.036753334
0.1255932
-0.038664788
0.054703064
0.084743902
-0.00033764401
0.02837126
0.12878573
-0.075959466
0.032043584
-0.086914405
-0.08622919
-0.017485218
-0.0058277538
-0.059957646
-0.038594775
-0.056884538
0.008003029
-0.055787753
0.066464312
0.055801481
0.068735056
0.0068563353
0.043900236
0.033741392
0.089176469
0.0014262337
0.029909743
0.04295662
0.048056114
0.057591457
0.065760694
0.065824255
-0.075810224
0.028251486
0.1528786
0.077725448
-0.011322221
-0.021018606
-0.076724112
0.0036759027
0.014835146
-0.0045287111
-0.0025918409
0.050031643
0.011576238
0.0034408064
-0.098606758
-0.032676101
-0.028600631
0.082576528
-0.086175017
-0.028173385
0.042392474
-0.12890528
0.067551456
0.0094105648
0.029292088
-8.6655833e-05
-0.081730098
0.035706282
-0.04051394
-0.056002147
-0.010257696
0.074544378
-0.048686091
-0.015209056
0.023716921
0.028015336
0.085399024
-0.083419189
-0.031186953
0.019775888
0.15121949
-0.011565843
0.036098301
0.0083837621
0.018984172
0.10306621
-0.034653306
0.072892196
0.034985509
0.10026971
0.029556917
-0.017399216
0.060575537
0.038720947
0.020821467
-0.059558295
-0.052448072
0.036779776
0.12615424
0.083653994
-0.08564087
-0.071860373
-0.080089718
-0.080669388
-0.040233158
0.079015836
0.021213632
0.027890231
0.078866854
-0.0047997124
0.032550674
0.017718907
0.050576963
-0.0025645054
-0.0050461791
-0.14126971
-0.020881711
0.040581059
-0.010382998
0.097862221
-0.047289703
-0.066888563
0.088180594
-0.074439004
-0.0085662417
-0.02065842
-0.03256835
0.11554167
0.034442615
0.060746934
-0.012177161
0.049718831
0.075405598
-0.044536587
0.054068763
0.036879998
-0.066354811
-0.034773033
-0.057127714
-0.057591248
-0.11635573
-0.021431191
-0.024137897
0.073806383
-0.017144052
0.065845609
0.0043674093
0.15495673
-0.080951214
-0.046034172
-0.024475137
-0.094506539
0.057473067
-0.060665619
0.061568405
-0.031824842
0.044790208
-0.038631957
0.047912639
-0.036599867
-0.041789249
-0.061824337
0.081703551
0.1218796
-0.11989353
-0.050749589
0.08593405
0.065144308
0.0033252656
0.053363241
-0.090458654
0.062792808
0.06811326
0.064134419
-0.00051877636
0.083982848
-0.053475518
0.088183306
-0.1859206
0.029476024
0.057995118
-0.03886278
0.077519804
0.008831135
0.016565135
0.02980658
0.0017783644
0.041302755
0.042530384
-0.10122325
0.042868894
-0.059877586
-0.22552456
0.034262814
0.13277027
-0.029841466
0.014232543
0.075167432
0.13147737
-0.038434811
0.029159956
0.018357048
-0.001802481
0.11979672
-0.11040188
-0.050984681
-0.10260944
0.17794338
-0.10616759
-0.019052284
-0.077384219
0.080772541
-0.059402343
0.039333474
-0.085215397
-0.11831867
0.053619049
-0.024156749
0.096508995
-0.057541441
0.024766311
-0.14914416
-0.019763114
0.069980256
0.10382184
-0.075260259
0.0057719797
-0.12956774
-0.049163952
-0.0043850872
0.088368811
0.15936817
0.085099459
-0.046438418
-0.018638799
-0.17517988
-0.021331284
-0.11500015
-0.20610271
0.10257345
-0.036331065
-0.01408527
-0.17765896
-0.099406622
0.075226419
0.1424064
-0.063608669
0.14052027
-0.03009209
0.16835269
0.035591971
-0.14968513
0.10124783
-0.049820155
-0.23267239
0.079227947
0.068210341
-0.027372668
0.066134065
-0.021098297
-0.031982444
0.088553771
0.073316291
-0.19496153
-0.12513195
0.046880696
-0.095768429
0.093725018
0.0022937986
-0.043752849
-0.022754297
-0.0099217771
-0.15735246
0.053586841
0.09357506
-0.13324228
0.14695159
0.013446028
0.096546806
0.13107918
-0.026973458
0.047826543
-0.20835599
0.17762391
0.15693548
0.023096899
-0.046537042
0.073101602
-0.049577788
0.02754288
0.020817246
0.081044748
-0.021239549
-0.08781068
-0.037239764
-0.064386867
0.099224724
-0.074944459
0.002879252
0.027247768
0.11984843
0.093341634
-0.0648458
0.18512677
-0.088888586
0.013683542
-0.031645462
0.10884915
-0.021254478
0.024197811
-0.013766408
-0.010892003
0.072849177
0.02737667
0.027788132
-0.082285844
0.07281673
-0.052593868
-0.089012608
-0.0072552282
0.12656701
-0.070817702
-0.024559883
-0.15696628
0.0010149493
0.099567778
-0.018838519
-0.19599047
0.032400981
-0.032560401
-0.10275902
0.011340591
-0.040095717
0.015305939
0.058783844
0.015862258
0.021118863
0.10732482
-0.079365484
0.068297416
0.027060615
-0.059944037
0.057926968
-0.015537629
0.068172045
-0.015817665
0.10790563
-0.13157301
0.19008377
0.11573533
-0.10029824
-0.028221581
0.061127868
-0.11363427
-0.029560093
0.10673644
0.02366269
-0.077847853
0.052123666
-0.0660524
0.10382096
0.032898787
0.13298778
0.031709179
0.094305284
0.011688768
-0.035981853
-0.052738987
0.049761325
0.030234598
0.01897108
-0.0014388763
0.080648921
0.048648838
-0.10095333
0.031365264
-0.015152043
-0.033288009
-0.094092898
0.095850922
0.030450748
-0.10787578
0.11717212
-0.15560599
-0.10475571
-0.00036991847
-0.039373089
0.023856165
0.089302428
0.10476691
-0.10085245
0.065833375
0.078778781
0.02097892
0.038599279
0.092174731
-0.062331356
-0.071345165
-0.063308857
0.050589368
0.0045052776
0.10910033
0.0082231453
0.11637692
-0.036752649
0.19348621
0.12053727
0.039133646
0.00726705
0.15575831
0.073312074
0.052929625
-0.040561303
0.015028181
0.11378862
-0.16979735
-0.0036460834
0.0081616938
-0.0014392216
0.12275469
-0.011912826
0.027090393
-0.0040135277
0.027244568
-0.015181422
-0.012634002
-0.12053125
-0.13079277
0.05178785
0.076599039
0.028343091
-0.17458394
-0.0811124
-0.057263557
0.070922695
0.091678709
0.045470361
-0.021335077
-0.021823963
0.045016494
0.074764162
-0.042520341
0.18003234
-0.004337104
0.063189588
-0.036743797
0.079221606
0.14468297
-0.02988136
-0.13928646
0.14140198
0.07487911
-0.12386383
-0.04574151
0.11629825
-0.062419787
0.038783152
0.046310354
-0.10011355
0.06763453
0.018242421
0.047118764
-0.07809218
-0.088023335
0.24739763
-0.033956863
0.010558493
0.00052796066
0.1216507
0.16809995
-0.1308798
0.11934865
-0.045732945
0.22083108
-0.038489748
0.050196316
0.13671677
0.051243141
-0.0045631318
0.12559943
-0.12812267
-0.018126596
0.16773216
0.050918661
-0.24097954
0.011816824
0.12150373
0.070175618
-0.048305783
0.13315117
-0.10528281
0.11505596
-0.080930941
-0.1790601
-0.089768067
0.065616935
0.12646064
-0.036968715
-0.24011527
0.035345491
0.022404207
-0.018680898
-0.036242239
0.052316941
0.018294608
0.002990349
-0.012677086
0.021383028
-0.044734813
0.024950955
0.037940398
-0.061162956
0.0043422543
-0.038729485
0.060125291
-0.027589306
0.088652894
0.064937718
0.058263037
0.19296519
-0.023361297
-0.010068807
-0.1318617
-0.011954938
-0.085104473
-0.079430573
0.087965056
0.074473597
0.081873052
-0.0097135045
0.086839706
0.0064459308
-0.0063514789
-0.0047533605
0.040862639
-0.10215019
-0.029897759
-0.0095201144
0.091361009
0.14787367
-0.035919819
0.037855055
0.078194767
-0.19121884
0.065456882
-0.020652229
0.14300103
0.0090469318
-0.13113178
0.095338598
-0.17683277
0.024906486
0.0036897631
-0.075974256
-0.13984963
-0.058320314
0.081043072
0.091228001
0.18933591
0.090720251
-0.11014612
0.21403222
-0.078232504
0.12743086
0.034804702
0.14064145
0.054664325
-0.025356028
0.13499348
0.039467368
0.025701368
0.11338931
0.12021715
-0.029372495
-0.055212013
0.030766254
0.10103448
0.061561845
0.0087534944
-0.03020866
0.10149303
0.064157061
-0.017915981
0.039249294
0.049905229
-0.052321166
0.034333564
0.062742636
-0.029486453
0.038435645
-0.04975827
-0.023565752
0.0059426981
0.0253307
-0.084389985
0.022805994
0.024185071
-0.045936696
0.048153404
-0.010228422
-0.046137169
0.030359142
-0.0046055703
0.076623514
0.004445794
-0.020275148
0.048508931
-0.029182086
0.029875474
0.037856139
-0.043443982
0.03051623
-0.031260975
0.033842817
0.029741121
0.047913749
0.1343656
-0.032363616
0.051749993
-0.011849531
0.10595199
0.0043574674
0.090930969
0.058566738
-0.029647704
0.084242389
-0.0069910814
0.050603818
-0.045778241
0.022373188
0.041290488
-0.072874643
0.045930013
-0.045095712
0.0031590497
-0.01506747
-0.045066476
-0.013304406
-0.049693033
0.034844514
-0.033618823
0.13251747
0.040605094
-0.044027958
0.037315425
0.083596997
0.093051828
-0.031610284
0.026562989
0.09237776
0.06733796
0.043697856
0.04161058
-0.022558125
0.058664724
-0.053929184
0.010324721
0.078052878
0.029359402
0.0096651725
-0.011225347
0.082792401
0.061050791
0.084988251
0.014024131
-0.057623651
-0.046208519
0.01486876
-0.033927765
-0.06420251
0.01405069
-0.029897202
-5.2417694e-05
0.10281773
0.065509669
-0.010100024
-0.034489069
0.062587328
-0.022230333
0.15228963
0.10202184
-0.027404638
0.075891703
0.070988588
-0.050318163
0.076822944
0.074654177
-0.061203938
0.059653614
-0.062094111
-0.031167293
-0.023115057
0.060721748
0.025275322
0.04480328
-0.073347233
0.03040497
0.098917857
0.028938411
-0.040839888
0.03923779
-0.081643216
-0.080301017
-0.02570831
-0.19234949
-0.19767044
0.14662756
-0.094772682
0.00709006
0.087814644
0.093569398
-0.10153937
-0.019601909
-0.082132034
-0.16063455
-0.092619218
-0.053851191
0.066757105
-0.019921567
0.095556058
-0.12189881
0.080450669
-0.048852365
-0.097030059
-0.14260608
0.10023935
-0.065177731
-0.095338635
0.030711561
-0.01781372
0.10237523
-0.10342038
0.21080375
0.17998077
-0.10879794
0.014781014
0.087019727
-0.092352144
0.079159386
-0.046475649
0.041756906
0.12531666
-0.028686803
0.10741114
-0.042453788
0.076482974
0.014020987
-0.034005422
-0.05022563
-0.045184419
-0.069260769
-0.019616738
0.093899883
-0.081502967
-0.076244615
0.086433649
-0.095519044
0.085733406
-0.091603316
-0.12960303
-0.068147607
0.16736346
0.075139418
0.03355857
0.032742195
-0.049216155
-0.10989459
0.039769165
-0.039010774
-0.1197978
-0.032037809
-0.0031277286
0.087982029
-0.0086516812
-0.032393027
-0.039712168
0.055575527
-0.064501673
-0.17053857
0.15538177
-0.012122464
0.077092543
0.086895302
0.027955048
-0.19912849
0.018392032
0.027184319
-0.056535654
0.17078243
-0.026317701
0.023414878
0.056324877
-0.0017545958
0.097267985
0.085484318
0.10996225
0.055940367
0.10255475
0.00095133058
0.086005479
-0.0018813413
0.0065115839
-0.027842658
-0.14717785
0.11094761
-0.064309224
0.035400569
-0.24873932
-0.16418514
0.033470232
-0.025878659
-0.081058435
-0.015379298
0.019682843
0.16505851
0.16174722
0.03528133
0.0017820681
0.12665066
-0.013166815
-0.037427533
0.048058156
-0.060633905
0.093247838
-0.038165357
-0.016785275
-0.017141357
0.069827035
-0.036753573
0.064521894
-0.071298473
-0.057798233
-0.029209798
0.0930176
0.03217629
0.023199497
-0.0042123445
0.016353846
0.012687252
0.011827075
0.015410935
0.064782396
0.094632186
-0.015722007
-0.0064030127
-0.035107963
0.077341259
-0.035298575
-0.09653917
-0.088292941
0.06522283
-0.062806211
-0.026853111
0.026050733
-0.032022346
-0.037187081
0.014329356
-0.14784399
-0.03985266
-0.076747254
0.006891971
-0.094411425
0.059832301
0.070724681
0.089155957
0.074401245
-0.075523943
-0.035288159
0.10170893
0.032919213
0.10857716
0.026222939
0.063239306
-0.050571997
-0.029094659
-0.010429615
-0.089882448
-0.035864424
-0.05449982
-0.06161043
-0.039232589
0.030050535
-0.02465583
0.044108439
-0.04772868
-0.027179075
0.016991258
-0.035824638
0.016718583
-0.013859881
0.014055189
0.017533991
0.070850827
0.016398409
-0.10844978
0.053783599
0.072155073
0.014996482
0.069333129
0.063308418
-0.10349316
-0.027927632
-0.027309109
0.052947056
0.052614171
-0.075373389
0.04906711
-0.081213161
0.013337329
-0.067161269
0.11297054
-0.0081337867
-0.046036046
0.067749962
-0.052508496
-0.075369693
0.008331432
-0.058254018
0.00047283873
0.034185186
0.028142663
0.052929673
-0.027563822
0.033645209
0.060457043
-0.032649644
-0.078024939
-0.05326638
0.079446293
-0.039333034
0.043225545
-0.0077753626
0.12595579
0.044560071
-0.0026420907
0.0043946262
-0.055092428
-0.066718094
0.024996007
-0.05080929
0.06857527
0.019531379
-0.10443719
-0.0022381714
-0.010573266
-0.097361401
0.077809855
0.031878028
-0.07810986
-0.041941114
-0.079485245
0.0083935522
0.0054275617
-0.053385369
0.024031086
0.0041453349
0.014772324
-0.071317866
0.049583353
-0.032487903
0.027946351
-0.0040813237
-0.031709548
0.035495151
0.020990314
0.012721038
-0.097621582
-0.026483584
-0.032180108
-0.039846726
-0.036237933
0.06520962
0.0017370522
0.068582557
0.074785724
-0.070245177
0.052038118
0.00084277964
-0.056143649
0.022950606
0.020250674
-0.041446902
0.015753642
0.054959726
-0.067656301
-0.022650365
-0.0045651076
-0.061464477
0.022966519
-0.041751221
0.061566096
-0.018536691
0.0091849342
-0.083245121
0.041262757
0.040733974
0.032219335
0.071346313
-0.051360574
0.050015271
0.052559912
-0.028710311
-0.027795287
0.04088942
0.02237778
0.092283696
0.018000554
0.060344052
0.016187713
-0.11351734
-0.0054459036
0.0011887568
-0.041282937
-0.052339058
0.025259215
0.033744715
0.14356127
0.014406505
0.13004185
0.022808809
-0.091272466
0.058665477
0.014214542
-0.0044320896
-0.011139324
0.079330027
0.00099998666
-0.058157753
-0.012790268
0.011128093
0.054222133
-0.080802798
0.01120348
0.0040992512
-0.032223132
-0.035651732
0.028836604
-0.042661764
0.054631557
0.025718842
-0.037971303
0.005752997
-0.024881748
-0.040356554
0.014951549
0.033114038
-0.11409112
-0.031526718
-0.024319706
-0.090261042
-0.020859772
0.10474393
0.10059174
0.0094173327
0.12029979
-0.12211664
-0.0057027894
0.029470176
0.064848088
-0.016231811
0.023138503
-0.02759145
-0.04729981
0.023777831
0.11563862
-0.11732377
0.021774786
0.10614367
-0.032714959
0.046245646
-0.040363554
0.083263263
0.046653342
0.038937796
-0.051478401
0.0025351148
0.077892065
0.035692237
0.0034755052
-0.030848369
0.051986389
0.023777155
-0.035006437
0.029402282
-0.063918024
-0.024700904
-0.0019920615
-0.061928399
0.11735984
-0.091131374
-0.06944102
-0.11172723
0.061438009
-0.017879928
-0.042729344
-0.015988035
-0.0021546562
-0.066109195
-0.0021839677
0.058269486
0.093322724
0.071939081
-0.10252187
0.1006206
0.14788881
0.081433699
-0.023768978
0.047270197
-0.013012722
0.08046595
-0.0088468567
-0.047721542
-0.051046975
0.062503189
-0.06542176
0.042536918
-0.0807136
0.038781822
-0.023063075
-0.0024021168
0.036553297
-0.0069757071
-0.0082952958
0.12711976
-0.11056321
0.023937183
-0.028275803
-0.053935569
0.036283098
0.048469242
-0.0078443671
0.0060437331
0.17066103
0.034123108
0.013920268
-0.0056865849
-0.010046022
0.034286216
0.083802417
-0.16320418
0.060447872
0.067922004
-0.00052860839
0.073427983
0.095661044
0.019690799
0.12281387
-0.1235947
0.086363934
0.0092418706
0.11659384
0.067748375
-0.0026562025
-0.092857733
0.036486272
-0.077235781
0.091807969
-0.054397855
0.031123053
0.061947528
-0.036811162
0.042891186
0.10142846
0.0082882177
0.083341867
-0.0090509178
0.033837378
0.047787439
0.066403702
0.13541543
0.016376847
0.075050361
-0.12073984
0.018651934
0.037265137
0.038659945
0.1135888
-0.052476246
0.13878244
-0.00098500249
-0.054334171
-0.10388546
0.040320504
0.16315635
-0.023103599
-0.0087005524
0.036583297
0.14191712
-0.034908909
-0.022210889
-0.018322425
0.062349807
0.11812493
0.027748581
0.0051467847
-0.11877781
0.10296417
-0.028359778
0.0039382689
0.063245066
-0.040549912
0.037078142
0.052666452
0.005682948
0.050876223
0.084031038
0.073639527
0.10052105
0.08609248
0.10958952
0.11855563
0.035203721
-0.024796877
0.1052568
-0.069739982
0.026047619
-0.098763898
0.078971051
0.012924649
0.023592208
-0.010281933
-0.063183509
-0.071499988
-0.032698613
-0.043058906
0.03304131
0.041213512
-0.094341956
0.011937629
0.023592811
0.044968035
-0.0074568787
-0.12799379
0.056707416
-0.059163827
0.053698584
0.061154045
-0.06343931
0.023249405
-0.069524139
0.04172191
-0.00042199646
0.010706868
0.024932146
-0.030504674
-0.03601484
-0.027423695
-0.15036029
0.071330123
-0.050593231
-0.064439833
0.053350158
0.017352859
0.051761154
0.10840142
0.0021297559
0.057788543
0.042617556
-0.027299639
-0.11349902
-0.051709298
-0.061190952
0.12946661
0.11315805
0.13974713
-0.096673414
0.04825994
0.070585355
-0.048573829
-0.091578215
0.0060570855
-0.027682899
0.11628091
-0.10844195
0.097025834
-0.01411197
0.037168335
-0.023781531
-0.079278834
-0.036022309
0.094870575
0.066900887
0.10048103
-0.060221978
-0.09586145
0.032929141
-0.026323408
-0.049359713
0.12428666
0.019454578
-0.046892691
-0.028775787
0.083259895
0.020320555
-0.024088612
-0.0061644958
-0.09015581
0.038929895
0.019487707
0.027951423
0.06188697
-0.015106742
-0.057372041
0.0076150284
-0.18060529
0.065797158
-0.10683516
0.069216639
0.1290095
0.070069753
-0.11660562
0.0048332997
0.02762006
0.094847128
0.039379817
-0.029526394
0.053334832
0.032687839
0.087470166
-0.056163672
-0.027706698
0.042392738
0.1145051
-0.041590985
0.04802043
-0.032776039
-0.0032655443
-0.07947287
0.030465132
-0.015214007
0.1161543
-0.060807709
-0.0075839562
-0.078455187
-0.065130122
-0.032248698
-0.0043688356
0.015078278
-0.013693857
-0.042560276
0.070901796
-0.14869523
-0.066587888
-0.01362401
0.034380693
0.043104842
0.049183194
-0.071189672
-0.061343301
0.0028709962
0.075434819
0.029122891
0.050531261
0.053413466
0.038987882
0.10403848
-0.11174157
0.087873794
0.062794723
-0.097190298
0.0034401373
-0.046467483
0.0014599086
-0.047885697
-0.096206196
0.0021992372
0.039476797
-0.056748953
-0.035070579
0.065732338
0.050458018
-0.025997875
0.10920362
-0.044603191
-0.047135424
0.068994544
-0.045631751
0.024451988
-0.0058038114
0.049178582
-0.0099778343
-0.044876378
-0.082213208
-0.046668079
0.11226098
0.037589747
0.0051771794
0.06495598
-0.083294764
-0.040226977
0.076420859
-0.09783452
-0.13166088
0.028146286
0.011007447
-0.00078152481
0.013030695
0.068627864
-0.04088923
-0.0029774681
-0.059076883
-0.036632854
-0.098754525
0.036707051
-0.021147219
-0.15487745
0.064177223
0.067113407
-0.033364169
-0.039648805
0.024163907
0.017404482
-0.013125536
0.0039407108
0.0047902754
0.017166402
-0.22490706
0.050278936
0.011356423
0.042226836
-0.028335633
-0.0643057
-0.19434813
0.0016405608
0.024910113
0.13334294
-0.076109737
0.087217115
0.05565856
0.059454702
0.016608218
0.014370011
-0.027203055
0.11835694
-0.088774852
-0.040312368
0.031901889
0.068284415
-0.015141727
-0.030822657
-0.057195991
0.028679384
0.015625345
0.045228876
-0.098226376
0.058866974
0.051377062
0.04536419
0.00969024
0.17759003
-0.063868582
-0.061015505
-0.091880783
0.035616871
-0.017437069
-0.060523722
0.019934038
-0.083266616
-0.063242704
-0.047687028
0.097488053
0.049611866
0.064023055
0.1300799
0.082804799
-0.025287868
-0.012410489
-0.040836319
0.041808285
0.029861763
-0.050328609
0.11104463
0.082767725
-0.14470622
0.13428678
0.10750608
0.1729961
-0.026276268
-0.026703184
-0.028204132
-0.11200935
0.025359644
-0.055331536
0.085609518
0.059475116
0.035777256
0.081475936
0.14200965
-0.012500543
0.11542837
0.049751256
0.068954661
0.024345763
0.065316454
-0.023162978
-0.016670374
0.068051606
-0.037554834
0.10489712
0.073014088
0.11899101
0.10225405
0.0390817
-0.032269076
-0.018496787
0.092337087
0.1030713
-0.032841884
0.022500958
0.075170696
0.0056127803
-0.0081579555
-0.062612027
-0.0711734
-0.037817739
-0.029618852
-0.036946286
-0.0014463204
0.012217161
0.053324517
0.13141911
-0.052270159
0.0072245123
0.042488895
-0.041519828
-0.030883944
0.060448602
-0.094741806
-0.036306825
0.020989092
0.038946997
-0.045596037
0.11965218
0.15823966
0.00055488601
0.012327997
0.0029685681
0.036423288
0.0086034909
-0.001395768
0.014896584
-0.075926654
-0.07804241
0.056592923
0.16850594
0.0045284955
-0.014455589
0.049670506
0.062370539
-0.0045864377
-0.009230067
0.053318195
-0.032033388
0.074166127
0.057246242
-0.077321142
0.08666712
-0.0074766553
-0.0025978272
0.072728716
0.12581962
-0.076518729
0.096584722
0.0079490552
-0.025691196
-0.024468236
0.044376779
0.13648587
-0.0038927761
0.03279927
0.095101506
0.0031037403
0.075304642
-0.073384859
-0.068308972
-0.0063421167
-0.060337078
-0.0070206625
0.055984907
-0.058184888
0.051343977
0.066436641
0.0030308824
0.091895089
0.042309098
0.10759721
0.11349363
0.06300278
-0.056229256
-0.04436424
0.077452905
0.039151262
0.041608412
0.017010745
-0.048879445
0.04743484
-0.14285633
-0.09128572
0.085909933
-0.063772917
0.057389393
-0.022149257
-0.034781344
0.036412686
-0.040997364
0.04660058
-0.02634565
-0.0044637029
-0.10605371
-0.018060453
0.067049518
-0.023146611
0.035982098
0.022696201
0.063338727
-0.040615104
0.061254289
-0.022865376
0.050999586
0.050302964
-0.018839331
-0.049410224
-0.015928084
0.054389313
-0.0022881217
-0.01535443
0.045455463
0.0027772735
-0.033395961
0.044546243
0.060790513
0.017578928
0.047297344
-0.050484065
0.073254369
0.097173303
-0.0097496584
-0.11660338
0.0036695227
-0.0096843736
0.10633869
0.078869879
0.017325226
-0.03528237
-0.067924231
0.093843229
0.02651038
-0.045746274
0.059333928
-0.024229741
0.039325226
-0.024218708
0.058707431
-0.03522509
0.069293566
0.015943579
0.033988956
0.072627299
0.06962122
0.0042964141
0.038671274
0.012467075
0.0018780892
0.011323346
-0.024525536
-0.071502991
-0.078678712
-0.0081741046
-0.05661533
-0.036886565
-0.023803089
-0.031841733
-0.084090725
0.037368365
-0.061193138
-0.036761872
0.015302635
0.0080257198
-0.012793223
0.10418646
0.013741069
0.0052545932
0.063626274
-0.068805486
0.023137897
0.065009378
0.053980447
-0.016746005
0.020905459
-0.024010319
0.043926824
-0.040933155
-0.024826495
-0.036637589
0.0064229155
0.020677695
0.0020341116
0.010899811
0.012154886
0.010077432
-0.014129524
-0.015097671
0.061817758
-0.066864491
-0.0021749821
0.014432359
-0.16252342
0.058341771
-0.043948926
0.077161908
0.028189126
-0.043854229
0.064496778
-0.035741329
0.023458745
0.0077862572
0.029223479
0.017396698
0.098326467
0.090843834
-0.001576343
0.056879967
-0.036589917
-0.062817253
-0.052495122
0.1628686
0.0080263354
0.05791321
-0.0085612731
0.071801186
-0.022290219
0.066016302
0.061847616
-0.029859418
0.035278492
-0.019858092
0.045906797
-0.013085636
-0.024078589
-0.013850834
0.073929042
0.06921611
0.02861282
0.0089950245
-0.029873485
-0.062459074
0.11410664
-0.038107451
0.028539749
0.038960136
-0.027265443
0.077047728
-0.02502905
0.095745556
-0.042154849
0.019602392
0.014707857
0.033451058
-0.040902391
0.052316796
0.081416778
0.001017644
0.091850899
0.012859869
0.078785472
0.07777217
0.051590875
-0.027628679
-0.015464092
0.024446864
0.038736459
-0.043447357
0.11714426
-0.040758938
0.0053001954
0.0022303581
0.055382464
-0.074991472
-0.011603897
-0.06353534
-0.047992211
0.089305297
-0.029192878
0.087932706
-0.049781099
-0.06194042
-0.0028951769
-0.088402919
0.042556662
0.10203809
-0.11834463
0.031344514
0.047534626
-0.013233226
0.07623522
0.085540645
-0.029578283
0.059715196
-0.024968224
0.056014135
-0.017649075
-0.030168023
-0.073471263
0.086142987
0.014684381
0.039004266
-0.045220446
-0.03507039
0.0081909969
0.037408143
-0.042149771
0.12743001
0.048647989
-0.022412147
0.0097947121
-0.066670932
0.20212802
0.012841438
0.092332087
0.051306576
0.081161194
-0.054247551
0.0081494255
0.046515439
-0.0024201828
0.00992392
0.06824097
0.055134799
0.084394552
-0.01926378
0.033273015
-0.066263773
-0.036872979
0.055104412
0.078891315
0.030828774
-0.034946393
0.088007078
0.020658555
0.11670469
0.052873265
0.11780077
0.042169169
0.039044186
-0.019225642
0.058735069
-0.0060848477
-0.11137562
0.1035183
0.062992603
-0.0060532684
-0.01901436
-0.050105706
-0.0018300659
0.062620692
-0.0088481
0.13827819
0.11241626
-0.012567783
0.013159698
0.13038367
-0.061243087
-0.15923712
-0.18169649
-0.05010014
0.0081450865
0.047768246
0.032515947
0.047406357
0.0056494824
-0.082031645
0.020347472
-0.045286942
-0.019485472
0.0024345117
0.060273107
-0.099204786
0.0052832239
0.0098061543
-0.0044831843
0.090415485
-0.026612887
-0.086801648
0.021287926
-0.20184006
0.0099690771
0.16736011
-0.078489721
0.048149928
0.00052182097
0.091410436
0.014307553
-0.017715525
-0.018579602
0.049343675
0.085415341
0.11329926
-0.034192324
0.00083166524
-0.10057103
0.095066182
0.08009433
-0.0028761399
0.11141483
0.13434775
0.04658908
-0.020619178
-0.043790255
0.073141411
-0.014965055
0.016753841
-0.078756452
0.045138355
-0.1360389
0.13123742
-0.11552472
0.040886879
-0.044320721
0.042557172
-0.013075721
0.030041441
0.069698647
0.15115927
0.011902464
-0.011517403
-0.10876096
0.07084287
0.041371461
0.1047871
0.08658044
0.13715576
0.0097254021
0.10136892
0.019853031
0.10014256
-0.058137115
0.062560111
0.10802644
0.11178325
-0.10793891
-0.077601671
-0.15444537
0.019524485
0.092668913
-0.076519206
-0.061406069
0.029211525
0.032541461
-0.057123523
-0.042798959
-0.019868396
0.15276967
0.059547402
0.15061931
-0.043556765
0.053379241
0.14969701
-0.046857759
0.034539942
0.15184475
0.071192935
0.054118458
-0.011338144
-0.0086537758
0.11268378
-0.13540451
-0.015232653
0.061553437
0.14776655
-0.0252029
-0.077797145
0.037293915
-0.019526571
-0.043045741
-0.017862456
-0.042664953
-0.13940723
0.070290267
0.15680161
0.014418171
0.097182915
0.098161764
-0.15718508
-0.076382525
-0.03558841
0.039552845
0.0076932358
-0.10304023
0.040086146
-0.072210982
-0.13015108
-0.02743068
-0.14282838
0.12455694
-0.036614988
-0.074777938
-0.018460896
0.098496743
-0.0055737398
-0.12896137
-0.11534536
-0.020949839
-0.12174195
-0.057612006
0.041443605
-0.013943532
-0.09019044
-0.048415888
-0.019955203
-0.044214696
0.017327944
-0.067018226
0.14906467
0.10248334
-0.043398842
-0.1109734
0.060635567
-0.037547499
-0.17088175
-0.023423664
0.049373388
0.17565875
0.068473458
-0.13283801
0.011713983
0.036559608
0.099397272
-0.084779263
-0.16955376
-0.037740435
-0.070305936
-0.092668906
0.084701806
-0.012307172
-0.039543103
0.026923791
-0.15105575
0.024743369
-0.093439452
0.070107222
0.055966631
-0.072992176
-0.062014583
-0.023848154
0.081676893
-0.05810729
-0.016793374
-0.0053002439
-0.072183952
-0.041659709
0.098289117
-0.086463436
-0.024736371
0.020317778
-0.083156012
0.072665371
0.069227666
0.087793082
0.06432344
-0.020207813
0.12406142
-0.032481108
-0.081617475
0.056361988
-0.026549954
0.085204542
-0.063774973
0.053173166
0.028744441
0.13469368
0.0069997991
0.065582238
-0.023446904
0.066649243
-0.0023803359
0.061315648
0.13044809
0.04145541
0.19082916
-0.0019425011
-0.052672483
0.062334646
-0.11526804
0.046437435
0.085492343
-0.061588284
0.060577098
-0.12426569
0.021904308
-0.021455089
0.02577302
-0.13168335
0.01747109
0.013619787
-0.1375784
0.01587598
-0.080593869
-0.037367683
0.15367603
-0.077795587
0.10463743
-0.025808899
-0.17229781
0.032980904
0.16143683
-0.052462365
-0.078563891
-0.041356258
-0.075068794
-0.047121223
0.049277771
0.045458265
-0.0084425947
0.038568709
-0.019506438
-0.08418218
-0.017825857
0.078239493
0.041977976
0.094364233
-0.04934483
-0.11036257
-0.04437606
0.069593094
-0.084092632
0.01030888
-0.047207825
0.051911656
0.026740994
0.060790394
0.010176191
0.022574315
0.038111635
0.092646793
-0.0098189674
-0.078369685
0.060014147
-0.0027961866
0.0093418797
-0.0052819522
0.038931098
0.013047063
0.00075724686
0.023567205
0.043520894
0.014164359
-0.065088026
-0.00237427
0.009205916
-0.045342982
-0.012108228
0.028013704
0.03051951
-0.0058720815
0.040715773
0.051987588
-0.026454067
-0.0051071742
0.081531622
0.077959538
-0.086136691
0.077388935
0.03497437
-0.088124022
0.014414055
0.11951425
0.089885868
-0.06713552
-0.085708216
0.046672449
-0.028459223
0.053407773
0.11635531
-0.096550219
0.019395161
-0.021403488
-0.041780595
-0.021296764
0.13534176
0.1300589
0.0094268415
0.034771591
0.008767399
-0.05011376
0.036389425
0.024452675
0.044419188
0.012829228
-0.16063321
-0.0043481654
0.080215074
-0.036960918
0.0029905729
-0.031329546
-0.020027449
-0.036869895
-0.035211142
-0.041948482
-0.041364707
0.038523216
0.018863367
0.13688266
0.016990539
0.085754082
0.022264898
-0.059813827
-0.066660315
0.068450712
-0.074902445
-0.0037411379
0.076140337
0.018408734
-0.044662226
0.077894874
-0.031763606
-0.027205968
-0.076966189
0.013571423
-0.038689658
-0.045408025
0.045296449
0.068352275
0.057588413
0.062016319
-0.013486286
0.028129106
0.010856659
0.070239633
0.053360946
0.016928041
0.050082393
-0.061814547
0.026350804
0.029986393
0.044069238
0.036200963
0.03892646
0.057656217
-0.078714281
-0.082584217
0.032570623
-0.069461033
0.099411018
-0.004562716
0.078685619
0.16225705
-0.065254092
0.092083909
0.026724279
0.048012871
-0.077776909
-0.033955846
-0.10043325
0.00059887627
-0.035730492
0.0084046377
-0.010212271
-0.11531645
-0.036859896
-0.033831023
0.11628531
-0.12423274
-0.086042665
-0.06441766
-0.069378994
-0.014017131
-0.12802149
-0.13080159
0.0914151
0.032699011
-0.14705847
-0.25208443
-0.18292876
-0.023693193
-0.034822769
0.12470873
0.16695395
0.087905921
-0.027682465
-0.10653243
-0.031367667
-0.13782363
0.19259056
0.030759266
-0.085207626
-0.048201159
-0.019253734
-0.073210798
0.0036875992
0.028463926
0.099503003
-0.093243115
0.07082437
0.048257019
-0.033254724
0.22734733
-0.015203934
-0.039216746
0.028842282
0.048365023
-0.16777997
-0.025421431
0.1092246
-0.028098578
0.065123819
-0.034567311
0.015406176
-0.083351038
0.066753983
0.15927596
-0.0021899992
0.038878273
0.058755234
0.02829851
-0.0069390954
-0.012510496
0.027739856
0.079214089
0.14721875
-0.029572327
0.030002307
-0.10007624
0.0062919552
0.066067301
-0.044667259
0.20724289
-0.053910013
-0.021706626
-0.026686579
0.034405105
0.064472124
0.06241053
0.098206326
-0.023113938
0.25647381
-0.22611742
0.16702545
0.098196216
-0.15044969
0.02112695
-0.019018108
0.078303799
0.11281007
-0.0087900758
-0.068345398
-0.13982236
0.13973099
-0.076568492
-0.0083468771
-0.00069722044
-0.14967878
-0.019721786
-0.075106174
-0.063311785
-0.065516032
0.060051154
0.10894663
-0.0036860672
-0.0012306914
0.015893683
0.18923397
-0.099685468
-0.060400438
0.042074073
0.12949264
-0.17054261
0.036296453
-0.043205194
0.020688402
0.096916609
0.061879598
-0.025241988
-0.0046961489
-0.092613474
0.13139564
-0.12373246
0.11412852
0.079735056
-0.05944838
-0.040043581
-0.046112236
-0.022776458
0.07510224
0.10923784
0.028742092
0.092886098
0.11704535
0.077804714
-0.091130465
-0.12684433
0.049214635
0.064376391
-0.00029179134
0.039209355
-0.04321833
0.12703639
0.04811652
0.11871645
-0.042136557
0.021888983
-0.0059464849
0.078897707
-0.028888771
-0.052167892
-0.07884337
-0.0350243
-0.037369777
-0.10375555
-0.082389385
0.051064186
0.040858526
0.079701655
-0.18006369
-0.02189743
-0.04213823
-0.12869471
0.07251922
0.12875944
-0.14891008
-0.17167929
0.022731647
0.013599891
0.011784129
0.083752312
-0.062881924
-0.044826757
-0.15959799
-0.10539509
0.062766351
-0.17644292
0.10062324
-0.14796275
0.0067297858
-0.1729119
0.12270465
-0.12595534
-0.056197908
-0.12407508
-0.033955891
0.018193325
-0.085724086
-0.040790245
-0.017210618
0.01930912
0.079720601
0.0021992959
-0.17704937
-0.057484984
0.013492095
0.014818775
-0.022619175
-0.075399518
0.089211948
0.092319332
0.13461372
0.034627035
0.040361855
0.02542025
-0.058070529
-0.026717901
-0.056385554
0.094869383
-0.026828915
-0.041570462
-0.03646411
0.016209342
0.075293958
0.081183523
-0.17973416
-0.04151307
0.11606763
0.0056978613
-0.026900733
0.089781173
0.060636256
-0.024142224
0.10975778
-0.0011798972
-0.063057967
-0.017840775
-0.11414616
-0.088068374
-0.12436797
0.14282295
-0.078288533
-0.0086805718
0.047079626
0.12194809
0.095978208
-0.12809737
0.035012957
0.076826707
0.023461236
-0.13041468
0.012280524
-0.0052604028
0.061735068
-0.056610133
-0.093849719
0.026896931
-0.18145615
-0.020573728
0.018474186
0.032334868
-0.095764786
0.081282124
0.098031729
0.019994944
-0.056993749
-0.056084026
0.054056663
0.0031490196
0.010119116
-0.13013527
0.12348533
0.005379064
-0.089991562
-0.056120273
-0.089217938
-0.05711928
-0.021914564
-0.00210762
0.11672122
0.087110959
0.027343838
0.010767977
0.12749915
0.089402542
0.014653487
-0.047220118
0.062152736
0.045703728
0.0044306717
-0.083058394
-0.11942895
0.041583333
-0.002239292
-0.051725149
-0.043885965
-0.13600016
-0.056939106
-0.04118203
0.072978161
0.080160446
0.060380094
0.12242385
0.0048296736
-0.056497529
0.12108942
-0.066374525
0.14595027
-0.041523997
0.014440958
0.015967824
-0.027051985
1.7472921e-05
0.10838622
0.0070484714
0.040815141
-0.062467642
0.056386836
0.035218094
-0.006232339
0.08196833
-0.11184575
-0.025581006
-0.04203146
0.047518358
0.040920228
-0.061331339
0.11033262
-0.041378167
0.043620449
-0.072397307
0.12486038
-0.04487649
0.016113715
-0.084039606
0.079128347
-0.038218588
-0.031664349
0.00277104
-0.025052268
0.10700578
0.038102116
0.019111229
0.13221556
0.027972145
-0.042670816
-0.040296692
-0.0013001543
0.022260765
0.0032615969
-0.029677646
0.077520788
0.08116515
0.0093529709
0.059264526
-0.12777254
0.050619632
0.045928217
-0.078846291
0.043174677
-0.012298005
0.097534701
-0.010797302
-0.038896065
0.030533612
0.035768513
0.062617242
-0.14941727
0.041851565
0.055936258
-0.0060567013
0.015125792
0.032101847
-0.019638199
0.039361224
-0.013491143
0.13154161
-0.077549011
-0.0088854702
-0.14555386
-0.05859426
-0.047523122
0.031663597
0.0086419163
-0.03613155
-0.041721612
-0.0198195
-0.045175046
-0.105024
-0.078558281
0.044143867
-0.083394907
0.0640333
0.062190734
0.047903676
0.052662738
0.033498984
0.026925387
-0.0013097656
0.01072477
0.056663305
-0.076289229
-0.025759393
-0.028740378
0.135518
0.018165627
0.12396891
0.12968162
-0.069298051
0.060064323
0.077552371
0.027059445
-0.14467588
0.053531934
-0.0010639902
0.01412319
0.050455917
-0.048699122
-0.0077564907
-0.031521831
0.009216534
-0.008427876
0.13492212
0.020205986
0.069730163
-0.13874012
0.025878118
0.047869951
-0.068052433
-0.026328007
0.027853511
-0.062292274
0.041618489
-0.068458125
-0.021897677
-0.13326381
0.098524302
0.11493637
-0.085515127
-0.03336665
0.027982116
-0.036013842
0.034195602
-0.026099179
-0.023696972
-0.060498163
-0.0052090329
-0.033458229
-0.02654564
0.068060927
-0.078757904
-0.081657588
0.055204548
-0.0099377222
0.058823712
-0.0098649226
0.023363626
-0.00025607308
0.021846924
-0.068059921
0.12786189
0.0216011
0.034864951
-0.024894686
0.034111295
0.095505536
-0.088206001
0.072253317
0.016552405
-0.011779212
0.032148559
0.076523885
0.029202532
-0.01655232
0.065610163
-0.012058572
0.08577165
0.02615081
0.020494774
-0.010105847
0.050321609
-0.068666272
-0.04458956
0.0088894377
0.026945647
0.0029667178
0.016390033
-0.077430315
-0.088410318
0.045124933
0.034101985
-0.11559356
-0.054036662
0.034960456
-0.018490817
0.085546106
0.086012706
-0.067111187
-0.030238006
-0.10490975
0.05490052
0.11338142
-0.033664204
0.013685483
-0.036491375
-0.0069644703
-0.051387649
0.081442788
-0.027046423
-0.084613539
0.044729926
0.10884211
0.030976159
0.097083397
0.08895994
0.021212613
0.0043604346
0.075006679
-0.013719436
-0.0047202134
0.063426793
0.036119334
0.082240015
-0.025669785
0.014501018
-0.021438479
0.065453023
-0.098870389
0.028599944
0.1030423
0.042090099
-0.0013266378
0.094792709
0.056150336
0.0014166293
0.083984978
-0.080772862
0.015683074
0.017142221
0.012123218
-0.021162096
-0.031824123
-0.00050716923
-0.0086228093
-0.028933559
0.00035162695
-0.050785352
-0.006055024
-0.047491871
0.070295237
0.039999619
-0.074499562
0.024034511
0.03815883
0.025158115
0.022977913
0.009696411
0.0055399374
-0.086034313
0.061277691
-0.048887517
-0.080158226
0.069194756
0.020404071
0.049182717
-0.04538022
0.036216002
0.058240902
0.097748265
0.034157787
0.086948827
-0.043044742
-0.050141819
0.0029073011
0.020271875
-0.037119079
-0.00017386553
0.07356289
0.10212063
0.0075733862
-0.027992694
0.0077133551
-0.067789093
-0.063761957
0.032479826
0.039708257
0.1001453
-0.044974856
0.072596774
-0.087085783
-0.047876477
0.02317862
-0.01427298
0.11361855
0.0090668229
-0.0085977921
0.095684394
-0.045983169
-0.038321976
-0.05292562
0.035411824
0.049974311
-0.023435349
-0.0016208721
-0.024740687
0.034522701
0.0088174976
0.020658486
-0.07487303
0.043990254
0.026309194
-0.016100746
0.0080560595
-0.016646009
-0.067808963
-0.010941663
0.014196279
-0.046937212
-0.023244079
-0.048934299
-0.02751969
-0.046935171
-0.065437011
0.057163771
-0.035890039
0.026792837
-0.028836954
0.035752576
-0.052795816
-0.10013269
-0.014193287
-0.082206532
-0.075264312
0.011216218