-0.036379557
0.054763131
-0.065783419
0.036385227
-0.026523003
0.090904124
0.0060251458
0.028749859
0.067237116
0.0045924159
-0.034667939
0.080727085
-0.01015449
-0.01989584
-0.027103025
0.0052623842
0.059902668
0.039785046
0.026917379
-0.029743532
0.0021524024
0.073516697
0.082942605
0.03393757
-0.026269594
-0.12186892
-0.013039852
-0.056659423
0.05407225
-0.043420073
0.015521478
0.018474331
-0.0896722
0.05276788
0.032250457
0.037044693
0.017665923
0.04664379
-0.14441463
0.048101828
-0.019486377
0.019341378
-0.12727419
0.066235594
0.074249037
-0.011438286
0.0014884102
-0.016945038
-0.019693423
-0.074509919
0.003274926
-0.11241151
0.010606147
0.040652335
0.024362469
-0.043354515
-0.014349301
0.037342977
-0.030693453
-0.018379038
-0.092008367
-0.089040242
-0.024770277
-0.035662532
-0.020608081
0.032131921
0.079821073
-0.010129011
0.038769327
-0.085570909
-0.028874164
-0.031719815
-0.094792157
-0.049551889
-0.074011788
-0.084685899
-0.035073694
-0.074521773
-0.035075806
0.085527964
0.047648951
0.083481297
0.057141643
-0.0070105228
-0.00052373065
0.031787805
-0.044957552
0.044889767
-0.0031803905
0.10101685
-0.069688335
0.098243237
-0.087053187
0.073656395
0.029599359
-0.07426209
-0.033702049
-0.049934071
0.10073046
-0.015231185
0.063501865
0.076662317
0.031097643
0.011713112
0.010472888
-0.06057502
0.081473477
-0.038588408
-0.036222305
0.027980957
0.085737079
0.0071210205
-0.16363889
-0.00038812417
-0.056924969
0.0035011149
-0.038985021
-0.029829223
0.0062843505
0.023233121
0.014142762
0.052426778
-0.015568533
-0.054299954
-0.040677551
0.019606201
-0.038820501
-0.071121275
0.070686579
-0.070583299
-0.037838031
0.1523802
0.016630879
0.1144873
0.013356741
-0.037096735
0.0091830259
0.034074605
0.026599834
0.044963446
0.048954695
-0.034793556
0.015543781
0.03964448
0.12080929
-0.052107424
-0.050503202
0.075311005
-0.096773691
0.068807878
-0.073698767
-0.0047169826
-0.0080887554
-0.037415031
-0.048487831
0.04159718
-0.0038564834
0.00040705808
-0.019034477
0.035439096
-0.10795051
-0.063386343
-0.00038049265
-0.020976624
-0.031890828
0.021723865
-0.027044691
0.033470716
0.04843026
-0.05273788
0.039827537
-0.071495406
0.11448499
0.018586909
0.069895349
0.050540186
0.075320579
-6.3505875e-05
0.050248567
0.040190566
0.044814486
-0.040573627
0.068754137
-0.024460956
0.033617683
-0.0084677804
0.020414056
0.00015779771
-0.067850165
-0.0079488605
-0.13834475
-0.094712451
-0.051332582
-0.036722813
0.10290277
0.0022920573
0.025207791
0.066703245
0.11240587
0.079970926
-0.060520928
-0.021618228
0.053204805
0.0041753291
-0.0060676229
-0.037398893
-0.12883723
-0.076541312
-0.022409575
-0.047272459
0.089890696
-0.051797662
-0.0086042769
0.01370125
-0.012645002
0.02265586
0.044042718
0.087264106
-0.031722259
0.0022413977
-0.065613031
0.050935291
-0.016129069
0.012272896
0.022092216
0.027345104
0.055561725
-0.038207896
0.052018471
-0.013786748
0.080900557
-0.014457495
0.040516168
-0.024333473
-0.058710482
-0.094891652
-0.010143942
-0.052776098
-0.066089816
0.023021631
-0.02710708
0.079107068
0.0014677052
0.015383737
-0.045754112
0.012770645
0.0040300456
0.014127945
0.036913779
-0.039061584
0.15240602
0.11360795
-0.042550184
0.061824482
0.10358981
-0.061686218
0.027512791
0.050439272
-0.088393524
-0.015246581
-0.021687547
-0.031110326
-0.012545877
0.036330283
0.035005454
0.11578631
-0.0076956213
0.028159143
-0.22393259
0.0036266719
0.069500357
0.037714455
-0.00072721107
0.067579903
-0.036002744
0.034652296
0.024644839
-0.0031709175
0.068737946
-0.0053307936
0.045486175
-0.10871794
0.077520482
0.036529701
0.055411763
-0.037305761
0.12678447
-0.11679136
-0.078946695
0.052324846
-0.08259505
-0.0082307924
0.0037240265
0.016752018
-0.070567138
0.0029379278
-0.043241005
-0.093790628
-0.063710444
-0.041081976
-0.11517885
0.058948882
0.037429567
-0.064752944
0.03733268
-0.12527879
-0.010419291
0.064478949
-0.065355606
0.026766749
0.037452392
0.068505004
-0.021870766
0.025278712
0.02093732
0.069492929
0.15802611
0.038253024
-0.029080657
0.046489816
-0.057972487
-0.069777019
-0.0045656543
-0.045184068
0.014146593
-0.12019381
-0.023723692
-0.037878588
0.031149412
0.05422822
0.042123944
-0.049018331
-0.09974464
-0.01302475
-0.0039401553
0.079826437
-0.032675304
0.037618879
-0.040625751
-0.036349814
0.082161054
-0.023257609
0.0071585407
0.08863087
-0.0030392248
0.019283045
-0.068334728
0.025178527
-0.0058722454
-0.093761399
0.081510253
-0.010291997
-0.068311028
0.0092725698
0.029326564
-0.022360217
-0.0032404715
-0.0011426077
0.050623037
0.018881679
0.029629273
-0.00086932967
-0.046415657
0.0073141088
0.0063582291
-0.097547039
0.034691475
0.062835716
-0.095254898
-0.03797685
0.071065895
0.082630351
-0.0015877617
-0.010043559
-0.08588811
0.031176792
0.03324119
0.076377712
-0.069228113
-0.033852924
0.062592886
0.06037854
-0.068648398
0.039315388
0.0034934941
-0.045757901
-0.098386884
0.064805001
0.0026807801
0.0030310098
-0.077765986
-0.013751292
0.00023778754
0.012237965
-0.12060995
0.020605525
0.034439012
-0.016023267
0.062658221
0.12061027
0.019155221
0.040676981
0.066050746
0.016145427
0.038023379
0.017573301
-0.028903749
0.081593573
0.089490697
-0.0060039642
0.094472677
0.023016168
0.031606168
0.028859936
0.077808507
0.048567772
-0.065253697
0.078443587
-0.045160327
-0.0084296418
0.0044364729
-0.084703922
-0.10064333
0.098614663
-0.053473834
-0.1393141
-0.027255362
0.026210928
0.042875096
0.05283282
-0.015080719
0.014936851
-0.0027980788
-0.029381763
0.013237611
0.071823068
-0.019204687
0.00047453595
-0.11650268
0.069624685
-0.017478894
-0.019309234
-0.14424564
-0.039497964
-0.026023054
-0.072733968
-0.050104983
0.0025256744
-0.0070395097
-0.015120013
-0.00464577
0.014634257
-0.04346652
0.068833984
0.064009324
0.0076502012
0.034308661
-0.01283653
-0.04092028
0.057157282
-0.041016262
0.019232914
-0.026533399
-0.11832017
0.0043839868
0.010229637
0.0050539533
0.0046182298
0.053905528
0.023437653
-0.080875374
0.023391834
-0.096220292
-0.012087797
0.0066179666
-0.072542079
-0.022556942
-0.050871272
0.0094764512
0.06880039
-0.081797861
-0.045978256
0.11863769
-0.013873026
-0.010087674
-0.08965259
-0.037285861
0.063549191
-0.10990132
-0.15738109
0.045803625
0.10570555
-0.00066798046
-0.017344059
0.11418934
0.091197178
0.029740363
0.042840343
-0.0018911675
0.012681133
0.051160827
0.012505613
0.04395007
0.0040522818
0.036881652
0.051487867
-0.057470188
-0.070720591
0.032386772
-0.01446158
-0.011950486
0.05735768
0.037478339
-0.0014974385
-0.1007213
-0.069351278
-0.18896686
0.093848459
0.062577553
0.052895471
0.028421447
0.034155365
-0.029280467
0.086129293
0.062390782
0.0063597793
-2.3568622e-05
-0.083413139
0.012867557
0.12531799
-0.016732687
-0.013850913
-0.11673205
0.069018729
-0.014464234
-0.0059150713
0.021086929
-0.083115079
-0.20042102
0.0079653105
-0.016035652
0.0032423625
-0.052915405
0.054958276
0.040813696
0.02025483
0.057792604
0.022782294
0.0099118706
0.11108255
0.010346682
0.026732253
0.0070419325
-0.033556107
-0.10901184
-0.027274741
0.07866431
-0.0096250577
0.044617392
0.05295771
-0.071370028
-0.0095628304
0.0046307836
-0.056238852
0.004884189
-0.099037565
0.021909421
0.0082785673
-0.053275686
-0.076458767
-0.016353913
-0.029504273
-0.079574376
-0.077632032
-0.052701555
-0.036525961
0.03626658
-0.0090192873
0.0723463
-0.016694754
-0.10995533
0.04075123
0.034521047
0.065400757
-0.077583402
0.089073241
0.103116
0.063208185
-0.051390838
0.076560646
-0.015278153
0.089241304
0.061683536
-0.036778755
-0.034036037
0.051001746
-0.027267184
-0.12999548
0.032560304
0.0072960043
-0.012590103
0.084582999
-0.052498005
0.00082193414
-0.057979099
0.017920136
0.053882785
0.066063955
-0.047358382
0.052329294
0.072055422
0.032220017
0.074112616
0.026599534
-0.030716024
0.05146639
0.1152418
0.088019773
0.0057778182
-0.14601614
-0.0020605964
-0.030095302
-0.0088223927
-0.0033972603
0.027060293
-0.025928888
0.026929099
-0.03933328
0.0060706618
-0.10213452
-0.083058015
-0.022178357
-0.052831668
0.094478324
0.068480298
0.057419032
0.033271972
-0.0046307566
0.10722238
-0.0084801773
-0.014918915
0.01679334
0.020727646
0.049706668
0.044177558
0.00070076459
-0.0089729708
-0.080693305
0.041641328
-0.028776405
-0.064367913
0.086468279
-0.058539178
-0.00025491937
-0.020356467
-0.0046840576
0.014993417
-0.028960731
0.050692938
-0.035437323
0.077440821
0.038126122
-0.048952609
0.037259921
0.058348317
-0.01400302
0.046812002
-0.00038481018
-0.015176683
0.010819579
-0.073169358
-0.0026776595
0.015131788
0.016104849
0.023061475
-0.00046677317
-0.026421119
-0.029251909
-0.059370928
0.092680916
0.045107525
0.093022324
-0.0053939777
0.075995594
-0.025036423
0.062560588
0.023327466
-0.018030193
0.0054247198
-0.052519545
0.012367303
0.0026969854
0.017203502
0.022414943
0.019176403
-0.064985476
-0.019164473
0.0215967
-0.097457998
-0.04442523
0.022971714
-0.046463441
-0.0026942641
-0.063135512
0.034503635
0.025270155
-0.012894101
0.037524585
0.041826271
-0.068424702
-0.038544487
-0.063177362
-0.087589137
-0.025628913
-0.037895128
-0.041091744
0.027446819
-0.035021756
0.01497029
0.0088218404
-0.027140232
-0.0048130183
0.047482613
0.011124328
-0.080148101
0.013400349
0.010636321
-0.03268097
0.014145726
0.027940836
-0.02299612
0.040720686
-0.0027619121
0.029661475
-0.062125165
-0.11482129
-0.032816213
-0.038449667
0.035257433
-0.033384394
0.076876141
-0.046124674
0.064845681
0.010750084
-0.083689541
-0.010503089
0.065002218
-0.0052106869
-0.009206594
0.05244799
9.0585905e-05
0.034459453
-0.097754851
-0.027432712
-0.08098302
0.021303836
-0.00070889539
0.041097004
0.027377719
-0.05313845
0.057495579
0.030148603
-0.025339112
-0.057026256
-0.059909288
-0.021244751
-0.10611963
0.017578065
0.043623783
0.051809907
0.0259695
-0.085906997
0.093228251
0.078997709
-0.12559862
0.042728629
-0.049518194
0.031337924
0.079264008
0.0081885559
-0.039129045
0.047818609
0.077511206
0.017287986
-0.022057749
-0.0033312384
-0.029345315
0.052420087
-0.049481262
0.047803555
-0.042932611
-0.13243644
0.015561595
0.10406165
0.0059342007
0.062378749
-0.048764039
0.076268181
0.031589758
-0.01250157
0.1946997
0.047273301
0.043399576
0.013003166
0.038313404
-0.034426421
0.036232691
-0.12298955
0.042552914
0.035658564
-0.089518875
0.015790194
0.038008839
-0.020451592
-0.059726402
0.0021757614
0.0061935731
0.09686289
-0.056355789
0.0040208315
0.08911372
0.050029244
-0.2054234
-0.028825538
-0.029515872
-0.014834317
-0.0019984499
-0.12093342
0.0091729881
0.0031575784
0.060702883
-0.0069075851
-0.023799459
0.0042644278
0.054772105
0.023203369
-0.042340204
-0.026373161
-0.029044291
0.01057045
-0.0056301504
0.091062382
0.0026954133
0.16467389
-0.0003852174
-0.040587913
0.040674239
-0.0072863828
-0.052627169
-0.032555964
-0.04135349
0.016074782
-0.004506018
-0.041059829
-0.0029269771
-0.0029861394
0.01112741
-0.0055631627
-0.074695595
-0.11051806
-0.020676393
0.087292127
-0.025570197
-0.066629536
0.053519841
0.10450148
-0.035762362
0.057693809
0.050258331
-0.052132439
0.022787195
-0.011670375
0.0049295989
0.1490463
-0.11453644
0.030192878
-0.051810294
-0.12538874
-0.054401219
0.051881075
0.064778961
-0.061796553
0.036940608
-0.0038227802
-0.05522161
0.058781032
-0.092611574
0.034914069
-0.1158565
-0.019874116
-0.03488842
-0.039032262
0.068408892
-0.0363761
0.13253491
0.093707696
0.076245345
0.012709877
0.059646655
0.031679329
0.052147161
0.052662216
-0.0023014802
0.0036719693
0.028864736
0.061111294
0.017345533
-0.073904574
-0.023552015
0.010467589
0.056117158
0.024723193
-0.052829657
0.015170015
0.013691301
0.035183538
-0.027912665
-0.08449728
-0.041670289
0.017960984
0.10522492
0.10441133
0.051287785
-0.069119908
-0.059229117
0.040408228
-0.031560268
-0.040239561
0.036949515
0.044716042
0.068362728
0.048113443
0.032939062
-0.022022847
-0.0067401431
-0.086709507
-0.031439558
0.046222609
-0.009146262
0.065059125
0.0041386462
0.039829589
-0.020323049
-0.018816942
0.067512639
-0.013837516
0.07077834
-0.032584675
0.029597403
-0.10850766
0.00075868337
-0.0510212
-0.090451024
0.011618025
-0.080680646
-0.056776829
-0.079570003
0.016742408
0.054663535
-0.14396468
0.0086807692
-0.015775627
0.036221512
-0.037096079
-0.093134806
-0.016013486
-0.02983853
0.013873967
-0.01356096
-0.11061902
-0.058092184
0.075490467
0.060045578
0.075542822
0.026989723
-0.017997414
-0.069142848
-0.013753935
-0.03176279
0.11115323
-0.023607146
0.016947465
-0.024706895
-0.028711509
0.01608387
0.06799674
0.016845176
-0.00545194
0.010382283
0.095487423
0.00019712729
0.083392419
-0.067549497
0.012193116
-0.1035062
-0.089646459
0.036568776
-0.049763732
0.037361301
0.10539719
0.018978694
0.031323239
-0.032072049
0.035631951
0.040342044
-0.051285673
0.05119339
-0.016833255
0.0071553462
0.032727476
-0.037973296
-0.18807982
-0.035892487
-0.029064614
-0.11080024
-0.042338561
-0.0058196792
-0.098210648
-0.048726786
-0.01205992
-0.0028741504
-0.021934548
0.032791138
0.028282104
-0.015322722
-0.08203274
-0.011576592
-0.0051680645
-0.038240246
0.038117137
0.091475882
-0.02058067
-0.014186015
0.02793446
0.003996517
-0.025989372
-0.039401907
0.062339172
0.024175199
-0.072254047
0.017047154
-0.02316699
-0.035013743
-0.0004484953
-0.080269702
0.042834032
0.064801835
-0.080924734
0.038824968
0.031808551
0.0092484457
0.065459117
-0.040910918
-0.085206851
0.0074072666
-0.099362485
0.025071893
0.025214097
0.060919452
0.038484134
-0.016461434
-0.013682785
-0.02478837
0.013190304
0.023391277
-0.00045734001
-0.002404897
-0.029736022
-0.063371345
0.020111922
0.035198905
-0.033503667
-0.010071499
-0.02677474
-0.14901166
-0.019531669
-0.089441858
-0.038464569
-0.006058393
0.041729368
0.025799314
0.03603404
-0.053963885
-0.067260519
-0.022897365
-0.055071298
0.065351799
-0.015242452
0.025412047
0.011803528
-0.090107918
-0.061311111
0.059085049
-0.033612162
0.01228647
-0.052863907
-0.13055328
-0.097586304
0.071196273
-0.064813159
-0.089262217
-0.10185245
0.027646622
-0.0084731122
0.030262278
-0.050724085
0.061302129
0.012399987
-0.033260159
0.025855741
0.059481576
-0.010924369
0.024946364
0.083536543
0.069189116
-0.007040807
-0.01385196
-0.012288665
-0.050936881
-0.059249219
0.08415021
0.067788683
0.044423889
0.054314304
0.015137068
-0.0021302539
0.043229323
-0.058067817
-0.0011289789
0.046545189
-0.03997805
0.0090987999
-0.10928634
-0.0058545009
-0.021431426
-0.017415367
-0.034432229
0.018663293
-0.11227509
-0.061744113
-0.19307639
-0.026231568
0.036269933
-0.028929526
-0.043384086
-0.096508734
0.036381088
0.020872459
0.014915871
0.016118919
0.058571845
-0.084119938
0.026821446
0.10788932
0.043925945
0.15298955
0.089637488
0.025964303
-0.063844092
0.031717699
-0.024798559
0.011390052
-0.11644486
-0.0063326918
-0.053682502
0.00208241
-0.041441016
0.024953824
0.042681385
-0.035450574
0.054949172
-0.062450409
0.02591748
0.048621066
-0.037761245
-0.013753269
0.001727896
-0.075429596
0.036678787
0.018860813
0.041081373
-0.043030594
0.1106141
0.054239579
0.053842548
0.018919256
-0.12947096
-0.070624545
-0.087033778
-0.0033167347
0.041476566
-0.03097767
-0.032839183
0.054690421
-0.05538081
0.050351448
-0.017790712
0.00961651
-0.046918571
-0.016258392
0.070407107
-0.11058712
0.054489598
-0.099145226
0.072294198
-0.04337826
-0.031288765
-0.027959106
-0.00076440023
-0.031220686
0.0028952986
-0.035939924
0.11770495
-0.0080736326
0.0052291686
-0.21930774
-0.0055957688
-0.032727517
0.059044462
-0.0075338115
-0.16925876
-0.073307253
-0.13062806
0.014792067
-0.058514766
0.052003033
0.00010035413
0.029829158
0.10596553
0.018368581
0.018969253
0.038883705
0.070817485
0.037425809
-0.10641319
-0.02108307
-0.023166526
-0.1307357
-0.060245406
-0.015659994
0.035490807
0.055030234
-0.11737074
-0.15645811
-0.0079068281
0.016682763
0.093860418
0.052477878
-0.02982367
-0.093919821
-0.020058231
-0.065321855
0.028438913
-0.06303066
-0.023279205
-0.039164759
0.019347694
0.036431588
0.043426417
-0.014071324
-0.021723568
0.089274317
0.08429794
-0.021652164
-0.061962087
-0.02237433
0.093964279
0.039536923
-0.042966895
-0.0054426035
-0.13257505
0.0098026153
0.01493704
0.0099080661
-0.079613991
-0.029274002
-0.11581773
0.05942364
0.094517715
-0.0040912786
0.0027497914
-0.019614484
0.017574605
0.0024865838
-0.0142933
-0.043525849
-0.039791737
0.059364151
-0.0872439
-0.0077122701
-0.065257028
-0.04400814
0.060515199
0.068717927
-0.034332842
-0.055759974
-0.11382865
0.062068976
-0.10211471
-0.16417272
-0.036169719
0.024368282
-0.040452335
-0.0026724015
-0.041480355
0.024051331
0.041621074
0.047854058
0.061958086
-0.033816777
0.0084789973
0.024927448
0.030612586
0.057933897
0.015102653
0.038211327
0.0070553101
-0.025055457
-0.0021533123
-0.00479123
-0.0095975948
-0.022141632
-0.078158937
-0.00091274013
-0.080591358
0.024175715
-0.036611371
-0.017197644
0.098287046
0.057247374
0.060962234
0.032943282
0.030440683
-0.032388687
-0.1376937
0.13159588
-0.0077359672
-0.0083005726
0.030712159
-0.046494249
0.038595725
-0.020197252
0.0049134395
0.062352329
-0.023686429
0.0057218252
-0.022978278
0.08113347
-0.066899851
0.021865752
-0.041665345
-0.055350978
0.021856951
-0.017876813
0.020270731
0.055013012
0.06157504
0.058616176
-0.021435969
-0.044068303
-0.053896882
0.03627456
-0.045983173
0.050176963
-0.025580063
0.056822699
-0.068501838
0.056236457
0.059065763
0.0072982246
0.007711384
-0.075645275
0.0050802049
-0.022573691
0.057329558
0.11371066
-0.015611945
0.0087288227
0.094562322
-0.076850086
-0.050964903
-0.075792648
-0.020515785
0.0012459838
-0.035158161
0.0048138318
-0.032696892
0.038352121
0.1006143
-0.053895798
0.0098714149
-0.017831631
0.043398257
-0.063869551
0.063984923
-0.055055279
0.11249591
0.0027084593
-0.077178799
0.026200352
-0.11961334
-0.058532611
-0.078622356
-0.061640412
-0.016107202
-0.016550019
-0.021193705
0.043400791
0.031119065
0.034101855
-0.055625685
-0.038994338
0.063610859
0.060367949
-0.066643775
0.056709997
0.023303162
-0.034151025
0.098350637
-0.0015694156
0.037069548
0.004159763
-0.0029210399
-0.026556546
0.061634392
-0.026675967
-0.015621841
0.004320004
0.084485665
0.053683087
0.0027800531
-0.091681212
-0.15421297
0.10243341
-0.019439979
-0.014430433
0.017192589
0.00018075158
0.047754172
0.033891451
-0.026193913
-0.10555718
0.0023104504
0.0026442562
0.0030795147
0.076176979
0.0087574087
-0.075696483
0.0024115893
0.085335866
-0.026971517
0.023721213
0.048241444
-0.13892137
-0.034752339
0.018209241
0.038180958
0.0052374522
0.0040470483
0.00067057594
0.034352705
-0.046554103
-0.076602422
-0.010001816
0.12464644
0.019635284
0.063466676
-0.10356707
0.029415525
-0.015395268
0.054532953
0.082078099
0.009110773
0.030938655
-0.010869736
0.0094548939
-0.021815326
-0.046808507
-0.053650286
0.036983486
-0.011918443
0.039703485
-0.011890546
0.020840209
0.078366533
-0.026497411
-0.023147201
0.11726937
-0.034588702
-0.072118439
0.025006462
-0.029783601
-0.053542238
-0.0056274012
0.062199451
0.042343788
0.049025003
0.014892953
-0.045717943
0.031156596
-0.017581439
0.0029000267
-0.053800922
-0.0080597177
0.013631738
0.01488498
-0.097181045
-0.012801139
-0.021251094
0.029454079
-0.00069856556
0.036867213
0.038187329
-0.050093587
-0.041681219
-0.079825521
0.076223172
0.00079531292
0.056662221
0.10064849
0.060422186
-0.13735637
0.11784019
0.088226162
0.022971453
0.0052410481
0.0700638
-0.011432911
0.032581441
-0.084858425
-0.026747573
-0.094458334
-0.0018600223
-0.025246119
-0.047009654
-0.054075964
-0.0047015036
0.019633476
0.023309369
0.11047856
-0.04039228
0.090077899
0.12538478
-0.035699867
0.081199378
-0.014374096
-0.048969045
-0.016749948
0.031616189
-0.031492338
0.010632653
0.031276617
0.020723293
0.076043174
0.07690762
0.012701408
-0.0010042634
-0.041493766
-0.15501258
0.12827474
0.069771074
-0.04065679
0.10511141
-0.03655624
-0.14954878
0.10072746
0.0067609604
0.071223505
0.027817238
0.063351251
-0.043536834
-0.036613014
0.033804439
-0.042832013
0.010970314
-0.029175693
-0.02085452
-0.014295601
0.10252544
-0.018924261
0.071834676
-0.08151038
-0.10084432
0.0094636166
0.081205532
-0.053307947
0.03836254
-0.013774456
0.039569285
-0.024302883
-0.030676771
-0.038672909
-0.0055121998
-0.0030754895
0.15227956
0.078499138
-0.039046045
0.12461085
-0.092428833
-0.041069776
0.0039964803
-0.033405498
0.05098097
0.0065760696
-0.012120011
-0.088700332
0.087201387
0.08490584
-0.13866302
-0.036740154
0.084376611
0.062084377
0.044645742
-0.1464795
-0.057617206
-0.0047831172
0.037065696
0.076346479
0.036667529
-0.073143914
0.009668299
-0.03301096
0.057703916
-0.074861526
0.033662464
-0.070731066
-0.050047796
-0.1862253
0.052919928
-0.078276902
0.010589035
0.096800722
-0.014941309
0.087797046
0.090321019
0.06222694
0.075770296
-0.11523329
-0.0074580149
-0.00054628297
-0.023791471
0.05733287
0.0020720256
0.066992469
0.050558783
-0.029243201
-0.050030723
0.032480396
-0.077740148
0.033290334
0.075733207
0.043108661
-0.0013625621
-0.039750408
0.00042741722
0.01664166
0.056716658
-0.021624574
-0.010559108
-0.018668368
0.0075426665
-0.0041683982
-0.0040713334
0.010623384
-0.058103129
0.013085609
0.053908523
-0.018525688
0.083629459
-0.037121698
-0.044378858
-0.014938827
-0.0054505244
-0.042226888
-0.0026379537
0.039822958
-0.064291462
-0.0046580229
0.10279549
-0.028553851
0.024278665
-0.081744619
-0.027172467
-0.040413704
-0.074751005
-0.014203106
-0.0080941785
-0.061848741
-0.063464701
-0.042311117
0.02683128
0.061262473
-0.04178917
-0.033336256
-0.072015956
0.0044693877
0.023191098
-0.070826083
0.01128598
0.02747583
0.010028847
-0.01962026
-0.017124884
0.0042394102
0.10034911
-0.010898475
-0.052196626
0.063471615
-0.023551768
-0.040698305
0.05512822
0.060982991
-0.0096321022
-0.016941343
-0.15057018
0.051162891
-0.077776909
0.052671179
-0.013172384
-0.027986605
-0.072006635
0.064768106
-0.0056357863
0.055441473
0.045027517
0.024343675
0.037115891
0.041363161
0.072161257
0.073405132
-0.099238656
-0.039249588
0.051307172
0.005601509
-0.090336204
-0.039360248
-0.033645712
-0.011676165
0.041180126
-0.087844774
0.020929804
-0.11587718
-0.0049939244
-0.024632707
0.028016737
-0.093560502
0.030491684
0.06514623
0.018646352
0.062860571
0.080459468
0.0047688084
-0.023491465
-0.044836912
0.097848333
0.036220104
0.0033963246
0.032275673
-0.0028332102
-0.11514714
-0.031231562
0.05367063
-0.018072197
0.038643248
-0.084093161
-0.0096658627
0.10965497
-0.074858077
0.024627374
-0.060459115
0.042310048
0.043118559
-0.021328593
0.001831543
-0.10180989
-0.023138918
-0.050315179
0.012976668
-0.089195341
0.057358332
0.023495361
0.0072551873
0.063653752
0.035829686
-0.026949145
-0.0057992851
0.0046296711
-0.016697306
0.051561631
-0.052584566
-0.02635563
0.053454712
0.0084055206
0.03696898
-0.027317606
-0.050691392
0.035970189
0.064621791
-0.060467552
0.053378947
0.068440527
0.08337383
0.043996789
-0.073765755
0.013822966
0.035915457
-0.041792803
-0.037664738
0.033595845
0.005950083
-0.059683353
0.0016542763
0.00011834921
0.06806878
0.0043615368
-0.062495794
0.0058505312
0.022471346
-0.032156851
0.011896605
0.01514606
-0.023231041
-0.033547722
-0.046961829
-0.023719342
0.022436455
0.014758324
0.018525524
-0.014913708
0.027665382
-0.012368858
-0.16975161
-0.018957751
-0.02709152
0.031833675
0.052884124
-0.039509118
0.030154362
0.0074327211
-0.030246776
-0.0048306207
-0.052843031
0.044969045
-0.035067599
-0.006142946
-0.053907931
0.00047776129
-0.010774011
-0.018371126
0.018089792
-0.050161801
-0.0080901776
0.0044649444
-0.11126158
-0.043848533
-0.069596231
-0.08346127
0.035538383
-0.047024228
0.013514454
-0.029565614
-0.037499927
-0.023555059
0.072708979
-0.032162912
0.050622977
0.052010044
-0.016493985
0.030094322
0.084831841
0.027213277
0.068447381
-0.047767431
-0.020727923
0.040869366
0.054101996
-0.014572589
0.038250398
0.0090964949
0.033735242
0.053818397
0.098903649
-0.12328145
-0.081767075
-0.093940623
0.070602611
0.041160472
0.052127928
0.0052168295
0.0025531997
-0.12748297
-0.0016422344
0.022134649
-0.029572008
-0.022610594
0.049246345
0.013097806
-0.024171159
-0.10929709
0.0042419918
0.011562351
-0.012441213
-0.05713727
0.03435396
-0.03453527
0.021539541
0.06012797
-0.12418298
0.023649221
-0.0049927123
-0.05591853
-0.015464257
0.059255388
-0.018913615
-0.048070725
0.027153943
0.040914565
-0.019448752
0.046180736
-0.029884633
0.0077815973
0.025476916
-0.10887286
0.088700406
0.083205774
0.10388605
-0.060498521
0.011955746
0.067338884
0.050367221
-0.011175095
-0.0098340716
0.025499433
-0.023077039
0.047405951
0.090514868
0.036316518
0.0060590943
0.070011415
0.095017277
0.075701602
0.00029661108
-0.031513903
0.088045932
0.042106587
-0.061165184
0.023686931
0.056196518
-0.030373977
0.054407157
0.07087712
0.016899634
-0.093550541
0.038063914
-0.030685123
-0.068162523
-0.11397138
-0.043860458
-0.034302235
-0.055983186
-0.03536164
-0.069364063
-0.066513576
-0.0020510387
0.069916002
0.006130307
0.031551827
0.013927057
-0.050004989
-0.02450056
0.081527345
0.046638835
0.056638844
0.078749411
-0.011664947
0.06647782
0.056496412
0.047416985
-0.066825464
0.020524845
0.079395115
-0.053774286
-0.080151238
0.011445073
-0.046535
-0.072657324
0.057805166
-0.020819331
-0.032517038
0.015198739
0.098437838
0.067736402
0.023901803
0.0885223
0.015983917
0.042507432
0.021576779
-0.03399225
-0.013636055
-0.00043382309
0.0017628368
-0.036871731
0.043391149
-0.046559211
0.04032762
-0.0087063489
0.00073620933
0.051244702
-0.026642939
0.052383341
-0.023989797
-0.026801785
0.049980521
0.039966568
-0.077955022
0.068202078
0.042500746
-0.003437225
0.005524429
0.018672002
0.024523405
-0.021142785
0.018643359
0.086484648
-0.088592261
-0.053989299
-0.013814513
-0.009367737
0.02313982
-0.087967932
0.029742772
0.090829119
-0.0065416885
-0.0090407878
-0.0032370125
0.029473972
0.08531002
0.070121661
-0.046777561
-0.122622
0.062009588
0.034080535
-0.035986576
0.046371128
0.0057261712
-0.046554785
0.10661032
0.04625725
0.038305577
0.023082687
-0.039696109
-0.055838458
-0.027685791
0.0044369153
0.0015109737
0.091739811
0.04488378
0.080403864
-0.041231934
-0.0205101
-0.079384483
-0.024632564
-0.00040586971
-0.05775274
-0.060103044
-0.062684745
-0.0049695894
0.13756271
0.010869029
0.011975592
-0.042700913
0.13786612
-0.0063103163
0.098592401
-0.08780162
-0.072053179
-0.023347132
0.047630623
-0.1189659
0.0030322222
0.066662349
-0.033009313
-0.11392876
0.0095976237
-0.038316764
-0.010344373
0.027120594
-0.072002135
-0.078125127
0.10404719
0.045345742
0.044891261
-0.034475032
-0.034962986
0.0077869827
0.023284733
0.025915023
0.0031644471
-0.056053165
-0.052105591
0.064265087
0.040667553
0.1214234
0.06364546
0.015585934
0.070456177
0.029262565
0.083881997
0.024812832
-0.026304528
-0.026669858
0.029918835
0.017990202
0.0042514103
-0.037341263
0.037674498
0.012551332
-0.013438457
-0.027489584
-0.059803661
0.025955033
-0.094512716
0.068711706
-0.019574633
0.016268143
-0.061916713
0.14621264
0.024974415
-0.071780309
-0.038436379
0.031834662
-0.055504497
0.020123675
0.046045873
-0.014633629
0.040883891
0.027945979
-0.050464015
0.08867462
-0.056772348
0.066985741
-0.10137361
0.010797936
0.068155125
0.048747681
0.055306286
-0.19837365
-0.007711289
-0.017429337
-0.10942385
0.017232301
0.01948164
0.03357577
0.089844331
-0.093681909
0.025857143
-0.016666194
-0.025021259
0.062908523
-0.01544221
-0.13941744
0.036556806
-0.020269338
-0.0035009384
0.10266462
-0.0044987574
-0.024700921
0.0064925603
0.003013795
-0.022960981
-0.034108508
0.002796002
0.018095152
0.0071565001
-0.036484379
-0.010770224
0.005465379
-0.015357126
0.035790622
-0.15403612
-0.054286223
0.071252845
0.014445753
-0.023157196
0.0017187445
-0.062534682
0.10993905
0.023904024
0.055782214
0.018015176
-0.0041237613
-0.06142588
-0.033075735
0.028047549
0.019324455
-0.040423594
0.032886289
0.051486559
0.07347016
-0.069055758
-0.23955773
-0.0521238
-0.065538213
-0.047357414
-0.031360198
-0.090720356
-0.033620276
0.017351912
-0.039530277
-0.10189821
0.0046079918
0.037855536
0.020433232
-0.044214588
0.010584362
0.078897797
0.020380804
-0.0085626375
-0.032230105
0.013011838
0.037448954
-0.13628037
0.033637311
0.030202154
0.0059907273
0.045481361
-0.042550314
0.039609067
-0.0042920895
0.052339084
0.015906749
-0.051134545
0.058878567
0.094589256
0.016539818
-0.034972616
0.028188748
-0.05520815
0.017280215
0.056547724
0.085687533
0.038546637
0.043690953
-0.025182812
0.032309722
0.072780199
-0.029373234
-0.068317361
0.0047700261
0.027270768
0.044152733
-0.045838315
-0.097719096
0.020282984
0.023631994
0.049070552
0.085363261
-0.056808528
0.0018559415
0.034354609
0.057151582
-0.0051212423
0.028471077
0.073280342
-0.10834341
-0.035149276
0.034013733
0.080501832
-0.065910928
-0.073992677
0.081093669
-0.10910773
0.024633739
0.055965256
-0.020321419
0.091794275
-0.024232965
-0.037378825
0.025076268
-0.078173436
0.1086414
0.024100011
-0.02956163
-0.094069153
0.015224554
-0.016078213
-0.047145098
-0.067772448
0.052636199
-0.039265499
-0.00059580675
0.066237576
0.053040311
-0.001461275
0.019519985
0.074285969
-0.059646737
0.07206773
0.042200033
-0.054860048
-0.086324722
-0.03244691
0.028146883
0.014399513
0.066070892
-0.10971212
0.063753873
0.096953645
0.027057769
0.093793452
-0.020209743
-0.024200914
0.030247657
-0.064600587
-0.031436745
0.013074132
-0.044904057
-0.029158102
0.0076987604
0.01677547
0.084321976
0.045249205
0.0061296197
0.014362546
-0.036481548
-0.092393704
0.018904775
0.037501641
0.07847929
-0.10709946
0.078406185
-0.0012960079
-0.0062925713
0.049460843
0.048490465
0.066699214
-0.066096574
0.055014227
0.049944043
-0.00066590746
0.059191238
-0.0085838968
-0.0341128
0.14386848
-0.035067491
-0.09773849
0.08154384
0.017473495
0.058912836
-0.0079555064
0.073947944
-0.0067239497
0.032961346
-0.076253429
-0.01744937
0.036015194
0.036715232
0.034893554
0.012546766
0.011606528
-0.0031178868
-0.038811669
0.064308763
0.045437083
-0.031677444
0.0053664073
-0.17760251
-0.08281672
-0.095932052
0.070413612
0.085172914
0.026015561
-0.040694311
0.048073146
-0.080333121
0.077417225
-0.099942394
-0.16245593
0.030426344
-0.029775091
-0.081166461
-0.0099666249
0.027637063
-0.087347396
-0.016691247
0.079987697
-0.011140372
0.047727983
0.033633068
0.039023876
0.01490247
0.024028199
-0.038817339
-0.11405566
0.0037435666
-0.14111042
-0.07964512
-0.13868178
0.05350063
0.028812133
-0.012986194
0.037741117
0.12194487
0.01941283
0.074432276
-0.12056889
0.083191581
-0.11033364
0.0086422404
-0.050102897
-0.050481901
0.03123261
-0.087029219
-0.010332157
0.0083028572
-0.10079139
0.020786894
0.029506722
0.1027745
0.10145643
-0.068317033
0.024574766
-0.032470942
0.018285753
0.038824771
-0.046541885
-0.018825656
-0.023406444
-0.14327037
0.024696864
0.034958493
0.035748694
0.0061944094
0.0049617914
-0.081019394
-0.012124832
-0.10132302
0.077005558
-0.024760161
0.057132065
0.14018883
0.07245262
0.064262554
0.0016692503
-0.065773703
0.015458798
0.034012038
-0.032432597
0.0090462063
0.077604271
0.058161717
0.052084051
-0.014837037
0.031737924
0.044280071
0.11625597
0.057536028
0.0021345355
-0.13541821
0.02605777
0.011697268
0.001850585
0.016257523
-0.031324692
-0.043454234
0.047840778
-0.027440438
-0.019988162
-0.010956452
-0.014168341
-0.010244388
0.018235262
-0.033365685
-0.063937165
0.0043586968
-0.063926138
0.11065739
-0.04670411
0.0094955061
-0.019228518
-0.058606528
-0.0077977539
0.0082759038
-0.050259795
-0.046612822
0.0031445946
0.058121134
0.033611897
0.042720571
-0.056932043
0.0055666505
0.098745644
-0.021558145
0.011180431
0.0090104407
-0.045293946
-0.028825203
-0.089947507
0.041200459
-0.072556734
0.01130225
0.037852567
0.13386171
0.090566777
-0.038290493
0.044776093
-0.0040247068
0.012289847
-0.059646368
-0.055961873
-0.0015017721
0.039228402
-0.087942585
-0.018691394
0.037168495
0.014174387
0.0062662582
-0.051425789
-0.056403551
0.10784553
0.027301267
0.011128413
-0.070455112
0.022033997
0.035966255
0.0077197026
-0.068166591
0.012781024
0.014354541
-0.029138513
-0.025261726
0.05817673
-0.011424265
0.047754709
-0.12140355
0.012744691
0.049096335
0.038781244
-0.081908129
-0.034869615
0.0060178009
-0.044957906
0.04407062
0.08001399
-0.01177743
-0.052133519
0.021587722
0.0089571457
0.072381869
-0.072324045
-0.0082132351
-0.081356309
0.022220263
0.11745951
0.0054890155
0.039420702
0.028786529
0.070671037
0.089647532
0.025290245
-0.027150588
-0.046132606
0.043192495
0.016490946
0.033414241
0.026937859
0.006398642
0.0056952029
-0.062174454
0.035797436
0.0080813589
-0.2077879
0.0067596412
0.088710532
0.059530977
0.016252708
-0.060021099
0.0067677754
0.047935743
0.06709601
0.056820516
-0.0068288348
0.041177884
-0.02939024
0.059082445
0.060337212
-0.03386604
0.073356703
-0.015706297
0.053232048
0.012474322
-0.00013079091
-0.026661526
0.028176533
-0.064997174
0.017664367
0.036630362
0.0065881703
-0.062475957
-0.0056613972
-0.05423994
-0.090889744
-0.025344281
0.0068756747
-0.059815716
0.0063231252
-0.051822562
-0.0097845634
0.0013846192
0.091093391
0.09097518
0.010752031
0.025482452
-0.0090524554
-0.040258296
0.0413858
0.015658895
0.032058313
-0.021655673
-0.089106709
-0.036636066
-0.026993457
0.044719443
0.094941512
-0.025549304
-0.035323557
-0.036847632
0.06282714
0.042192489
-0.032311257
0.05405426
-0.021258082
0.053161088
0.016085077
-0.05827947
0.018567309
-0.06481503
-0.047244433
0.0063450527
0.0032753521
-0.0013406526
0.0041000256
-0.076868862
0.0040245098
0.024880411
-0.0082515636
0.08077576
0.005481008
-0.061581701
-0.013972403
-0.028452644
0.032244876
0.018080793
0.034711849
0.0082863038
0.014647124
-0.010749729
-0.064964518
0.059041616
0.045706686
0.0034519504
0.04706917
-0.063902207
0.054986522
0.056312729
0.015133515
0.05640192
-0.027496712
0.030200373
-0.012668171
0.065774404
0.056491323
-0.058972105
-0.047815185
-0.017812349
-0.019030776
-0.016398316
-0.0091107329
0.058217879
0.022845019
0.038155895
0.023368802
-0.09268944
0.012935986
0.071609944
-0.0091256108
-0.063319035
-0.032625347
-0.10201005
-0.011301997
0.015629621
-0.11757917
0.0043032467
-0.076630801
0.029576223
-0.061150413
-0.02170362
0.068957679
-0.0034857932
0.056526233
-0.089165151
-0.006215408
-0.016888985
0.0046118875
-0.059243407
0.030955175
0.048316408
-0.033953592
0.1052168
-0.0061137592
-0.0080728671
0.0050325748
0.081951313
0.01694967
0.029473124
-0.039383981
0.022097604
-0.016393211
-0.096185721
-0.08134418
0.046163104
7.2707502e-05
0.049916968
0.065918915
0.020247405
-0.0029028612
0.010585674
-0.09888912
-0.042137869
-0.022133611
-0.065491706
-0.001094956
-0.045506198
0.046895467
-0.064436458
0.025839645
-0.057665519
-0.052899655
-0.068216436
0.0089012356
0.096250564
0.056317911
-0.13644156
-0.019861659
-0.061921507
-0.041902423
0.016053678
0.001377417
-0.029750511
0.023457324
0.16473079
0.078462817
0.087924503
0.079479091
-0.0063671763
-0.057535578
0.087703139
-0.023916837
-0.094351418
-0.092366099
0.03959078
-0.040553208
0.074822918
0.01847256
-0.00084149942
-0.0023023244
0.0025708466
0.039031748
-0.093020737
0.099560402
-0.01986946
-0.0024497774
-0.094294988
0.0063064294
0.0012738734
0.0032002002
0.033455666
0.03959097
0.038863685
0.046300124
-0.019064995
-0.023614421
0.013648593
-0.019360254
0.012703365
0.0063114781
-0.026101582
0.071287595
-0.068636283
0.0064564883
0.096178927
-0.035707399
-0.029716816
-0.015968608
0.074462831
0.069823004
-0.072579004
0.022402888
-0.012481187
0.092026509
-0.016477471
0.0070022917
-0.0081031844
0.026650237
0.014497025
-0.0061268713
-0.094137162
-0.022328699
0.014953799
-0.017108383
-0.10664633
-0.12290704
0.062587671
-0.0087255472
0.014110641
0.013196785
0.030994991
-0.0031559553
0.0019905628
0.037466284
0.080342747
0.047233161
0.040886957
0.044302732
0.062474266
0.087128788
-0.035879929
0.076542623
-0.041973662
-0.12076093
0.067734197
-0.045298811
0.13440539
0.00335326
-0.05188201
-0.0091066435
-0.032836806
-0.061171062
-0.10764796
-0.10467478
0.038244791
-0.04080651
0.044957519
-0.050617825
0.0018624717
-0.055882964
-0.078285344
-0.064608097
0.034874819
-0.021354049
0.071096942
-0.0044020871
-0.016240863
0.0063505662
0.030577516
0.002850364
0.037194125
0.09421362
0.094539665
-0.041486107
-0.020187616
0.065612473
0.022140641
0.030688871
0.0011290606
-0.0077408096
-0.083358094
-0.014285631
0.024417294
-0.0065672719
-0.025044972
-0.052091569
-0.068422824
-0.0029466427
-0.05323489
-0.026474113
-0.045978345
0.019493371
-0.051266219
-0.076967068
0.017369011
0.091799356
-0.033453293
-0.024015542
0.019938774
0.010868699
-0.026018135
0.04538637
-0.031973675
-0.004275139
0.068322152
-0.094854586
0.056573514
0.013518518
0.0070597525
-0.028144633
-0.064766966
-0.12090853
0.062813789
0.096707053
-0.0094179269
0.096599437
0.032144904
0.027293099
-0.00056385971
0.085464947
0.087068275
0.042385176
-0.040853135
0.0025468871
-0.018451156
-0.058101155
-0.019553918
0.018298641
-0.071232677
0.016540021
0.044154771
0.00082340318
0.079134822
0.0037072625
-0.058969591
-0.0672791
-0.17895332
-0.044794239
-0.050396405
0.00051559479
-0.083060168
-0.011472022
-0.058345303
0.042995237
0.054981589
-0.070446961
-0.040895473
0.0054517607
-0.072915651
-0.0093178842
-0.0049227281
-0.090535454
0.061263133
-0.047070902
-0.0027137848
-0.019367801
0.07170777
-0.089572914
-0.024829451
-0.015312645
0.04787609
0.074882671
0.003268078
-0.013136867
0.027235175
0.025390936
-0.0068186591
-0.019946169
0.006584161
-0.08567372
0.019725554
0.049871132
-0.001397375
0.059928875
0.017652504
-0.020134522
-0.021582995
-0.015767796
0.028554119
0.038871769
0.090576656
-0.046627291
-0.045084283
0.022513833
0.024006853
0.088240437
0.0515543
0.0034895071
0.01091485
-0.011916931
0.029849967
-0.0084470827
-0.10849236
0.074633621
-0.044188324
0.017566476
-0.0059884829
-0.050040036
0.028110942
0.033470169
-0.0085491752
0.087813474
-0.11039243
-0.057743236
0.032034062
0.018933248
0.089996003
0.061552987
0.070955962
-0.022102602
0.014420883
0.02133183
-0.028596645
0.035248846
0.044014987
0.039952997
0.040623397
-0.023999603
0.08595138
0.0039815833
0.021417312
0.064195782
0.0045593986
-0.0022030112
-0.070297964
0.028613362
-0.10396315
-0.064325914
0.0066296966
-0.088313997
0.0050637838
0.025048044
-0.03684292
-0.020154411
0.011461319
-0.10891978
-0.024093909
-0.014041828
0.047812171
0.026253896
-0.029866634
-0.016745159
0.027697789
-0.037671726
-0.018979393
-0.035401121
0.048615512
-0.017370054
0.043197773
-0.012483859
0.072864309
-0.066495001
0.012611549
0.0078621814
0.026798297
0.036005244
-0.096564829
-0.044405326
-0.0011180219
-0.0068273428
-0.020255109
0.0024156317
-0.03295397
-0.085115492
0.034406472
-0.0090246759
0.020353742
0.011105762
-0.028528959
-0.021195211
-0.037460234
-0.0034109198
0.022960577
0.002600017
0.029012298
-0.030440886
0.04343703
0.011930273
0.02089625
-0.012743102
-0.020855097
0.077358335
-0.084747925
0.0058184355
-0.12105719
0.024398163
-0.052184347
-0.01786554
-0.016357729
0.063492216
0.036427867
0.018392321
0.0047274185
-0.02998887
0.023381984
-0.0076753115
0.037394464
-0.010585842
0.037951104
0.025392843
-0.0042949747
-0.0046912632
-0.0080116168
0.007894787
0.079721533
0.0099014984
-0.0027778472
0.02857223
-0.05642058
0.057701878
0.014585758
0.055808544
0.095699906
-0.039114729
-0.0013878898
-0.01006868
0.019159213
0.0819171
0.0086119948
0.049678173
-0.028257029
0.051232956
-0.076220013
-0.091438115
-0.034204729
-0.12785286
-0.02963917
0.029035343
-0.0017173416
0.090823457
-0.12779111
-0.021702379
-0.014470753
0.046891335
0.043914743
0.017335823
0.050062522
0.023955205
-0.04332694
0.03154717
0.0063134842
0.050546162
0.0043301405
-0.028681429
-0.01917444
0.044806343
0.012231239
0.0028702787
-0.086466916
-0.024020189
0.029051747
-0.063669749
-0.091521822
0.068606034
-0.034197398
-0.078527592
-0.026070403
0.015932595
-0.044315785
-0.025989268
0.068633169
0.040709466
0.031996395
0.0061609587
-0.048029635
-0.013702981
0.063478954
0.032572523
-0.085363388
-0.010983013
0.0021748177
0.0042085624
-0.023928022
-0.062215459
-0.053799842
-0.017513813
-0.0010845872
-0.047254741
0.035480738
-0.01116614
-0.049109656
0.018596465
0.027513102
-0.0099973874
-0.049674947
0.059467912
0.026805349
-0.12511323
0.0062541398
0.063559771
0.00017063135
-0.019801052
-0.020821577
0.083658278
-0.01688258
-0.034245182
0.069764473
0.043171298
-0.013448885
0.11924317
-0.029372504
-0.0056251893
0.055523355
-0.030503772
0.022322167
-0.026321961
0.05604659
0.10203664
-0.10597015
-0.014266844
0.034629866
0.06366241
-0.088946737
0.0056910496
-0.054286323
-0.10347094
0.050681252
-0.03602818
0.09145242
0.0082265465
-0.035523999
-0.05463168
-0.046305727
0.021284556
-0.00043953597
0.010904262
0.037914332
-0.026625013
0.081292823
0.02666896
0.086203493
-0.055970665
0.047519326
0.071220659
-0.035312921
-0.0058648502
-0.05933797
-0.053497665
0.021654103
0.088644333
0.063725263
-0.0061182375
-0.0048782164
0.058409147
-0.09455996
-0.056105535
0.06752003
-0.079383276
-0.021463277
-0.070236735
-0.030557515
-0.059101615
0.015980497
0.029346768
0.01927926
0.071035139
-0.053347342
-0.011627717
-0.052614432
0.035755966
-0.078839071
0.021100095
0.047432944
-0.013581739
0.067342676
-0.001347146
0.071523666
-0.036409181
-0.077050343
-0.054355044
0.016509848
0.058226977
-0.028191745
-0.11371855
-0.095052645
-0.035086092
0.059991267
0.0137168
-0.011320629
-0.023470795
0.012318033
-0.049871322
0.027820034
-0.04162278
-0.0063548679
-0.030282367
-0.080861442
-0.053365987
-0.029408421
0.021541899
0.019999122
0.083664864
0.037096716
-0.075340256
-0.0044927062
-0.055438004
0.055627175
0.0977218
-0.097982481
-0.0099122496
0.074076161
-0.018597325
-0.0013392782
0.034574788
0.077137694
0.030710509
-0.049014349
0.040957339
-0.051078301
-0.15424544
-0.015614722
-0.06540481
-0.049312834
0.062516935
0.034274582
-0.037713844
0.11140935
0.045993082
0.016848244
-0.11175536
0.034569539
0.032691881
-0.013081111
-0.0045991638
0.019962331
0.025494976
0.037931547
0.028156126
-0.050843619
0.00079531659
-0.024211491
0.1120273
0.041749861
-0.030683069
0.0133401
-0.073045604
0.0097172447
-0.026313679
0.0074582216
-0.077344254
0.01528679
-0.011899277
0.0018863296
-0.082572058
0.01734395
-0.061562415
-0.028204855
-0.056882858
0.051094625
0.0010104066
-0.018395269
0.070199855
0.045525271
-0.031292662
-0.011221547
0.06142845
-0.05199473
-0.00076771778
-0.060993269
0.025271369
-0.032672621
-0.013601468
-0.0098465001
-0.026108716
0.01400262
-0.055762734
0.014858942
0.04171757
-0.0092729907
0.066803597
-0.016112823
-0.093107782
0.019943098
-0.068852544
0.065280557
0.006033821
0.0017177059
-0.0044178381
0.069988228
0.07555715
0.087096117
-0.031546675
-0.012040285
-0.013272694
0.030455748
-0.029044308
-0.070366599
0.0042649084
-0.031150639
0.047892131
0.17363599
0.07433942
-0.088650703
0.017240301
0.0066065039
0.080775209
-0.040067613
-0.0075405934
0.018983155
-0.025762258
-0.053319134
-0.11494082
-0.042713162
-0.014026588
0.066052884
0.12908351
0.084793024
0.084685445
-0.024108814
0.0025920151
0.027336411
0.051667918
-0.054384205
-0.033432949
0.063062981
-0.077382952
-0.0028544005
-0.016565921
-0.088457718
0.022819495
0.070286416
-0.015925113
0.039402004
-0.050850835
0.019689417
0.065669842
-0.031392191
0.058146533
0.077964813
-0.0017764739
-0.048639465
0.091228873
0.11113811
0.0040149004
-0.0119557
0.0069675581
0.031535316
-0.036573756
0.078508288
0.055685353
-0.067818828
0.057483688
0.029533351
-0.0033661195
0.049773965
-0.027628688
0.050389756
-0.008040471
-0.058714055
0.034792498
-0.037490509
-0.053372279
-0.026128013
-0.035276171
-0.012783867
0.017847074
-0.031354416
0.0047223838
-0.09613128
0.026461817
0.059882
0.046531465
-0.10702328
-0.097022332
-0.031457078
-0.059651174
0.077134557
-0.029021829
0.011297795
-0.080088221
0.11493938
-0.14372084
-0.0037006706
0.0040420764
-0.021511553
0.1508965
-0.067032687
0.056832995
0.066780046
0.03502854
0.010605399
-0.078685492
0.078694932
0.10932045
0.029100643
-0.038385432
0.054260723
-0.0045286911
0.020980082
-0.1314365
-0.086693048
-0.020057332
-0.044866677
-0.017797166
-0.12687053
-0.10061092
-0.041314799
-0.002818591
0.019595608
-0.056007929
0.046913888
0.0503783
-0.0081251869
-0.052603234
-0.032340243
-0.1041261
-0.0055172835
-0.035513297
0.014533709
0.031149805
0.022550004
-0.024196634
-0.068150468
-0.08425618
-0.02995575
-0.086287998
0.036641367
0.05709387
-0.11660982
-0.01741183
-0.056212213
0.089278221
-3.3342829e-05
0.076921165
-0.064975634
-0.057790689
0.0035834876
0.013197189
0.018602772
-0.10459296
0.0083024204
-0.050509099
-0.040330607
0.055855986
0.039605986
0.014611992
0.062530987
-0.052320708
-0.067676082
0.051513862
0.051187348
0.029174674
0.013875432
-0.035974652
-0.0095862374
0.0085182209
0.043683566
-0.019664634
-0.039911371
-0.092982337
-0.024975946
-0.055612009
-0.0087237339
0.059646521
0.056039434
-0.013941871
0.092219189
0.03192189
0.025998421
0.029696692
0.0059041325
0.005599109
0.0157922
-0.030395797
0.099237725
0.026543278
-0.01296153
0.032147281
0.022417046
0.062949389
0.11904158
-0.017821314
-0.0036022372
0.045170981
0.091400623
0.10350794
-0.24655543
-0.11496838
-0.032486305
0.084778406
-0.034108698
-0.17906021
0.098922744
0.0144449
0.12543638
0.096062154
0.028932532
0.032885369
-0.040013302
-0.013792571
-0.038246732
-0.024189003
-0.062592573
-0.034549586
-0.0065833228
-0.060688186
0.12945011
-0.06509763
-0.019804345
0.092685528
-0.017769083
0.04040318
0.023384588
0.00051860447
-0.029857138
0.026098441
0.0089352345
-0.010511246
0.076387309
0.10567883
-0.0029612028
-0.10359644
0.0716234
-0.047518857
0.022311829
-0.038301904
0.055155121
-0.0085683092
0.010723252
-0.031946771
-0.032234415
0.019043259
0.0091410885
-0.018973622
0.038257036
-0.15577227
0.041614756
0.023615124
-0.06399595
0.0059030494
0.052060306
-0.027631272
0.022029666
0.039367329
-0.024340993
-0.0039437022
0.022969814
-0.0046933396
-0.02738736
0.065746032
0.030045522
0.066889018
-0.02535359
0.035048041
0.017980205
0.03683145
-0.068111539
-0.038984295
-0.016035384
-0.058841623
0.030771839
-0.028025383
0.00059193978
0.042845748
-0.14942721
0.041714881
-0.12975042
0.05022417
-0.05117964
-0.010204353
-0.014006645
-0.10064297
0.014401855
0.063057899
0.023503881
0.02707532
0.03729694
0.033065565
0.039204765
0.054079786
-0.075638801
-0.0044002887
0.10955925
-0.078290582
0.062400665
0.021402337
-0.0043474617
-0.018136708
-0.007465669
-0.11057597
0.038764294
0.028098674
-0.041061297
0.051142097
0.062861525
-0.025575217
-0.032717954
0.054051425
0.020304659
0.04198401
0.025898905
0.034818217
0.023559796
-0.00010944169
-0.023887202
-0.010452727
-0.10894105
-0.0092543764
-0.0085196029
0.0059467461
0.089212783
-0.0828638
-0.015899071
0.058724556
-0.060615141
-0.050452054
-0.028021298
0.0012944697
-0.10335307
0.009283931
-0.044531867
0.0067014406
-0.072873376
-0.10075933
-0.0072793486
0.080386192
-0.10593495
-0.059494156
0.04382598
-0.03563071
0.035587292
0.030175483
0.0080834655
-0.016054561
0.05773567
0.020382628
0.051530913
-0.080317132
0.049276542
0.029685194
-0.074685842
-0.1316694
-0.048790861
0.013766568
-0.054586776
-0.013578872
-0.018977482
0.017749902
-0.029693289
0.041577056
-0.018162832
0.048097841
-0.087902784
0.023765162
0.01944425
-0.36328784
0.011850821
-0.051297501
-0.018364843
-0.0071198754
0.01159391
0.0099878488
0.057162538
0.009462351
0.065075569
-0.048165109
-0.0041378434
-0.044125352
0.076674901
0.018340552
0.019348385
0.0057813916
0.050162934
-0.0027599048
-0.010045541
0.047773317
0.0090062553
0.0020051945
-0.04214409
0.071965769
-0.053275455
0.034976423
0.02078075
-0.04382297
0.12978747
-0.0027814133
-0.052315619
0.078496963
0.0082300277
0.0016401501
-0.046065833
0.061348822
-0.033756845
-0.0034838996
0.074958973
0.0015631962
-0.034144633
-0.0028729062
0.047428533
0.026936086
0.020586047
0.06882336
-0.057970781
-0.02126799
-0.040387928
-0.021635452
-0.089842841
-0.024211299
0.0033009562
-0.1139539
-0.019701747
0.026988808
-0.021176012
-0.052222028
0.062499776
-0.048450816
-0.067108281
0.0090284022
0.010260123
0.010708424
-0.053749636
-0.00023607664
-0.051307533
-0.057547685
0.031486183
-0.10590265
0.095062561
-0.049178287
0.03114856
-0.046410117
0.090699241
-0.014448589
-0.044134192
-0.0070291762
0.038614627
-0.11467015
-0.053917062
-0.028132498
0.031012844
-0.043652318
0.058584344
0.060392227
-0.010017475
0.046510346
0.054373004
0.0022542959
0.019185903
-0.077916749
0.065899484
0.0021345906
0.019594377
0.041757073
-0.03516566
-0.040716272
0.0039859526
0.043596398
-0.078250855
-0.065675236
-0.011627811
0.038494628
0.027682433
0.01858498
-0.048630554
-0.0068348143
7.3996642e-05
0.016173817
-0.024959277
-0.058610439
-0.11372197
-0.015198284
-0.063790895
0.052966066
-0.091537066
-0.068740331
0.025700707
0.029438008
-0.0029858006
-0.10713737
-0.04894127
-0.024949959
0.01871765
-0.0082799029
0.01658434
0.010203465
0.0021673357
0.014035734
0.016609175
-0.01545153
0.047477964
0.093545467
-0.028327432
-0.062597245
-0.031000325
-0.078816831
-0.0077519519
0.054466035
0.14649196
0.084190674
-0.0056955121
0.032596648
0.054221224
-0.010213876
0.065020047
-0.10702901
-0.03514776
-0.16142185
-0.22916785
0.025104607
0.028885938
0.016475746
-0.13929869
0.011684246
-0.014224905
0.1101869
-0.0018880341
0.0027525937
0.11302261
-0.047352511
-0.19408818
-0.011640809
-0.00089003704
0.033791441
-0.010593039
-0.084017716
0.0091509959
-0.0063490495
0.1515028
0.079936996
0.13580354
0.0056191222
-0.012444654
-0.024844928
-0.046275035
-0.053699113
-0.07762716
-0.058419164
-0.032830399
-0.02569354
0.027199792
0.099502102
-0.028650265
-0.10171333
0.12556483
-0.032884408
0.085911646
0.11738031
-0.065535277
0.016186379
0.037654471
-0.13871767
-0.035216585
0.021819143
-0.06645406
-0.001521925
-0.0036540562
-0.0080294507
-0.056151755
-0.13455109
-0.026091909
-0.0092321774
0.12052128
-0.006074396
0.077249654
0.13431501
0.071701132
0.0077200476
0.02844049
-0.017099202
0.052889802
0.041999638
0.036025472
-0.027444422
0.047421206
-0.062666111
0.048912674
0.031929601
0.11073215
-0.18396531
-0.021107355
0.028495329
0.11616147
-0.014700515
-0.042305168
-0.0089056883
-0.058149815
-0.0017027226
-0.22408624
-0.13038358
0.033252131
0.023807999
-0.05514371
0.029284762
0.079368845
0.0012233155
-0.030272555
0.068422362
-0.023355583
-0.061301552
-0.054952033
0.07958632
-0.027503723
-0.026721159
-0.14516018
0.037726723
0.040315196
-0.046767645
-0.017761188
0.044817843
-0.070545629
-0.0071847788
-0.068615802
-0.029224837
-0.065824322
-0.069638215
-0.093694523
0.066723958
-0.030186541
0.026370239
0.048705947
0.0063626869
0.12377911
-0.038224321
-0.035102651
0.08995603
0.016450452
0.029959207
-0.037247524
0.041103125
-0.029873744
-0.14631999
-0.0057016993
0.0020830906
-0.018034963
-0.026481789
-0.095967494
0.071013093
-0.0097194621
0.010271613
0.0054415241
-0.01597436
0.012588308
-0.0054558725
0.032047056
0.025850413
0.011802869
0.024884352
-0.035937034
0.0093829511
-0.035044149
0.017248459
0.064251453
0.044993762
0.088330485
-0.054119259
-0.039752971
-0.0056626839
-0.018449863
-0.063074045
-0.047689207
0.00035599162
-0.06172153
3.657657e-05
-0.044199672
-0.040455911
-0.0053619598
0.0097421557
0.092001498
0.033543341
0.093457274
-0.02130563
0.078637533
-0.039941721
-0.014375951
0.089189939
-0.091765277
-0.027658151
0.030528381
0.041053351
0.049139515
0.031684648
-0.029514015
-0.13948527
0.047600534
-0.066768803
0.042467061
-0.045859683
0.048931736
0.019195734
-0.052249447
-0.043646876
0.025959106
-0.18004799
-0.018471418
-0.07928431
0.048956372
0.005363286
0.017177161
0.058713228
-0.029749218
0.019980183
0.08615803
-0.029134901
-0.0080741094
-0.058819547
0.050686896
0.019292321
0.095000289
0.038208149
0.049361721
-0.058675766
-0.017891712
-0.034041774
-0.021088654
-0.017166337
-0.089546472
-0.010964501
-0.034981318
0.021042082
0.036256872
0.058091901
0.0297269
-0.13540213
0.040683802
0.16804598
0.047237381
0.038437929
-0.048519906
-0.0075942245
-0.087633893
0.1141471
0.0083823185
0.062487964
-0.0085844342
0.0037664031
0.031019332
0.012450397
0.056217041
-0.051252857
0.041908711
-0.0054827067
-0.087447971
-0.061525352
-0.031683087
0.02428397
-0.018054221
-0.024311209
0.030108975
-0.012042237
0.00014822684
-0.03918061
-0.025156824
0.076792404
-0.073145404
-0.050959688
-0.079593137
-0.048457887
-0.069478184
-0.080304042
0.0082992278
0.049726643
0.02753948
0.055480819
0.099497609
-0.026362505
0.067888185
-0.060325686
0.093466863
-0.0298448
-0.0009946283
0.045825377
0.073393762
0.024467366
0.018296504
0.10019469
-0.0064358595
0.033754218
-0.023634441
-6.0426275e-05
0.11103205
0.02437103
0.094378941
0.094535463
-0.15301839
0.07199575
0.0017993639
-0.032764897
0.014212824
0.058978479
-0.12603472
0.03155715
0.020607155
0.071045257
0.026698086
-0.14165825
-0.041370325
0.063641571
0.058635209
0.0073440191
-0.049255297
-0.11008822
-0.0015462956
-0.027001575
-0.04848934
0.022811251
0.060198791
-0.0050929226
0.04532291
-0.020194104
0.011825002
-0.043744121
0.045378655
-0.029568754
0.025531035
0.015213541
0.054749612
0.053222559
0.05553177
-0.028922062
-0.10044428
-0.0035983755
0.11237262
-0.082037203
-0.01996821
0.061092831
0.0085993316
-0.022784531
-0.13542455
0.067624606
0.10826095
-0.061520148
0.035318427
-0.10915409
0.018883098
0.063127518
0.07113263
0.15830505
0.072112709
0.056915462
0.026449138
-0.071313404
-0.025595007
-0.046232641
-0.0045676888
0.0070416406
-0.055603947
0.025331892
0.051353797
-0.077417873
-0.039709214
-0.099236771
0.013021215
0.07007239
0.062345292
-0.075507812
-0.032879226
-0.042563621
-0.024304572
-0.10298021
-0.20779128
-0.078968778
-0.026616447
0.052386295
-0.039336234
0.099133238
-0.029917911
-0.018294362
0.0058816462
-0.061634034
-0.046588041
-0.059499711
-0.017624192
0.09883526
0.059774809
0.020112231
0.042175513
-0.014015184
0.038420107
-0.056213941
-0.008372115
0.025705459
0.044063602
-0.049771283
0.0267771
0.074408762
-0.0081870165
-0.072994463
0.021365313
0.027213318
0.015252543
-0.046057642
0.062044982
0.011057258
-0.0021899457
-0.020556252
-0.01871575
-0.044010784
0.06174833
0.039761055
0.042323604
0.060395196
-0.056397725
0.062615357
0.041758418
0.040591218
-0.041259255
-0.0061703031
-0.020356959
0.058243603
0.044196852
0.064545348
0.10985233
0.029801443
0.055081334
-0.03093815
-0.014629282
0.037748132
0.0034066541
0.069232084
-0.078580432
-0.036531493
0.0062418296
-0.048844792
-0.041139998
0.024855969
-0.017396754
0.020290332
0.076364323
-0.030225081
0.017638704
0.019279497
-0.039660469
-0.043692831
0.04629875
-0.0077780238
-0.11649466
-0.082437932
-0.010692619
-0.10080633
0.018777225
-0.019676678
-0.079981744
-0.11454932
-0.025752304
-0.051996168
-0.056266159
-0.19770509
-0.018971184
0.0053130728
-0.099717833
0.0040588281
0.020905714
-0.073906578
-0.14691119
-0.081656277
0.025000125
0.050413776
0.0092493705
-0.063641071
0.046687562
-0.058605641
0.0011539774
-0.0043951184
0.080269478
0.10593464
0.025404464
0.066734523
0.033499777
0.0024145853
0.016722428
0.010387949
-0.036776744
-0.039129533
-0.0029415493
-0.013624747
-0.073864684
-0.022568868
0.032879408
-0.11100125
-0.074127719
0.02507877
-0.020366939
0.04884908
-0.0065386491
0.02688631
0.020484939
0.032407202
0.06271515
0.037381545
0.0030531883
0.023010792
0.079749852
-0.038515996
-0.016584452
-0.025509506
-0.05077894
0.059779767
-0.072293475
-0.00062086375
-0.10321748
-0.014580235
-0.00456357
-0.066489577
-0.086418837
-0.019369889
0.02393627
-0.033556793
0.079145573
-0.04511188
-0.034350075
-0.061689328
0.061253954
-0.057737641
0.036351029
0.059077386
-0.089383461
0.11083796
0.035693064
0.031446308
0.041620545
-0.028765306
0.092592679
-0.020263283
0.053568553
0.00892823
0.026861869
-0.010742013
-0.10688514
0.069227941
-0.1222727
0.0049818843
0.036321275
-0.027875287
-0.015213731
0.030954732
-0.072474867
0.00071580871
-0.086589567
-0.032417674
-0.10609624
0.016812732
-0.049569838
-0.0074312487
0.11673577
0.0070588295
0.0056284857
0.12967844
0.093374953
-0.01977779
-0.06304317
-0.02732834
0.035665728
-0.066473573
0.026756322
-0.037483472
-0.028019521
-0.027099544
-0.022694496
-0.041730113
0.079629466
0.049550198
0.086967409
0.01437004
0.014637688
-0.01124418
-0.0044473037
0.0328249
-0.027778447
0.013504161
-0.017042771
-0.023843428
0.085630551
-0.028538521
-0.018497972
0.046899643
0.12431795
-0.019758778
0.028849345
-0.0010787513
-0.023341374
-0.078259163
0.011326132
0.055712033
-0.053605102
-0.0035591568
-0.072107963
-0.071282551
-0.025846647
-0.062814735
0.016952952
0.020977477
0.049099192
0.011026405
0.016908348
-0.038770068
0.0061634374
-0.0033335113
-0.020227507
-0.038275894
0.094178677
0.034429859
0.024138426
0.0056725643
0.080699727
-0.040570047
0.027725905
-0.011225302
-0.080142915
0.034305606
-0.058224779
0.050212368
-0.021611335
0.081068009
0.088428222
-0.08237382
0.061602209
0.0022427482
0.044672698
-0.028458683
-0.023744829
0.012290102
0.040226378
0.055498358
-0.041839957
0.027086826
-0.085500918
0.043556362
0.01260631
0.10810833
-0.063787453
0.048959464
-0.024285039
-0.012811753
-0.011926261
0.031644363
0.037984524
0.039959315
-0.099720828
-0.004319665
-0.080469079
0.0017290304
-0.21365187
-0.068383232
0.012386815
0.036972754
-0.024001932
-0.076277696
-0.174421
-0.013985557
0.063158505
-0.057153996
0.05078955
0.0019164608
-0.082928441
-0.016191531
0.041857485
0.0085081188
-0.077324145
0.069391526
-0.0040478338
0.077311032
0.0069354391
0.019933451
-0.057534903
0.081790738
-0.081625655
-0.064551465
-0.064585507
0.086101659
-0.01740494
-0.13405861
-0.0064683715
0.030360349
-0.055316068
0.027323462
0.090318628
-0.0099214716
0.0055508059
0.049385831
0.001443273
-0.031801801
0.021633048
0.027229799
0.011446443
0.056052618
0.059397664
0.010609007
-0.020156046
0.037951905
0.020038482
0.011813312
0.020309165
0.084914573
-0.053736806
-0.073666021
-0.05507537
-0.0092675481
-0.0012829199
-0.083996952
-0.02813446
0.003183441
0.023448471
0.037294593
0.075750805
-0.03411939
0.020043613
-0.068552308
-0.014031011
0.064570293
-0.03506133
-0.010845783
-0.0407403
-0.025958262
-0.032988116
-0.032071095
0.043735489
0.093922712
-0.038842868
-0.081857599
0.016117699
0.12869547
0.10478223
-0.014957533
7.1478295e-05
-0.071033701
0.033873174
0.12979794
-0.0078758793
-0.036342449
-0.071156994
0.036079422
-0.016510375
-0.017639959
-0.0044203363
0.039376583
0.077980675
0.014809776
0.006632538
-0.01679961
-0.0067019481
0.022169948
-0.089360587
0.050833531
-0.25960612
-0.020119747
0.0049060136
-0.0178336
0.018069288
0.060300454
-0.087742433
-0.066074029
0.010470867
-0.1026478
-0.047324482
-0.0038774144
-0.024756152
-0.073044755
0.060401533
5.0346705e-05
0.062588617
0.050238818
-0.026946833
-0.058127284
-0.020807913
-0.057712961
0.082609504
0.057523914
-0.016788041
-0.01433563
0.066169307
-0.033060864
0.02817837
-4.6785182e-05
0.017439941
0.031567376
0.025743676
0.058987118
-0.04524276
-0.032229684
-0.010868535
-0.076013662
0.069221251
0.026601478
0.037114471
0.10586953
0.054535784
-0.005510659
-0.0065496624
0.055757109
-0.0092087584
-0.042385966
0.059530817
-0.023132138
0.024873856
0.055723224
0.080318935
0.024834601
-0.027792493
-0.012385597
-0.032583423
0.05091843
-0.058696471
0.0024497211
-0.07983005
-0.046301693
0.070966534
-0.089195564
-0.0015908721
0.11551119
0.032553174
0.081991687
0.028337654
-0.028152822
-0.022837438
0.071135171
-0.12298918
0.0030416199
-0.019173848
-0.056017082
-0.046530094
-0.056068543
-0.0010364032
-0.07463143
0.02603011
0.0082268808
-0.025633572
0.010652787
-0.011584165
-0.00040646957
-0.043349832
-0.18299043
-0.031392764
0.024743069
0.024479464
-0.0030917421
0.034952402
-0.03085262
-0.082175903
0.020515224
0.020799676
0.03913397
0.042388886
-0.029341606
0.060549166
0.020291971
0.044365168
0.0040540928
0.0061990367
-0.037096668
-0.036717713
0.077381149
-0.022036484
0.055349614
-0.058688182
-0.078002714
-0.091773979
0.0050903228
0.083367348
-0.027513992
-0.081947252
0.020625064
-0.0092924042
-0.0025719064
0.044162247
-0.038713887
-0.027973443
-0.018429309
-0.01491803
0.031672683
0.031893469
-0.033746388
-0.033218805
-0.10644194
-0.034374297
0.051011685
-0.0068452009
0.0051236129
-0.045554001
-0.0051194942
-0.048927773
-0.079854332
0.040454853
-0.024083866
0.15900488
-0.054276783
-0.0491863
0.01188709
0.0068281121
0.023365822
0.0066823722
-0.1278308
0.078622416
-0.0051605934
0.064009883
0.047377139
-0.001937401
-0.018114612
-0.012263661
0.034560669
-0.065430492
0.0080416501
0.020995274
-0.081182204
-0.033655789
-0.032079384
-0.10220148
-0.043538984
0.022956081
-0.041503716
0.0085490905
0.032734957
-0.027290104
0.042866144
-0.045033552
0.10198029
0.072649136
-0.0093739759
0.035819277
0.0033510742
0.10166606
0.032566074
0.058592159
0.025742566
0.11693759
0.087483034
0.080508478
0.033349276
-0.093960062
0.011511143
0.012091664
-0.071395107
-0.13148181
-0.17576391
-0.015654847
-0.014630774
-0.07749261
0.037839506
-0.07075724
0.0050771204
0.038207989
-0.0063930242
-0.016407019
-0.039073233
-0.007274176
0.021099951
-0.0070518767
-0.037690863
-0.067949429
-0.0047080456
-0.013124767
0.033850014
0.048651375
0.034550481
0.066618286
0.0033629041
-0.010315322
0.026829559
0.015783416
-0.0040420191
-0.028078485
0.026271241
-0.051343638
0.000748538
-0.00092494523
0.016871808
-0.012923899
0.020664101
-0.044038333
-0.011484913
0.093083002
-0.089329161
0.0197013
-0.019891465
-0.072134979
-0.092450082
-0.024522677
0.051566575
0.069723859
-0.0010548205
0.035371922
0.0083666826
-0.079460531
0.054715633
0.038426768
0.065157652
0.0072147087
-0.0017200831
0.069122598
-0.0015868255
-0.039404418
0.047208555
0.02429018
-0.097273119
0.0086618382
0.060215004
-0.040237166
0.053453945
-0.0027716549
0.043278322
0.071824037
-0.034557641
0.015276094
-0.011534834
-0.059733316
0.0020360991
0.07629472
-0.015233432
0.02252616
0.050696898
0.056535434
-0.0042286566
0.051779632
-0.1049761
-0.061185569
0.076243527
-0.045565244
-0.007090881
-0.047095928
-0.041662339
-0.061714184
-0.0094770249
0.086465284
-0.072745629
0.032234259
-0.048740536
0.067721918
0.03490949
0.093667902
-0.01399451
-0.017895337
0.059700258
0.017918805
0.038828671
-0.042372484
-0.053503413
0.025161821
0.091420904
-0.0016785628
0.0074129174
-0.020093909
-0.031233791
0.0034642264
-0.032753553
-0.037121039
-0.047692869
-0.022495516
0.012876202
0.028834935
0.0046033501
0.025942121
-0.025395148
0.065476939
0.065254986
0.042010725
0.010337174
-0.08544486
-0.040140878
-0.019047353
0.00081682985
-0.0079084644
0.061265931
-0.037081491
0.051639244
0.093110561
-0.021630956
0.034237035
0.007287248
0.02075314
0.10080019
0.0011163556
-0.053748973
0.031065108
0.0050446121
-0.075379737
0.0048712026
0.038980577
-0.064175718
-0.043662783
0.064347699
-0.031158894
0.019338014
-0.080521867
0.02926903
-0.024283014
-0.092737786
0.055145591
0.063034825
-0.020871487
0.090792537
-0.032295614
-0.017660476
-0.024195591
-0.03142374
0.049905136
-0.0057428819
0.0269961
-0.019236667
0.034981135
-0.057580784
-0.047975261
0.05185407
0.035615779
-0.023934554
-0.030628201
-0.0056812712
-0.0628343
0.065091275
-0.056044493
0.07634303
-0.029172871
-0.035866734
0.065582693
-0.023732359
0.062650084
-0.0078943064
0.034341678
-0.029829118
-0.026049439
-0.16009933
-0.067548878
-0.10960015
0.0032761949
-0.084442571
-0.001293167
0.057576895
-0.11466416
-0.017130198
0.037660845
-0.093657769
0.075275101
0.05038349
0.016439434
-0.055194587
-0.058467407
0.016309775
-0.042372759
0.015889982
0.12996715
0.020135947
0.0014023538
-0.086905025
-0.052255221
0.019206274
-0.069130898
0.026574714
0.0074534006
-0.15384306
-0.076130427
0.015547764
0.12429868
0.0099306367
-0.10870712
-0.018642344
-2.8472858e-05
-0.13466173
0.022349173
-0.023693301
0.021165758
-0.05294187
0.059499007
-0.1251436
-0.060124557
0.03345032
-0.0043194043
0.0098576695
0.028360717
0.054210439
-0.057904989
0.048743065
0.052229989
-0.023313778
-0.020543689
-0.063101754
0.036450688
-0.070060134
0.010659592
-0.069316924
-0.01711802
-0.036282651
0.06380114
0.084900916
-0.039008547
0.038675547
-0.01440932
0.074278265
-0.069267131
0.078992903
0.083162561
-0.009814892
0.03582349
-0.07193464
-0.15565223
0.051748283
-0.0057376544
0.07208278
0.017308272
-0.2122414
-0.032344513
-0.099625193
-0.0039441288
0.032950517
0.047340054
0.030072711
0.051574696
0.068694606
0.042541973
-0.016668385
-0.038766116
0.010624961
0.013062728
-0.0047020237
0.018213067
0.047426369
0.036331538
0.0070447396
-0.054191045
0.021452485
0.063791461
0.058841236
-0.068085469
0.032508541
-0.0025439733
-0.050626874
-0.24175613
-0.1341926
0.015750909
0.081502959
0.10081737
-0.052101769
0.024814142
0.066153795
-0.00080643693
0.023829371
-1.7823753e-05
0.034719579
0.074980482
0.10132334
-0.029808016
-0.015225996
0.0032528103
0.064285465
-0.010052738
-0.01160075
0.042167924
-0.16303334
-0.038746983
-0.016942265
-0.087535821
-0.013923998
-0.010041006
-0.0011983089
0.0084101558
0.016913142
0.078958951
-0.046593465
0.024345351
-0.084263884
-0.019192321
0.043417148
0.053947557
0.0053044218
-0.0053609144
-0.0093945665
-0.0068012974
0.00066542265
0.063691773
0.16267011
0.075156108
-0.023588896
-0.014931725
0.010334862
-0.047652546
-0.03092652
-0.032460473
-0.069556862
0.029143164
-0.0079254769
-0.067897439
0.016183216
-0.061030935
-0.03828907
-0.037084393
-0.0076842746
-0.13426434
-0.025336374
0.0069431779
0.012667109
-0.13919841
-0.078010164
0.026574794
-0.049582575
-0.061579883
0.090467945
-0.21826145
-0.028557839
-0.02128455
-0.079505071
0.028430069
0.00221396
-0.013467824
-0.0038979363
0.0086975666
0.074135229
-0.030083241
-0.041289773
0.013013344
-0.063730806
0.044355437
0.12834975
0.089664422
-0.14157631
-0.091850199
0.016181985
0.077018812
-0.0030777948
0.0087704044
-0.064077534
-0.03336079
-0.0024420461
0.021195294
-0.096746549
-0.032754257
-0.064566351
-0.020316701
0.063021518
0.053350914
-0.030447256
0.058782816
0.082091711
0.054666642
0.0294769
-0.041256681
0.054289714
-0.019454645
0.12088352
-0.058871608
0.029819997
0.050856482
0.011880241
0.020486385
0.028899126
0.036705285
0.0079920925
0.019338392
0.07457938
0.055583183
0.034067463
-0.034303419
-0.078239165
0.036989603
0.011234849
0.05504299
-0.028236825
0.036414262
0.03092866
0.083896115
0.088689722
-0.056451656
-0.044502754
-0.045848463
0.017608956
0.093066476
-0.13085698
-0.0061428016
-0.029868642
-0.011463907
0.076649316
-0.03593896
-0.084974818
-0.0081936242
0.013223249
0.077398345
-0.11351978
0.017966311
-0.040867958
-0.027964242
0.062734433
0.10203268
0.021557752
-0.034369953
-0.013870191
0.032576799
0.00075785595
-0.12452571
0.091356292
0.0040757209
0.024790755
0.036388271
0.16941538
0.085536815
-0.16195022
0.025217967
0.022024203
-0.059746966
-0.030612072
-0.053134404
0.044934515
0.07924556
0.0016353055
0.11896773
0.017856153
-0.022612402
0.11647692
-0.0057754093
0.079428494
-0.021358063
-0.069511741
-0.068247646
0.011651063
-0.032095395
-0.020743167
0.0075190398
0.023590611
0.039402157
-0.028958386
0.069944821
0.035982996
0.12486721
0.043545038
0.04172774
0.065945506
0.05779437
-0.057678513
0.095514886
0.017059416
-0.082925417
0.037820682
-0.051090073
-0.0051321094
0.039427117
-0.0010428168
0.0035888923
-0.014935854
0.076734483
0.080565512
-0.016331397
0.0086394269
-0.054000814
0.0073754648
0.032122951
0.013717994
-0.0011435815
0.040016111
-0.0067090886
-0.016113043
0.028476933
0.016100243
0.00011828131
-0.020868907
0.073742524
0.02492697
-0.077112474
-0.027155258
-0.06585145
0.026542138
-0.0094112074
0.0015951677
0.093464591
0.025452795
-0.014795187
-0.089320891
0.020519527
0.011106616
0.0046310681
0.022830589
0.030730888
0.0099127376
-0.011831196
-0.036643371
-0.014877649
-0.05285823
0.0014168179
0.063680582
0.019900287
-0.046383072
0.11426816
-0.043482296
-0.28418013
-0.019340305
-0.017027246
0.082883678
0.086015664
-0.034322746
-0.040322438
-0.026900869
-0.02055978
0.066576019
-0.0039828648
0.10089267
0.038378909
0.014696977
0.062926605
-0.0408547
0.038754612
-0.0048412057
0.00042658215
-0.030790361
-0.009118936
0.0037289381
-0.072531633
0.0068442388
-0.014763028
0.029174034
-0.0070186127
-0.059103053
-0.044405282
0.02210002
-0.019516796
0.045001645
0.012042281
-0.010378273
-0.012778911
-0.088743232
-0.035846341
0.048493724
-0.065342702
-0.036297116
-0.016971992
0.043866146
-0.065603405
-0.039054148
-0.0076610921
0.030136989
0.019152045
-0.076263547
-0.11410203
0.013790945
-0.037300054
0.090725467
0.0076610334
-0.044405088
0.039396346
0.038500197
0.075731382
0.051705349
-0.041897934
0.033321206
0.10393931
0.063584261
0.041039996
-0.015875865
0.038690884
-0.0065053948
0.02050708
0.014639696
-0.14830148
-0.011992218
0.026883662
-0.030373236
0.00076014089
-0.0011313417
-0.037795346
-0.0075364737
-0.036799051
-0.11025742
0.017024206
0.053118862
0.014323866
0.030689696
0.022794889
-0.062541686
-0.005870441
-0.044221677
0.071264006
-0.017119544
0.050363109
0.017175185
-0.11891656
-0.028433653
-0.021934077
0.041471343
-0.0188534
0.025395747
0.0051430115
0.057812128
-0.040540673
-0.02250113
0.0075099673
0.00081315415
0.023220107
0.055270977
0.034099456
0.057486895
0.02160421
0.091065042
0.025876898
0.055552229
0.0062057092
0.011690219
-0.018937783
0.044462509
-0.073872715
-0.019886151
-0.040619418
0.010633627
0.044290043
-0.023342021
0.016041556
0.003147067
0.022403972
0.060251333
-0.02405598
0.066842422
0.005350675
-0.033555996
0.015082047
0.016472878
0.056737885
-0.050771929
-0.02659907
-0.082466513
-0.1198005
0.068979062
-0.041620821
-0.046812333
-0.043477047
-0.075314589
-0.058978401
-0.012682457
-0.029652931
0.03201874
-0.039911203
0.0077495142
-0.015808575
-0.0061512822
0.025621576
-0.042979017
0.022115735
-0.034549411
-0.063261889
-0.027028522
0.0045850202
0.065178491
0.0031750537
-0.013140046
-0.014251722
0.0088977423
0.073523179
0.030944044
-0.050069794
-0.13548411
-0.022798048
-0.0055591334
-0.048397213
-0.0078785457
-0.041279547
0.015859393
-0.082329519
-0.038767025
-0.065985247
-0.0058866912
-0.077656262
-0.026055386
-0.071980655
0.13733105
-0.044069402
0.04864211
0.082391277
-0.0098565556
-0.031890776
-0.0043907021
-0.011889755
0.0086419061
0.00049660681
0.10959239
-0.033322345
-0.085915379
-0.034897633
-0.10289513
-0.018636391
0.026412951
0.055098414
-0.002142204
-0.11261486
0.021932647
-0.01732694
0.016273681
0.1036572
-0.06154995
0.038763784
0.055506077
0.016898531
-0.075558148
-0.054885335
0.10368188
0.02690568
0.058738213
0.093105927
-0.0162427
0.050909638
0.0043141418
0.085312195
0.018632792
0.018461894
0.029459171
-0.17435494
0.047955904
-0.024866739
-0.046390925
-0.057247397
-0.038435761
0.06552016
-0.06247703
0.027357642
0.0060987473
0.04441268
7.9565398e-05
-0.02813861
0.055775274
-0.018165099
-0.045173794
-0.0098731676
-0.012955829
0.052526165
0.061445337
-0.0039877747
-0.025779633
0.011907315
-0.049857948
0.015218785
0.015184717
0.0025594528
-0.064234152
0.074006036
0.039112292
0.029866649
0.024651753
-0.044728033
-0.060242962
-0.074524619
-0.029944871
0.0027859716
0.081800267
0.039686777
-0.010055958
-0.04568268
0.013743049
0.036853161
-0.078896649
-0.03498086
0.0076642414
-0.05046181
0.062807553
0.056923423
-0.044487026
0.032668091
-0.06697347
-0.061828557
-0.0075549036
0.0090553435
-0.020745752
-0.055823043
0.033961639
-0.015679354
0.047926638
-0.10698388
0.07595133
4.1656542e-05
-0.10495406
0.038904846
0.032011352
0.0019591472
0.043269601
0.085629813
-0.0030723605
0.054117605
0.057436496
0.0020248571
0.023993777
0.066502854
0.022355445
-0.019245833
-0.028624248
0.039843615
-0.061021015
0.099567138
0.0085963234
0.013059645
0.020480553
0.018409848
0.032984491
0.0023284392
-0.02310399
0.044664692
0.060546685
0.0039959904
-0.0088721914
-0.01361336
0.062213723
-0.032623697
0.015635012
-0.11383857
-0.07420399
-0.02538315
-0.10174659
-0.0076067885
-0.0012973193
-0.018922018
0.077351749
-0.0083845584
-0.051201716
-0.031495351
-0.054641504
-0.0030924077
-0.028730495
-0.10743312
0.017191436
-0.024777181
0.084046572
0.083876841
0.041837148
0.10618327
-0.05144313
0.039623186
0.10559337
0.023600053
-0.051507775
-0.032028131
-0.049579024
-0.1512415
0.028957332
0.042889081
-0.0020675533
0.095077477
-0.0032903079
-0.10488561
-0.065760285
0.02194941
0.058790635
-0.10558923
-0.0032436426
-0.041344989
-0.011477575
0.052672315
-0.0026861911
-0.035566006
-0.0027986667
0.033191875
-0.10704117
0.00073151168
0.08280398
0.030580696
0.051629208
0.033208478
0.057452902
0.072124153
0.017735939
0.087614492
-0.094896466
0.070612237
0.061663702
0.035855707
0.021621143
0.076178215
-0.0042506387
-0.043582752
0.073837362
0.15266204
-0.042595468
-0.033061732
0.077172063
0.0085752262
-0.033595808
-0.04986966
0.0098532345
0.016300142
0.051213272
0.054955501
0.022801585
0.052727286
0.050141614
0.046087552
-0.007279621
0.00039247732
-0.024808377
0.047371071
-0.052955434
0.091441594
-0.0078464383
-0.016907817
0.047571272
-0.020956641
-0.0078122402
0.054490235
-0.15177375
-0.025426885
-0.028801715
-0.066855431
-0.065671436
0.05865664
0.050139613
0.014636407
-0.018879393
0.0045002522
-0.046746131
-0.034336939
0.083052151
-0.039836489
-0.027414853
0.084035523
0.11627594
-0.055742439
-0.026021896
0.020994401
0.074448302
0.045240682
-0.051798023
0.025498698
-0.030241307
0.067192838
-0.018729644
0.015231079
-0.083281368
-0.0056801536
-0.0048318254
-0.016252283
-0.0087469695
-0.046231929
0.021369426
-0.023606658
-0.018110977
-0.012364342
-0.025501605
0.038958974
0.068896875
0.074807964
-0.0956323
-0.075425379
-0.062571324
0.11899402
-0.028999979
-0.010486891
0.0209009
-0.020109443
0.088807493
-0.060912471
-0.018234629
-0.023513131
0.096457116
0.0055183391
-0.038877029
0.025715265
0.095368311
-0.12489914
-0.085227527
-0.0030127927
-0.11377791
-0.032470781
0.084659614
-0.017978674
-0.024367081
0.055925261
0.029234553
0.068287551
0.023697849
0.019666363
0.022428712
-0.052301805
-0.011546344
-0.023590898
-0.017927313
-0.11019846
-0.014118316
0.03740913
0.031202957
-0.012940994
-0.025430605
0.087505192
-0.01408391
0.032847825
-0.019549252
0.038822375
0.024838997
-0.13300633
0.007604253
0.019237939
0.051598549
-0.02984686
0.00044353397
-0.0033779768
-0.10189091
-0.01283577
0.029871408
-0.02392485
0.0064877057
0.081986658
-0.021008564
0.052255973
0.012668941
-0.048388537
-0.093381047
-0.015703445
0.021637786
0.050766803
0.0037214328
0.12312718
-0.053291801
-0.062684864
-0.00064411719
-0.098653257
0.097982451
0.010011503
0.046119981
0.065820262
-0.029312093
0.060563441
0.031502716
-0.037849553
-0.087744996
-0.0085269138
-0.046733178
0.08396522
-0.021833731
0.030467082
-0.00058840262
-0.073890582
-0.024750566
-0.020195641
0.07575234
0.06822557
-0.00022921493
0.069213271
0.060151938
0.066183798
0.012180649
0.0038847316
-0.0095664691
0.022514673
0.012507687
0.037253473
0.077233985
0.090458624
0.072796367
0.060526427
-0.011467349
0.025131991
-0.079296812
0.0017860964
0.019973245
-0.059654523
-0.0063710776
-0.044515423
0.072893232
0.022423554
0.0291581
-0.042057518
-0.027770841
-0.018393626
-0.069981806
0.0020914914
0.075304255
-0.0020711636
-0.0035653156
-0.035539832
0.015674543
0.020863241
-0.077433646
0.013301778
-0.01076906
-0.00093005243
0.027024552
0.0097377114
-0.019156551
0.00092307455
-0.011949143
0.036123749
-0.039079551
0.025596257
-0.061740972
0.087806657
-0.013204333
-0.093797438
-0.10032387
-0.024639204
-0.055470448
0.0035853202
-0.026502529
-0.048574246
-0.053941742
0.04345347
-0.021636877
0.051101495
0.044730242
0.13551171
-0.01360044
-0.095206156
0.030843049
-0.0073769465
-0.014382177
-0.015777593
-0.020154756
-0.036202304
0.051764149
-0.027621552
0.02588954
0.093301006
0.095761329
-0.021470793
0.015708182
0.034378175
0.09901686
0.10287543
0.063310042
-0.0071751797
0.079131894
0.002165722
0.088727467
-0.037188064
-0.02656287
0.064497434
-0.014847155
0.043095186
0.021584818
0.055057775
0.0464109
-0.0074146311
0.086288854
0.026907781
-0.014255919
0.10585624
-0.028473154
-0.044151135
-0.027709875
-0.048336536
0.098816395
-0.060796726
-0.044799827
-0.018548956
-0.070968106
-0.055285975
-0.0065330975
0.017590312
-0.0079867141
0.047498278
0.055383999
0.091159739
0.015664306
0.0053713778
0.023856247
0.011495383
-0.053016484
-0.018968469
-0.21210548
-0.13843505
-0.021140628
0.038498547
0.06031489
-0.053096779
-0.086119175
-0.097509429
0.019211898
-0.019119257
0.024404939
0.017228529
0.061118878
-0.0031775476
0.047378723
-0.062423274
-0.0058222152
0.062641978
0.093731426
-0.061870456
0.044028517
-0.089077346
-0.09061294
0.0452381
-0.024368258
0.059871368
0.093405053
0.018905565
0.027152713
0.016488645
0.028945796
0.13548321
0.046253938
-0.012221916
0.01258584
0.032544948
-0.01607083
-0.091915809
0.050784562
0.028743843
-0.0036175768
-0.055146489
-0.097165145
-0.0012511007
0.05479705
0.017222112
0.037374172
-0.05896268
-0.028373431
-0.083074667
0.034334417
-0.0089226449
-0.02760572
-0.088750817
0.010234001
-0.082717873
0.069211535
-0.14625505
-0.039213166
-0.070324257
-0.066384271
-0.011201082
0.0081451004
-0.0079052662
-0.0072107506
0.035824403
0.035642784
0.00014299326
0.035614908
0.043092228
-0.10432916
-0.066146351
-0.12852776
0.029379008
-0.029789979
0.0059992527
0.00016381635
-0.096119687
-0.083536871
0.018445617
-0.030465499
0.040369436
0.023967456
0.0084151328
0.033479691
-0.039880548
-0.025365734
-0.053640202
-0.023909569
0.044604175
0.0098255239
-0.0062048044
-0.014412059
0.0069662277
-0.0287183
-0.067383289
-0.060140144
0.051184062
-0.011031723
-0.014019477
-0.11037399
0.028968271
-0.0020238559
-0.03387722
-0.078451909
0.0016513066
0.048898127
-0.12776724
-0.02731915
0.060482394
-0.074506447
-0.021621741
0.097138517
-0.02926331
0.028175035
0.010690548
0.06624499
0.024712849
-0.042640027
-0.018960714
-0.050991938
-0.055615116
-0.057944458
0.033679388
0.0068015684
-0.008356723
-0.015252069
-0.013258612
0.052895181
0.13065344
-0.0095322952
0.022744332
-0.075387225
-0.02307458
0.058360822
-0.026051341
-0.03378037
0.0030636906
0.05819067
0.050003674
0.051084116
-0.14596051
0.05267204
-0.0095116002
-0.02513863
0.03908436
-0.067165382
0.020967048
-0.048689101
0.047932602
-0.0087447101
0.005130745
-0.0024543027
-0.022882676
-0.036647402
0.0057234373
-0.032586712
0.06650538
0.054453786
0.078464374
-0.035478674
-0.15322222
0.021287099
0.0089142146
-0.011345755
0.063943371
-0.15341492
0.072610468
0.090350613
-0.010599594
0.073434472
0.015238175
-0.13418768
-0.095830858
0.06046056
0.039477851
0.010706071
0.062776752
0.030449195
-0.002654165
-0.028078232
0.012162874
-0.026042836
0.088531487
0.016970601
0.053462662
-0.082393311
0.024261093
-0.11125661
0.048769295
0.087083459
0.047105156
0.088912696
-0.038794674
0.048937164
-0.077708766
-0.1920969
-0.076020829
-0.027377125
0.035385765
0.043198898
-0.1899664
0.18658631
0.085080758
0.070399523
0.10864338
0.0051207198
-0.083721153
0.0074930382
-0.031927463
0.050473012
-0.10794344
-0.034267683
0.08550062
-0.014151874
0.065292522
-0.04906806
-0.038955219
-0.01932927
0.01106096
-0.021558754
-0.0065562194
0.037712388
0.0056902124
0.030279297
-0.17748509
-0.092729203
-0.00077143603
0.024722507
-0.083382674
0.056701645
0.013760414
-0.048903622
-0.045829974
0.0049037132
0.093249209
0.014357845
-0.026795467
0.038704596
0.010142667
-0.018037401
0.13041703
0.025197465
-0.010390513
0.052089192
0.025145451
-0.022735136
0.04000419
-0.030175278
-0.078446642
-0.09827742
-0.024890417
0.0195705
-0.069921777
-0.084605269
0.064005956
0.015529404
-0.052159991
-0.067394346
-0.0046092593
0.063135393
-0.08612147
-0.013494489
0.012393283
-0.039964858
-0.0065432172
-0.0050925524
0.00035576505
0.057896089
0.050361089
-0.0056847087
0.018675661
-0.0011179037
-0.017220635
-0.00034406531
-0.050504684
0.091624491
-0.060199309
-0.10853454
-0.054022588
0.058849096
-0.041239455
0.03226506
-0.037606243
-0.02714867
0.0018474675
-0.014036681
0.049710166
-0.018337565
0.079293877
-0.002217042
0.015894366
0.11674388
-0.0099356966
-0.021393193
0.062745437
0.035660513
-0.03486044
-0.022360584
-0.036850289
-0.00081521017
0.031444672
0.056720868
-0.0023240361
0.02499971
0.048622459
-0.029485075
-0.020897696
-0.15863065
-0.037939515
0.011621175
-0.042169146
0.059341781
-0.054096859
0.03158921
-0.054880813
0.017468836
0.089896649
0.016927952
0.039196577
-0.01907094
-0.035031475
-0.017610164
-0.064892754
-0.038873687
-0.027810641
-0.048244003
0.0073891981
0.086574823
0.032669861
-0.019707235
-0.0095653478
0.00014312529
-0.01015797
0.025002753
0.066072434
0.043308463
0.029284785
-0.023803629
-0.024337964
0.039498754
-0.066504776
0.073850371
-0.054367527
-0.012762684
-0.097636022
0.0020129692
-0.059885703
0.077818431
-0.012207317
-0.070547894
0.029919328
-0.0024647424
0.097941399
0.090961769
-0.025252121
0.018528944
0.025120595
-0.026409823
0.056423236
0.032521833
0.038127497
0.0060172635
-0.033047095
-0.051791385
-0.026455183
0.092012145
0.015482839
-0.017069984
0.037357397
-0.0075408346
0.0012801421
0.012511954
-0.059021018
-0.0074653788
-0.039072718
-0.027312465
0.020024534
-0.031666867
0.061046496
-0.034851871
0.02272727
0.11404425
0.014901364
0.070944838
-0.060306843
-0.037428927
-0.0019438874
0.0064948727
0.012624048
-0.058458116
-0.0097426837
0.061608128
0.0086847739
0.06455981
-0.065364912
-0.058625881
0.083286203
-0.038578775
-0.038523674
-0.015631875
0.037154686
-0.025321998
-0.019900184
0.0442844
-0.12965573
0.032528665
-0.034077223
-0.041242652
-0.051740319
-0.058020227
0.097543046
0.023680113
-0.063819602
-0.064223558
-0.03169772
0.014003704
0.026463138
0.020013306
-0.024239803
-0.034832552
0.0092904968
-0.0019926864
-0.021393925
0.052413728
-0.10441021
0.060330316
0.086153217
-0.021727517
0.041709621
0.019394979
-0.04343519
-0.096485212
-0.15190107
0.021132246
0.018831605
0.079948075
-0.079218596
-0.037603159
-0.40686464
-0.018265013
-0.055662643
0.02996291
-0.057593822
0.00069182058
-0.0065773176
-0.043042578
0.044387188
-0.011611802
-0.044339385
-0.019744217
0.075156905
0.032565288
-0.0091526294
-0.014963695
2.9874005e-05
0.078965835
0.1167645
-0.1644696
0.059421699
-0.019015476
0.052325357
0.043858044
-0.0423912
-0.066867709
0.014002297
-0.041344207
0.043911174
-0.0063666129
-0.0029102496
0.078011341
-0.06090549
0.0023565758
-0.030482586
0.0044645565
-0.051901307
-0.0057913847
0.057154767
-0.069752477
-0.23301895
-0.011169448
-0.0083391462
-0.034242045
0.032800108
-0.019014599
0.051812094
-0.12732893
0.059528381
-0.013894117
0.058760416
-0.020568443
-0.016416064
0.0093348455
-0.11949357
0.017332876
0.0026938068
0.039048783
-0.015993498
0.026429752
0.02522153
-0.01089918
-0.096063897
0.0066899094
-0.06130445
-0.042418398
-0.03354203
-0.036275271
0.025972528
0.0079397187
-0.012585243
0.10806996
0.044631444
-0.042747717
0.066525921
-0.09106683
-0.052246798
0.040455632
0.097099721
-0.002420278
-0.011906062
0.030445812
0.060305379
0.04840925
0.029408669
-0.0033815121
-0.071732432
-0.17765436
-0.043089248
0.083971389
-0.04988287
-0.068628982
-0.041063946
-0.0087414607
0.099504463
-0.030736819
-0.16118081
0.017225744
-0.12003258
-0.016047355
-0.048261013
-0.09595219
-0.056014381
-0.038594387
0.038670134
0.021874839
0.045311078
0.069479413
-0.013653977
0.08571735
0.030979082
0.063523963
-0.030363761
-0.0099867741
-0.031548943
-0.057018593
0.0029334568
-0.015510533
0.016880704
-0.028958073
-0.049588945
0.010875961
-0.085962988
-0.0061473637
-0.0024625058
-0.001628937
0.068108819
0.033803917
0.028356548
0.043473452
0.024492625
0.0070026149
-0.042868942
-0.013186808
-0.0010801606
-0.034456402
0.06765008
0.083129853
-0.0099188359
-0.019474547
-0.042312291
0.016109021
0.022597183
-0.058309484
-0.06667161
-0.067291446
0.015685583
-0.043683417
-0.051488727
-0.026984103
0.035779387
0.063600898
0.016767848
-0.0054226923
-0.032211356
-0.019467715
0.0029048868
0.03447035
-0.0012859663
-0.0018451655
-0.019586174
-0.039920229
0.044886395
0.071091145
-0.041163709
0.0063762171
0.075169973
-0.016149979
0.0026529678
0.031826481
-0.0093118725
0.0087018432
-0.012743911
-0.039316874
0.034477819
-0.044229299
0.082991973
0.071510263
-0.060636874
-0.037645563
-0.021380579
0.034696545
-0.030314947
0.0023260142
0.063613936
0.015245963
0.028789748
-0.061104529
-0.094365269
-0.024620309
0.002881963
-0.0033717784
-0.076930724
0.009714473
0.027256692
-0.030878711
-0.042565558
0.0080045965
0.044046484
0.013218747
-0.030932538
-0.090354189
0.021909183
0.027164914
0.068499438
-0.032166641
0.059158426
-0.14501423
-0.045681305
0.030904992
-0.03966292
0.010197085
-0.061993539
0.0080912681
-0.0062447507
0.066586994
0.057104524
-0.067285292
0.085418694
0.061145406
0.029223699
-0.07408268
0.055784523
-0.064764738
0.011791846
0.020656373
0.048381433
0.050777521
0.0095531065
-0.033667617
-0.058695685
0.041493472
0.086714096
-0.11352595
0.017553192
-0.030833276
-0.0048569152
0.014695715
-0.014929039
0.025223227
0.011670156
-0.068345793
0.10947154
0.087843724
-0.020865832
0.059082903
-0.036386188
0.010945432
0.051180247
-0.058355782
0.054669436
0.018361295
0.013919715
-0.0010051323
0.027110752
-0.049611021
-0.013704287
0.09135744
-0.02845018
-0.062201608
0.038777463
0.032973323
0.049931325
-0.013485769
0.040209457
0.088889167
-0.049564704
0.048651338
0.12462574
-0.0035349689
-0.05748472
-0.073850855
0.0166783
-0.096180938
0.0029765838
-0.0050579803
-0.0037317118
-0.04624743
0.018535744
0.029493695
0.040977608
0.0013998257
0.10898247
0.08474949
-0.086644217
0.073808402
-0.012645464
0.027007487
0.047605637
0.034119949
0.022479005
0.055712674
-0.0057885963
-0.0034684818
-0.051304229
-0.085706048
-0.0082862042
0.028331243
0.0054887589
0.010177963
-0.09624549
-0.013852918
0.053078659
-0.018529266
-0.15146126
-0.047736507
0.098205149
0.091980353
-0.0052944608
0.0068098293
0.020255277
0.0086176693
-0.056535285
0.02813191
-0.10818249
-0.053772308
-0.15137026
0.036863726
0.10203285
0.03416153
0.0057897274
-0.010921073
-0.012604318
-0.022795193
-0.062506162
-0.016201088
-0.059428733
-0.084073551
-0.028625039
-0.043887801
-0.015787425
0.10521799
0.048235826
0.060136188
-0.083520882
0.017052462
0.02315343
-0.1590822
-0.016177263
-0.026528593
0.15839702
0.072275609
-0.080900781
0.06107172
0.031439885
-0.024159066
0.11280933
0.024359744
-0.027773062
-0.020057488
0.023169776
0.031114193
-0.03711877
0.0042343289
0.012388871
0.0022916782
-0.03459077
0.10737724
0.047746819
0.054589357
0.076781541
-0.025080582
-0.10062698
-0.058463883
-0.07296627
-0.058916222
0.078285493
0.07183446
0.033955283
0.043444883
0.033364635
-0.013469934
0.080900721
-0.027182233
0.03947052
0.024447594
-0.034097195
0.11197058
0.069275633
0.071718231
-0.0094174063
0.040585786
-0.0043755439
0.0015351669
0.0365359
-0.028898962
0.082970552
-0.015762635
-0.074185506
0.047916323
-0.079572082
0.042811397
-0.058578439
0.026194667
0.057057999
0.066848449
-0.11582776
-0.039287634
0.10782143
0.10617653
0.030538378
0.015335476
-0.073445179
0.029392952
0.011366573
-0.022749711
-0.13803217
-0.058136407
-0.038319957
0.019928696
0.01688691
-0.010855651
0.00010012976
0.027354371
0.019237688
0.011719649
0.029173471
-0.0052536139
-0.093637586
-0.076965682
0.075460203
0.0012958475
-0.077249415
0.1064399
0.11300085
-0.038218286
0.10527553
-0.032504018
0.027335575
0.0082661808
0.012179825
0.0569284
-0.040856075
-0.066347115
0.053491559
0.056599513
0.0077147549
0.078213617
0.067540228
0.020548498
0.042276647
0.070659116
0.095002495
0.069008335
0.064856827
-0.0029835382
0.14321899
-0.072167516
0.096743092
0.0011319796
-0.021219403
0.079420686
-0.025483072
0.018123118
0.0013352436
0.060357783
0.054745838
0.034803811
-0.013112042
-0.099100374
-0.006098045
0.023247832
0.033337358
0.050802086
0.017193738
0.0040607271
0.014053406
0.022042464
0.055760659
-0.0022023206
-0.11782794
-0.032723226
0.10378212
0.047531288
-0.012916769
-0.069796555
0.016380023
0.037742235
0.12396637
-0.064298086
-0.012616282
-0.032136757
-0.02654516
-0.10644318
-0.0070069451
-0.056610841
-0.013544852
0.00019328529
-0.068235151
-0.012273825
-0.036839575
0.064996928
-0.085625142
-0.029374951
-0.021626456
0.012087258
-0.0065371194
0.027645428
0.01681684
0.019380815
0.029384887
-0.030096477
-0.049792834
0.007951282
0.010950275
-0.018260393
0.067242958
-0.13144852
0.080103807
-0.0877176
0.0036266858
0.0042898362
0.086628377
0.050274335
0.02411668
0.0014893713
-0.05139311
-0.10087319
0.032893356
-0.048344105
0.032096695
0.027121393
-0.041257583
0.032035772
-0.014716652
0.0058088903
-0.029700141
0.0029872071
-0.021976119
-0.0068607456
-0.0065121246
0.05773117
-0.081642672
0.075180955
0.034288447
0.027857058
-0.0031280119
0.064842492
0.064135037
0.014683675
-0.022327662
-0.017691435
-0.0043840208
0.036163595
0.10985667
0.044847049
-0.00053134456
0.1031883
-0.12431399
-0.064620152
0.071953408
0.0074675884
0.031448383
0.034065377
-0.11615266
0.0036385509
-0.037700493
0.019800188
-0.098043837
-0.03468699
0.072314501
0.033016853
0.0018746329
-0.073822379
0.0099158175
-0.056769516
0.044926755
0.059428833
-0.045439985
0.016512077
-0.040323507
-0.042503957
-0.039141577
-0.045734759
0.005088082
-0.0018962336
-0.037515409
0.051182941
0.048291299
-0.016951099
-0.12956473
-0.060731854
0.056429658
-0.08409673
-0.020830082
0.039316848
-0.034967173
0.044263229
0.0031868736
0.040064584
-0.038175091
0.048092283
0.025161199
-0.025237884
-0.0051390594
-0.051033944
0.09354382
0.050630447
0.042757057
-0.0010812477
0.021022394
-0.06615252
-0.052825358
-0.0038108244
0.042119868
-0.0074979612
0.054814741
-0.073850073
-0.065606043
0.033642985
0.038201466
0.08860448
0.016785899
-0.019526884
-0.028422546
-0.047030669
0.035180312
-0.0042574783
-0.046887651
0.042982921
0.016131284
0.040125556
-0.018887319
-0.0072448878
-0.0029024554
0.05218149
-0.050458468
0.030871591
-0.069349691
-0.04766012
0.00055279245
0.082460478
0.08712206
0.037141804
0.015024303
0.058284353
-0.029794633
0.040338159
-0.016972857
0.029849119
-0.032389313
0.018337471
0.063938513
0.0066278717
0.044188302
0.016773419
0.06354481
0.06014362
0.054170124
0.004082114
-0.051061593
-0.039222065
-0.0775695
-0.027407538
-0.055991467
-0.051665679
-0.030315723
-0.010412615
0.006295193
0.019321516
-0.0060813976
-0.029055843
-0.01251829
0.031377539
-0.051324766
-0.076075882
-0.056428097
0.02676296
-0.032013208
0.023441471
-0.016186368
0.024827154
-0.013699306
0.051475752
-0.094765574
0.0017545451
0.074454695
-0.00050063396
-0.047457881
0.0088974377
-0.025695458
-0.016803065
-0.051198736
0.078654945
0.036731176
0.0039563556
0.078260265
-0.093977742
0.053601224
-0.054158144
0.014286899
-0.015848335
0.031658269
-0.039615694
-0.028171066
-0.032120805
0.0091057196
-0.11313151
0.021057999
0.06369976
0.05041346
-0.028521001
-0.039017521
0.05534539
0.023461986
-0.077409357
-0.045720395
-0.014534254
0.077506632
-0.061623048
-0.025524706
-0.045414433
-0.02487983
0.0616877
0.050308011
0.074203834
0.011127736
0.016469732
-0.049242478
-0.012985217
-0.020757647
-0.073504701
-0.0048329388
0.00013351733
0.0036820841
0.031104624
0.0033895012
0.018926904
0.071449205
0.0059900852
0.013742227
-0.087120079
-0.011459278
0.026805697
0.014129067
-0.1219124
0.027134275
-0.02783357
0.012671939
-0.077525407
-0.05894132
-0.10275689
0.073828757
-0.007289682
0.0081473123
-0.018609246
0.025708752
-0.045484591
0.050408237
0.023966549
-0.058403805
0.044734012
0.086706318
0.068950981
-0.033349223
0.067087211
-0.092388116
-0.0052452553
-0.019993348
0.047339935
0.069741547
-0.046193063
-0.0066825976
-0.099911109
0.0049162745
-0.1510081
-0.016860195
0.030196331
-0.019120576
0.061124004
0.025355075
0.039468341
0.058995683
0.047423523
0.10528097
-0.063789114
-0.025138631
0.041487258
-0.052128181
0.0458133
-0.04810654
-0.012668185
-0.15017727
-0.10303313
-0.0693831
0.01315124
-0.033293441
-0.12963091
0.00013796658
0.024126545
-0.012379402
0.031791899
0.081600428
-0.0039103115
-0.0066991537
0.005702686
0.057756137
0.015946727
-0.080024675
0.043644384
-0.016053705
0.093395174
-0.012191088
0.027709687
-0.11775581
0.054625992
0.082292803
-0.091523357
-0.05164567
0.033542391
-0.0016848986
-0.030515634
0.010494101
0.029903349
0.030794585
-0.069314539
-0.042950824
-0.076088831
0.11926463
-0.092254646
-0.045719795
-0.013225577
0.054522239
0.045286845
-0.062331505
-0.021460677
-0.061249174
-0.053351901
-0.016803205
-0.03364322
-0.016951831
-0.0048161475
-0.026396794
-0.009912801
-0.021510197
0.063118488
-0.13405307
0.045954622
-0.016674863
0.035735633
0.061067473
0.057908773
0.062833495
0.012390767
-0.023041774
-0.01361236
0.032142173
0.0019327104
-0.03195899
-0.019622592
0.064581923
0.09360113
0.04106576
-0.013557382
-0.05933179
-0.016251821
0.068040237
-0.020398218
-0.032745473
-0.10870851
-0.061240993
0.041320421
0.0071191667
-0.024942268
-0.053342763
0.060266454
-0.056957979
-0.051738851
-0.014207654
-0.09999422
-0.066044889
-0.012017826
-0.0062700436
-0.090009779
-0.0016577529
0.003322304
0.00045282059
0.01197437
0.020045847
0.0028268967
0.042910028
0.04838622
-0.0022762506
-0.017977133
0.063196518
-0.099094726
0.043905262
0.0099586016
0.042379282
0.0064766034
0.057773478
-0.091558225
0.068561226
-0.042764168
0.06196491
-0.015099593
0.050601359
0.051712066
0.065165572
-0.03239055
-0.015754074
-0.049403094
-0.0011849012
-0.028549647
0.033321027
0.058082797
-0.052064631
-0.010176172
-0.0073106135
-0.06137697
-0.015723635
0.042598173
-0.047635484
0.016632933
-0.02911563
-0.015369119
0.04437051
0.039270271
0.047073372
0.031289347
-0.0077679702
-0.055562921
0.0062672799
-0.0057434244
-0.0556469
0.05942348
0.057446476
0.0099172611
0.040848769
0.040196721
0.041324202
0.0073812394
-0.095221497
-0.029932177
0.047044091
0.0019868405
0.038261503
0.045883093
-0.062516101
0.052962642
-0.043091282
0.0048342221
-0.020183288
0.024028094
0.0040515447
-0.014182267
-0.065510221
-0.11561611
0.041378696
0.0062285764
-0.010842729
0.045959827
0.034926914
0.058361895
0.060663644
-0.012844993
0.0026603539
0.014449827
0.036545981
0.09149994
-0.0018596957
0.035915039
0.1205272
0.055296667
-0.077857234
-0.0264722
0.039018106
0.0017770667
-0.077792831
-0.054247528
0.076725028
0.0050130389
-0.0031019335
-0.06337028
0.080099121
-0.030839199
-0.077248774
0.012146556
0.0030579979
-0.0010411296
-0.010421541
0.047519594
-0.040725354
-0.063743703
-0.015739826
0.050746504
0.0032357804
-0.065006852
-0.034763955
-0.066472784
0.011591362
-0.052971113
0.039283697
0.018680708
0.047708847
-0.026122326
-0.039260551
-0.051428985
0.025472231
0.00541534
0.058360208
0.023432439
0.0357977
0.013944294
0.044093039
0.085928001
0.0029987851
0.045086533
0.043047234
-0.064971954
0.10016689
-0.028181529
-0.058492456
0.014019769
0.01132918
-0.069092974
0.081754185
0.039571106
0.01896091
-0.031519111
0.023109507
0.051967986
0.01302541
0.0025125402
0.03141902
0.064030983
-0.023895541
-0.099926963
-0.064196363
0.052032445
0.093708314
0.00041802408
-0.033257026
0.04301722
-0.018968742
-0.011749209
-0.018790001
0.029755969
-0.082274005
-0.067889981
0.023163278
-0.21877579
0.012032876
-0.010385664
-0.12608536
-0.011243467
0.0050578439
-0.066458836
0.060214307
0.034820084
0.035708386
0.10335609
-0.057663873
0.023724575
-0.038662601
-0.0060208333
0.0067161983
0.054789532
0.097711809
-0.0042996123
0.0056651589
-0.069780961
-0.0037645113
0.0049539274
0.026687309
-0.022067502
-0.035946928
-0.0028016733
-0.018023092
0.023768689
0.024471335
0.00057094311
0.010047426
0.015944172
0.010887357
-0.0093089575
-0.034491565
-0.0079961456
0.03992923
0.0058201877
-0.0060921921
0.072316214
-0.0044681611
-0.049322747
-0.19886024
0.070148051
0.02401256
0.055830307
-0.093514651
-0.022338638
0.041933287
-0.01990699
0.010393247
0.035324529
0.025699439
-0.061708696
-0.031453997
-0.03665103
-0.049031101
0.038337104
-0.076770388
0.017071052
0.066190414
-0.029246446
-0.030079784
0.08783441
-0.012462796
-0.031456392
-0.087724902
0.033450197
-0.042295784
-0.11270852
-0.045302238
0.13596238
0.036035102
-0.013095284
0.058555927
-0.0063303444
0.014965709
0.016144095
0.07033392
-0.11399608
0.015655668
0.039419413
-0.024366001
-0.034465726
0.089686051
-0.0950481
0.070828587
0.13083905
0.02046887
-0.081575818
0.060655288
0.0027864496
-0.023449533
0.020813499
-0.1276312
-0.012033401
0.0031893752
-0.076415196
-0.012082975
0.098382987
0.0096778013
-0.33744085
0.078314379
-0.0022005048
0.063764766
0.030795207
-0.031490885
-0.051072326
0.03307873
-0.0062905569
-0.027715068
-0.11744165
-0.053847801
-0.089828543
0.0011680888
-0.059086815
-0.0037004598
0.0051276395
-0.081808411
0.013886519
0.055017564
0.011648289
-0.035076432
0.023741469
0.0077044289
-0.0084856004
0.010892759
-0.077796921
-0.061697822
0.075150564
-0.10632144
0.046551935
-0.0095691755
-0.084951349
-0.018139202
0.00766171
0.017107574
0.016487412
-0.013441615
0.0029436471
-0.21889222
-0.0095077921
-0.058137309
0.066636309
0.046129093
0.020093061
-0.048859369
-0.025069449
0.04523531
0.081546575
-0.0014240082
0.025917429
0.041357655
0.0045989021
0.064459726
0.076342508
-0.035497446
0.095576175
-0.026802829
-0.039129414
0.034784246
0.056190751
-0.069423139
-0.03223205
0.05206503
-0.026115047
0.027140729
0.075414151
0.05562247
-0.085461996
-0.004883911
0.012338752
0.031558577
-0.0020638241
0.0077223652
-0.023030525
0.0053550755
0.022868665
0.094835535
-0.010371504
0.0044117984
-0.0025512134
0.0065536695
-0.019286985
-0.0017745254
-0.04253963
-0.12213494
-0.01522183
0.01372789
0.049428932
0.061149407
0.03744556
-0.01473156
-0.078476839
0.046880227
0.030025374
-0.091713727
-0.064973399
-0.027608665
0.074578188
0.016557213
-0.095737338
-0.017032515
-0.01986292
-0.025642151
0.069201976
-0.1054469
0.027400061
-0.12110167
0.015584802
-0.015244892
-0.059837099
0.00079661922
0.0015009072
-0.033583596
0.11918303
-0.048343539
0.023184655
-0.065116033
-0.070027888
-0.035020329
-0.023659753
-0.039434388
-0.042385358
-0.11359277
-0.021557827
0.044240735
-0.010516363
0.0034497692
-0.048516955
-0.020821795
0.066006802
0.095113948
0.053735472
-0.064776517
-0.090052962
0.047686074
0.092728175
0.029475708
-0.044012439
0.0093612522
0.016575422
0.011693384
0.016764795
-0.059825018
-0.021678867
0.018842177
-0.063025996
-0.061814725
0.011564872
-0.059668604
0.0029154406
0.051020138
0.019303203
0.03234563
0.035867233
-0.046192858
0.03765171
0.050064795
0.066344664
0.006988591
0.043397132
0.057717428
-0.0059143682
-0.0202334
-0.0083517265
0.087731816
-0.024213688
-0.012320299
0.044912986
0.010530977
-0.070720337
-0.049351189
-0.012611697
-7.7752091e-05
-0.022989614
-0.028053334
0.11954961
0.003067801
0.11813163
0.014614011
-0.13089401
-0.020907961
0.037393872
-0.080004498
0.097113378
0.075859353
0.050610397
-0.038927313
-0.057841439
0.018155357
-0.039861064
0.099643975
0.076878473
0.043695722
0.037130035
0.076951504
0.04472645
0.058863416
-0.048420884
-0.020146716
-0.092120416
-0.039680392
0.10288078
-0.035105154
0.033828802
0.044812944
0.092201106
-0.0074910643
0.045614377
0.027370512
0.017215159
-0.004000898
0.082937486
0.11740275
-0.045234982
0.016167209
-0.037646692
-0.068043582
-0.008410275
-0.40292564
0.052419554
-0.065905035
0.023400536
-0.025656044
0.054143704
-0.023050139
-0.054828484
0.029955382
-0.072812729
-0.0043789758
-0.092010409
-0.068006136
-0.033799998
0.054432783
0.016515663
0.082683131
0.025091683
0.055346534
-0.048144031
-0.0099684568
-0.023980517
0.025479235
-0.0015381429
-0.018236447
-0.02903231
0.053518776
-0.006824885
-0.0047661741
-0.051558942
0.0093138814
0.065251172
0.059111293
0.012343235
-0.00075256667
0.051613722
-0.0032927692
-0.020172829
0.092946969
-0.047751963
0.0495914
0.066305771
0.016839383
-0.01033734
0.0034769904
0.0057781623
0.024916967
-0.0071398453
0.050285492
-0.04516717
0.0065835803
0.048575491
0.09203732
-0.051904604
-0.022118103
0.02298091
0.011908541
-0.010026921
-0.0093660746
-0.022943139
-0.027815154
-0.059587784
0.050015528
-0.087043561
0.045064062
0.0758195
0.019654291
0.096318617
0.018309375
-0.017598748
-0.039457064
0.0058344239
-0.073115177
0.022529626
-0.11346003
-0.030810589
-0.014712604
-0.064176984
0.070365742
-0.076669633
0.053934548
0.0097309034
0.015129169
-0.020369893
0.052377678
0.032042291
-0.0010522457
-0.36978382
-0.087686419
-0.038975984
0.048207983
0.04332567
0.058025938
-0.017811084
-0.017055618
-0.024080846
0.039758526
0.031206924
0.09784241
0.00057824404
0.0014776741
0.00075277017
0.054440949
-0.0012046802
0.018874371
0.0047750995
-0.067436494
0.066351108
0.045986444
0.056423627
-0.065266639
-0.087900989
0.036716696
0.041908488
-0.052254729
-0.030021599
-0.0068483432
-0.0052280682
0.0064272746
0.054337267
0.017596541
-0.07615941
-0.041683245
0.089996375
0.055974502
-0.030623768
0.057157364
-0.019073587
0.027865574
-0.022774391
-0.051068887
0.05736699
-0.1054022
0.039233938
0.0014688779
0.052520234
-0.0051231501
-0.0045576342
-0.02356906
0.059387896
0.065512091
-0.012733376
-0.043443341
0.0028300632
-0.014698151
-0.015455555
-0.032860644
-0.037778825
-0.0084921708
0.06626875
-0.014715673
0.014150581
-0.0054482273
0.010121109
0.013348461
0.061063528
-0.0018007634
0.031822532
0.0011974422
0.077322274
0.024502944
0.047590673
-0.042487282
-0.071529046
-0.053589229
-0.0037683153
0.071261711
0.0018417971
0.096283756
-0.19518913
0.0012738857
-0.10799327
0.044202793
-0.039212152
0.060363013
0.047497079
0.01316885
-0.00060600677
-0.033400208
-0.024677778
-0.030328976
-0.10496029
0.0087775504
0.035785329
-0.078626469
0.022231495
-0.040811162
-0.042699777
-0.037592515
-0.083364412
-0.16127686
-0.037074614
-0.043598149
-0.050961159
4.6992522e-05
0.021514961
0.044031527
0.074667141
0.091651276
0.081693605
0.013556234
0.04363462
-0.042023104
0.0019173361
0.0041799974
0.0039643487
0.036689304
0.044855338
-0.017641187
0.080503345
-0.0038760863
0.046407323
0.0081405882
-0.06695316
0.069664091
0.01168581
-0.021596875
0.0078136055
-0.011240068
0.054896694
-0.053682819
-0.02289393
0.010319535
0.054079171
0.073270231
-0.01581556
-0.010700072
-0.037759665
0.041387379
0.081260622
-0.097907126
0.024262695
-0.024602842
-0.13374734
0.025288515
-0.037938662
-0.031833969
0.0015795841
0.034225117
0.040368997
-0.016843241
0.022583717
-0.052558102
0.023773978
0.017110366
-0.025936231
-0.037656236
-0.099246196
0.031951636
-0.045569509
-0.054899752
0.06507311
0.082684003
-0.065812849
-0.0079686884
0.085378788
-0.0049693636
0.0080379965
0.029690672
0.0078192828
0.028532589
-0.02785538
-0.052042369
0.035115559
0.014649687
-0.026237378
-0.025373919
-0.083692372
-0.043399129
-0.15891548
0.018990327
-0.020401806
0.015727643
0.022275921
0.0054792752
0.03165317
0.021558885
-0.034620821
0.064375237
0.075932011
0.044106092
0.052311923
0.052977894
0.037999194
0.024941944
0.012584457
-0.040762722
0.0013649012
-0.005219514
0.04266683
-0.083888166
0.040885232
-0.0095830392
-0.040731102
0.059065774
0.036428001
-0.014869397
0.079771414
-0.072694764
-0.021373423
-0.15722163
0.068037115
-0.042208545
-0.00060733897
-0.12391837
-0.1151567
-0.013775242
-0.030163428
0.011368615
0.023189699
-0.026734676
0.071664579
-0.072929546
0.026972225
-0.028552547
-0.016374191
-0.025369992
-0.05622109
0.081168905
-0.14092296
0.024815552
-0.0071612587
0.0012155154
0.047094971
-0.0062532681
-0.11673248
0.038773686
-0.014693699
-0.0081881341
0.04689873
0.028959321
0.0264489
-0.094201393
-0.058649451
0.002429253
0.042460311
0.05791489
-0.0072033121
0.0041274419
-0.034489736
0.068356887
0.038244791
-0.062299892
-0.0090058353
0.084719539
-0.027989216
0.072928302
0.00088299322
0.040391918
0.03095201
-0.016316656
0.046249293
-0.0091446834
0.059899062
-0.01849894
0.038720105
0.018960485
-0.093701534
0.057700206
0.013310688
-0.041931428
-0.056645919
-0.023240985
0.038465239
-0.0034265064
-0.023760034
-0.011250799
-0.15577997
-0.053517871
-0.003068221
0.099046998
0.034421399
-0.038212329
-0.022682529