0.047742579
-0.053544506
-0.021014228
-0.031705622
0.11441372
-0.073719054
0.044937212
0.063818313
-0.061901797
0.0025056161
0.051932622
0.016593833
-0.048305411
0.069906406
0.070986941
-0.10807279
0.0054511651
0.079430163
0.0038468086
0.076017663
-0.0070035378
0.050015792
-0.022695662
0.094256245
0.11352312
0.17515157
0.02325125
0.073830023
0.090866916
0.10072954
-0.094042398
0.095573917
-0.045257762
-0.04247196
-0.059819423
0.0082129901
-0.018176431
0.054912601
0.24144574
0.061920926
-0.094986476
-0.040683094
-0.10009278
-0.08962211
0.031487573
0.037601974
0.034698639
-0.0043807104
0.058092792
0.071181946
0.13524005
0.089614809
-0.019651122
0.021098305
-0.060683329
-0.092369348
-0.023026988
-0.030809762
-0.052469105
0.013068794
-0.034259424
-0.10184518
0.029717676
-0.086869508
0.068908811
-0.013339759
0.056967884
-0.15413089
-0.14157198
-0.0049621705
0.08700525
0.014656438
-0.019276513
0.12275454
-0.12204672
0.037073515
-0.15201268
-0.039089609
0.042414125
0.010740653
-0.13017376
0.082050771
-0.025502471
-0.022194257
0.069846734
-0.016675541
-0.037213236
0.057212338
0.031585883
0.11730513
-0.0011375768
0.013969066
-0.030023437
-0.07755132
0.22582307
0.030186463
0.038600966
-0.040043335
-0.054450504
0.021120032
-0.10791434
0.033238344
0.064162277
0.19376197
-0.18111064
-0.030158196
0.038519971
-0.007335993
-0.010181515
0.080472045
0.047617082
-0.018093862
0.049334761
0.10534784
0.029578842
-0.12281407
0.064135469
-0.068640396
-0.013200519
0.015883414
0.02354579
-0.0098360348
0.02155875
-0.11060166
-0.0098351156
0.071645394
0.050387461
0.077826612
0.055275213
0.0074864123
0.044622768
-0.21824038
-0.092149228
-0.035824936
-0.01462702
0.049061105
0.0079414612
-0.11201759
0.015687589
-0.043383278
0.059095096
0.028449725
0.1163518
-0.13319786
-0.013650545
-0.0027424295
0.041790545
0.020428456
0.036754731
0.07369823
-0.012206568
0.0031959172
-0.11192683
-0.0051658126
-0.078917518
0.051756568
-0.10366421
0.0061128465
0.032333102
-0.016065041
-0.057224449
0.037046853
-0.086420991
0.047807693
-0.011944953
-0.034699991
0.063654535
0.047909666
0.033664614
-0.070556179
-0.065204836
0.091352589
-0.020639904
0.035145395
-0.0043168045
-0.0041190018
0.11377753
-0.012235618
0.046957288
0.065873697
0.078886293
-0.043236885
0.017100696
-0.0011074414
-0.054932285
-0.062906317
0.11471843
-0.04653383
-0.0043651317
0.1050365
0.1136021
-0.022430256
0.015544818
0.099828884
0.084791981
0.017041842
-0.057371702
0.045044471
-0.016356409
0.05065769
0.015722165
0.010678904
-0.014313394
-0.037525181
0.04239041
-0.0052926904
0.028456619
-0.029223554
0.059248932
0.041467782
-0.04998124
0.068584561
-0.046317551
-0.010663114
0.093886338
-0.12245414
-0.031197505
-0.020203276
0.023965687
0.02454894
-0.0061079627
0.019079905
-0.053387046
0.055082273
0.012622213
0.063312799
-0.10564572
-0.0095101679
-0.14100528
-0.036939811
-0.029884778
-0.017026782
0.010249621
-0.011739527
0.012463465
0.045223828
0.036052458
-0.059310332
0.033037651
0.038512684
0.027124925
0.076226227
-0.11372692
0.01216027
0.11228716
-0.0053235414
-0.077367559
-0.0071753222
0.0021332162
0.030125637
-0.090051375
0.051356453
0.057259262
-0.027432943
0.033051696
-0.083266422
-0.025640791
0.041237421
0.049274281
-0.012956225
0.033115607
-0.047703933
-0.038033012
0.081367664
0.11797457
0.050008073
0.078104995
-0.074649304
-0.044527065
-0.0081264293
0.06604524
-0.015878376
-0.063908301
-0.07683371
0.048092768
0.029917914
-0.18377718
-0.098636039
-0.18869194
0.04217447
0.025416218
0.00060885062
-0.034484934
-0.15175453
0.063555107
0.032585993
-0.10602465
-0.053383943
0.010434421
0.028748041
-0.049036574
-0.011895099
0.096787222
0.10859207
-0.066647962
-0.089315899
0.014745825
0.061803825
0.075949147
0.051233605
0.038504884
0.029026732
0.005690576
0.0077114897
-0.079563849
0.017271476
-0.00026902446
-0.011723303
-0.084811836
0.13245037
0.064287104
0.06618911
0.056364525
0.10484918
0.014049496
-0.002197491
0.028439205
-0.0095237745
-0.1386454
0.0046895198
0.07785999
-0.1792683
-0.0072337762
-0.1120932
0.14195515
0.019781746
0.0068913945
0.002047027
0.098829657
-0.0013098122
0.019212907
-0.059699234
-0.0947465
0.0055350438
0.035728522
0.061087567
0.090623394
-0.11919612
-0.012698296
-0.017678829
0.021063035
0.044130668
0.079059072
0.05274044
0.022530572
-0.084948532
-0.031356636
-0.046193942
-0.020181181
-0.11943212
0.0053742914
-0.025244426
0.03314849
0.073969766
0.020400185
0.011865882
-0.051898248
0.086301886
-0.11543548
-0.10112396
0.12870838
-0.00090261671
0.098321028
-0.095435075
-0.003760054
-0.1905136
-0.035175391
-0.0022174376
-0.015834427
-0.048610866
0.03628749
0.086394019
0.12288643
-0.0079272138
-0.061435372
0.039653912
0.061284099
0.11494043
-0.029876858
-0.02657862
0.014225661
-0.056574751
-0.13157338
-0.056684788
0.028183701
0.11479441
-0.072943516
-0.018789597
0.023434952
-0.0038357878
-0.074253328
-0.052339409
0.041248064
-0.052591305
0.030776041
-0.075154968
0.012345514
0.044022594
-0.075223245
0.011357605
0.05250223
-0.027228199
0.02863282
0.0014769742
-0.019985581
-0.075455964
0.02207936
-0.045223325
-0.097616546
0.077796146
0.038057394
-0.057893906
-0.08827354
-0.038999669
0.062761396
0.13326296
0.10460015
-0.032012366
-0.082382135
-0.051052377
-0.077205665
-0.036959413
-0.07505662
0.084750593
0.039983135
0.013493725
-0.036230668
0.0038006676
0.046697456
-0.033418581
0.050647564
-0.0047132229
0.03885109
-0.045915544
-0.078481033
-0.031029614
-0.020242495
0.016248344
-0.068098605
0.061677288
0.027497003
0.0047229193
0.085394867
-0.025335154
-0.059614941
0.037669599
-0.031037549
-0.023133282
0.045280904
0.049734056
-0.064820178
0.031423684
-0.020316783
0.05287334
0.041198216
0.037003353
-0.017773222
0.021170083
-0.0036944216
0.12026449
0.0055280286
-0.0012342131
0.013953568
0.0060605323
0.045856748
0.10501938
-0.0027638832
0.071517758
-0.040023454
-0.12702332
0.066836104
0.0089943008
-0.011780474
-0.07756187
-0.047431439
0.077755034
0.028658371
0.10035995
-0.013328938
-0.012082768
-0.092251815
0.076636881
-0.0077961092
0.022134958
-0.11990274
0.019325327
0.012344441
-0.014048472
-0.069944821
0.03728158
0.078163415
0.077904098
0.059832726
-0.029508283
-0.066661067
-0.091987461
0.046980117
0.054538667
-0.11357309
0.036119189
0.029874191
-0.02434168
-0.070162646
0.047854081
0.010156161
0.033252086
0.01683737
0.068301521
0.013509711
-0.069691092
0.095016606
0.027747111
0.061947364
0.11149279
-0.078554295
0.032448441
0.079277799
-0.035879433
0.11223851
0.031214975
-0.14017424
-0.11121448
0.093234092
-0.025222477
0.075101189
0.028434437
0.035545409
-0.052563954
0.0045608538
-0.15410957
-0.087058999
-0.19156906
-0.068870611
-0.040628299
0.13637613
0.14222609
0.036843002
-0.02656908
0.03956854
0.029637329
0.056740992
-0.081022747
0.03978496
0.11883633
-0.11178123
-0.05327088
-0.037066653
0.029320925
0.12330201
0.056373648
0.035369974
-0.3136296
-0.16677551
-0.006982815
0.029984539
-0.07535883
-0.064285412
0.06824372
-0.062880576
0.10089908
0.11255868
-0.028764272
0.070263848
-0.037101757
-0.12199292
0.008396958
-0.026825622
-0.020280935
0.039583914
-0.10049482
-0.049164455
0.046532836
-0.047657125
-0.047066938
-0.062951051
-0.0023171511
0.025330335
0.070926517
0.16226791
-0.080763638
0.0077322754
0.0027244198
0.023362648
0.069972031
-0.087046817
-0.018535158
-0.0043084207
-0.0099602398
-0.030597243
-0.04009904
0.088374093
-0.015560827
0.054631721
-0.0045529278
-0.01429753
0.076434121
-0.0036250649
0.025009843
-0.0037606407
-0.090820462
-0.050629806
0.050664287
-0.004394372
-0.029114174
-0.0608433
-0.068831943
0.089907244
-0.043589137
0.042612124
0.067204475
-0.068565659
-0.12542875
0.035600021
-0.020601019
-0.048082974
-0.05725405
0.1476687
0.0029713148
-0.022724887
0.039204743
-0.014753848
-0.032098677
0.074798591
-0.041569822
-0.01498563
0.06173123
0.12497015
0.032866873
-0.092628486
-0.021150541
-0.015009601
-0.031311091
0.014070078
-0.039097283
0.01290234
0.0095358379
-0.093069069
-0.092850618
-0.098723635
-0.24606858
-0.053948425
0.002216707
0.099594519
0.042401303
0.089112833
-0.022816533
-0.054664738
0.013656536
0.084595509
-0.061343055
-0.022091635
-0.076496974
0.05274196
-0.0048298039
0.028467335
0.07282941
-0.063236281
-0.048368398
0.0055927737
0.012360842
-0.081345931
-0.058788661
-0.20146628
0.089513354
-0.012281744
0.0040434408
-0.044166394
-0.012427392
-0.040890247
0.091620639
0.055508163
0.089302942
0.024956891
-0.072926961
0.029604236
-0.046887666
0.029032717
-0.016420178
0.012244605
-0.04015021
-0.029514084
0.019115103
0.063105449
0.010715072
-0.0309818
-0.10428278
0.080197923
0.031245179
0.071888648
-0.06738323
-0.042165816
0.059023418
6.7404078e-05
-0.0076038032
-0.020513918
0.096068375
-0.06332384
0.064192429
0.028386524
0.062171925
0.048562676
-0.078697398
0.024589594
-0.019825118
0.073116802
0.021456141
0.0073077544
-0.041255314
-0.076425813
0.07204289
-0.013764733
0.05025316
0.067766979
0.007407249
-0.0094322488
-0.11345755
-0.006864368
-0.047444586
-0.053555857
-0.098201916
0.074920245
0.066838615
-0.1234621
0.02426728
-0.0046025114
-0.032757968
-0.02290458
-0.083285548
0.0096281888
-0.068072103
0.052537963
-0.056109738
0.020226981
-0.12643968
0.076682381
0.086871356
0.089000002
-0.036787629
0.047116507
-0.040003724
0.096812353
0.015117788
0.020573817
-0.070986375
-0.030835304
0.016946673
0.040083628
-0.041093223
0.023263454
-0.055452868
-0.031903412
-0.014340877
-0.0075401152
-0.0088531515
0.01923525
0.099987216
-0.051078115
-0.079510167
-0.078013152
0.079364903
-0.0051860032
0.051225018
-0.0031011717
0.069463708
0.041672222
-0.13056116
-0.11273439
0.031658597
0.085972495
0.1476012
-0.073131517
-0.020078674
0.037244059
-0.058832839
-0.0041606412
-0.066488817
0.019018382
0.0067469925
-0.032562856
-0.048796147
-0.016348178
-0.032132704
0.049930036
0.014486008
-0.062509365
-0.018893313
0.046650641
0.089970008
-0.18161243
0.081697993
-0.17507616
-0.090165205
0.057402622
-0.069200516
0.081864968
-0.12046265
0.061662801
0.073677339
0.067002885
-0.037759077
0.030966356
0.12340947
0.015377518
0.031738188
0.06379509
-0.033584088
-0.094393633
-0.11284757
-0.057792697
0.092945844
0.060023468
-0.031651367
-0.041854866
-0.067906126
0.0034926175
-0.021858694
-0.15889169
-0.049513243
0.028908841
-0.049967114
-0.018733405
0.014178613
0.081942089
0.0080252588
0.069840476
0.073345371
-0.048035577
0.062799543
-0.015217704
0.025101893
-0.11355671
-0.042966399
-0.009781328
-0.084068552
0.13483024
0.067956008
0.17003384
0.031326879
0.066738673
-0.057678763
0.011027929
0.0024825486
-0.049061466
-0.057447068
-0.057203822
-0.096349113
0.049800798
-0.00091843132
0.077562571
-0.091224939
-0.065859452
0.014619662
-0.040998407
-0.079912819
-0.029805383
-0.061302345
-0.035090137
-0.11390252
-0.020052917
-0.10880772
0.11333503
0.05439727
0.030336499
0.015250194
0.016298614
0.055907201
0.06459967
0.018260086
-0.086886339
0.00086134824
-0.076896362
0.043053087
0.0040135216
0.099894382
0.12540013
-0.070764691
-0.060543474
0.14926012
-0.13717937
-0.23174457
0.051462796
0.1037773
-0.12175685
0.12105565
0.034884736
-0.028016219
0.084943771
0.036719281
-0.0091197416
-0.0010254141
-0.0044305855
-0.04077071
-0.13275042
-0.16524073
-0.20381488
-0.039001711
-0.079985097
-0.02737393
-0.097788669
0.041896112
0.0080389138
-0.0040072971
0.036478411
-0.0085011795
-0.056732073
-0.0175393
-0.014653843
0.12366775
-0.079982683
-0.035238869
0.080559067
0.0035878825
0.03946073
0.080642216
-0.046725694
-0.011819233
-0.080822289
0.051771425
0.0012678459
-0.086472519
0.0074224309
0.02942648
0.10899764
-0.17147431
0.15677223
0.031970453
0.12995538
0.096100688
-0.013471265
-0.029672002
0.022105955
0.029266689
-0.039968029
0.060589325
-0.13218406
-0.1858253
-0.057862394
0.037379093
-0.054189932
-0.026981475
0.05316532
-0.028183647
-0.071276441
-0.039701805
-0.086856455
-0.010071727
0.069616348
0.023166394
-0.052505016
0.089506201
-0.097824529
-0.055630378
-0.00085606909
-0.0068385932
0.022172078
0.0025450657
-0.042324144
0.061001897
-0.10163795
-0.0041664769
0.0047917473
-0.020548627
0.093400165
0.047262996
0.097810514
0.027097782
-0.060381498
0.0090032797
0.05021989
0.049113084
-0.11579835
0.071364477
0.014400699
-0.02877192
-0.044966847
-0.0062556947
0.056682367
0.079736263
0.0026218763
0.070591904
0.036226019
0.046525735
-0.13803774
-0.010447699
0.039576788
-0.1045672
0.0069017271
0.032171544
0.031710062
-0.047214523
0.017930118
-0.06160992
0.0026509429
0.0088819908
0.043568231
0.11152759
-0.090662032
-0.045255002
-0.024756273
-0.040554255
0.0045742318
0.0013115215
0.068756342
0.028521018
-0.0094606932
0.094577238
-0.0954201
-0.11168846
-0.0075602462
-0.12351421
-0.01304816
-0.057701737
-0.038674541
-0.019750342
0.0010781549
-0.057376925
0.0087226015
0.013967212
-0.0046724794
-0.09505745
-0.0062057516
-0.022484237
-0.015408357
0.0095427083
0.031801287
-0.14552468
0.044072967
-0.020764964
-0.17070039
0.10753495
-0.10117597
0.085021153
-0.0095838737
-0.099832959
-0.020872841
0.0052493881
-0.039226733
0.022118811
0.014203453
-0.063465744
-0.027936922
-0.16216987
0.029058898
-0.02682377
0.1175186
-0.031019097
-0.021109944
0.044927429
-0.0092059057
0.023450784
0.039477408
-0.00091681723
0.011319707
-0.067720734
0.10784601
0.075358704
0.036208298
0.13108326
0.058868669
0.029491471
-0.014627312
-0.0055802972
0.12952858
0.12514599
-0.10688446
-0.027773893
-0.041305311
0.053690627
-0.061314426
0.024143562
0.096797615
0.18539856
0.065485165
-0.025409967
-0.14713876
-0.12434756
0.0027724137
-0.089607358
-0.051220302
-0.032664828
-0.067175865
0.11782956
-0.098616198
0.12349726
-0.024186067
-0.090889089
-0.066201553
-0.068528928
-0.014169976
0.086115979
-0.17423114
-0.12793957
-0.1182649
-0.015891654
-0.0090967286
0.05316329
-0.12521231
-0.031111706
-0.052722175
0.067539446
0.18670213
0.085078999
0.027215471
-0.0062700524
0.067684442
0.01808249
0.0079162819
-0.059598546
-0.013577684
-0.062383685
-0.009751305
-0.0096723912
0.004465403
0.16479607
-0.017417008
0.020606112
-0.16807711
0.07854794
0.028986033
0.035689469
0.09506093
-0.036727022
0.063550763
-0.062365599
0.038906783
0.053575445
0.1496672
0.11415491
-0.027780319
0.030191321
-0.11899091
-0.017901361
0.031253703
-0.080779053
0.019833906
0.10436849
-0.068068765
-0.099367909
0.035914473
-0.067037292
-0.063468143
-0.036153454
-0.036375526
-0.083066329
-0.050042596
-0.10251626
-0.12886529
0.12008887
0.012698942
0.19380549
0.04012318
-0.0091366675
0.042364717
-0.042475667
-0.0015998342
0.020159459
-0.048169538
0.0033001609
0.039850704
-0.028076621
-0.15415019
0.0460128
0.08728572
0.020789554
-0.2218965
0.074659266
0.019879723
-0.050951872
-0.024358639
-0.12302077
0.02662609
-0.1447673
0.025256921
-0.016184254
0.12963507
-0.19530295
0.0083616395
0.029942567
-0.047249723
-0.060142361
0.011738607
-0.063176863
0.10365086
0.041525725
0.083954565
0.062316325
-0.035038538
-0.023418905
0.061907522
0.14381786
-0.051652491
-0.070161395
0.084486291
-0.038811047
-0.005521649
-0.070850156
-0.11293403
-0.022164088
0.063988194
-0.023818014
0.011062511
-0.12747918
0.019125773
-0.10731369
-0.087576456
-0.071680784
-0.054570641
0.05204412
0.091499813
0.088315077
0.09314841
0.12878825
-0.051685963
0.01764122
-0.19482547
-0.025763968
0.039611138
0.025104782
0.095105201
0.0095500937
0.010412755
0.098175146
0.084729128
0.028106993
0.053196143
0.10581904
0.0424034
0.05299028
0.15532786
-0.061276015
0.072949283
-0.088559762
0.044830341
-0.12456163
-0.039436549
-0.042538971
-0.045389801
0.17415401
-0.07469859
-0.12490346
-0.070997722
-0.038627297
0.062873125
-0.054390274
0.067158617
0.056068726
-0.074589968
0.024098169
0.070949197
0.16176656
0.015787378
0.098974384
0.11911476
0.018880554
0.043028332
0.0086580142
0.089758314
0.042282514
-0.086493067
-0.049559735
0.031649783
-0.01083034
-0.068903953
0.13560326
-0.0095685683
-0.014542791
0.13368781
-0.017208831
-0.052826922
-0.12188007
0.12984148
0.13886081
0.015809877
0.11790123
0.11764176
0.058883008
-0.12032685
0.009425194
-0.0038637219
-0.1391142
-0.039809648
-0.10502754
-0.046884663
-0.0081930012
-0.018628132
0.028044969
0.057226483
-0.059488937
-0.07365077
-0.020350445
0.077555887
-0.078794725
0.047017176
-0.02623474
0.088877119
0.063747123
0.04638863
0.010902338
0.033073165
-0.016194128
-0.041940272
0.025700731
-4.8766688e-05
-0.041876376
-0.022462403
0.035829831
0.0010069099
-0.09845154
-0.021431832
0.078062333
-0.03440031
0.017490167
-0.079492994
0.043914665
0.033224586
-0.056020156
-0.019529583
-0.0928974
0.0076016537
-0.023977291
0.018531078
0.0010712247
0.0065463423
-0.028088905
-0.037760969
-0.073827706
-0.019174609
-0.01663235
0.0017148025
-0.48037601
0.095332995
0.0587565
0.012258622
-0.055707082
-0.014923755
0.007871463
-0.24066794
0.054012358
-0.024524851
-0.016706353
-0.031596065
-0.041912183
-0.055651773
-0.057915516
-0.080654167
0.0070687132
-0.030924816
0.049366593
0.036038749
0.043390829
-0.058282979
-0.044859298
-0.030449627
0.081500791
-0.03493952
0.0062565482
-0.0080331508
-0.13088927
-0.0070860642
-0.036540091
0.034482423
-0.042603631
0.0021199661
0.037563868
-0.049560357
-0.0041482747
0.033354741
-0.098819897
-0.012221562
-0.049539492
0.049913581
-0.11774112
-0.080899291
-0.045493446
0.084498018
-0.041702125
-0.0053003794
0.046694886
-0.11962872
-0.075682826
0.043710098
-0.012341792
-0.0011078978
0.020863175
-0.054808386
-0.049313392
0.063770883
0.013342602
0.0094125802
-0.022604998
0.066582665
0.053294301
-0.076319054
0.0019991638
0.016170736
-0.033417873
-0.049326006
0.029660154
-0.073761903
-0.0049544298
0.022322034
-0.031288788
-0.077406369
-0.11125353
-0.019252915
-0.071139008
0.058271043
0.017591681
0.041038271
-0.026872026
-0.010298541
0.0053347046
-0.069273621
0.076804824
-0.14019354
0.058716688
0.0017183983
-0.026679054
0.044653803
-0.028286785
0.033175405
-0.080772601
-0.02367535
-0.018404061
0.0010694374
-0.031083846
-0.01573251
0.040671639
0.053607225
0.079823449
-0.11821766
-0.15852691
0.144219
-0.074234039
0.010236616
-0.066541463
-0.013227433
-0.011800143
0.03971684
0.025249721
-0.086693443
0.10068467
0.020810569
0.05455216
0.092344858
0.11300448
0.013580318
0.018073224
-0.038077351
0.084130913
-0.041503333
0.093636878
0.028608166
0.065370545
-0.017656697
-0.0071699717
0.10722133
0.053301319
-0.11424615
0.067898408
0.1019545
-0.055677667
-0.016167691
-0.066777878
-0.16108662
0.045791131
0.044124465
-0.018050525
0.081067309
-0.060778502
-0.013129604
-0.058967143
0.05605698
-0.21217568
0.010025259
0.023661381
-0.11299077
0.052974567
0.063763432
0.016126655
-0.11636774
-0.044890396
0.020102331
0.072067104
0.089041658
0.088031746
0.087482944
0.046508204
0.0075069815
0.024207938
-0.039731782
-0.098052509
0.022035168
0.14718218
-0.16406648
-0.044806279
-0.066946432
0.084319063
-0.028128872
-0.015344058
0.0069053229
-0.11529692
-0.16869798
0.05090243
-0.010370617
-0.13944301
-0.041514598
-0.010703566
0.072175391
-0.027267473
0.19847777
0.11230263
0.059746709
-0.01536721
-0.0095158499
-0.022144327
-0.014849774
-0.20887074
-0.090078406
0.00074324821
0.051206853
0.10909677
0.10527667
-0.10558259
0.0060889614
-0.043676905
-0.11628231
0.026405333
-0.07545568
0.12295471
-0.043914057
-0.01811341
-0.024056965
0.038701575
-0.26819554
0.069036573
0.039949249
-0.010146891
-0.029415306
0.0046221125
-0.16529316
-0.050449319
-0.087955989
-0.0053087096
-0.10422796
0.085420802
0.093258172
-0.19018032
-0.032910742
0.052939236
-0.17041659
0.036929023
0.040230811
-0.011221798
-0.03376944
0.035037257
0.027023381
-0.036275454
0.11618709
-0.13658638
-0.01747568
0.0050595505
0.012495019
-0.078303613
-0.051707912
-0.054815158
0.14768586
0.15753925
-0.1207386
-0.011283763
0.13453291
-0.061197814
-0.10392339
0.097920999
-0.065315321
-0.025336185
-0.015997175
0.016085383
0.038154785
0.043674991
0.042245924
0.071113341
0.033108797
-0.032209054
0.061802018
-0.016277986
0.03109362
-0.043115236
0.052569591
0.050409365
0.006657802
0.021583054
0.01106909
-0.077949569
0.072850615
-0.076020472
0.076223701
0.082707211
0.0026404029
-0.0070672119
0.034020737
-0.036465257
-0.028750192
0.027475215
-0.061792303
0.062727585
0.045451965
-0.044845995
0.0095023429
0.018003549
0.039549321
0.054670729
0.10955238
-0.10566327
-0.024965044
-0.19502163
-0.056355413
0.027997691
-0.054690044
0.04807261
0.036956068
0.0046824319
0.047455531
0.043243472
-0.048269004
0.021425072
-0.030340947
0.087742068
0.031127069
0.087108277
-0.012329779
-0.071311787
0.0052813678
-0.10958101
-0.13157631
0.024168735
0.06955301
0.044197693
0.10555926
-0.090071999
-0.18662328
0.02288612
-0.031691223
-0.0035035845
0.0093068164
0.15044074
0.050791424
-0.019515317
0.042699743
0.042649139
-0.021630764
-0.025857385
-0.034598112
0.0015452096
0.066846095
0.075887844
0.068550095
-0.028048981
0.028661348
-0.051335789
0.070793554
-0.027130142
0.0039742016
-0.01602634
-0.052185528
-0.053213935
-0.026400493
0.019253965
-0.059764225
0.022473058
-0.047657512
-0.13726243
-0.038391743
-0.017193697
-0.18865894
0.046049003
-0.017186632
-0.068519004
0.0056818021
-0.012757627
0.027187495
0.11743289
-0.068258084
-0.084771544
0.043748248
-0.038069613
-0.025138849
-0.10117421
-0.083185032
0.072389133
0.028865691
-0.0019924659
0.0071535506
0.022102928
-0.011929513
0.072681725
0.05156954
-0.02425882
-0.072918832
-0.066301234
0.0048806104
-0.00058752642
-0.00044766581
-0.010624301
-0.087261833
-0.055003658
-0.1110308
-0.010106336
0.049584977
0.098125517
-0.00062030577
-0.099408776
0.1170133
-0.0008060144
0.003960243
-0.031118779
0.019379571
-0.094711952
-0.060820974
0.04996657
0.0086892424
-0.012001791
-0.058614317
-0.027522501
-0.013322944
0.018895905
0.011233638
-0.0054366458
-0.08308392
0.033377342
0.011958894
-0.0062426305
-0.10335421
-0.075372681
-0.013744107
-0.05542079
0.019859105
-0.088016249
-0.045662925
0.031235397
-0.11348534
0.10795321
-0.070221171
-0.051975936
-0.063275598
0.012996435
0.0047476995
0.030186124
0.048744373
0.082364358
-0.022420516
-0.012127728
0.086097933
-0.078410186
0.0210241
0.018490897
-0.14764526
0.036200225
0.023958314
0.041058969
-0.069876179
-0.062920049
-0.061827775
-0.0060666483
0.10210945
-0.0088426974
0.099703677
-0.10882543
-0.097574733
-0.064851977
-0.004723514
0.034805398
-0.039810449
0.047422573
0.098156467
0.085372724
-0.0029565776
-0.0049189171
0.011619569
-0.030530138
-0.056708753
0.11439037
0.017780611
-0.032202598
0.095434114
-0.073459603
-0.08399184
0.13196835
-0.076705307
0.086371347
0.051607907
0.023802066
-0.019255949
0.065089084
-0.015186278
-0.0049045384
-0.011576397
-0.11183751
-0.087010533
0.093497425
-0.084107809
-0.0059582079
0.018233504
-0.13651799
0.025883295
0.094778463
0.0003160591
-0.061517071
-0.0315102
0.010188833
-0.030079236
-0.053256996
0.029600915
0.020413402
-0.03917446
0.084826209
-0.071858764
0.073483668
-0.055074979
0.075778611
-0.061474163
0.035999056
0.076709814
0.045728296
-0.037501138
-0.021077849
-0.16111536
-0.013655931
-0.012565317
-0.012896585
0.014720628
0.028961198
-0.00051836687
-0.017742824
0.1020686
-0.029079312
-0.017679252
-0.16646947
0.052834898
0.09977486
0.023873335
0.0033865259
0.046434376
0.080358766
-0.019818204
0.027983384
-0.052369162
0.0025038137
-0.036119498
0.034072395
0.045827746
0.025258036
-0.14900191
0.10650046
-0.017979242
-0.091727458
0.048817709
0.08527866
0.027951816
0.073574215
-0.092970707
0.052137535
0.014886603
-0.05712992
0.00426134
-0.049753703
-0.0046638418
0.014846293
-0.084038705
0.026936369
-0.035712432
-0.1536849
-0.034240384
0.062913924
-0.049368355
-0.08897084
0.056838185
-0.15052353
0.042167511
-0.039442834
-0.011954726
-0.0011671388
-0.0067583323
0.023486901
0.012356159
0.023203989
0.066275142
-0.067327008
-0.024772746
0.099419259
-0.086751901
-0.01996089
-0.036039881
0.030209478
-0.060840577
-0.0026818253
-0.092713222
-0.020191811
0.029048141
0.029582774
-0.023103703
-0.11275833
0.041034363
-0.045660071
-0.069872878
-0.072569661
-0.034513392
0.023139905
-0.0059848689
0.0023198356
-0.073905505
-0.042473812
-0.058620088
0.092102349
-0.054165505
0.07343594
0.052643124
-0.0057095671
0.1608019
0.020305853
-0.089673437
0.067156285
0.014722622
0.0071150116
-0.028543318
-0.10240198
0.089011587
0.088797562
-0.11579341
-0.027491918
0.1157518
0.070759006
-0.0052723614
-0.15796438
0.078088991
0.078151368
0.051342484
-0.018889569
0.10361436
-0.012394777
0.073195994
-0.15182088
0.11219363
-0.0025221049
0.1090498
0.091369398
-0.18123063
0.045804437
-0.026229449
0.089003779
-0.13539927
0.0034242244
0.004287364
-0.045340553
-0.1185405
0.037055645
-0.0042425799
0.036616292
0.085529178
-0.028009821
-0.042316753
-0.023408087
-0.0016099794
-0.033238813
-0.028731856
0.033441402
0.0019860342
-0.06902463
0.0013182003
-0.061808299
-0.015913816
0.041631643
-0.058884922
-0.11915714
0.020553324
0.1203654
-0.14589749
0.067828879
0.019564295
-0.05995217
-0.19794658
-0.07956975
0.10986739
-0.015068571
0.024625111
-0.10030046
-0.019485658
-0.064584114
-0.087655738
-0.11550672
-0.012984244
0.03411277
-0.093913205
0.019744489
-0.1690644
-0.034808364
-0.066427007
-0.10453089
0.052998871
0.01253284
0.075071022
-0.14328788
0.092941321
0.074488692
0.0070334813
0.10875008
-0.021800909
-0.044016752
-0.0069148229
0.12636964
-0.012678802
-0.040734157
-0.0045677419
0.048621505
-0.00861823
-0.063304372
0.038856141
0.1547927
-0.023380237
0.075980246
0.05785884
-0.018291803
0.088788666
0.013131318
-0.027826935
-0.00015759455
-0.075205795
0.05029368
-0.051301178
-0.026519436
0.05659971
0.1367079
-0.091688946
-0.021052524
0.053406712
0.07036227
0.12629502
0.096242316
0.046632886
-0.017112009
-0.033548735
-0.083846986
-0.054360773
-0.040906347
-0.063595697
-0.027692348
0.025245678
-0.093890995
-0.044164229
0.014788632
0.083692178
0.087419681
0.05554942
0.044476952
-0.004424064
-0.12806512
-0.016508829
-0.018465104
-0.012311471
-0.015452885
-0.031946
0.042850502
0.051820416
0.064791583
-0.046137702
0.072546169
0.018325843
0.0054144165
0.017589031
0.11533047
-0.035249025
-0.022474039
0.018517785
0.080836691
-0.13532533
0.00064551574
0.019202741
0.073212251
-0.031162415
-0.014611517
-0.0044239517
0.054116119
-0.011929652
0.045786358
-0.062500559
-0.079350412
0.024420707
0.033840891
0.0005754889
-0.047779519
0.0051657278
-0.039371144
-0.01587452
-0.074051291
-0.027759515
-0.085613623
-0.028316127
0.030217933
0.076243438
0.055500988
-0.012080984
-0.05644764
0.071511485
0.057091765
0.022180997
0.005266557
0.0012235987
-0.012632442
0.0045919251
-0.02972731
0.050819412
-0.00089472398
0.052082162
-0.075335905
0.017004643
0.019228572
-0.05713341
0.058737297
0.017829761
0.0019980518
0.099152178
0.03598094
-0.049033925
-0.14802688
0.071252808
0.071957119
0.069643132
-0.024070594
-0.044980831
-0.036751248
-0.039493565
-0.029024459
-0.037635028
-0.0074279485
0.026615703
0.045430414
-0.071379393
0.065565862
0.084388644
-0.070698656
0.12151232
-0.10053258
-0.036508717
0.11935193
0.011762623
0.0072803833
-0.088596672
0.011570368
-0.025681837
-0.0072805672
0.02074918
0.028434062
-0.13695881
-0.0062630489
0.072858043
-0.12329628
0.0067837392
-0.088895954
0.080112338
0.032517508
-0.040446367
-0.043155365
-0.023950132
0.13842429
0.020089878
-0.012277025
-0.00027108667
0.046753723
-0.025156334
0.13128784
0.046150561
-0.039737009
-0.013462944
-0.16740991
0.015678151
-0.030153561
0.012697691
-0.0059696133
-0.083619833
0.065665096
0.15982252
0.00050387124
-0.035928037
0.0021735497
0.10787416
0.11035553
-0.021196127
-0.082972713
-0.048562177
-0.018061342
-0.15116683
-0.083614014
-0.01251895
0.071566172
-0.017182115
0.0018253026
0.017933926
0.01656854
0.080615461
0.045979861
-0.082166493
-0.039177082
-0.14358273
0.073970802
-0.087482356
-0.0017846682
-0.0049452069
-0.051485844
-0.093309261
0.029276185
-0.077490427
-0.025932217
-0.072863847
0.037055407
-0.071908876
0.031596262
0.04684015
0.0049618091
-0.011167639
-0.1096033
0.080192894
-0.14055714
0.13304242
0.054708362
0.10597663
0.12950906
-0.044297107
0.057402574
-0.020016899
-0.025807351
0.024332972
0.0061080642
0.033660248
0.016387971
-0.027092302
-0.038227532
-0.045276422
0.099141352
0.00013070171
0.056660682
-0.0010974464
0.02031506
-0.051426161
0.025529442
-0.012179692
0.092208959
-0.046305761
0.0061695981
0.020099206
-0.11403262
0.023874084
-0.056725968
-0.0041711857
0.067237839
-0.034241706
-0.11366791
-0.08527714
0.08815001
-0.010070446
-0.048416741
-0.036214884
-0.071445912
0.09546829
0.044059265
-0.0070755747
-0.025005529
-0.11372455
0.041029651
-0.023137296
0.065681532
0.035420358
0.075548232
-0.012446783
0.030029159
-0.1649157
-0.10589221
0.0036173642
0.024097873
-0.035198335
-0.066794999
-0.13545494
0.11146668
0.051055446
0.063800693
0.019412894
-0.013033803
-0.018084751
-0.018483002
-0.014357063
-0.035704829
-0.017856473
0.035051785
-0.080110766
0.006308218
0.022933096
0.017123556
0.056222539
-0.0085719163
0.10873063
-0.10293166
0.097404897
-0.13852531
0.12024765
0.067078546
0.07968355
0.070783213
0.014171499
0.044491198
-0.086960919
-0.0040735668
0.10742777
0.058471277
-0.062712066
0.021245036
0.082376294
0.070157707
0.013788036
0.047806364
0.014289486
-0.047751021
-0.04727317
-0.048263963
-0.088854119
-0.04533032
-0.031062819
-0.077067345
0.0037042634
-0.051190581
0.096577063
-0.070628822
-0.01712293
-0.054036018
0.062608398
-0.061786786
0.029341929
0.024607457
0.0040290658
0.046929836
-0.033993438
-0.066859081
0.01519646
0.025764786
0.062021967
-0.24666268
-0.072651699
-0.049194176
0.033878673
-0.069927573
-0.01377457
0.030083973
-0.036433376
-0.075051278
0.042745568
0.040585369
0.0058222455
0.01664401
-0.06097151
0.052549671
0.061500046
0.038072944
0.016651543
-0.11612996
0.0059028561
0.010554685
-0.02416778
0.004565178
-0.026754336
0.028860774
0.053774223
-0.017807018
0.10800194
-0.098017223
0.15176886
-0.03234921
-0.073825493
-0.086564414
-0.10425299
0.019358849
-0.042362295
-0.069082946
0.034338005
-0.075535037
0.028167933
-0.011405022
0.06259501
-0.032725304
-0.075691588
0.081863254
-0.028649649
0.053281408
0.0275019
-0.04009556
-0.03009646
-0.043517217
-0.080572031
0.020035762
0.043606248
0.075746723
-0.0066900132
-0.046627421
0.033173893
0.071268596
-0.02757897
0.026532849
-0.044424925
-0.045402728
0.021152943
-0.10251216
0.073526986
-0.028492332
-0.046866298
-0.0328799
0.010269339
-0.011567716
-0.015310134
-0.0059611388
-0.043150879
-0.0012804725
0.0276384
0.0023711093
0.034704935
0.032440845
0.031460967
0.014167965
0.060964119
0.073131993
-0.016825177
0.023176897
-0.039112955
-0.060357418
-0.097127616
-0.096559629
-0.042927012
0.070487179
-0.027150534
0.051534262
-0.11269223
0.10293541
-0.026364261
0.039593652
-0.070662372
-0.030750141
-0.051219441
0.0098648295
0.09206789
0.07408563
0.05231335
0.033143017
0.01385229
-0.081189208
0.01497
-0.13830319
0.043235641
0.061698832
-0.10537526
0.0053614476
-0.0088110864
-0.05814068
-0.021752989
-0.028912306
-0.036041271
-0.078587182
0.022050051
-0.064330481
0.088782862
0.074980028
0.016789444
0.028982284
-0.033048876
-0.10483857
0.047497764
-0.0049281544
-0.11676579
0.061825085
0.085659295
0.091620684
-0.048309941
-0.043160327
0.0007316274
0.028019872
0.064216755
-0.040342879
0.059643276
0.022369882
-0.065043502
-0.020583067
-0.074304596
0.0015190868
-0.090895973
-0.089047566
0.0056837425
-0.087745734
0.097149186
-0.0070806299
0.053889256
0.050809436
-0.017177397
0.008593007
0.10223714
-0.090886474
-0.084928088
-0.0055057458
0.048423227
-0.0026288053
0.040829688
0.035495635
-0.049046967
0.10475565
0.024570758
0.079703301
0.076352037
-0.0049592727
-0.10387515
0.072805449
-0.033565599
0.094768204
0.0171399
0.051922046
-0.011526455
-0.051852569
-0.048618205
0.075458981
0.05977707
-0.052234981
0.038435888
0.036856543
-0.050026964
0.12874433
0.080347523
-0.05445572
-0.044828188
0.0058504189
-0.057167716
0.016038837
-0.044810228
0.069757998
0.051498301
0.0076091262
-0.053697173
0.066846751
0.028532455
-0.034843419
0.082190089
-0.00019950404
-0.033098206
0.02989253
-0.079590142
0.074738011
-0.028195487
-0.083924435
-0.14238313
-0.027322495
-0.011926836
-0.11455221
-0.033209708
-0.0052715796
0.033052981
0.042732161
0.023352515
-0.010537973
0.00031353132
0.071793519
-0.10335465
0.0035982721
0.063484944
0.013345554
-0.057054419
0.0050632297
0.15847722
0.057112828
0.048001461
-0.083644249
-0.011755288
-0.05476724
0.0099581257
0.080243208
0.040910948
0.047800541
0.11547299
0.13106743
-0.1376776
0.030870007
0.031491365
0.099418983
-0.08376386
0.049906339
-0.0012261145
0.061860669
-0.016629649
-0.039975647
0.003712724
0.032513611
-0.046339557
-0.059197851
0.09215273
0.033874314
-0.090019323
-0.17716375
0.074303105
0.099824987
0.083865158
0.047809761
-0.0056518842
-0.014385332
-0.058576036
-0.031884521
0.11597598
0.0072709741
-0.17714712
-0.030580988
-0.017307149
0.10121233
-0.02509097
0.055426899
0.04977449
-0.042859107
0.073617183
0.027979771
-0.0020273249
0.023093812
0.019285729
-0.054339249
-0.035611782
-0.046913769
-0.0040548937
0.037604537
-0.0049316711
-0.095466696
0.023935555
-0.018839674
-0.0010854647
-0.039932709
0.072641537
0.032636952
0.037162162
-0.012797252
0.050614834
-0.056239195
-0.0071807732
0.024662709
-0.079030506
-0.00029769226
-0.051819444
-0.041747853
0.028159868
-0.18245742
0.11004402
0.093824603
-0.045967087
-0.037453331
-0.027900735
0.062466409
-0.048441958
-0.028194662
-0.041731533
0.0021490676
-0.0070290742
0.11154446
-0.076270044
0.01708661
-0.0015020355
0.016976275
-0.18934491
0.15622056
-0.035752758
0.073037133
0.12347564
-0.0033167689
-0.030509004
0.025648722
-0.059337795
-0.14336997
0.0072885533
-0.045056228
-0.15386245
0.095254965
0.053228252
-0.003931467
-0.044595372
0.014625647
0.040236134
0.056412444
0.024464278
0.025607547
0.069223225
-0.13459022
0.054988861
-0.0046734214
0.076931268
-0.12715852
0.078615129
-0.05286986
0.088060237
-0.091798469
0.13601831
0.02585577
-0.074384615
-0.09832859
0.097239442
-0.0081079453
0.060436968
0.0074987249
-0.0099447528
-0.12030251
-0.011290187
0.017285872
-0.082883663
-0.077889003
0.1257904
0.055988919
-0.024790097
0.032740783
-0.0087212063
0.042952105
0.066512518
-0.067118973
0.12646542
-0.054648742
0.033349454
0.0077718804
-0.0040825401
-0.017147826
-0.048956968
0.028603204
0.14683382
0.067338102
-0.088674501
-0.02064555
-0.012938789
-0.0041377079
-0.00018042751
-0.017986832
-0.15002471
0.049393456
0.0043214508
-0.10947715
0.041561633
-0.013536643
0.007686526
0.0034969179
-0.045313165
-0.075131081
-0.078512974
-0.019083709
-0.066196002
-0.006981553
0.097969949
0.010434351
0.031837516
0.11193635
-0.0081292707
-0.14316395
0.043492075
-0.19361867
0.010060009
0.05598145
0.0095662093
0.088269353
0.10116772
0.10893362
0.001907583
-0.033043787
-0.077216044
0.08284431
-0.036908206
-0.18738726
-0.0011262865
0.067717545
-0.0024835854
0.047123399
-0.060945652
0.05254408
0.012872755
0.086805426
-0.072180428
0.057355002
-0.03536772
-0.0582349
0.0057797525
-0.1025048
-0.0027991743
0.030516611
0.042908564
0.048470765
-0.0076173744
-0.11076173
0.077078924
0.082411714
-0.0476253
-0.025906678
-0.056773324
-0.085232496
-0.015259395
-0.022713216
-0.0011194871
-0.0041437126
0.060091365
0.014535615
-0.00043002679
0.089667514
-0.046074122
-0.060158573
0.021734053
-0.065629862
0.0084817214
-0.1101416
0.018820725
0.004227208
0.00050567649
0.033022039
-0.075598992
0.016834177
-0.0026446769
0.054317024
-0.059729744
0.0024345533
0.0074075125
-0.044073731
-0.047785047
0.063167036
-0.016503928
-0.057977531
0.1257208
0.0037173682
-0.043994933
0.032691054
-0.0021654607
0.0017885229
-0.020574154
0.080179676
0.039408099
-0.1856299
0.0066064759
0.12246199
-0.0077309124
0.0064160572
0.015176191
-0.034272738
0.045860104
-0.028889954
0.00010200766
0.061532445
0.15758504
0.10462535
0.018085063
0.059261344
-0.045405526
-0.010891928
0.039790478
-0.011937942
0.034234826
0.068721876
-0.011948415
-0.029227851
0.0074487659
-0.013414346
0.11932112
-0.020278305
0.0057230103
0.020902172
-0.14728871
-0.048657048
-0.035023622
-0.0085834116
0.099185087
0.07129018
0.049577165
-0.0092479829
0.094618723
-0.021553747
-0.074206807
-0.008967842
0.039952375
-0.093570828
0.069646031
0.025090938
-0.11515485
-0.032902598
-0.030762773
-0.048788302
0.076914467
0.0032268197
0.056010101
0.017893208
0.041008182
-0.15565266
0.076670043
-0.1571469
0.077729478
-0.068040282
0.12212224
-0.041913833
-0.024411002
-0.036805369
0.113488
-0.014295162
-0.028175838
0.0071733533
0.059518471
0.096690372
0.087187313
0.017021872
-0.11028035
0.069507852
-0.085481308
0.07536523
0.053476121
0.011560165
0.028754191
-0.0016953108
0.036942471
-0.012154111
-0.049815498
0.043884721
-0.021244081
-0.035202723
0.00074106926
0.046906643
0.048567042
-0.076370127
-0.033750955
0.03320368
-0.13042364
-0.14948343
-0.11978163
-0.095008947
0.018805526
-0.0042602029
-0.079089671
0.023102369
-0.0060916226
0.0022709358
-0.027189752
-0.24917388
-0.033123728
0.033060953
0.16943064
0.047258612
0.090978608
0.067614734
0.0034814337
0.05561224
0.07464651
-0.043189064
-0.04816924
0.025351269
0.043516718
0.054410491
-0.029756125
-0.053845149
-0.090334281
-0.08896815
-0.047319472
0.055528171
0.045596719
0.066558234
-0.035783563
0.04854241
-0.041391004
-0.03125317
0.047521416
-0.002202695
-0.0057056942
0.097752981
-0.054233663
-0.084690154
0.072495863
0.032179732
0.10944156
-0.06586317
0.0096015735
0.03296813
-0.016545117
0.018608069
0.013211767
-0.021113174
0.077360719
-0.022259986
-0.11803474
-0.078409605
-0.058538001
-0.0036589766
-0.029661339
-0.078974918
-0.078437902
0.040794499
0.074042782
0.058068853
0.051466696
-0.038388301
0.015472596
-0.033663403
0.023517244
-0.037508201
-0.033554766
-0.034886565
-0.010976933
0.019702174
0.076954633
0.072320588
-0.058817759
0.062661901
0.074766941
0.0031014129
-0.028488593
-0.070152998
-0.069795676
0.0046634157
-0.26580402
-0.048893359
0.013895138
-0.014551818
-0.034562007
-0.039722059
-0.0011528675
-0.044398375
0.042398877
-0.02227577
-0.01150523
-0.037138961
-0.031866495
-0.018368596
-0.041484654
-0.045481019
0.00062481611
0.0010204365
-0.061681539
-0.0001145944
-0.022303084
0.080589391
-0.041943792
-0.11281015
0.044888094
-0.064591132
-0.013227837
-0.081421636
0.023787608
-0.024005266
0.012932835
-0.005145424
-0.03771643
0.057618726
0.02184006
0.037327606
0.032344911
0.015398887
0.048084684
0.068663813
-0.074141428
0.033913799
-0.073944762
0.0036074717
-0.19013131
0.034755953
-0.054318614
-0.073388107
0.060561135
-0.059320495
0.078139469
-0.027567828
0.060031954
0.0262524
0.010979854
0.094176091
-0.077208497
0.036713958
0.085139088
0.076995589
0.050568841
-0.051940557
-0.09010718
-0.079026036
0.047484241
0.069964595
0.028867213
0.075469792
-0.037450943
0.0041286345
0.076779582
-0.071686357
0.043251809
-0.039804619
0.064116359
-0.026687693
0.030060276
-0.083343439
-0.0095530022
0.10186938
0.061050329
0.048786532
-0.06942644
-0.0074465713
0.043521073
-0.065143749
0.011896859
0.0029867559
-0.033757616
0.045537714
0.021565875
0.052989859
-0.058006164
-0.054933585
0.05342121
0.032270212
-0.10457911
-0.070674591
-0.0060188887
0.025096476
0.061757591
-0.0047536353
-0.082568623
0.0016263798
-0.005182636
0.070886821
-0.01087281
0.028819829
0.013559724
-0.011237563
0.025158636
-0.046720982
-0.0037410869
-0.081035741
0.0045046378
-0.070834674
0.026118629
-0.049965952
-0.098227203
-0.048227385
-0.072980553
-0.07044936
-0.17035431
-0.0035657922
0.11245151
-0.024474157
0.11552833
-0.068026282
-0.031793673
0.04705048
-0.081358381
0.14720756
-0.071410537
-0.042077765
-0.16042931
-0.029379062
-0.053868961
0.033021733
-0.069937117
0.023941051
0.022408176
-0.13441493
0.093572564
0.0097856959
0.023088058
0.09388268
0.1279926
0.051593333
0.059675764
0.059837755
0.025785476
0.084097765
0.049700905
-0.1103487
-0.0021212243
-0.013652841
0.057636373
0.064825699
-0.097445726
-0.0090255635
0.071502276
-0.063934378
0.00031445865
0.0085433498
0.058461048
0.031814732
0.017028274
0.0089946557
-0.0025043811
-0.070275918
-0.069223456
0.074939921
0.069826104
0.015841424
-0.040299695
-0.097247802
0.01539106
-0.036706239
-0.0044556102
0.045056276
0.057135779
0.067123719
-0.010107362
-0.19282374
-0.021857105
0.067753024
-0.1288497
-0.056606989
0.069071911
0.012815977
-0.029900953
-0.06549485
0.1305113
0.18124741
-0.087267458
-0.024451151
-0.10565333
-0.043585371
-0.11129421
0.084210418
-0.23302585
-0.0022841687
0.072486073
-0.050694209
-0.10922784
0.04547878
-0.0022450737
-0.012047431
0.028966831
-0.023192091
0.0022865946
-0.19542688
-0.094735868
-0.083660968
0.069258243
-0.0014453256
0.0026771061
0.091495253
0.052120395
0.024633693
0.08893273
-0.060050007
-0.15207012
0.0033374054
-0.061834421
0.044083949
-0.031988207
-0.0044200425
-0.080593847
0.095714703
0.038866255
-0.02257319
-0.15344933
0.06393154
0.11688412
-0.089303404
0.003327487
0.044533111
-0.068171136
-0.064029701
-0.15881331
0.032222167
0.13554269
0.053153932
-0.063513368
0.062568016
0.060665306
0.032336846
0.040832348
0.040604554
-0.014835983
0.026834667
-0.13869631
0.070775777
0.083009623
-0.063560285
-0.019372692
0.026062079
0.11816663
-0.12056393
0.03712786
-0.002511611
-0.021459319
-0.038403571
0.025977191
-0.014485562
0.055379827
-0.028702362
-0.032934763
0.091195926
-0.0051787393
-0.0077938028
0.00029960833
0.08624953
0.012622309
0.11120882
0.0342503
0.061462969
-0.020483838
0.012176201
-0.011312178
-0.11127951
-0.10621028
0.07930579
-0.051361531
0.00522083
0.025105815
-0.076385058
0.0087261032
0.070265085
0.077079102
-0.058806974
-0.15020427
-0.060488254
0.016510164
-0.048223618
0.11860886
0.027882013
-0.05046526
-0.029304545
0.062096883
-0.091158569
-0.08134792
-0.019206522
0.0073545575
0.046683025
-0.060639657
0.094919108
0.17820919
0.035038173
-0.063210584
0.0060365773
0.069554478
-0.048103984
-0.022823267
0.052413609
0.03541749
-0.05083818
0.0048208954
-0.21137673
-0.14379841
-0.038310807
0.04032442
-0.022896593
-0.057589475
0.10816443
0.064912707
-0.018753631
-0.10849138
-0.0033150718
-0.020436931
0.076589838
0.072312482
-0.011907969
0.036106128
-0.040490963
0.027368704
-0.035819542
-0.030077217
-0.13369074
0.14184625
-0.03559386
-0.13528015
0.050863229
-0.012810847
-0.040060218
0.049116224
-0.0011276037
-0.14946829
-0.051416967
-0.091028675
-0.092191435
0.048003983
0.0031694018
0.11000732
0.036505181
-0.066232085
-0.049785867
-0.0054631918
0.03725661
-0.0085321479
-0.0067785471
-0.16749948
0.07047867
0.003357226
0.02951128
-0.028560942
-0.0066256821
0.11310343
0.011363995
-0.10725062
-0.031142915
0.13651285
-0.030562231
0.059313994
-0.031915106
-0.04833582
0.060204551
0.010150966
0.049619012
0.11956587
0.070100658
0.06341587
0.065334857
-0.033978093
-0.062656403
-0.052333493
-0.017324261
-0.12084709
0.075541414
0.019221678
-0.0039552972
0.013249871
0.045756608
-0.10304819
0.038762629
0.042725034
-0.025062345
0.070022278
0.060256749
-0.06761831
0.035009362
-0.06184487
0.011646441
-0.0042804251
0.056048591
-0.020466467
0.0014438606
-0.038675528
0.10961256
0.11948117
-0.028991168
-0.091030903
0.030357424
0.007904062
-0.0030630457
0.061469931
-0.1971918
-0.026228147
0.022061773
0.01844034
-0.029607188
0.035995979
-0.047585607
-0.098571166
-0.0031659908
-0.014387788
0.04800019
0.012135589
-0.055286974
0.12464768
0.084548563
-0.031453218
-0.03584066
0.10609718
0.050255708
-0.040269468
0.015978584
-0.10976094
0.0096358377
0.044453304
0.029676562
-0.020751597
0.0011386354
0.02467888
0.082914166
-0.032198925
0.039339595
-0.060530107
0.096291214
-0.053027369
-0.095633008
-0.053445224
-0.071835734
-0.16982973
-0.07223957
-0.069599874
0.0049954047
-0.06652119
-0.057807442
-0.060957488
0.067993432
0.012736845
-0.040478874
-0.099115096
-0.067633845
0.061081577
-0.12329255
-0.081742682
0.038679734
0.06535089
0.14384209
0.086670429
0.069291361
-0.10868035
0.049517363
0.025766293
-0.091942415
-0.12519491
0.19605494
0.064070113
-0.0047536069
-0.059961025
-0.020933511
0.0057480759
-0.05474693
0.19273698
-0.035835836
-0.040246997
-0.065344311
0.0054122163
-0.060016841
-0.033505537
0.023065627
0.02605417
0.01417471
0.0049326648
-0.0039738114
0.0049105268
-0.11216452
0.0029861801
-0.057259984
0.049563456
0.037795935
-0.051091615
-0.055660047
-0.037371695
0.049527906
-0.064863607
0.0029564202
0.089514859
0.0034832063
0.073656484
0.026490668
0.11930982
-0.070332184
0.0051441756
-0.010690356
-0.0073454175
0.011758992
0.089043342
-0.025673928
-0.031732313
-0.063070446
-0.029867627
0.087120771
-0.024454605
-0.048325155
-0.050498944
0.071850196
-0.06720379
-0.029495534
0.011514841
-0.03442429
0.0021980312
-0.074526526
0.0084407674
0.093909658
0.041511003
0.015882848
0.036402587
0.014622419
0.091860563
0.020018494
0.014068116
0.035765026
-0.060634505
-0.056469914
-0.0089425799
0.012695249
-0.046974197
-0.082989171
0.033496339
-0.0096369898
0.0075928723
-0.055927988
-0.0089668697
-0.025743822
-0.034404591
-0.038379829
0.087412007
0.015975768
0.03019676
0.11123153
-0.011294375
-0.03841095
-0.091478221
0.038070425
-0.026563505
-0.030607734
0.090885334
0.02372675
0.023963938
-0.041304603
0.033590239
-0.0016948974
0.087614499
0.04126545
0.013525605
-0.059601974
-0.066943482
0.13161087
0.11601774
0.077026442
-0.085181773
-0.014506974
0.075642534
0.11273598
0.019774066
0.017082624
0.087834857
-0.045290805
0.028648069
-0.040930465
-0.066808537
-0.10573809
-0.01492211
-0.0056508482
-0.087308027
0.05657769
-0.061325032
-0.15454751
0.001298605
0.030303897
0.0057038534
-0.0022105465
-0.15764774
-0.18938349
0.01417902
0.03768038
0.061135694
0.052974772
-0.080196284
-0.014336119
0.079426803
0.074209832
-0.19732162
0.039844979
0.042574462
-0.16549185
-0.062913276
0.00589841
0.029022211
0.10150237
0.087837569
0.048895787
-0.037629519
-0.12329969
-0.012546155
-0.011556231
-0.068684243
-0.050271906
0.056889307
-0.072865181
-0.041798208
-0.0065229586
0.01477745
-0.075603008
-0.028067142
0.048197262
-0.010490686
-0.13806003
0.0063381521
-0.052143242
0.022389963
0.10504749
0.073021211
-0.020660317
0.077550806
0.0037848146
0.078171596
0.025832331
0.027734907
0.048257027
0.059832908
0.13773406
0.021229232
0.085775942
0.047473535
-0.044268653
-0.011873631
-0.017708737
-0.073366992
0.06402126
-0.058235474
0.064318731
-0.11682038
-0.036173318
-0.091043077
-0.071862631
0.1595051
-0.069198452
0.072941437
-0.068482101
-0.035068218
-0.15873909
-0.055955186
0.020626865
-0.13955365
0.039074812
0.12967332
-0.034117807
0.041054755
0.041123383
-0.0088111414
0.069504023
0.078564771
-0.086417094
-0.034665041
0.0012826888
-0.054837026
0.032222874
0.064281978
-0.044934899
-0.15166032
-0.0033294405
1.8910372e-05
0.023534229
-0.012842254
-0.082521453
-0.15883917
-0.055672336
-0.22064443
-0.006605499
-0.021959232
0.098514967
0.0057044541
-0.0096805636
-0.040772501
0.050807521
0.014082052
-0.046258286
-0.040226504
0.035973597
-0.03548545
0.17838205
0.14579532
-0.095117107
0.057395469
-0.16010274
-0.01177723
0.10908097
-0.002128734
-0.02166352
-0.086766489
-0.081355318
-0.047143538
-0.080708869
0.054355416
0.030264575
0.077297218
-0.065236993
0.053823281
0.10369913
-0.14057037
-0.23196471
-0.1088651
0.069240436
0.058773831
0.025870835
0.066530824
-0.014357553
0.12234728
-0.087393783
-0.10407193
0.00010344796
-0.073350079
-0.006865839
-0.014598381
0.029014988
-0.081016235
0.023174081
-0.013446515
0.020487739
-0.071361169
-0.016076846
-0.056522164
0.042853858
-0.013401578
-0.077216238
0.072995268
-0.011267025
0.055992018
0.054378275
0.0019446001
-0.053072624
0.090313837
-0.0039269715
-0.018295893
-0.14790878
0.042243145
-0.037165284
0.044937402
0.079674475
0.033313084
0.076901741
0.042361602
-0.027580345
-0.015156312
-0.071760647
-0.059096064
0.0020915803
-0.036306448
0.07038977
0.03229456
0.066955715
-0.043515492
-0.014145548
0.0025234912
0.080746524
-0.00054948119
0.060748201
-0.095564425
0.08087755
-0.0025826322
-0.057140604
0.038597919
0.013660813
0.015777988
-0.07539092
-0.048977621
0.017162723
0.0023038643
-0.020707339
-0.021937914
0.044449911
-0.029998276
-0.005563125
0.091196872
0.054086525
-0.0072862282
-0.11789302
-0.0691595
0.070118174
0.029724997
0.0088114375
-0.015324255
-0.0026973691
-0.025485687
0.024399715
0.063816547
-0.050446525
-0.090745993
0.029491076
0.08980757
0.1145087
0.078082122
0.019211696
0.0037080501
-0.022873864
-0.083511576
-0.063775688
-0.072316602
-0.073483683
-0.042056393
-0.21876776
-0.022769701
-0.070994675
0.069359139
0.02523296
0.060274225
-0.0046118316
0.010817423
-0.028613163
0.017212726
0.013408169
0.0045445375
-0.098119788
-0.070348583
-0.04250475
0.04207769
0.084411904
0.082518309
-0.00140981
-0.03387237
-0.039351385
-0.082609199
0.070840307
0.024680488
0.050920229
0.031981993
0.0059546763
-0.019448627
0.025430655
-0.030079085
0.0067852004
0.072030991
0.094405837
0.024353134
0.078961037
-0.10704166
0.02488602
0.054471631
-0.069957837
-0.015359057
0.097408585
0.011598293
0.086768948
0.0030655381
-0.081371143
-0.0091190198
-0.001059906
0.022820842
0.025505289
-0.086775117
0.03059425
-0.10604228
0.06212635
-0.065800771
-0.099876098
0.067231074
-0.22988574
0.027421298
0.043696951
0.032186393
0.057467144
0.058229141
-0.091442004
-0.11246916
-0.065006457
-0.041890457
-0.039649073
0.064825587
0.086931556
-0.073240563
-0.020637503
-0.011708775
0.12948592
0.0090370672
-0.010235169
-0.074216746
-0.023787292
0.039257679
-0.13372399
0.033874433
-0.035139464
0.0097589446
-0.021662237
0.081395291
-0.087136321
-0.054943305
-0.0052381293
0.036706828
0.050076228
0.069200926
-0.044805501
-0.025109241
-0.022945603
-0.07068304
0.028639432
0.021863263
0.10415198
-0.054432537
0.04474907
-0.035650048
0.10169965
-0.00047211492
-0.03911351
0.033354592
0.039292935
0.075751014
0.055175014
-0.015434724
0.0097269602
0.099128224
0.056576829
-0.078689963
0.027436178
0.079435647
0.0045613726
0.033738058
-0.045168083
-0.07345473
0.041982885
-0.030675814
-0.073185496
-0.040107004
-0.017017918
-0.01300175
0.087257251
-0.019929677
0.12525721
-0.032258369
-0.086071275
-0.10557269
0.045750894
-0.17156973
0.07135988
0.11354876
-0.034009978
0.056184541
-0.040558007
-0.09619838
-0.10958293
-0.088343985
0.060804512
-0.034639642
-0.12985907
0.058903724
0.16826396
0.076306365
0.038926322
-0.11742637
-0.17706041
0.039876733
0.14840288
0.0070061055
-0.035927616
-0.0049239253
0.050429463
0.038011651
0.11336368
-0.075614445
0.014028825
-0.0036447765
0.0099016549
0.029386485
0.08779557
-0.083650157
-0.063657716
-0.054393254
0.048798788
-0.1432372
-0.080124781
-0.029559419
0.097323686
0.099442907
0.11085812
-0.041105088
-0.080258384
0.085419878
-0.01228505
0.081364065
-0.081249967
-0.086834244
-0.0034455291
-0.12469694
-0.04718563
-0.047167674
0.079913273
0.15809721
-0.055830639
-0.057637598
-0.028482877
0.03796123
-0.050484106
-0.16332641
0.016623871
-0.062238157
0.01232672
-0.011177076
0.028538117
-0.013205235
0.12635018
-0.066386715
0.055254441
0.029113485
-0.044789616
0.05871414
0.017999537
0.056070674
-0.029694457
0.046574794
-0.0078527415
0.028841324
0.1004347
0.070689589
-0.066704594
0.04857114
0.052781645
0.061887123
0.086730905
0.011752609
-0.025064528
-0.15331218
-0.0080591952
0.060881551
-0.089563139
-0.013728983
0.079970866
0.076444842
0.020289743
0.1577764
0.13739519
0.026311222
-0.050782375
-0.080534354
0.073825099
0.064146042
0.025046887
-0.031761173
-0.031144917
0.015191671
0.026541751
-0.048747309
-0.031061379
-0.0027232163
-0.038438268
-0.004993896
-0.12389103
0.00090606615
0.03582342
0.088067017
-0.11424211
-0.14714792
0.067627169
-0.057979006
0.049342327
0.041747462
-0.040591639
-0.019523144
0.041132823
0.055270378
-0.045149364
0.023076614
-0.19694956
-0.0022367588
-0.0040251324
-0.10490545
-0.072543971
0.022048669
-0.059707265
0.103223
-0.048599616
0.055888254
-0.00067229598
-0.075728968
0.035751738
0.099447496
0.021404926
-0.066127978
0.071659915
-0.031784892
0.084981091
0.043049768
0.038562786
0.048320137
0.033356577
-0.02832339
-0.015769402
-0.092140146
-0.028336938
0.08295247
-0.041145951
-0.0023504624
0.037189744
0.036921836
-0.045369122
-0.090553991
0.079405092
0.022405641
0.0064827311
-0.033626817
-0.052371863
0.0013619312
-0.041319799
0.0822336
0.10569187
0.055135775
0.037136082
-0.012493479
-0.062240679
0.017132079
0.037346445
-0.023365529
-0.0053237658
-0.038229432
-0.011856019
0.010006029
-0.028802082
0.047756102
0.099595532
-0.087997355
0.027569851
0.074990407
-0.0031844229
0.063249491
0.023651736
0.03795334
-0.0067576542
0.010923509
-0.2638503
-0.0062436913
-0.014131064
0.079209201
0.064944826
-0.028155852
-0.083970092
-0.080241598
-0.060421575
0.03947882
0.075316384
-7.6125412e-05
-0.035936821
0.054589257
0.033128846
0.014775284
-0.011538263
-0.048673648
0.094724499
-0.0024223852
-0.012984014
-0.024925988
0.071271397
0.031818956
0.036213595
-0.049931422
-0.032381698
0.030045522
-0.059322909
-0.0084336838
0.058862332
-0.0091524981
-0.014977368
0.030712929
-0.038714185
0.039650396
-0.01356595
0.052247606
0.049460545
0.044547662
0.044984374
0.070052817
-0.026907919
-0.026632885
-0.0098151732
0.0027667
0.0093736406
-0.050430857
-0.086126894
-0.099501282
-0.0069141672
-0.031495322
0.0023492759
-0.0034959817
-0.10562636
-0.040582899
-0.035906982
-0.058966417
-0.0014990321
-0.009430442
-0.037762512
0.08424966
-0.023938628
0.087838009
0.088901788
0.068371326
-0.018175876
-0.043407325
0.017178288
-0.0096006002
-0.018741256
0.13788933
0.089709543
0.0094292993
-0.058597293
0.010228596
0.017395265
-0.048989374
-0.091401838
-0.02075706
-0.014978197
0.0095640887
0.067874014
-0.029088579
0.067693584
0.097282618
0.025661297
-0.037246216
0.0093371645
0.10630257
0.15308365
-0.0049078236
-0.1072183
-0.061126433
0.051657669
0.075526856
0.0083641
0.040172618
0.059686508
0.023827551
-0.055095434
-0.043715298
-0.064900465
0.026181538
-0.018788246
-0.015884915
0.001213436
0.067561872
0.0085481927
0.054003429
-0.038081307
-0.069056123
-0.083533436
-0.017360177
0.13279966
0.083100721
0.032413013
-0.0094047962
-0.015660461
-0.12563719
-0.028528782
0.006798008
-0.0026203152
-0.011465583
-0.25185311
0.036238015
-0.20653525
0.042134672
0.067089997
0.0063533252
-0.044449881
0.08356075
-0.054684453
-0.023853732
0.048295137
-0.011959651
-0.016975222
-0.036866419
0.079183072
0.1369044
0.033113688
0.037182566
-0.077628851
-0.12768959
0.039289936
0.017467631
0.010343445
0.041858774
-0.056156136
0.045136955
-0.048718113
-0.15705255
0.0039962386
0.066773735
0.0075355317
-0.0085923187
0.022910926
0.028081536
-0.078645617
-0.0061762398
0.10023198
0.019090582
-0.012408729
-0.31200644
-0.032045461
0.00024047938
0.088855013
-0.038427282
0.064148881
-0.010005721
-0.012030035
-0.075504512
-0.080111705
-0.057236776
0.16984458
0.01289919
0.001880291
0.080281273
0.077761978
-0.0094991289
0.095442884
0.066917181
-0.075601757
0.015189613
-0.00073955773
-0.077545971
-0.031568419
0.06779094
-0.050191805
0.012764884
0.021686865
0.11919782
-0.00096592889
0.071557671
-0.099387668
-0.053469811
0.073093802
-0.0104356
-0.091365531
0.071378365
-0.071076967
0.0089591946
-0.017016849
0.01207955
-0.05217028
0.010521493
-0.051362552
-0.01312003
0.093725495
-0.07106258
-0.065320723
0.076263726
0.15025584
0.10452636
0.015290916
-0.075536832
-0.0044721188
-0.1036853
0.044248022
0.03678165
-0.016145386
0.13529974
-0.06453494
-0.068497352
-0.041519523
-0.12413095
-0.0067644012
-0.0082319817
0.026713101
0.0049352529
-0.096855775
0.031299651
-0.11778773
-0.078570545
0.11894422
-0.078366995
-0.069486491
0.0045582363
0.067722701
0.052598551
0.002843899
0.072926834
0.01041009
0.10677513
0.062760808
0.076287664
-0.051578198
-0.034651611
0.052901402
-0.076367982
-0.10299044
0.042177964
0.061218996
0.050734837
0.06115222
-0.16714045
0.035236996
-0.020394279
0.056765191
-0.069299445
0.00040429775
-0.069723547
-0.056755207
0.053639285
0.036104213
-0.12605992
-0.029857632
0.0097052986
-0.11312088
-0.00043545029
0.13990429
0.039920092
-0.019046325
0.0072450819
-0.047251776
0.085741304
0.03551814
0.033259343
0.14500955
-0.046025194
0.0099280272
-0.0058448897
-0.00071249023
-0.03681349
0.034171462
-0.10909668
-0.033827323
0.055713043
0.023829585
-0.0026524579
-0.011320218
-0.0039536683
-0.01164346
-0.048445851
0.0066997879
-0.015134565
0.014312956
-0.1358532
-0.014588333
-0.047454797
-0.075073659
0.088876873
0.074828796
-0.080338165
0.052024741
0.10902628
-0.058783185
-0.031265628
-0.093334168
-0.043922927
0.14756986
0.08020819
0.082220718
0.013331713
0.025731171
-0.027479695
-0.017485777
-0.056363147
-0.058861896
0.021350071
-0.0013528743
0.10188011
0.0074316901
-0.082805209
0.10875367
0.066509612
-0.084806018
0.034567364
-0.090677664
0.022608271
0.080322601
0.12998429
-0.051642671
-0.015731862
0.10573982
0.038563855
0.035515029
0.032574151
0.017835341
0.0069846357
0.054513779
-0.0015677002
-0.016294811
-0.079579808
0.054098893
0.0099708745
-0.014671007
0.011594179
-0.02305189
0.00027783751
-0.098591551
0.031331945
-0.030907538
0.12904841
-0.012583937
-0.010715409
0.023549831
-0.074311264
-0.053323209
0.066968463
-0.004112931
-0.039873134
0.094775178
0.028542181
-0.0067432867
0.10786361
-0.011017023
-0.034513328
0.0080023203
-0.031937867
0.082933225
0.04540382
-0.11817954
-0.0097235814
-0.017993977
0.016108317
0.0030652508
0.10830929
-0.034777768
0.047832601
-0.048445318
-0.0048538656
-0.081605636
0.061154239
0.053166993
0.03349055
-0.034816742
-0.0049593407
0.065663911
-0.051191501
-0.063491836
0.091138564
0.063603938
0.044662405
-0.055619814
-0.011663278
0.035673879
-0.16360423
0.045590021
-0.17214975
0.0060930634
-0.069393739
0.071956389
0.026093403
0.039788008
0.03758141
0.11778095
0.0039826757
0.055503774
0.0010852159
-0.052896559
0.019340204
-0.034994937
-0.01964098
0.092428006
-0.085205235
-0.046864033
-0.0041976157
-0.12429735
-0.044131737
0.012914903
-0.01671751
-0.051717643
0.069246076
0.012955134
0.075882271
-0.0065173935
-0.064110324
0.036807682
0.022799218
0.078445703
0.014203326
0.014769564
0.01003956
0.076900937
-0.086480938
-0.073869281
-0.12764958
-0.041881461
0.099384144
-0.12094738
-0.047306731
-0.021270989
-0.0074864188
0.11288405
0.15283521
-0.062533326
-0.032389719
0.060264878
0.016098613
-0.027999826
0.072807752
0.12987675
0.012589588
-0.17416568
0.040336117
0.13578157
-0.091197804
0.013850542
-0.09557806
-0.077336662
-0.078384154
-0.10270388
4.570125e-05
0.097149514
0.01987133
-0.082835898
-0.010534721
0.073662221
0.03425945
-0.045188826
0.016624685
-0.039111212
0.080886669
0.012946568
-0.022966353
0.0043791793
0.15648942
-0.028635222
-0.067873158
-0.078972109
-0.060348414
0.064528577
0.075223006
0.079915076
-0.059853844
0.10762415
-0.18178636
0.072350554
-0.031354383
0.066135965
-0.048613388
-0.04893937
0.017323779
-0.086298995
0.059405871
0.0031878841
-0.027683862
0.044875856
0.067101628
-0.011162114
0.00070859992
-0.0032284125
-0.11146145
-0.0011179536
-0.032628052
0.026429806
0.0085960543
-0.024101963
-0.093631715
-0.04039482
0.073964566
-0.12420706
-0.045056649
-0.13795179
-0.073167145
0.070725374
-0.045804113
-0.073964387
0.084819622
-0.056878518
0.033687923
-0.089406818
0.085357226
-0.064288683
0.0068707494
0.079741098
0.0073875082
-0.075732231
-0.085549451
0.055571187
0.10364337
-0.046129122
0.029502824
-0.08759439
-0.10172664
-0.085938714
-0.035305075
0.071782365
-0.042536955
0.02864041
0.090897806
0.03273296
-0.15233363
-0.0018651922
-0.22661825
-0.0019042843
-0.0081209335
-0.025870893
0.062226169
-0.17405346
-0.062849
-0.038601421
-0.021702455
-0.090335168
-0.01891065
-0.037878897
-0.11905614
-0.05807716
-0.043935798
0.018526688
-0.071916327
-0.002640429
-0.088966563
0.077506393
-0.0063610645
-0.056951407
0.099231943
-0.042386558
0.080383688
0.057847254
0.12338214
-0.014436682
0.0093182568
0.044945359
-0.061643824
0.019541021
0.082889095
0.0051845652
-0.073901094
-0.06282308
0.0052028573
0.039004929
0.015915088
-0.027188955
-0.13828626
-0.089081734
-0.094047345
-0.092581987
0.015897658
0.0084048109
0.011062681
0.11324727
0.022021906
0.06904956
-0.0057538445
-0.03699192
-0.086428285
0.09698341
0.034796841
-0.093974724
-0.078811288
0.0012742787
-0.077750809
0.088997521
0.045059737
-0.033744238
-0.067691036
-0.09958645
-0.00015834668
-0.052576996
0.06867706
-0.12931116
0.0056664613
0.079685159
0.080869369
0.016705303
0.0085595688
-0.032404229
-0.022779217
-0.074043572
0.030269137
-0.010516618
0.064241692
-0.080159761
-0.001330634
-0.061046656
-0.10261565
0.015244545
0.014971904
-0.03155065
0.028734181
-0.099244431
0.10396392
0.0085928831
0.010086826
0.061528206
-0.09646102
-0.036400847
-0.098618522
-0.11038913
-0.013421288
-0.074385621
-0.17331254
0.021706888
-0.029316692
-0.026310176
-0.034317128
-0.028826013
0.041272208
-0.1191824
0.028804056
-0.063769005
-0.057864536
0.060965881
0.014919376
-0.0044970051
-0.086982258
-0.06613227
-0.00083135127
-0.051397227
0.097138353
-0.034625139
-0.090773135
-0.017351875
0.012909528
0.085311659
0.11723623
0.019012878
0.017187765
0.017388823
-0.11094692
-0.0065573268
-0.033845127
-0.01479375
-0.016478511
-0.033153489
0.086413294
0.029009476
0.0069986219
-0.037634585
-0.018922253
-0.040051214
-0.056938644
0.091383949
0.057792626
0.025351731
0.069557458
-0.030726876
-0.10271863
0.0043644276
0.039476294
0.091641396
0.013070167
0.059573691
-0.052769735
-0.087242663
0.03422077
0.029156648
0.057014041
-0.11075113
-0.0036624582
0.071728967
-0.035475511
-0.0039805407
-0.0050209253
1.4426418e-05
0.017991118
0.035777021
-0.06415651
-0.088139683
0.026486462
-0.12452063
-0.042200588
-0.085955828
0.013314527
-0.034425359
-0.036207356
0.012469686
-0.0050198012
-0.092744142
-0.08665444
0.019123755
-0.016731292
-5.5148685e-05
0.024018878
0.043163024
-0.061929815
-0.05276018
0.072073527
0.012520319
-0.02724372
-0.031839509
0.0041758902
0.02037039
-0.036974069
-0.040661786
-0.1359559
0.10092946
-0.032843489
0.071430102
0.00082898047
-0.039003164
0.019831913
-0.26754823
0.0022040762
-0.0182373
0.050348494
0.05526156
0.037908509
0.020891003
-0.11386807
0.059184045
0.054893818
-0.025079211
-0.014600735
0.083340682
0.10646821
-0.1253117
0.048811905
0.056960084
0.028026132
-0.022572434
-0.025496179
-0.030182568
0.049759939
0.06425789
-0.098270863
0.10478083
-0.11370233
0.031361815
-0.092117518
-0.058713026
-0.074319102
-0.012591355
0.10261418
0.066666551
-0.065719917
-0.030280707
-0.0077798674
0.0020255386
-0.0023077184
-0.0035458065
-0.027992412
0.051482923
0.04032388
-0.15813714
0.084586173
0.073484518
-0.072376199
-0.070989229
0.046684809
0.0063032554
-0.0078848926
-0.029644897
-0.039856721
0.010339292
-0.044283763
0.0082407603
-0.0039319182
0.0073288446
-0.046579693
-0.020276194
0.0026865485
0.053503163
-0.058727972
-0.046296004
-0.061351199
0.0039715436
0.051919416
0.030049758
0.041320901
-0.03922129
0.051721029
-0.0019341708
-0.079182737
-0.0686621
-0.019872149
-0.01073941
0.073114954
-0.037510145
-0.038287677
-0.088532887
-0.028180256
-0.0017472206
0.065127477
0.052858394
-0.0095536141
0.099699184
-0.050434988
0.027875947
-0.11905122
-0.073085889
-0.029448053
0.061340462
0.017842937
0.11295095
-0.10884289
-0.040834874
-0.037112169
0.063288391
-0.063188277
0.026839046
-0.026062565
-0.10542154
-0.024977028
0.04353131
-0.025720287
-0.03837733
0.16604863
0.090213127
-0.072710045
-0.077583678
-0.01319472
-0.067134529
0.04371012
0.071118779
-0.10431056
0.044903893
0.0092816465
0.056469172
0.026051685
-0.097927995
-0.11880605
0.0016836548
-0.044298932
-0.020571711
-0.063181922
-0.087818183
0.00988694
0.10602557
-0.050471202
0.036766104
-0.073148891
-0.05237364
-0.022156438
0.015254116
-0.005045258
0.010523373
0.0017969605
-0.11407531
-0.0034889583
0.0041793077
0.073550574
-0.094769023
0.014142643
0.024938866
0.021199578
-0.024462165
-0.082154982
-0.063503653
0.050054815
-0.075913131
-0.0037095589
-0.0026617083
0.0063590612
0.029977936
0.050959315
-0.062188983
-0.0952392
0.0020412828
0.08825057
0.1533668
-0.01544615
0.033775885
-0.0038455147
0.013528566
-0.042846221
0.068428449
-0.14478447
0.046041206
-0.039828572
-0.0059019132
0.024123341
-0.00021145599
0.061344907
0.027978882
-0.0053999624
-0.074432082
0.063465245
0.075949036
0.11591121
0.13388255
0.068770975
-0.020266598
0.075109735
0.046595763
0.029660715
0.094437405
-0.04756964
-0.026296653
-0.058440633
-0.014978378
-0.06700062
-0.0521583
0.063337587
0.019859537
-0.079769567
-0.035898175
0.017034557
-0.058421761
-0.14437138
-0.020175835
-0.02846217
-0.069150642
-0.12743257
0.010792786
-0.079648234
-0.022590812
-0.078539841
0.0040595364
-0.018814575
-0.10064486
0.026370669
-0.13866892
0.027295791
-0.042988926
-0.0041009863
-0.052144952
0.061233506
0.15470842
-0.02217103
-0.024467051
-0.0098187895
0.076808721
0.028876618
0.052593749
0.068631232
0.026601201
0.025584195
0.082042277
-0.1411331
-0.073040925
0.018775815
0.046969011
-0.019450575
0.049210399
-0.014551285
0.033172008
0.0099518159
0.012655417
-0.1039895
0.033044089
0.09526936
0.093433626
0.080209218
0.15160614
0.038992479
0.0081530865
0.061386533
-0.032668419
0.080822386
-0.094414763
0.025239674
0.077768475
0.143986
-0.01865926
-0.099074945
-0.059109796
-0.008318943
0.037052087
0.050371043
0.011540225
0.039582372
0.055737861
-0.076068945
-0.0038949242
0.037006944
-0.0080236588
0.17883733
0.019057926
0.00021841892
0.00010764696
-0.0078756753
0.035112325
-0.13356914
0.026152147
-0.057123948
-0.069736034
-0.00020442363
-0.12584814
0.099244364
-0.011252153
0.0069503901
-0.012297326
0.031003291
0.062293928
-0.037431423
0.03966292
0.065001354
0.049791571
0.034227755
0.023871338
-0.0041067009
0.021783203
0.10753378
-0.028345039
-0.044732798
0.03555356
-0.16579032
-0.013088227
0.059693322
-0.091768034
0.026418149
-0.011507422
-0.091647916
0.037145827
0.031376321
-0.00084807363
-0.07857006
-0.068450905
0.062077574
0.079492755
0.0217655
0.043289635
-0.0036531251
0.092946708
-0.11470176
-0.078434378
-0.22040634
-0.020478444
0.04002095
-0.083791263
-0.037953958
0.015214182
-0.033368867
0.045378201
-0.016718535
0.059273332
0.080402069
0.077770285
0.088507123
-0.025641548
0.0051860488
0.061360866
-0.038779303
0.037680883
0.0064258743
0.032561608
0.077539556
0.00044904606
-0.0064898971
-0.020376779
0.0085499203
0.0591841
0.087647066
-0.015597119
-0.0027625735
0.037752047
-0.020622747
-0.093588658
-0.021541255
0.040993642
0.11175526
-0.012727323
0.038320936
0.061132524
0.00060817896
0.0647882
-0.056923911
-0.050220381
-0.0666596
0.034382362
-0.049523152
0.17725874
-0.094091639
-0.052240163
0.098880678
0.014170158
0.0077020503
0.073560923
-0.13547714
-0.017049812
0.0011444864
-0.044695321
0.036962073
-0.041109387
0.080523781
-0.030178795
0.034234464
-0.043404855
-0.029909912
-0.056796651
-0.0054845801
-0.025907634
0.053730078
-0.064179972
-0.0064109252
0.014431311
0.16473439
0.1444682
0.01867944
-0.084068455
-0.034082405
-0.011086799
0.035065133
0.00027350601
0.057933003
-0.039950699
-0.030483894
-0.023672305
0.019113626
-0.0025881277
-0.03366971
-0.11292365
0.062559351
0.0063699479
-0.030365767
-0.029137921
0.05636172
-0.022894621
0.10834435
0.017667899
0.059982996
0.079574503
0.033011694
0.0545226
-0.10453989
-0.12084427
-0.0067351349
0.11062564
-0.14238752
0.040234447
-0.025456496
-0.069087416
-0.015327905
-0.052055381
0.040535659
-0.064958915
-0.014748335
-0.02898025
0.06515082
-0.058805484
0.0095492247
0.034306001
0.0099574747
0.01914314
-0.17816061
-0.052571278
-0.078672417
-0.032586608
0.089821421
0.053457111
-0.10394105
0.03467647
-0.022991871
0.018939566
-0.044816867
-0.083963811
0.10698068
0.025687745
-0.0054753562
0.019808279
0.035096977
0.083439611
0.025735714
-0.022390729
-0.089690737
0.11090753
0.022705793
-0.031349789
-0.0060964148
-0.025386047
-0.013465408
-0.11969802
0.051874239
0.053315666
0.01458585
-0.033662781
0.056942612
-0.0061716377
0.07757999
0.16092527
-0.0055869627
-0.012318183
-0.078888297
-0.032161262
-0.010637128
0.041823823
0.079262473
-0.037089013
-0.051388711
0.0082950154
0.0068542031
0.069110781
0.045517158
-0.2042716
-0.034548063
0.063649431
0.10552873
0.038790803
-0.15612096
-0.040825505
-0.075592794
-0.035740167
-0.11719127
-0.072093681
-0.052782536
0.010398973
-0.030583352
0.020931276
-0.068692379
-0.022526078
-0.081139952
0.067289606
0.12801971
-0.00084043923
0.035710432
-0.0066862609
-0.030822782
-0.094845705
-0.028745886
-0.039438013
-0.045766842
-0.10043511
0.056257218
-0.027851202
0.11646634
0.044772886
-0.082115903
-0.10793715
0.047682028
0.04830962
-0.016265376
0.092887059
0.036604367
-0.02745934
-0.0056194193
0.09728007
0.067996852
0.041571122
0.10222574
-0.014623293
0.055432491
-0.014001731
-0.11916237
0.019089557
0.062169913
0.08688499
-0.067596048
0.023142351
-0.072091833
0.063568816
-0.051408838
-0.0075260787
0.031811044
0.099523425
-0.074985243
-0.11158732
-0.066837005
0.076406211
0.043601472
0.05226589
0.022676408
0.084530331
0.01745759
0.09080404
0.0053663184
-0.085355535
0.0063656433
0.070809491
0.072956175
0.14713421
-0.014010322
-0.035379279
-0.0027575234
0.0030988506
-0.0060702851
0.05864979
-0.058300994
0.056122668
-0.14797212
-0.075770713
0.088355497
-0.018108208
0.017833773
0.051778752
0.077150278
0.018897375
0.058126096
-0.041212291
-0.00086040661
-0.0074038864
0.077079691
0.032679562
0.09178517
0.010442207
0.1710342
0.090834782
-0.00097614276
-0.04662646
0.085669398
0.052753013
-0.046811957
0.041224968
0.043852359
-0.0091844033
0.011972666
-0.13717088
0.014132732
-0.049845692
-0.043261841
0.054059573
0.052369598
0.0093199806
0.066992328
0.077612355
0.037750181
-0.0080775591
-0.042902004
0.084673434
0.056084346
-0.004194329
-0.07562653
0.075477079
-0.032571726
-0.065990686
-0.015270473
-0.054952782
-0.0080503803
-0.0052129938
0.051559847
0.067962877
-0.013623265
0.014512096
0.023902748
0.015370543
-0.038366541
-0.10404854
-0.011157623
0.098817281
-0.0043535694
-0.043980889
0.066555098
0.061879929
0.031250585
0.050182987
0.011057134
0.026870374
0.021462398
0.06782639
-0.051283564
-0.014954102
0.02525091
-0.0086055892
-0.076718315
-0.004904707
0.030418199
-0.012120847
-0.19917569
-0.022595255
0.027966212
-0.036867093
-0.17843115
0.053778756
0.017993078
0.061827566
-0.043333896
-0.12994811
0.0064837206
-0.00089040678
0.041940626
0.012384141
0.0068010804
-0.1065957
-0.089334816
-0.062545471
-0.11779578
0.058806948
0.027021848
0.082947314
-0.071508601
0.036685009
0.053220026
0.077701747
0.010468506
0.0094540538
0.1103308
-0.009766602
-0.0051960684
-0.00070907513
-0.014467443
0.038437732
-0.014941835
0.020024044
-0.030232072
0.022406951
-0.049779326
0.032166153
0.021653475
0.021423282
-0.045993447
0.013407373
0.042660035
0.052554037
-0.039589081
-0.072369538
-0.018581908
-0.025706762
0.048540328
-0.16614154
-0.088943437
0.064274468
0.036512554
0.090614483
-0.0063596494
-0.019460445
0.032290615
-0.041286424
-0.061967578
-0.0075018387
0.0016770578
0.083525024
0.061651781
-0.24353483
0.040024277
-0.083877988
0.045800366
-0.016229209
0.047829039
0.087415971
0.0841254
-0.09578985
0.083984524
-0.045516368
0.04844572
0.030161437
0.031464234
-0.0343206
-0.035508592
-0.12750834
-0.0093487762
-0.04555463
-0.0042658928
0.057510678
-0.1107799
-0.094071358
-0.089153342
-0.096628673
-0.17681949
-0.084142171
0.072091952
0.15008423
-0.0029000235
0.073134981
-0.064025961
-0.009335815
0.01269354
-0.083689578
0.076327503
0.072711527
-0.03675098
0.032232095
0.10388025
-0.126142
0.025976999
0.12080865
0.023965599
0.053945243
-0.047703661
-0.0035131273
0.023092272
0.029968169
-0.032810565
-0.16846296
0.0016745944
0.079551622
-0.099018775
0.017177569
0.049341351
0.036906835
-0.023221442
0.02510334
-0.074248932
-0.045019191
-0.11424192
0.044900745
0.0034116851
-0.031096444
-0.061276466
0.096433647
0.03247058
0.030766329
-0.026541051
-0.007870378
0.021181075
0.0022364384
0.090240985
-0.041117165
-0.097853377
-0.051366534
-0.049432248
-0.00069507258
0.011789412
0.08885254
0.024154747
-0.11704885
0.047811456
-0.02223297
0.10272662
0.020112764
0.035317291
0.025340967
0.019570101
-0.04347178
0.048528895
-0.12239625
0.071354583
0.013027534
-0.071567446
0.125194
0.0076602576
-0.053011913
-0.072939076
-0.030754078
-0.026413601
0.04150911
-0.00098269584
-0.055164415
-0.023750108
-0.015804967
0.028084343
0.07076513
0.065036319
0.073871017
0.024011325
0.00891646
0.014618483
0.052431401
0.00010550813
-0.14153811
0.0048095267
-0.0080453986
0.070144244
0.061286736
0.044954944
-0.053838123
-0.0025504769
0.0077981092
-0.03294412
-0.033763904
-0.0017720674
0.089364223
-0.068229169
0.058402669
0.048748747
0.010397763
-0.070538446
0.0097183455
0.021563796
-0.010081015
-0.16754033
-0.0098720789
-0.072668694
-0.061105009
0.0024110482
0.18716723
0.10223608
-0.10405689
-0.072874881
0.061796289
-0.010126656
-0.094050944
-0.086149633
0.071352415
0.093647771
0.097485609
-0.073358029
0.11025028
0.027407385
0.0076545877
-0.15042724
-0.01011585
-0.015254027
0.050511409
0.045496151
0.030357843
-0.035628732
-0.089151263
0.010276241
0.034501318
0.08541128
0.21614563
-0.069191687
0.004615156
-0.028107157
-0.030552881
-0.13592894
0.041151606
0.093188643
-0.035910513
-0.035049256
-0.021874512
0.10725307
0.025469063
-0.029265601
-0.080263853
-0.059840396
0.051175814
0.05282132
-0.037334744
0.10669734
-0.078952126
-0.06290289
-0.059115253
-0.019869382
-0.062858954
0.011264115
-0.085680358
-0.022453023
-0.0028127385
0.022206748
0.026038786
-0.24614954
0.0061802599
-0.053746808
0.02929309
0.12836787
-0.041357111
0.053004898
-0.10985825
-0.0045625446
-0.026758729
0.085647911
0.0052009346
-0.26764897
-0.030303529
0.27681661
-0.034982711
0.023763778
-0.17223632
-0.0057818629
-0.14655094
-0.093341418
-0.022196461
0.13883536
-0.080588728
0.041429855
-0.14882389
0.032373838
0.073047474
0.082062595
-0.04919057
0.044173896
0.03714009
0.068933643
0.010520098
-0.040034384
-0.024671862
-0.051752158
-0.010275344
-0.11571123
0.03185552
-0.014463161
-0.11993346
-0.05958787
0.042811636
0.017632727
-0.088146389
0.013268727
-0.055476233
0.059903637
-0.092792541
-0.15815817
-0.014104801
-0.040822953
-0.027166901
-0.14886706
0.022674527
-0.097616687
-0.091779694
-0.0043214587
0.15867496
0.095159225
-0.056968905
-0.05337039
-0.19234674
0.1568668
-0.078308471
-0.0020468233
0.017426854
-0.075514212
-0.14255096
-0.080215417
-0.060308442
0.010851207
0.0078619765
-0.0025276656
-0.012606309
-0.020716848
0.049966197
-0.15904179
0.038394757
0.037307482
0.12546532
-0.068727061
0.033649903
0.03767867
0.014522932
-0.09636914
-0.022523459
0.0033916251
-0.036972582
-0.073392332
-0.027904356
0.033857208
-0.015210135
-0.012701181
0.0761583
0.020236146
-0.011807863
0.053086177
0.029672217
-0.0087598413
0.046786606
-0.032486964
-0.00027897643
0.013303244
-0.066652052
-0.1128388
-0.0379829
0.010175038
0.051869228
-0.043126069
-0.0074010254
-0.0023130623
0.01501175
-0.014463212
0.089389682
0.028515806
-0.014142804
0.016688267
-0.046707869
-0.096876599
-0.049081594
0.069755763
-0.05456144
-0.15660654
0.026138073
-0.023705261
-0.017594246
-0.0090416884
0.075854748
0.079722092
0.031509157
-0.033193648
0.017150737
-0.050351005
0.012485734
-0.12843427
0.064681746
0.016216189
-0.13137926
-0.02733057
-0.065117225
0.049048092
0.095169708
0.13470501
-0.014367887
-0.077151701
-0.044382926
0.088165626
-0.041138694
-0.067989498
-0.086750291
0.029100718
-0.02000495
0.14809047
0.061587825
-0.019868217
-0.0052845413
0.0021738166
-0.12932718
0.043789234
0.041725814
0.04881198
0.083014339
-0.045677762
0.067052044
-0.059801109
-0.055631209
0.044520061
0.049156044
0.072590962
-0.26914299
0.011316113
0.047012094
0.046659652
-0.09610901
0.0078183962
0.029767042
0.047643844
0.035536971
-0.048552819
0.023552939
-0.094130829
-0.0060400749
0.021809245
-0.19765909
0.11203743
-0.0025027329
0.12114935
-0.011444711
-0.1765988
-0.081931315
-0.070106007
0.037587546
-0.063171208
0.0049566622
-0.055593021
-0.0095988028
-0.0043153833
-0.072594993
-0.028226104
0.019033043
-0.10972317
-0.084682062
0.087494075
-0.051751118
-0.072318576
-0.10104891
-0.038153674
0.079620488
0.035503618
-0.067708895
-0.000881808
-0.13689184
-0.075085551
-0.065309182
0.10892357
0.093795948
-0.079962417
-0.00070217572
-0.07532271
0.02090632
-0.015129808
-0.011384379
-0.013114288
-0.059825554
0.05465275
-0.14201543
-0.1452799
-0.01550366
0.0040213731
0.047005892
0.069296271
-0.084553465
-0.0054180543
-0.097169027
-0.0089514162
-0.13164245
0.061207738
-0.080585934
0.037840918
-0.056665104
0.070877269
-0.09927047
0.0090080276
-0.071264662
-0.025072785
-0.080093853
-0.073394515
0.062619641
0.0057435846
0.05840075
-0.024352822
0.13822412
-0.047275297
-0.058664653
0.025085473
0.08929839
0.0097509995
0.016743045
0.026407795
0.0043336446
0.063132219
-0.029504785
-0.093275905
-0.035755485
-0.15333632
0.058121592
-0.11586445
-0.028808758
-0.10273675
-0.020880515
-0.057294112
-0.0087607494
0.021159343
-0.046644252
0.013694159
-0.048089348
-0.012467026
0.054139879
0.034077466
-0.010161187
0.073347442
-0.10673455
0.0020563148
-0.023343476
-0.021635074
0.07006336
0.049690545
-0.0081407502
-0.045248613
0.1493638
0.025899695
0.097555339
0.083819121
-0.022916498
0.015970342
-0.047692113
0.0074610114
-0.064519145
0.042162415
0.10554954
-0.02234037
0.0860928
-0.10715815
0.00021544854
0.11471108
0.0180123
-0.023804039
0.0070616915
-0.049291786
0.01354563
0.058011748
-0.1267197
-0.055149794
-0.06142284
-0.030836716
-0.058510397
-0.008358866
-0.076798365
0.002526562
0.021777332
0.049570058
-0.028394474
0.017632721
0.010916382
-0.14780647
0.0098512368
-0.067883715
-0.1043204
0.034880746
-0.08972919
0.118966
-0.045744058
-0.093710251
0.043583553
-0.10224966
-0.017902251
-0.080349237
0.086958915
-0.031015513
-0.11062258
0.024698164
0.040181797
0.031345051
-0.031472903
-0.057065997
-0.012189323
0.0016987757
-0.20779254
0.0013749087
-0.13747872
0.027848545
0.040772203
-0.019919401
0.075882152
0.0056685875
0.016612969
0.059173223
0.068464883
-0.012899047
0.051870935
0.050914951
-0.022298155
0.039210681
0.050450061
-0.071567662
-0.025141224
0.025623009
-0.027475232
0.10608792
-0.12859109
0.022261791
-0.050602838
-0.1013315
0.0097943265
0.037137218
0.019168537
0.047666285
0.027270213
0.10653299
0.012531768
0.050272107
0.072357714
-0.065841705
-0.095137708
0.089169919
-0.072626464
0.052573532
-0.19949089
0.02227354
0.021579826
0.11586949
0.035592072
-0.033454239
0.090265624
-0.043551404
-0.024572548
0.016423818
-0.20885277
0.010111719
-0.023414353
0.099583715
-0.092071772
-0.027043309
-0.067622557
-0.023241377
0.097913273
-0.046439406
-0.15186821
-0.057710011
-0.050832544
0.0036346873
-0.011133719
0.039143093
-0.048970681
-0.065748684
0.018800331
-0.012338455
-0.059276976
0.032683622
0.059323277
0.09626282
-0.036487695
0.037663229
-0.10003981
-0.039012194
0.026380718
0.00076039735
-0.084568746
0.030521417
-0.091629714
-0.042968474
0.11432967
-0.025346497
-0.03617423
0.022224106
-0.011000588
-0.039591767
-0.042578403
-0.011998585
0.017935103
0.071345113
0.063432693
-0.011770954
0.093948334
-0.048313569
-0.044014025
-0.076224923
0.050573546
-0.11859671
0.060525324
0.0068990295
-0.12087881
-0.013107872
0.019780951
0.020137759
0.032097805
-0.026366066
0.013493977
-0.12090691
-0.096756063
-0.022323154
-0.015576653
-0.065453775
0.072444156
0.015372589
0.087740883
0.076979563
0.041888975
-0.063376047
-0.071425728
0.025124993
-0.044055626
0.026093271
-0.089766957
-0.004192749
0.00058019324
-0.18778116
-0.036586694
0.0090902606
-0.09048494
0.0040777596
-0.020953404
0.042712882
-0.011489095
-0.061117612
-0.029519867
-0.08294034
0.019166443
-0.0072154095
-0.046202257
-0.10275384
-0.04523899
0.0073371213
-0.025353266
-0.034567732
0.047884293
-0.028933182
0.053510718
-0.011210594
0.040380847
0.029921491
0.033491913
-0.042402651
0.076580666
-0.06098948
-0.033619717
0.049748342
-0.092791691
-0.014250021
0.026446812
0.025200894
-0.0013700612
-0.049188562
0.062811159
-0.06845507
-0.043457594
0.0025448643
-0.059087917
-0.074508309
-0.1150913
0.031993378
-0.021623975
-0.047615197
-0.073668905
-0.047274936
0.066413894
-0.063644052
-0.036033697
-0.045710161
-0.046781857
0.033501647
-0.012425002
0.083691031
-0.027867671
0.046940576
-0.0032234055
0.020792371
-0.0925171
0.12309463
0.055124097
-0.06971819
-0.0029880488
-0.078568205
0.0012292002
-0.06057002
-0.066880845
0.022887224
0.10476653
0.001913578
0.050799739
0.056844749
0.083641969
-0.067171231
-0.031284828
0.040752675
0.02912849
0.088416718
0.016526571
-0.039801918
0.0055737263
0.075764261
0.0087429006
-0.068569951
0.028407115
0.067421071
0.10517255
0.048309114
-0.065429144
-0.034978375
-0.081803948
0.063048266
0.012977671
-0.017934917
-0.08059743
-0.077511162
0.0031666644
-0.042679857
-0.038806673
-0.05517463
0.0061745653
-0.054893743
-0.068360165
-0.064768754
0.021922512
0.060486298
0.036108479
0.022036342
-0.020762892
0.042065375
-0.035340276
0.012533399
-0.017476773
-0.062217895
0.0038273686
0.1032804
0.11345499
0.03266044
-0.020547196
-0.073230311
-0.026609557
0.037133869
0.090991005
-0.045110952
0.06407883
-0.13372615
0.064495854
-0.029618299
-0.0015774434
0.017688299
-0.0018277725
-0.022510296
0.065138087
-0.19178206
-0.16623217
0.11331173
0.048736654
0.056751776
0.060113721
0.0554596
0.0014887
-0.066787578
-0.0070164991
0.01425608
-0.024364911
-0.1296849
-0.025963072
0.028447693
0.06925033
-0.00030277477
-0.026085412
0.012133501
-0.01372146
-0.004726572
-0.00031483083
-0.052051052
0.02366722
-0.011557187
-0.0080885636
-0.024945453
-0.0044202521
0.052028108
0.040168133
-0.099980824
-0.049138092
-0.0098384535
0.0019355529
-0.0026003923
-0.12220067
0.11280693
-0.028154518
-0.015296146
0.05775439
-0.08796867
0.06265267
0.027510397
0.0089867422
-0.011683814
0.079399332
-0.046981446
-0.048247386
-0.013946755
-0.11719659
0.044525065
-0.054549336
0.033636533
-0.13180545
0.020327201
0.062405802
0.015583031
-0.0031861828
0.011656195
-0.033706624
0.0008764285
0.1516138
-0.07723137
0.15447567
-0.0056457962
0.059431911
0.033568304
0.076022044
-0.21412469
-0.034912843
-0.010516755
-0.047869075
0.05297599
0.00065993593
-0.038688246
-0.083475135
0.023211842
-0.062864967
-0.12192392
-0.06730517
-0.043169893
0.022965617
-0.15027964
-0.01820451
0.042998735
-0.079747841
-0.024038224
-0.098357476
0.1028941
-0.11281203
0.13973846
0.052500151
0.040878553
0.058462564
0.027004438
-0.0054530688
-0.092742555
-0.078445852
-0.026188824
0.08482831
0.15307185
0.14689703
0.017572863
0.046399642
0.044097662
-0.0957537
0.045485873
0.041152287
0.018655732
-0.12607743
0.068661727
0.13438907
-0.074329577
0.039449174
-0.22319597
-0.0057612094
0.17325246
0.086094394
-0.021570364
0.071849875
-0.039114334
0.058151145
-0.035683475
-0.074088849
-0.01513585
0.057507519
0.012217849
0.043759909
-0.078859106
0.062787004
-0.0088433018
-0.0078053651
0.071423367
0.17036813
0.091307193
0.041629314
0.02718346
-0.018586209
-0.024698257
0.042504344
-0.11317908
-0.007436404
0.034404043
0.081476472
-0.018801725
0.23177525
0.013191356
0.0156043
-0.056208503
0.092065312
-0.013278665
-0.0024942798
-0.18792275
-0.10258227
-0.083214693
0.024993077
0.017554827
-0.12450733
-0.10658687
0.056128748
-0.0035202804
-0.022184163
-0.014009342
-0.1653921
0.02717449
-0.030575998
-0.029477082
-0.038527016
-0.11599436
0.068469018
0.037391447
0.17052491
0.017994443
-0.17394307
0.12838049
-0.18320753
-0.066054046
-0.084733777
-0.013188353
0.053464226
0.0066213142
0.022957904
-0.040077586
0.027688419
-0.0075272811
-0.078962348
-0.0016279236
-0.095624879
-0.001156689
0.091352552
0.14555253
-0.014082119
-0.0095799528
-0.040484406
-0.16994812
0.004919922
0.038581323
-0.064416863
0.05218298
-0.028321017
0.04126538
-0.2190793
-0.11539307
0.061384171
-0.069611497
-0.047704212
0.046246018
-0.046667475
0.13453977
0.067835361
-0.058738228
-0.063933574
0.05702674
0.12297418
-0.017422371
0.11056831
-0.00040977032
-0.0082135098
0.16705546
-0.042551741
-0.022715233
0.098655455
-0.11958062
0.0026069693
-0.0076259603
0.069806382
0.069509424
0.023039408
0.046022736
-0.032808613
0.01284958
0.025334816
0.0061147874
0.021803785
0.10800711
-0.12766075
0.0022673085
-0.057443872
0.041146487
0.032251164
0.027965497
0.0030490113
-0.05391898
0.065356009
-0.061334893
0.020012887
0.072820954
-0.082020693
0.067540579
-0.0029087318
0.049906485
-0.0030674299
-0.025164479
0.17328364
-0.041062888
0.040004823
0.024011964
0.024511686
-0.12950785
-0.014853647
0.024957491
0.038036637
0.062679201
0.057917375
-0.013406768
-0.020872643
-0.0011694629
0.02173054
0.12048769
0.027034163
-0.033543445
0.023241676
-0.031787477
0.079619639
-0.13065869
0.021299148
0.0031619994
0.087344736
0.15607873
-0.48001227
0.035663459
-0.056365427
0.027825698
0.039057761
-0.015033979
0.0065072477
-0.07388781
-0.029209929
-0.044502798
0.013037884
0.051678583
0.10409674
0.013677648
-0.020033322
-0.093047686
0.10346946
0.03834765
0.014007567
0.033799931
0.014995517
-0.0073443335
-0.12374851
-0.013062316
0.081662364
-0.0040871338
0.00051373226
0.030493937
0.069191754
-0.086346813
-0.041477583
-0.012009221
0.020279793
-0.094923802
0.01246745
-0.037155416
0.12419957
0.11072059
0.10833811
0.096795782
-0.01403698
-0.042021271
0.012044857
-0.081065923
0.0063781417
0.061151098
0.046332099
0.010910402
0.037100438
-0.074316062
0.06598077
0.10794581
-0.088640861
0.052131306
-0.056765728
-0.088626049
-0.017487848
0.073074542
-0.043555789
-0.073085852
0.010112422
0.020739635
-0.064682923
0.00077876111
0.08881744
-0.019144131
0.010688374
-0.0067569641
-0.0091283489
0.10022646
0.0048972601
0.060663454
-0.015207362
0.022986887
-0.075034536
-0.04616265
0.042789787
-0.029923385
-0.0073834835
-0.093036428
-0.019409195
0.06152055
0.0060183662
-0.0036340093
0.0074936389
0.013034924
0.038765486
-0.058277164
-0.073718242
0.02024102
0.00060705876
-0.045051467
0.015815806
0.082435466
-0.12592386
0.0315612
0.037074551
0.0079259723
-0.14205134
-0.050810333
-0.020394187
0.051845677
-0.083131529
0.02231341
-0.062057745
0.077602014
0.030679421
0.0073880306
0.035975125
-0.072727568
-0.057253506
0.017410504
0.0793157
0.048420198
0.11064848
-0.053577226
0.074647769
0.032514475
0.069078252
-0.22186351
-0.0009658832
-0.064259753
0.14078203
-0.028510239
0.0083625605
-0.021719152
0.0026313181
-0.042264637
0.058576651
-0.025695074
-0.0029487908
0.014988382
0.1242345
-0.025893556
-0.081714168
0.10211962
0.011547378
0.0078368383
-0.053387839
-0.061020989
0.01215945
-0.04826349
-0.051359326
0.055368867
-0.047506839
-0.062175307
0.10178997
-0.097130634
0.040061191
-0.0015544352
0.061146256
0.0036463982
-0.037513424
-0.00028759657
0.026931968
-0.03658434
0.017574741
0.029706703
0.016187377
0.0012153343
0.076381236
-0.0054602097
0.022715025
-0.074160598
-0.12624423
-0.075684771
-0.08128278
0.032345142
-0.063176893
0.1065469
-0.0068434454
-0.04808205
-0.099586844
0.031924773
0.012650362
4.7896021e-05
0.042447239
0.0021978552
-0.063294999
0.074534878
0.036975548
0.04538323
0.024106273
0.065220326
-0.054122768
0.11512035
0.046975829
-0.035043348
0.045101725
-0.051012374
0.0026450134
-0.15713686
0.08505854
0.021984624
0.13415396
-0.049200431
-0.025239764
-0.03493112
-0.015594602
0.14104947
0.065306686
-0.026598811
0.011020754
0.063239224
-0.049026255
0.037992615
-0.013353234
-0.040722795
0.14392234
-0.10267436
-0.13174328
0.085248753
-0.10596242
-0.03730657
-0.066418201
0.028415961
-0.090874285
-0.0032615811
-0.14596547
0.061496016
0.03453356
0.022070533
0.13856971
0.066880256
-0.12706664
0.15233549
-0.017874079
-0.1809904
-0.070120223
0.072879642
-0.014504584
-0.068319358
-0.056023818
0.044568162
0.11908096
-0.005106627
-0.031994671
0.043137796
-0.047561593
0.059555378
0.06984815
0.018817557
0.087986492
-0.10024022
-0.14909786
0.064197496
-0.052740421
-0.061486371
0.06293489
0.013142067
0.050977156
0.083212338
0.062169068
-0.10967214
0.15173134
0.13264228
-0.035683583
0.030815072
0.0074579306
0.089817755
0.0078990599
0.022031359
-0.088387959
0.068743631
-0.12358602
-0.023079742
-0.035558015
0.068147428
0.034576088
-0.14445424
0.05091922
-0.0075956131
-0.052556936
0.045799389
-0.11761487
-0.089681558
0.12577641
-0.011011816
-0.068085566
-0.064736545
0.034212708
0.064247072
0.10467264
-0.090560459
0.17597586
-0.051968414
0.048614539
0.063480489
-0.065657243
0.061919339
0.023520278
-0.024739945
0.099283114
-0.039555889
-0.13424847
0.080577478
-0.09244892
0.018523265
-0.016578261
-0.18310319
-0.15740779
0.0019764148
0.04408646
0.077844732
-0.12004605
-0.011045282
-0.10455929
-0.030269912
0.047788233
0.02240365
0.084660053
0.05347256
-0.15992939
0.05560106
0.026997985
0.14288178
0.075650692
-0.094019152
0.020013487
0.029841192
0.052321345
0.0039249617
-0.11878657
-0.028344287
-0.051400032
0.02178728
0.019678907
0.053010691
-0.15397935
0.019605223
-0.018669877
0.084846869
-0.094719835
0.038095754
-0.041970916
-0.083829097
0.016139846
0.018841939
-0.0066503054
0.027451433
-0.043012019
-0.077491701
-0.047610238
0.0068955114
-0.018536208
0.053644177
0.11003429
-0.014465859
-0.055810217
0.0059866821
0.03962696
-0.075329557
0.0601856
0.0080170538
-0.031247806
-0.078135349
-0.087488919
0.069829591
0.056074731
-0.023841288
0.0098895701
0.064334847
-0.054172985
-0.11194439
0.0070176963
0.11486586
-0.13629919
0.022137748
-0.077896222
0.050551023
-0.092849165
-0.015328002
0.025568023
0.10173994
0.06002593
-0.071907096
-0.025778281
-0.0048271874
0.015454116
-0.029827135
0.024575464
0.014534254
0.03272599
0.014214329
-0.10008238
0.00029831819
0.022030534
-0.030155873
-0.028401811
0.13242576
-0.10906314
0.039835438
0.059086889
0.0491312
0.058976259
0.018253816
0.065281518
-0.0040309527
-0.04224417
0.017120888
0.045252997
0.014843567
0.0020892399
-0.062471315
0.10697836
0.056265581
-0.037915099
-0.010826676
0.011810265
0.043925744
-0.004176659
-0.083576828
-0.034934834
-0.035934515
0.00027268301
0.021925954
-0.04107124
0.0043553612
-0.023014845
0.025423281
0.02731427
0.015808687
0.0047865235
-0.05911414
0.0090712486
-0.031377729
0.055742469
-0.02017233
0.030022707
-0.028700115
0.09616179
-0.013263698
-0.036377806
0.11247992
-0.008784459
-0.054226134
0.069695398
0.059979297
0.015611065
-0.063932456
0.092478596
0.12136095
0.031242944
0.02869066
0.053735305
0.013988974
0.037190184
0.032027051
-0.095156141
-0.050734419
-0.077381633
0.025076188
0.032946762
0.04417995
-0.014764632
-0.022748111
0.095853321
0.10786897
-0.095855854
0.086535573
-0.059648242
-0.1226465
-0.048610285
0.00430622
-0.053649489
0.04253865
0.10504155
0.029164754
0.054988008
-0.01130389
-0.0088153407
0.040182333
0.012991299
0.025612107
-0.067281857
0.10118046
-0.038695075
-0.085677005
-0.069597781
0.029238215
-0.069208153
0.069637239
-0.04464978
0.16242065
0.031321838
0.070832692
0.085358918
0.0057775695
-0.0055822372
-0.12258262
0.10843906
-0.22559731
-0.17869768
0.040209997
-0.037685152
0.0019145007
-0.031217961
-0.024044327
-0.06312006
-0.066892087
-0.064628042
0.06946303
0.062386904
0.048364725
-0.069276087
0.0064649256
-0.0545367
0.055697054
0.04764311
0.056051537
0.0368209
0.020131588
0.016401347
-0.087806821
0.05649494
-0.069033146
0.028642455
0.028127225
-0.048583552
0.097653687
0.078290977
0.019848509
-0.090288348
-0.050638266
0.013774207
-0.014597029
-0.033955075
-0.0080188988
-0.027549161
-0.043823957
-0.01246055
0.026747037
-0.1467535
-0.018230192
-0.026902663
0.0065603117
-0.041661263
-0.029616028
-0.0099910628
-0.043043796
-0.016557323
-0.059476122
-0.030156367
0.010543027
-0.01051532
0.041954804
0.021188645
-0.084322758
-0.043805499
0.077060021
-0.02672202
0.0094872406
0.035364233
0.079303846
-0.01297345
0.041097924
-0.16118276
-0.14464112
-0.0017080812
-0.011705955
-0.062398918
-0.016660942
0.025721876
-0.099057764
-0.007582468
0.035374768
-0.040959571
0.022401428
-0.1352652
-0.097653493
0.039986376
0.085702091
-0.0087413518
-0.079292707
-0.11297918
0.051179834
-0.050789479
-0.019479688
0.04197653
-0.035735849
-0.013695443
0.020062394
0.075326659
0.06795878
0.099758096
-0.0085851122
-0.00055596733
-0.093209654
-0.03460104
-0.037977688
0.06930209
-0.046213888
-0.13424127
-0.056878991
-0.015554036
-0.04699301
0.030452801
0.11035231
0.053701378
-0.042481855
0.049818799
-0.11597653
0.046437573
0.12643866
0.06734442
-0.056915477
0.0098895561
0.034288567
-0.00086387043
-0.049795456
-0.044729229
-0.063090093
0.066100426
0.10526264
0.023649499
0.042541057
-0.086379036
-0.039541457
0.029272987
0.055945013
-0.082475305
0.012068172
0.062112596
0.0061789406
-0.076183252
0.032426994
-0.17919652
0.08063022
-0.019461788
0.017512657
-0.028601391
0.022665013
0.050574008
0.01925032
0.042344891
-0.0042281672
0.068173744
-0.026244422
0.041554477
0.045347087
0.047641382
-0.039724547
-0.14113
-0.16288143
0.035560045
-0.21798646
0.066711701
0.01437306
0.033735681
0.045300107
-0.011743889
-0.064277619
-0.1559983
0.16098364
0.0071795783
-0.0069008619
-0.056837481
0.01075208
0.071291521
-0.052920897
-0.086747169
0.015220099
0.044525173
-0.09105178
-0.021920783
0.014747439
0.039062157
-0.16478899
-0.086870715
-0.072367229
-0.0069324947
0.011681766
-0.035870671
-0.075376622
-0.067259535
0.030064935
-0.08249703
0.015754605
0.12243318
0.069499865
0.051217876
0.067296579
-0.0044109649
0.049101811
0.023687555
-0.10718115
0.011547838
0.025378609
0.075475536
-0.02950057
-0.10560988
-0.022204285
-0.17892669
0.022409897
-0.042265955
-0.0012975244
0.06808383
-0.030985961
0.088206284
0.10011028
-0.015531792
0.024592694
0.036610492
-0.022912757
-0.01226193
-0.052359052
-0.0086831367
0.019079532
-0.042599309
0.012047196
0.088834807
0.082812034
-0.059513278
0.037894107
0.0070121405
0.11463151
-0.11183054
0.0064500095
0.055405512
-0.097663634
0.03723266
0.059920181
-0.15487835
0.10932433
0.019427823
0.038405858
0.053659104
-0.056650393
0.0091943806
0.046238624
0.025302352
-0.080401994
-0.040609229
0.085219562
0.11836127
0.0088275187
-0.055000145
0.085355356
-0.07012786
-0.11113007
-0.0067472062
-0.053641647
-0.04065356
-0.041619189
-0.085298054
0.088499248
-0.15915315
-0.078784019
-0.088642806
-0.099406607
0.00036800423
-0.04716615
-0.076550558
-0.023298388
0.031350721
0.016862852
-0.11043503
0.025884612
-0.03612753
0.016379803
0.06214295
0.050858848
-0.027239054
-0.0058621713
-0.027242849
-0.012900275
0.02341966
0.041684359
0.026948644
0.082852133
0.013191164
-0.023037396
0.052048896
-0.090009153
-0.034955125
0.12369733
0.00081720203
0.033874888
0.027882595
-0.054324105
-0.0019503424
-0.048667315
-0.017071847
-0.050524682
-0.057748549
-0.071207836
-0.0009035315
-0.081789337
-0.094200462
-0.043469395
0.02662087
-0.0046212426
0.12921061
0.041269708
0.0057223123
-0.020085298
-0.10224079
0.045906536
-0.086583786
-0.010690404
-0.0070347604
-0.053448282
0.032523345
0.094616182
0.01022089
-0.045536511
-0.14896683
0.028949507
-0.051842775
-0.037765764
0.020607645
-0.031479076
-0.12963323
-0.0032924525
-0.076097637
-0.044619881
0.051695079
0.005730256
-0.0058298479
0.074871399
-0.055013325
0.01311153
0.03852969
0.0074804621
0.045654535
-0.018112598
0.0011300787
0.072714448
0.019093467
-0.060587585
-0.036538675
-0.14602064
-0.1149858
-0.068856925
-0.07545989
-0.11131112
0.030419676
0.11899475
0.071144901
-0.032121159
-0.063236743
-0.039200816
0.07279475
-0.0026026228
-0.087651849
0.018395659
0.0024306925
-0.0098172631
0.044982612
0.030667227
-0.088747032
0.052079268
-0.064984098
-0.033839811
0.064075276
0.051210731
0.054139402
-0.069563001
-0.015166358
0.0098180929
-0.034228947
-0.02124376
0.010721509
-0.089937098
-0.046625525
0.023868626
-0.10319051
-0.020240644
-0.12348957
0.0026816428
-0.05118759
0.078003034
-0.059480157
-0.024397299
0.12534381
-0.17128541
-0.019298412
-0.069429688
0.0047344267
0.051545907
-0.015516658
0.059545405
0.001344998
0.0044864784
0.018810837
0.0018824692
0.052227072
-0.0065926989
0.085115969
0.02282594
0.020036215
-0.060780186
0.0093760518
-0.02855598
0.003574938
0.035001442
0.055880029
-0.0097637279
-0.042356279
-0.053205676
-0.041128207
0.070893548
-0.02972162
-0.051794592
0.066675059
0.019523593
0.036042985
-0.12275113
0.048907544
0.064219803
-0.098968707
0.10971126
-0.028030526
0.032236658
-0.059410449
-0.079166703
-0.050120316
0.0089722862
-0.0014223225
0.016441971
0.018237064
-0.020918891
-0.00036340655
-0.034620605
-0.0099207219
0.011613002
-0.04429673
-0.14796835
-0.017980486
-0.0041158698
-0.060545746
0.016567439
0.027820336
-0.10075202
-0.11856209
-0.075932875
-0.010577925
-0.00076975563
-0.032124136
0.042629011
-0.056075953
-0.048497621
-0.022469483
0.083587356
0.016020341
-0.030870566
0.013540545
-0.012266778
-0.017032474
-0.065330438
-0.092896119
-0.0057094516
-0.03063754
0.080978848
0.07953269
-0.10809648
-0.057228599
0.0029811559
0.034774557
-0.035413027
-0.10466507
-0.058137249
-0.0052796095
-0.062478814
-0.05309391
0.060269024
0.12218357
-0.037862249
0.0918926
-0.14751127
0.054749992
-0.081188656
0.12206738
-0.019639326
0.1069873
-0.039258756
0.019904997
0.047974873
0.024993198
0.030965943
0.068172432
-0.0075995023
-0.0096892221
0.071797051
-0.11408447
-0.025772521
0.068610348
-0.19763201
-0.011184209
-0.045162186
-0.039354246
0.048116434
-0.13923727
-0.052952047
-0.021315092
-0.14727195
-0.16217998
-0.063557014
-0.0090443967
0.024807796
0.041234717
0.066897787
-0.03626309
0.043901034
0.096145198
-0.10569129
-0.01645286
-0.010924415
-0.034808487
-0.0069482522
0.0070451656
-0.009822323
0.1375456
0.055803154
-0.053881206
0.088380672
-0.057404518
0.12480124
0.0050393092
-0.042478956
-0.042906523
0.022637414
-0.057976887
-0.13667828
0.01767656
0.0058164001
-0.096195959
-0.0058304546
0.014544277
-0.095943786
-0.10403115
0.093475051
-0.073758073
0.061399903
0.018793112
-0.083342798
-0.094593152
-0.039539289
-0.030912973
-0.10156912
-0.0058158827
0.12258827
0.061725274
0.0041057477
0.096167102
-0.066288933
-0.070268556
0.034998614
-0.0017581197
-0.077604547
0.038003147
-0.034674797
-0.048653983
-0.002894989
0.091765769
0.042964619
-0.12295085
-0.067224607
-0.088592976
0.13160788
0.016113417
-0.0065651112
-0.036383878
-0.019749502
-0.21330248
0.029291607
-0.0088813221
-0.17729032
0.11392051
0.061325911
0.033506665
-0.006357505
-0.0026174451
-0.034986977
0.057948865
-0.11395635
-0.080431104
-0.074821621
0.010635027
0.020545401
0.14395465
-0.10536694
0.073615186
-0.15472324
0.0020002108
0.097974993
0.06196456
-0.0045410958
-0.086965308
-0.15853554
0.13646615
-0.22881036
-0.064233005
0.06751357
0.0731984
-0.027578913
0.032431591
-0.0048877494
-0.053494062
-0.041152976
0.092666641
0.050356742
0.12975521
0.037736554
0.0041346522
-0.039048042
-0.033027358
-0.056643054
0.006698153
0.071234666
-0.0032184231
-0.0399318
0.029548343
-0.0025824807
-0.084704593
0.0028048437
0.0096231038
0.054736417
-0.078717813
-0.045797445
-0.042649858
-0.030949745
0.057164054
0.006250978
-0.0024028593
-0.065131351
-0.068684347
0.060185608
-0.10331006
0.057025973
0.0075605237
0.017737182
0.013505623
0.074201472
-0.00098343135
-0.0057617705
-0.009697061
0.083507158
0.013766177
0.041059755
0.043233622
-0.069759816
0.013656519
-0.035987373
-0.063868515
-0.015158198
0.030217199
0.011851236
0.066747807
0.081467241
-0.061302215
0.10175669
-0.085124016
-0.049600299
0.058865007
-0.082350537
-0.0057978458
-0.05430267
0.05842834
-0.07179682
0.028051591
-0.031778656
-0.00063829601
-0.092878409
0.092953913
-0.060737636
0.038999971
-0.078796335
0.016634582
0.0039917571
-0.033970337
-0.23780988
0.048620194
-0.02399864
-0.020744145
-0.052012358
-0.050295033
-0.02239598
-0.025424838
0.032918133
0.082230836
-0.023412887
0.032888345
-0.039499424
-0.054838382
0.0061055562
0.015293071
0.035053443
-0.010451201
-0.21111894
0.047867015
0.0020370777
-0.028296562
-0.017402127
0.084050365
-0.011755622
-0.0057802415
0.072785027
0.038150936
-0.00025303781
0.041797597
-0.05982418
0.033609532
-0.076449826
-0.090650573
0.026382213
-0.13561493
-0.033812542
0.034493621
0.070957609
0.093531758
0.04749696
0.041547976
0.061868317
0.059667431
0.052933164
0.044290781
-0.050041445
-0.046670016
-0.035628978
0.054749344
-0.026814286
-0.06252683
0.0021018134
-0.046114754
0.061242729
-0.042120293
0.0055060955
-0.10400208
-0.015905969
0.018207299
0.044440262
-0.057811584
-0.06073752
-0.083069645
0.0055595697
-0.0075498587
0.072012
0.1207788
0.090999201
-0.056561269
-0.0054371418
-0.064554892
-0.0064505748
-0.050108865
0.048526075
-0.022933284
0.080490083
-0.031504553
0.06752865
-0.043357778
-0.14043427
-0.057039574
0.087081887
-0.06164876
0.083777629
-0.12925932
0.039261051
0.090160646
-0.027169431
-0.15578373
-0.073761486
-0.10277415
0.11760172
-0.046680521
0.096169978
-0.096061967
-0.013960909
-0.072061233
-0.06519784
0.047828957
0.066703565
-0.087925732
-0.07997372
0.12475564
-0.028675813
0.035230402
0.016586717
0.084958948
0.036346462
0.040762275
0.08439295
0.088950261
0.035455342
0.070547804
-0.062766425
-0.09032879
0.05887014
-0.11875832
0.019399116
0.098164514
-0.087864749
0.017449645
0.13828565
-0.091561079
-0.044100601
0.073743463
-0.097591348
0.054814659
-0.11765716
-0.10118717
0.020355752
0.02991521
-0.048154447
0.045531556
-0.024004893
0.035214987
0.0069597624
-0.084005877
0.0047816341
-0.095811486
0.0075828373
0.03010169
0.032080196
-0.096297212
-0.045833081
0.030741017
-0.11778032
-0.021172633
0.055717021
0.089862116
0.0026500265
0.061828941
-0.070865571
-0.12681493
-0.088512532
0.0081079016
0.16064256
0.081565484
0.058888096
-0.058874983
-0.010817063
-0.044475228
0.0025273294
-0.086716913
0.0050734831
0.045663521
0.11724184
0.13121052
-0.10058039
-0.012157893
-0.071056053
0.034854423
-0.054811828
-0.01605198
-0.023002569
-0.10150161
-0.039900109
-0.091047518
0.0016134907
0.035353035
-0.12928294
0.064377174
0.074443959
0.049154773
-0.074608833
0.086279452
-0.029959297
0.056477182
0.018096419
0.058525689
0.10122263
-0.1756207
-0.10362588
0.032005418
0.049616963
-0.019118348
-0.027443532
0.0628227
-0.060483269
-0.084461331
0.065031476
-0.04120446
0.081343524
-0.11915979
-0.035368763
-0.086197831
0.021658394
0.057645075
-0.037386477
-0.09773133
0.013739507
0.019622266
0.13123347
0.014651462
-0.046502158
0.020479415
-0.0079120044
0.056405492
0.020978875
-0.066242799
0.016340343
-0.042953908
-0.012730088
0.072739303
-0.0079569388
0.1277996
-0.015746649
0.0070512663
0.018767769
-0.22928733
-0.068532526
0.025615972
-0.029714368
0.038302809
0.04388579
0.070797078
0.076362997
0.042177729
0.050034102
-0.044166807
-0.13367648
-0.029715328
-0.071943201
-0.062739424
-0.094057038
-0.09698946
0.0091911349
0.039017711
0.023347052
0.070458688
-0.089639507
-0.030328555
-0.019868448
0.03847779
0.11455916
0.0061258012
-0.098694235
-0.008975965
0.00024690051
-0.096007466
-0.059379343
-0.033355638
0.089262977
-0.059705548
-0.082084551
0.029910112
0.06398274
0.10059699
-0.061496831
-0.076408155
-0.064819537
0.060561594
-0.017355876
0.039531298
-0.028119318
-0.023121716
0.031982508
0.027675377
0.087173134
0.020313416
-0.021755803
-0.0056232456
0.10405515
-0.004593337
-0.033061083
-0.031414885
0.010183177
0.079868339
-0.12166545
0.010905979
0.0029180513
-0.022043165
0.057998538
0.032447621
0.018759182
-0.007929422
0.10809059
-0.036052246
-0.0094643049
0.1151274
0.054984309
-0.054653861
-0.096933439
0.043743666
-0.21219589
-0.0071845828