-0.048177969
0.029489616
0.038763061
-0.0046554059
-0.052198678
0.13296887
0.058918443
0.0040123099
0.084840439
-0.026263136
0.016243672
0.034810469
-0.017078318
0.013604228
0.0051677702
0.012831574
-0.021587012
-0.027646417
-0.013329815
-0.030485492
-0.14474949
-0.062404402
-0.0094929179
0.068588585
-0.016809084
-0.02039741
-0.02914726
0.008855341
-0.0054555484
-0.0097931121
0.057225745
0.015153477
0.052916329
0.00016844709
0.0094566783
0.01993675
-0.038697403
0.010002243
0.027218139
0.0014194346
-0.044369098
0.1051211
-0.02143994
0.04273922
0.01586381
0.03260377
-0.034952864
-0.026196351
-0.056391329
-0.00052051269
-0.029789688
-0.032922357
0.018293459
-0.076675504
0.11251768
-0.071365513
0.15593378
-0.069109388
0.025007086
0.029240675
-0.035702914
0.0048022759
-0.030629605
-0.013365266
-0.12700862
-0.05748133
0.0034421911
-0.079228014
-0.023790333
0.020820295
-0.063443512
0.013060883
0.058506813
0.02635585
-0.00054041087
-0.051968884
0.034264013
-0.0085735517
0.023666937
-0.002430534
-0.12737401
0.0010205591
-0.020750228
-0.016174935
0.0051840148
0.034999188
-0.016248167
-0.0057220296
0.032516647
-0.029186418
0.11652014
0.048941523
0.039112084
0.021583918
-0.039324515
-0.057516441
-0.21773782
-0.005842465
-0.11941863
-0.066784367
0.0047055585
0.0269753
-0.06140491
0.12561764
-0.016270477
0.09070722
-0.0072566285
-0.0088884011
0.044174008
-0.028899524
-0.035291657
0.026034892
-0.017517546
-0.14978939
0.01068002
0.0266628
-0.017201765
0.027660362
-0.054658122
0.080486931
-0.037027534
-0.063034974
-0.016242724
0.0060625058
0.04776318
-0.0048822211
0.026824662
-0.04027427
-0.041376334
0.051493719
-0.014551308
0.0094258776
-0.088812485
-0.038945705
-0.12478179
0.083358996
0.031812713
0.059034154
0.012109819
-0.013138298
0.11719842
0.022312623
0.025454119
-0.00046157354
-0.038776673
0.015745567
0.091481082
-0.047579382
-0.097182661
0.040751819
-0.068596683
-0.021509487
0.017420817
-0.06785205
-0.014162134
-0.090224825
0.0012157233
-0.015854634
0.12166242
-0.086019859
0.039544575
0.050585415
-0.079625383
0.045829687
-0.095514059
-0.013841811
-0.046598833
0.058906991
-0.04805281
0.011641885
-0.045409068
0.070266701
0.10058998
-0.031376164
-0.11267535
0.13327648
0.029145492
0.12094904
0.018115859
-0.04619519
0.12184003
0.03473752
-0.020745242
-0.039285202
-0.065714769
-0.032377314
-0.064696886
0.085698657
-0.023213848
-0.036944538
-0.06413766
0.022804728
-0.025847768
0.11004177
-0.065904289
-0.073058881
-0.050893091
0.0091224397
-0.01074164
0.10890756
-0.13660544
-0.044258207
0.054910354
-0.053783368
-0.11634555
-0.0011949241
-0.028737471
-0.12445909
0.066563338
-0.056282312
0.056262653
0.026049411
-0.033368599
-0.0086560352
-0.056875095
0.022146052
0.042319179
-0.057379965
-0.012269312
-0.18010934
-0.17794466
0.021836082
-0.007530665
-0.079380959
0.085721321
0.017185535
-0.04316394
0.11422127
-0.032832239
-0.00078489922
-0.043923002
0.041120224
-0.0055450611
-0.024544986
-0.068779543
-0.06464836
0.033488076
0.051994454
0.079607405
-0.046418399
0.016001491
-0.041143369
0.0044216118
-0.0069452589
0.10092086
0.030962367
-0.11983781
-0.077271186
-0.011458519
-0.0157132
0.075403184
-0.10466629
-0.13582608
0.063555658
-0.064472362
0.010768024
0.058222208
0.016245747
0.057861164
-0.097730249
-0.074215844
-0.003004085
-0.0051820949
-0.036648743
-0.011416635
0.010828919
-0.10233914
-0.0202056
-0.061658066
-0.070918217
-0.058689728
-0.080312453
0.069082431
-0.01434491
-0.098583698
-0.086119227
0.020274952
-0.020090884
-0.05453568
0.057913728
0.022037853
0.07414858
-0.039832495
-0.047295526
0.059838701
0.047961924
-0.045454085
-0.078675166
0.0054783686
-0.11630499
0.054155935
0.082749978
0.017171549
0.07765197
-0.03628163
0.0073042437
0.084588692
0.055707067
-0.066813044
-0.054227713
-0.10941027
-0.0873124
0.062028315
-0.015162284
-0.028989051
0.022638913
-0.14105323
0.066224843
-0.008076828
-0.02838053
-0.035181411
0.016018383
-0.012016603
0.070153899
0.043581411
0.015520673
-0.13763715
0.056982107
0.013395981
-0.011394008
-0.055135485
-0.12993643
0.1267914
0.055010416
0.065390415
0.048953228
0.062516056
-0.028073609
0.026364202
0.021943565
-0.065867245
-0.12783401
0.062867738
-0.0063530635
0.012411864
-0.071010061
-0.015481628
0.059727412
-0.062076997
0.03939756
-0.12190027
0.058660075
0.017636172
0.056132279
0.04578615
0.074749716
0.055446051
0.062030267
0.022631546
0.11383824
0.032581247
0.1046676
-0.14455253
-0.029382939
0.035868797
-0.21420527
0.043132365
0.078636616
0.017764753
-0.01209357
-0.24331592
-0.035153612
-0.032332204
-0.062759459
-0.071243078
0.0063509005
-0.13022557
0.077112682
-0.030180128
0.03437461
0.066767067
0.014973488
-0.071581073
0.14920793
0.085824132
-0.074084036
-0.07084877
-0.067144997
-0.12293559
0.055425808
0.024679359
-0.10443685
-0.052417845
-0.06768173
0.036753375
-0.072355561
-0.026934223
0.046050232
0.064476699
0.0046524126
0.12613447
0.027517546
-0.0074196025
-0.016006669
0.0074778581
-0.008901543
-0.0090634655
-0.10505778
0.078758717
0.062422372
-0.092425436
-0.3721424
-0.022520147
-0.082771093
0.012913644
0.0070767715
-0.035571698
0.057593707
0.046192072
-0.20990801
-0.12231058
0.039749205
-0.091094516
-0.082345352
0.15804572
-0.059902918
-0.11978637
0.020167505
-0.10225309
-0.0020261202
-0.065008208
-0.0025725244
-0.014073737
0.0039110663
0.0079525057
0.052728642
0.0036450077
0.05008563
0.058650993
-0.019524001
-0.053762313
0.019845592
0.057397302
-0.047176268
-0.0033682918
-0.018713787
0.025766935
0.007834753
0.045333944
0.0011216283
0.0052461806
0.0024946288
0.028742328
0.050312646
-0.042829376
0.07241524
-0.078243583
0.043657169
-0.020550473
-0.022284042
0.076581344
0.033946034
-0.0099480823
0.062682413
-0.011748993
0.088745661
-0.019538574
-0.18275067
-0.050659809
-0.02476651
-0.010305655
-0.036568161
-0.022799933
0.079986513
-0.047453761
-0.066932984
0.0039997897
-0.12329374
0.064072572
0.080871344
0.057615619
0.069537394
-0.022309465
-0.023079656
-0.052517775
0.012455183
-0.038443841
-0.080743521
-0.027102698
-0.034462467
-0.0023504053
-0.028624836
0.013788031
0.07185144
-0.024177793
-0.0023774067
-0.08865758
0.0032900972
0.020859804
0.035393022
0.046755236
-0.061918911
0.071614884
-0.014241661
0.0013943072
-0.054500982
-0.046115756
-0.091978356
0.0037682268
-0.0029555603
0.0058913976
-0.019146122
-0.02903969
-0.019791657
0.020511096
-0.17451964
-0.12188295
-0.0114743
-0.063009284
-0.032734387
-0.06467171
-0.011441638
-0.019935403
0.09253142
-0.097753413
0.041515734
0.075001478
-0.043530021
0.038841899
0.020791765
-0.034186572
0.033161763
-0.081980243
-0.084066913
0.070055366
0.030916426
-0.070423663
-0.0075420332
-0.13834214
0.014220972
0.038346812
-0.098870337
-0.080183275
0.090278387
0.13819891
0.038741313
-0.041274391
0.0068174386
-0.03565741
-0.029698687
-0.011047968
-0.24685968
0.058198247
0.020301022
0.045938306
0.14316548
0.05940998
-0.011520377
-0.10774831
-0.10536938
-0.10058513
0.03716119
0.074362695
-0.13475177
0.080803894
-0.091383934
-0.058716033
-0.071436226
-0.092292115
-0.091456681
-0.055924024
-0.036820412
-0.012441373
0.15185024
-0.14798298
0.071831495
-0.082393609
0.028521221
-0.05453242
0.031911638
-0.00043095712
0.0025231
0.069379695
0.052486807
0.076126657
0.045801938
-0.021455562
-0.10607669
-0.0094751511
0.095182672
0.028387675
0.017323447
0.032795571
0.034675151
-0.027424313
-0.0083291624
0.031315755
-0.061855007
0.074937776
0.10178272
0.078951612
0.063067056
0.034015238
0.0049541579
0.072278567
-0.018697089
-0.011497455
0.14937691
-0.053953771
0.065605238
-0.11244433
-0.019607389
0.13232455
-0.03354742
0.10145675
-0.034107603
0.10725332
0.09666685
-0.0076849195
0.014210172
-0.057397369
0.12350821
-0.08247184
-0.065641612
0.22630115
-0.0013460518
0.040427525
0.030564237
-0.16273955
-0.18714021
-0.11246961
0.010693342
-0.063669667
0.08270774
0.071914673
-0.0021965387
0.026784331
0.037830468
-0.11151769
0.040670823
-0.06656725
0.048307538
-0.079784952
0.064862497
0.02858429
0.0046836329
0.0074436697
-0.04153375
0.044768371
-0.0033875955
-0.092502199
-0.010761689
0.064432599
0.019072911
-0.17522822
0.0061157215
-0.0091017075
0.0014400412
0.07401184
0.089136645
-0.1079801
-0.10510498
-0.04965141
-0.015904764
-0.040345341
0.012739343
0.072364829
0.075980119
0.051207371
0.059250157
-0.04039884
-0.073664755
-0.021598192
-0.089219883
-0.0069704233
0.033889636
-0.05744208
0.0054643857
-0.089449257
-0.0086025577
-0.0017567473
-0.020164825
-0.10049678
0.025153516
0.15626162
0.046406686
-0.078395955
0.12447996
-0.11268203
-0.18915609
-0.060664073
0.055117462
-0.082006283
0.0014997051
0.059328746
0.1541916
0.042507507
-0.049489707
0.032530192
-0.026553035
-0.033454932
0.076030739
0.036615688
-0.051617157
0.0181231
-0.17528751
-0.18050586
0.0012638379
0.027988127
0.10004587
-0.049585707
-0.13160828
0.076379739
-0.055567067
0.092025369
0.095097214
0.035653189
0.010525044
-0.041932508
0.0083537335
0.022048272
0.092973433
0.019517668
-0.0010822304
-0.10274301
-0.10056832
-0.071381912
0.11098495
0.061634202
-0.043802988
0.017648274
-0.10614611
-0.027185727
-0.019393504
0.064644672
0.037771754
0.033951838
-0.010420784
-0.093552105
-0.051740579
-0.045511991
-0.0066256938
0.0095961979
0.079801582
-0.091036789
-0.029562706
-0.051422164
-0.053735293
-0.032691177
0.092930995
-0.086476743
0.0053881546
-0.004528976
-0.029208047
0.062782757
-0.0081791477
0.070290431
0.023616496
-0.063930452
0.0057462342
-0.081513278
0.054323871
0.036243003
-0.010464937
-0.19615375
-0.075439855
0.0078694811
0.082845248
0.052113391
-0.11480173
-0.046467934
0.066958554
-0.017649675
0.084252693
0.12905087
-0.061789896
0.00026985328
-0.017535135
-0.013472422
0.10456638
0.0088086566
-0.081572048
0.060046658
0.043999087
-0.042391092
-0.000186829
-0.070712902
-0.042968512
0.10461311
0.10102557
0.059545465
-0.027221097
0.0029488071
-0.061447714
-0.024621878
-0.069367573
-0.020677822
0.10737421
0.015210615
0.012898894
0.088209704
0.0070354533
0.074577242
-0.069821395
0.0063657323
0.040480223
0.10984035
0.07879059
-0.027045179
-0.032266978
-0.029053947
0.005982365
-0.007450826
-0.01499731
-0.04700578
0.031975098
-0.024565995
-0.11066627
-0.041611269
0.055373169
0.069492064
-0.052737139
0.11188735
-0.11751524
0.013531575
-0.093304932
-0.03675342
0.049161945
-0.050709479
0.10805326
-0.094942324
-0.019400232
0.019680748
0.13409507
-0.035323814
0.022258366
-0.033560254
0.096774936
-0.013202098
0.11011977
-0.074135169
0.058126714
-0.098763421
-0.14085396
-0.052798457
0.026313387
0.04413224
0.036918301
-0.091447547
-0.085852303
-0.13537678
-0.035649572
-0.023314854
0.18736416
0.052549966
0.020595018
-0.054994103
0.061797857
-0.03434832
-0.040774588
-0.11571059
0.068270445
-0.023857888
0.067187153
0.0083737792
0.067184582
-0.11234049
-0.064609461
-0.14293808
-0.022450946
0.0075794882
0.00074033119
0.11323407
-0.0089778751
0.0052012801
-0.045302361
-0.36021656
0.0063184923
-0.13265695
0.014927612
0.13774459
0.053030849
-0.035290655
0.045934327
-0.04789244
-0.037584182
-0.017718861
-0.11593562
-0.086466759
-0.10718276
0.067420781
-0.053726479
0.03324138
-0.088197842
-0.053435177
0.1271937
0.041029859
0.042341221
-0.087682836
-0.050340775
0.035301737
0.04150888
0.027737804
-0.049233526
-0.022797903
0.0096502276
0.02695656
-0.035901446
-0.019928293
-0.13733193
-0.01004498
0.10285365
0.040057868
0.052140668
0.10465345
0.043113612
-0.011107055
-0.12059227
0.051596079
0.001443796
0.10411116
-0.058159452
-0.0013794645
0.042419504
0.0096486202
0.061138872
0.084954947
0.040451437
-0.13277683
-0.014166397
-0.069740497
0.036111612
6.3021042e-05
0.011620553
-0.057788577
0.0090668062
-0.023011046
0.019714765
0.0079324655
-0.096837707
0.005993715
-0.078622699
-0.0075982809
0.12067711
0.10854846
-0.028417971
0.008387466
-0.032102704
0.0397214
-0.032336593
-0.0073408284
-0.1392545
0.043455459
-0.024027864
-0.036045197
-0.18383987
0.01684265
-0.04910735
0.088416852
-0.10617415
0.018907655
0.081206448
-0.1302349
0.034612827
0.12135994
-0.037341688
-0.0056821317
0.096845239
-0.065417551
0.15762389
-0.015249345
0.085136168
-0.069566868
-0.06651672
0.057115737
-0.040310003
-0.047940206
0.056725349
0.078694142
-0.0059778867
-0.018529119
-0.12164418
-0.051915437
-0.0053194906
0.0051118592
0.07309109
-0.11190041
-0.018889625
0.11152929
-0.013562126
0.059639182
-0.088494398
0.018123873
-0.081552863
-0.073473245
0.058832299
-0.02560124
-0.048206937
0.01046701
-0.098170146
-0.0088661974
0.032249913
-0.16661759
-0.016689096
-0.036688451
-0.0030553066
-0.016482161
-0.084127448
-0.13230334
-0.056431975
0.030636674
0.014647499
0.076510102
0.079893209
-0.035044577
0.071917735
0.054480776
0.062313654
0.082853831
-0.026811462
-0.014914366
0.058134448
0.090327926
-0.020534871
0.03033434
-0.0074266247
-0.05000817
0.036696494
-0.018158149
0.037300594
0.047802471
-0.009201481
-0.050517317
-0.033646297
-0.16338411
0.12943929
-0.2192253
0.074687518
-0.039850622
-0.061736144
0.056622703
0.11303803
-0.0090387827
-0.012711755
-0.071062759
0.042551909
-0.076079935
-0.033187546
-0.044200268
-0.022197559
-0.025290748
-0.03913385
0.068758771
0.012681993
0.039221391
0.028941218
-0.093662269
-0.0088413768
0.028948663
-0.083785564
0.061023716
-0.032996446
-0.052005764
-0.018141298
-0.051386494
0.041079696
-0.0060231062
0.070099913
-0.10793331
-0.033077247
0.15457527
-0.068983264
0.0074062222
0.10036784
-0.15479796
-0.03442676
0.042685155
-0.014383592
-0.063797638
-0.0035809274
-0.0070936377
-0.020073034
0.070242405
0.067047566
-0.0088910218
0.080785796
-0.069015123
-0.0061596418
-0.056061093
0.034474451
0.10369506
-0.050772313
-0.087550864
-0.00078634446
0.075418651
-0.16105939
-0.013835174
-0.063814513
0.053220596
0.013958315
-0.04953362
-0.0027980432
-0.11204372
-0.039686169
0.0010413182
0.049664151
0.03210276
-0.015902739
0.064546011
-0.014135953
-0.032621574
-0.014262057
0.045035031
0.02862587
-0.049717639
0.032723051
-0.046962358
-0.029577613
0.024514312
-0.080233745
-0.1319726
-0.0034885819
0.013412233
-0.097731248
0.039743196
0.0055718119
0.12438063
-0.055916745
-0.085973389
0.065124221
-0.039521296
0.088301189
-0.10313854
-0.016111437
0.019398935
-0.011372092
0.0082402192
0.063752279
-0.14651622
0.035943978
0.011727131
0.030771978
0.01483336
-0.021546613
0.1214238
-0.11340804
0.13482937
0.062967911
0.11325443
0.02911211
0.074973024
-0.024533138
-0.063565888
0.017255839
0.088406615
-0.049605671
0.00065601571
0.0099701062
0.054750461
-0.046106122
-0.11543667
0.040540274
0.018309694
-0.02693885
-0.042897467
-0.053589821
-0.047610797
0.0047695413
-0.09249714
0.020603923
-0.12315337
-0.22711074
0.074220538
-0.074715652
0.041147489
-0.10823333
0.0025785463
0.050320536
0.037129924
-0.057155304
0.076939791
-0.018380059
0.0042695072
-0.030059779
0.0081818914
0.10734734
0.089464113
-0.12518547
0.029092362
-0.017556662
0.059235316
0.041172583
-0.11400299
0.028806672
0.031137185
-0.022077234
0.088350959
-0.012173156
-0.010129463
-0.012098425
0.058490381
-0.073091127
-0.1418207
0.05023976
-0.027229561
0.018242247
-0.03565868
-0.024281215
-0.079229057
0.034125112
0.0096739372
-0.020417696
-0.11757098
0.00019324386
0.04271207
-0.0122205
0.007690975
-0.01613076
0.039585959
-0.018152779
-0.027323779
0.057655063
0.033115063
0.064909391
-0.072879419
0.054963127
-0.036961608
0.066387631
-0.093607336
-0.076932803
-0.017518125
-0.076171674
0.10152376
-0.24562287
0.023362087
-0.033973981
-0.01026305
0.0030354925
-0.098051958
-0.073204637
-0.024290547
-0.049153268
-0.0030694876
0.051181599
0.006674753
0.019403808
-0.032241631
-0.0036583601
0.024578342
0.036575831
-0.043429665
-0.0091455057
0.00036488188
-0.10943987
0.024452455
-0.041745223
0.0062147328
-0.059999134
-0.054588508
0.0012526406
-0.032526202
-0.0076449541
-0.012059699
0.014998249
-0.03160483
0.015229208
-0.068413697
-0.00089130993
0.021798648
0.042972315
0.012141543
-0.1450541
0.069947816
-0.03751836
0.0065924842
-0.084278874
0.036754444
0.049451761
0.0058952351
-0.066580236
0.024764176
-0.05321338
0.01435802
-0.14823708
-0.075212598
0.015473874
0.076995015
-0.0062363921
-0.027123705
0.093620963
0.0012147361
-0.032958712
-0.038529519
-0.031402782
0.0231017
-0.04671675
-0.032634303
-0.053858813
0.0073857675
0.0038960541
-0.0833003
-0.067731716
-0.010050903
-0.0040893797
0.06174776
0.02448445
-0.016004076
0.039216712
-0.097416922
0.0057998402
0.084245153
-0.16709732
0.0052770828
-0.057993945
-0.026857816
-0.032520056
-0.037523646
0.09597829
0.011306886
-0.026109861
0.034168176
-0.01253332
-0.034226336
-0.025806263
-0.0034196677
-0.11675887
-0.014759274
-0.046382308
0.01051508
0.03263459
-0.028689003
-0.031446669
-0.016828269
-0.05721961
-0.032941859
0.028210839
-0.04341314
0.057164691
-0.012972835
0.044389334
0.0075502987
-0.0008966779
0.015017683
-0.24151739
0.094377786
-0.02317851
0.022146888
0.063877352
-0.010484065
0.03783362
0.014916379
-0.049847532
0.0070943004
-0.033114299
0.066474296
0.031324442
0.017301382
0.066743128
-0.003016758
-0.022257034
0.034701042
0.081758358
0.020949189
0.059006654
-0.024000436
0.013157998
0.0093917875
0.010434242
0.020076847
-0.023864865
-0.31636038
0.088438004
0.039223842
0.011385186
-0.08285863
-0.012025196
-0.014050918
-0.0088570723
0.064111851
0.009845743
-0.0047155954
0.0023263372
-0.026252404
-0.016418129
0.0023050979
0.022599515
-0.38802215
-0.021660317
0.051925629
0.0085475789
0.047424253
-0.010447335
-0.084002592
0.12215701
0.039215699
0.056140017
0.069200508
-0.0044770222
0.053141091
0.0066671222
-0.052265052
0.038337681
-0.021088813
0.10441054
-0.084315315
-0.031321414
0.053158164
-0.0096780639
-0.014031537
0.035158604
0.071260735
-0.038942147
-0.027878847
0.038731132
0.0024403473
0.023616718
-0.1176235
-0.014701251
-0.036825214
-0.21446627
-0.035511035
-0.058860764
-0.22042572
-0.13150844
0.0019001734
-0.077617839
0.041782524
-0.00072054437
0.1116951
-0.010523479
0.036989205
-0.023556357
0.057802252
0.046299193
-0.032126915
-0.030172162
0.062447831
-0.0034353007
0.040013663
-0.15467486
0.01558036
-0.052345559
-0.045757066
-0.070686042
-0.041279025
-0.028775476
-0.055597518
0.04099999
-0.054526046
0.061667044
0.0012032983
0.012727794
-0.028899835
-0.1264206
-0.078097031
0.052868646
-0.023932805
0.00020385746
-0.13895781
0.087385871
-0.0073333839
-0.1653925
-0.083463155
0.028386654
-0.17241758
-0.047202531
0.10871188
-0.090307415
0.041442644
0.017806429
0.057222016
0.0693551
0.048239909
-0.00014166084
0.0082780803
-0.045840565
-0.12771805
0.054967891
0.039238203
-0.3011328
-0.055102929
0.040896248
0.047357425
-0.035152081
-0.051755048
-0.065559164
-0.10049471
-0.010626047
-0.058850314
0.025627432
-0.078930266
-0.049910106
0.099217311
-0.057599872
-0.022799719
0.057538372
-0.0048092306
-0.084172398
0.048933376
-0.13487165
-0.0010573084
-0.014550603
-0.11662488
-0.0013977115
0.03199764
0.048799716
0.00016651764
-0.030800147
-0.16181068
-0.079722106
-0.037211183
-0.056679975
-0.011325109
-0.078704722
-0.045646161
-0.10082036
0.052762493
0.016125737
0.01433692
0.067628026
0.068548925
0.045135695
0.091978081
0.0053852461
-0.03824456
-0.056194354
0.024395732
-0.0066795764
-0.12634337
0.020801505
-0.00084916665
-0.065147579
-0.029538389
0.045373179
-0.087705962
-0.11808508
-0.12633432
-0.067168593
0.017966572
-0.01344948
-0.11575828
-0.040788729
0.055870503
-0.013355315
0.043315295
-0.11909786
0.014503858
0.10174496
0.10645195
0.039881922
-0.07530883
-0.025221607
-0.014666817
-0.019662779
0.016313748
-0.028183436
-0.09321598
0.033740003
-0.017155791
-0.020201355
0.026719468
0.025782177
0.10044687
0.053772274
0.026347063
-0.03613513
0.040835079
-0.038288739
0.047064904
-0.014611492
0.056393821
0.014907115
-0.00082179729
0.017763605
0.098680377
0.046911348
0.017227737
0.00023015602
-0.010484509
-0.11141225
0.062570922
-0.030804336
0.024054829
0.06653668
0.11769821
-0.0087079844
-0.0020694812
0.11834561
0.030734463
0.034567937
0.11887814
-0.065268688
-0.035611928
-0.13008654
-0.070200033
-3.389511e-05
0.092788935
0.10699079
-0.070701651
0.045373153
-0.086079232
0.079358324
-0.072016336
-0.084781907
-0.0002414398
0.083457872
-0.044719476
0.072350569
0.062083099
0.090131246
0.029715048
-0.044513129
0.013078803
-0.021310953
0.097661689
-0.036075227
0.028754029
0.11098823
0.12359355
0.05154391
-0.12676071
-0.12831055
-0.04867686
0.12586139
0.014389012
0.11217971
0.0017892788
-0.018986518
0.061916538
0.027527222
-0.0033112261
-0.077088743
0.1054946
-0.070230886
-0.13092387
-0.050722487
0.022910913
-0.06262894
0.059849158
0.049110487
0.038980532
-0.079536125
-0.012280409
-0.090224706
-0.14278598
0.073069088
0.067495935
-0.00035223353
0.036009505
0.0086845402
0.0940689
-0.078393675
-0.021885311
0.031814054
0.096754819
0.057169195
-0.039113216
-0.11742257
-0.020418895
0.027564636
0.050319541
-0.003505561
-0.053489961
0.13384959
0.10690083
0.0076336786
-0.057706904
-0.046188701
-0.057736527
-0.0056373323
0.15564866
0.029359877
-0.092296958
0.074280806
-0.033279117
0.047369078
0.083362088
-0.027834065
-0.0049672034
0.04704392
-0.094291329
0.04375986
0.020582186
-0.014216613
0.053855047
0.00053959584
0.076194085
0.074423917
-0.00048587032
-0.029741012
-0.086979173
-0.091393776
-0.021914186
0.02555725
0.074667707
-0.083581187
0.090840802
0.083794057
0.013649499
-0.11402217
0.10060094
-0.076939479
-0.04315092
0.03279756
-0.12479894
-0.066340238
0.007739949
0.11607844
-0.031511985
0.20467353
-0.050999068
-0.042212121
0.0048657837
-0.0044021998
-0.073590122
-0.1345333
0.079898976
0.11981612
-0.0006264351
0.072170444
0.089493476
-0.086191736
-0.043960843
0.044940557
-0.039957248
-0.038205057
-0.010748469
-0.0059114131
-0.026325531
0.055849683
-0.06214942
0.072948061
-0.073930763
0.011092115
0.030858181
-0.019477533
0.0067849071
-0.10728012
-0.12015768
-0.067626595
0.14358501
-0.039910924
-0.097519711
0.0061195339
-0.029531244
-0.028136525
0.0252457
-0.047358032
0.053266343
-0.0045958902
-0.020484513
0.061771736
0.010670959
0.031153848
-0.0081276353
-0.039134096
0.050126992
0.080135837
0.08355087
0.024676202
-0.040554296
-0.0041352003
-0.051514536
0.077449121
-0.080689728
-0.0018085336
-0.055552449
0.035892077
0.0078137368
0.0091688018
-0.041648518
0.1258354
0.091233321
-0.012781579
0.032765877
-0.065914787
-0.059178121
0.079764128
-0.082020953
-0.15827268
0.063999474
-0.011149049
0.073304646
-0.011033347
-0.039213523
-0.003774744
0.0023256748
-0.068183638
0.052739311
-0.06312295
0.031944912
-0.20831174
0.049812704
0.1389831
0.0012151448
0.023106502
-0.12475361
-0.073572516
-0.0930648
-0.057553731
-0.22457434
0.13305846
-0.058243386
0.054982971
-0.04063743
-0.0414543
-0.18256764
-0.10054974
-0.023885015
-0.11270119
0.056759205
-0.0014313669
-0.041232295
0.044229422
0.012590809
-0.0046579456
-0.006506185
-0.043385718
0.025275318
-0.028217858
0.080116071
-0.02051362
-0.013483023
0.058339305
-0.052424654
-0.049482912
-0.016134005
-0.044314861
0.13605316
-0.0070260633
0.03041482
-0.084339932
0.039401233
-0.032906007
-0.01373715
-0.024972586
0.021950927
0.069528669
-0.049937338
-0.017192265
-0.016533665
0.067035489
0.075673059
0.053308368
0.0023387661
0.0043129642
0.037586607
0.12102336
0.085406825
0.078261353
-0.047648642
-0.099120058
-0.029347626
0.10946268
0.012321074
0.049749903
-0.12207499
-0.092627466
-0.0091035264
-0.01008676
0.038741011
0.069248691
-0.058987971
0.025477473
0.072288789
-0.14031008
0.014966656
0.018787421
0.024336644
0.010706552
0.030778416
-0.017462505
-0.043737452
-0.047255304
0.040855676
0.032575849
0.040824655
-0.036137655
0.11469201
0.084901303
-0.041819964
-0.15029895
0.031841498
-0.016202739
-0.0077100308
0.017611288
-0.050220925
0.067002453
0.014337576
0.03606103
-0.021929644
0.044810355
-0.001045747
-0.041005787
-0.0053348644
0.090414047
0.037470959
0.051675871
-0.016189359
-0.12179316
-0.020252319
0.084598526
-0.06484808
0.017930873
0.10871881
-0.12170089
0.061000627
-0.012897862
-0.032761805
0.011790721
0.051532507
0.029867267
-0.03600058
-0.036801938
0.093724839
-0.10968609
0.057574585
-0.029792452
-0.050153695
0.030967969
0.015246605
-0.076316543
-0.05636986
0.046718594
-0.096562065
0.0039003671
0.020573663
-0.066917531
0.0099778306
-0.095998287
-0.085494108
0.092665538
-0.066619195
0.041357785
-0.11350445
0.015228361
-0.071126811
0.023513466
-0.092160732
-0.18008891
-0.019511731
0.16065685
-0.0400539
0.087603249
0.0090391953
0.084872171
-0.021852145
-0.10159199
0.052014053
0.017898969
0.010413659
-0.0072606173
-0.05470708
0.039052211
-0.041014176
0.054921005
-0.073108293
0.0019256521
-0.0080540497
-0.025316337
0.02005389
-0.1314114
-0.10707013
-0.017320992
-0.1037167
0.026736945
0.046999965
-0.1275706
-0.065307647
0.0039501828
0.068344019
-0.026470272
-0.11246643
0.036704447
0.0068332138
-0.1715017
-0.028078318
0.047199588
0.0071855513
0.013009316
-0.11149319
-0.01729876
0.077993609
0.0012992338
-0.0023742761
0.061030786
0.053328317
-0.015199623
-0.033292782
0.009630735
0.03502129
-0.013436684
0.018669719
0.11348122
0.019895013
-0.040954247
-0.049866479
0.052388664
-0.031966101
0.023340128
0.1053526
-0.16845416
-0.029991625
-0.076322183
0.045950834
-0.0026809373
-0.046976566
-0.10298071
0.061984785
0.034695815
-0.0049802409
-0.07601928
-0.046212755
0.053620465
-0.072934583
0.029008137
0.011534406
-0.11117556
-0.0037837115
-0.046343274
0.10108037
-0.0084062256
0.060168441
0.065595903
0.067599311
-0.059149101
-0.029704722
-0.07188607
-0.044796988
-0.036112495
-0.085876741
0.072471842
0.07661517
0.1004474
-0.055212356
-0.063116685
-0.019355208
0.00370397
0.015551975
-0.14412732
0.045980752
0.038414404
0.017303137
0.04536197
-0.040743124
-0.036625102
0.04216994
0.029157087
0.050334442
-0.069081381
0.10230658
-0.0074940049
0.017097959
-0.021975398
0.018170152
-0.014447395
-0.0062739169
-0.061560709
-0.032139421
-0.041934464
-0.057956051
0.052181143
-0.063403733
-0.018148042
0.02214643
-0.049361631
-0.22950882
-0.096344084
-0.017342798
0.05158902
-0.029330572
0.010265047
0.10476349
-0.039554939
-0.074504867
-0.34493288
-0.027953416
0.032615654
0.004886922
-0.038803715
-0.060590968
0.086580195
0.091464035
-0.072932556
0.079472609
0.023278574
0.074841782
-0.0184935
-0.061276786
0.034623325
-0.044375259
0.010051773
-0.0015329571
0.02664989
-0.0042701075
-0.0074745994
0.036315493
0.028257225
0.035500228
0.045322876
0.032786131
-0.038084704
-0.032377869
0.071280286
0.027212666
0.081764311
0.0096765822
0.014276617
-0.014202376
-0.038850516
0.032924116
-0.042732727
-0.10106705
0.011410173
0.015619739
-0.021731688
0.025437439
0.066791862
0.047181368
-0.056996718
0.0036004779
-0.026100602
0.0051436066
0.059413455
0.083162405
-0.020261595
0.057608843
0.049892075
-0.039298311
0.0061938106
-0.025122782
-0.44302171
-0.042437553
-0.011978207
-0.020558352
-0.052594196
0.015336468
0.0043432759
0.0013582018
0.0029863806
-0.012940202
-0.019424446
-0.060311526
0.093374044
0.071958013
-0.01870467
0.073531285
-0.10197074
-0.031119494
0.017803211
0.075604953
-0.067966312
-0.017330745
-0.080291227
0.00079362304
-0.02550683
0.043418519
0.012034216
-0.032170705
0.03560907
-0.062902458
0.0089352224
0.095461115
-0.00025678793
0.0035945936
-0.028497536
-0.049253192
-0.036185406
0.015060364
0.030217662
-0.0082058068
-0.013553843
-0.036246277
-0.017080126
0.058662299
0.015648307
-0.027344769
-0.0067315879
0.027275721
-0.04647423
-0.044412151
-0.027410449
-0.040819384
-0.03559041
-0.023311844
-0.075404398
-0.038938511
0.019682014
0.090023711
-0.030912127
0.021138497
0.11859081
-0.052439619
0.064388126
-0.074082486
-0.067456856
-0.035227146
0.10968985
-0.01256753
-0.010052549
-0.086318031
0.04436763
-0.049602564
-0.011995768
0.022259433
0.0014509619
-0.069201581
0.044009563
0.10578258
0.13999768
0.044008736
-0.088527463
0.063187152
0.025415728
0.010893752
-0.077118911
0.057556491
-0.1429591
-0.01298328
0.04354817
0.0072586681
0.030538032
0.048306644
-0.068175413
-0.1265057
0.05074089
0.0021505679
-0.020779839
0.159454
-0.073823132
-0.16521376
0.079670422
-0.11086436
-0.12030958
-0.03966191
-0.062418114
0.071493089
0.11451236
-0.087780274
0.040885333
-0.010455534
0.067730032
0.032428537
0.0088149961
-0.12472819
0.042063229
-0.057988528
0.075093523
-0.031097069
0.019523857
-0.15495902
-0.077027358
0.044960797
0.053461559
-0.076258905
0.052746236
0.054634035
0.001925287
0.063395366
0.052170251
-0.03446012
-0.10262562
0.075386599
0.064472519
-0.031499587
0.0054233586
0.063205734
-0.0098174084
-0.023463057
-0.0069985273
0.12395726
0.030506983
-0.15238588
-0.040516101
-0.13128908
0.069085144
0.030081147
0.0070595164
-0.018693198
-0.023319487
0.021526352
0.019215696
0.12197706
-0.098587245
-0.01209856
0.060868748
-0.018756622
0.01637757
0.026242254
-0.057268728
0.038268071
0.0083764037
0.043635726
-0.1551885
0.055308059
-0.064023457
-0.050621059
0.10190649
-0.10184376
0.073566131
-0.028776262
0.068393484
-0.090519585
-0.050956558
-0.090194285
-0.042991988
-0.022107448
-0.11194643
-0.013922476
-0.13504766
0.059630118
0.071828403
0.030718554
0.067379788
-0.090555876
0.049069125
-0.055927671
0.034981351
-0.015146961
-0.086670168
-0.055780303
0.059734207
-0.040857699
-0.061176449
0.032343037
-0.037465602
0.0054127127
-0.017828707
0.011438566
0.029173678
0.06928011
-0.073972404
0.07681907
-0.04219602
-0.18280581
-0.030290725
-0.054830272
0.0052734534
-0.05652947
-0.10841157
0.026314661
0.038049951
0.030461121
-0.039829481
-0.071487434
0.042647403
-0.017720781
0.0063991933
-0.0022880624
-0.0080582099
0.048978925
0.021956423
0.023526883
-0.057467539
0.024779173
-0.040576268
0.017892128
0.043902799
0.025650715
0.073119372
0.03651426
-0.0041069682
0.065904774
-0.034533009
-0.024227338
0.062009197
-0.010171006
0.073171914
-0.087094434
0.024628488
-0.099610813
0.050328694
0.10629152
-0.026905047
0.01107043
0.060833342
0.06666714
-0.016585434
0.080060259
-0.027888101
-0.11245196
-0.058310747
-0.037580185
-0.022364322
0.00063918176
0.034558207
0.030006241
-0.053996507
-0.017593421
-0.041510969
0.060966112
0.012370993
0.034967273
-0.036410049
0.071939886
0.064780712
0.00066004245
0.0026370899
0.012289571
0.00012158576
-0.0084319813
0.046355762
-0.11601017
0.067308873
-0.066507161
0.038092077
0.037631709
0.030764628
-0.0096770572
-0.04367559
-0.051105071
0.033018064
0.0014055974
0.00036909926
0.01179367
0.010050762
-0.055989955
-0.23449646
-0.11548851
0.046902861
0.041668504
-0.027569674
0.091997556
-0.029471055
0.035640802
0.010963237
0.055180773
-0.030496281
0.046544947
-0.047752202
-0.070526704
-0.11210134
0.014212828
-0.13450925
0.046939101
-0.048336916
0.037135068
-0.10198767
-0.012946989
-0.020009749
0.011355934
-0.024000719
-0.023929978
0.055923905
0.04922488
-0.070774786
-0.011630889
-0.10748652
-0.14010321
0.1015989
0.12480729
0.03026207
-0.028990947
-0.01501799
-0.07445585
0.032994397
0.063918844
0.036750045
-0.0818206
-0.02389768
0.067736626
0.0055073691
0.027422978
0.0057377173
0.041831791
-0.011132199
0.017667057
0.060563967
-0.12337084
0.081321068
-0.13126224
-0.016481308
-0.0028651834
-0.03503079
0.10504354
0.21758395
-0.19204073
-0.01013597
0.17223197
-0.23425163
0.010770935
-0.093675233
0.10278071
0.019920029
0.06231302
0.071324706
-0.074697867
-0.038835365
-0.071198955
-0.095481455
-0.061730076
0.10077846
0.043207783
0.021416331
-0.039291326
0.059679069
-0.012020729
-0.019716572
0.029142605
-0.26285407
-0.05222654
0.13083507
0.17598175
0.077421449
0.0090483343
-0.30597532
0.063234508
0.064131767
0.19138648
0.093888231
-0.034865156
0.0085213315
-0.014889068
-0.011345819
-0.044012986
0.011002332
0.045543622
0.053769521
0.051672947
-0.16017531
-0.075413384
0.015864635
-0.011657316
0.09879265
0.015596995
0.10598653
-0.0033737717
-0.049817238
-0.028168822
0.043871079
-0.062531717
0.15007937
0.034213331
-0.13369118
0.17324382
0.084412977
-0.038925834
0.04733086
0.042111695
0.0062370775
-0.028988695
0.032257069
-0.011852569
-0.0003618375
-0.043625947
-0.044589266
-0.039896227
-0.044509985
-0.046623603
0.15722813
0.017197514
0.02004689
0.11541931
-0.058055814
0.13083504
0.021795804
0.14441369
0.03027029
-0.06355051
-0.17130627
-0.070000291
-0.0062794681
0.056836806
-0.020680262
-0.044712842
0.11484181
-0.079409674
0.0068769967
-0.11088556
0.057956092
0.016922003
0.0057237572
-0.034337293
-0.02195398
0.032495856
-0.19206963
0.030186338
-0.05169449
0.016736664
0.10904341
-0.16176315
0.017947584
-0.079271525
0.016258597
-0.11063503
-0.081204779
-0.016373925
0.12134141
0.0078792907
0.0014055045
-0.0072918609
0.017780621
0.077170305
0.01292607
-0.047478974
0.073719047
-0.0088377278
0.093190618
0.10164341
0.038160376
0.0060668141
0.040488161
0.077028692
-0.021827865
0.12518321
-0.010623365
0.009350406
0.0029275075
-0.11364356
-0.076639801
0.081747517
0.047955323
0.12596014
-0.01083259
-0.11072789
0.11004721
0.0012250524
-0.045035738
-0.058806352
-0.105057
0.10218428
0.06949646
-0.071670562
0.020724697
-0.10235278
0.1030602
0.042182665
0.11009494
-0.03568691
-0.10992373
0.025091011
0.12699825
0.13362385
-0.10059576
0.048650164
-0.087372974
0.063116528
0.0085777333
0.10535777
-0.033769101
0.043825556
0.12309234
-0.064656705
-0.0054431818
-0.06814795
-0.072576098
0.00035584794
0.014792811
-0.064815938
0.045479488
0.030924655
-0.061185651
0.012268892
0.021362765
0.018385105
-0.031659946
0.042796545
-0.085212037
0.014506833
0.016577216
-0.068895482
0.044966988
0.2184736
-0.12293257
0.10354672
0.051068727
0.083566502
-0.06169939
-0.11817884
-0.15755296
0.031328354
-0.1020758
-0.045378167
-0.12710075
0.034352452
0.014549551
0.11273399
-0.11867076
-0.089426056
0.059245169
-0.074107766
0.073220938
-0.034322098
-0.057402853
0.014168738
-0.039557341
0.047696691
0.11838787
0.077783905
-0.070845835
0.0026243054
-0.034818839
-0.11664019
0.1550113
0.091501601
-0.055858448
-0.19779892
-0.0010976902
-0.11913969
0.067063794
0.01582356
0.0043186997
-0.07773719
-0.026509281
0.00071998424
-0.0034435818
-0.12476856
-0.11585972
-0.073834017
0.023003237
0.01733209
0.08213491
-0.062016413
-0.038458925
-0.0089702411
-0.11789365
-0.0071643684
0.05810111
-0.042480376
0.045103289
0.033908918
-0.12644354
-0.15701926
-0.0486224
0.029440627
-0.10329634
0.031936139
-0.022106087
-0.1276314
-0.079282016
0.062677898
0.025343847
0.022014951
0.0059649949
0.016113812
-0.098950438
-0.050912037
0.010425423
0.06728866
-0.051429342
0.021387912
-0.015928343
0.011992123
0.034569517
0.038383793
0.040607568
-0.057734005
0.052369982
-0.17059641
-0.034727663
-0.015904509
-0.050669689
0.016084751
-0.063001692
0.0030167385
-0.020997291
-0.061761294
0.062575772
-0.0031652169
0.012337097
0.022174867
-0.04138238
-0.13998817
-0.069919154
0.009124089
-0.052661806
0.080129415
-0.1511296
-0.14663874
-0.1663405
-0.018182823
-0.13031217
-0.022194378
0.012117298
-0.050869495
0.0045109419
0.0062840329
-0.00031227007
-0.018028518
0.010056545
-0.091713965
0.014120169
-0.068868071
-0.00052492559
-0.040522508
0.052498069
-0.019985387
-0.094299331
-0.056379691
-0.018521044
-0.0088707926
0.063867569
0.0031476757
0.04947805
0.017261898
-0.055989802
0.0030892438
-0.049406286
0.063671537
-0.022557816
-0.0080289766
0.032143764
0.0068702912
0.032494713
0.0018433984
-0.075467594
-0.012369039
0.0059331018
0.0013191642
0.016466454
-0.01700112
0.013856291
0.0085289096
0.049229506
-0.01080393
-0.045676678
0.036487404
0.016254742
0.056642808
0.019396337
0.069303341
0.074575022
-0.057995617
0.0086142318
-0.028798211
-0.084762506
0.014529549
-0.087703645
0.054158919
0.22253358
0.14254819
-0.0297201
0.1282444
-0.13315007
0.037801307
0.022207214
-0.058327336
-0.25764003
-0.069964319
-0.081070289
0.061204839
0.045291603
0.03069338
0.063653983
-0.027896406
0.11165564
0.033072807
0.015236217
0.018600265
0.018374216
-0.044882845
0.027683288
0.1020586
-0.0063391211
-0.0049389433
-0.082744688
-0.024809184
0.1019193
-0.13012597
-0.18707627
0.049322635
-0.071843594
0.10446938
0.12293763
0.020041978
0.049634397
-0.055215232
0.18279795
0.025822004
-0.023037035
-0.082454048
0.19830546
-0.11215361
-0.013045806
0.016297659
-0.04044741
-0.0088690165
6.1647377e-05
-0.15548754
0.048149116
-0.036077343
0.0088920454
-0.0016147827
0.14668791
0.015059417
0.077054493
0.11800137
-0.023824524
0.15686895
0.18001434
-0.0096345013
-0.1705022
-0.081388615
0.07689552
-0.29504111
0.09038119
0.017845212
0.033131439
-0.054544982
-0.025515065
0.0073117916
0.0077949264
-0.17598104
-0.16487963
-0.020288063
0.18217152
0.023068735
0.097441331
-0.11754938
0.17573175
0.083960928
0.14150093
0.1188167
-0.0078717871
0.0042917631
0.05768067
-0.0073777176
0.047746792
0.026889376
0.058408894
-0.11221872
0.1152273
0.09858384
0.021650672
0.23585273
0.043524832
0.016193565
-0.012206153
-0.15183604
0.018878978
0.11917472
-0.059247725
0.12289926
-0.092873141
0.066029236
0.015974374
-0.12994246
0.10206576
0.073347755
-0.054497309
0.082049951
-0.11616394
-0.17265594
0.010011065
-0.001287838
0.026106497
0.071941204
-0.12785172
-0.21811421
-0.01333204
0.087778337
0.056575049
-0.043803826
-0.061911222
-0.0099139223
-0.084113955
0.12623891
0.036547337
-0.020043682
0.011232301
0.012163659
0.066878609
0.043267407
0.084567145
0.046396367
-0.037417896
0.11877931
-0.021969849
-0.010710778
-0.0048247157
0.015086805
0.13902049
-0.10456236
-0.0047379499
0.079846643
-0.055714749
0.12395908
-0.057156101
-0.037959892
-0.0058990913
0.14075601
-0.058823716
0.0089574503
0.051809654
0.022855364
-0.083316378
-0.057348847
-0.18568309
0.069914684
-0.053142346
-0.02623206
0.1874256
0.10527499
-0.086851783
0.016191218
-0.092655741
0.21204951
0.073972933
0.045657218
0.072924756
0.066831917
-0.048540264
0.029403996
-0.12518631
-0.0064138742
0.0047024
-0.023157503
-0.013309521
-0.032946821
-0.080189846
0.033257041
0.083522096
0.033927619
-0.1094093
-0.17864268
0.10603721
-0.062184967
-0.082708992
0.046529669
-0.018599689
0.13197626
-0.032229383
-0.017717147
0.026041169
0.10032971
0.10020474
0.10042462
0.16801511
-0.0095228236
-0.015717734
-0.095772944
-0.053347491
0.0064826822
-0.049007028
0.028353563
0.067403756
0.071901612
0.063733555
0.071522325
0.021432361
0.030767251
-0.016228601
-0.091704294
0.10845448
0.10864956
-0.075550325
-0.14580426
-0.10039192
-0.080075473
-0.022629017
0.0089118015
0.15658502
0.04308302
-0.068622179
0.14804105
-0.026785167
-0.13629006
-0.041512299
0.043701213
-0.057051789
0.034802575
0.039055843
0.16189286
0.07547316
-0.086521946
0.14976628
-0.084125511
-0.031803396
-0.10608669
-0.051097266
-0.055927616
-0.1162632
0.13412614
-0.052536596
0.056014877
-0.035975635
0.14623515
0.020671964
-0.021662509
0.065956861
0.060179401
0.021563558
-0.11451943
0.0045116986
0.089247383
-0.006093258
-0.04998336
0.1155561
-0.0096882032
-0.090987541
-0.091934495
-0.084695496
0.010648255
0.022146497
-0.012050007
-0.054801632
0.058983654
0.0019269328
-0.040799744
-0.085082635
-0.059257098
-0.13122362
-0.097134672
0.02156473
-0.17150235
0.072803423
-0.031350028
-0.047534943
-0.16079228
0.0099022631
-0.049619216
0.025191508
-0.065051273
-0.011813722
0.033965699
0.0036240336
0.04045416
-0.047250766
-0.068982199
0.045701385
0.076162398
0.087509267
0.0071871295
0.050543964
-0.05427656
-0.017151695
-0.063781112
-0.17291565
-0.0098594073
0.018283434
-0.072420679
-0.079842031
-0.022327382
-0.048878584
0.042376328
0.040073752
0.027766645
-0.046663694
0.037797756
-0.090716474
0.013053969
-0.10690537
0.03859349
0.033149779
0.036139343
-0.039920002
0.080706678
-0.065005749
-0.071488038
-0.078367546
0.04196677
0.082450993
0.024264466
0.044475712
-0.045705944
-0.032900192
-0.067770354
0.015957121
-0.07899306
-0.012905236
-0.046046466
0.0048547052
-0.024412563
0.0061539467
0.019057948
-0.00049677276
0.057572927
-0.0090324227
0.029381353
0.015211841
-0.096956044
0.03516509
0.0062187235
-0.089225829
0.004228361
-0.020908596
0.015894664
-0.090226397
-0.012704814
-0.0042255963
0.034477171
0.016664488
0.088192992
-0.097256623
0.11534994
0.04785328
-0.19697353
0.055162989
0.0063535394
0.035781119
0.015019567
-0.099477671
0.057033788
-0.10459946
0.037099503
0.083005585
-0.017493222
0.097709946
-0.14711392
0.039481185
0.043338269
-0.10320458
0.10987072
0.016505349
0.085748076
-0.042790256
0.094770238
-0.028829191
-0.076214828
0.011770179
-0.12532459
-0.17085205
0.0041565145
-0.19896065
0.038262025
0.12265917
-0.026770057
-0.11574902
0.029220281
0.049057189
0.011268255
-0.082218625
0.021430597
0.025717223
0.16821164
0.033862282
0.17040811
0.019005157
0.069637373
0.13179728
0.0199841
0.0053355759
-0.021371387
-0.0033847697
0.07757362
0.062318012
-0.021569585
-0.093441978
-0.09106832
0.10288395
-0.034549519
0.032045752
0.097543471
0.02415237
0.0070008524
-0.017491549
-0.2040821
0.10196845
0.087706394
-0.071537137
-0.073645733
-0.12071265
-0.20910992
-0.018026005
-0.19490719
-0.14772849
0.022368178
-0.018834516
0.023927502
0.09402176
0.086202621
-0.017332301
0.10564208
-0.070868187
0.021391617
0.073220074
-0.027601855
0.0012750041
-0.052165367
0.016356923
0.11241981
-0.12821689
-0.11859529
0.048649631
-0.08952973
-0.043135524
-0.11842179
-0.029731845
-0.029063053
0.0028119963
0.029173316
0.021936735
-0.0012619433
0.03581816
0.08098837
0.15588981
0.15426791
0.025427211
-0.16652791
-0.20065127
-0.0061484575
0.076030627
0.021948962
0.0081698243
-0.15653327
-0.25441328
0.12127684
-0.043375317
-0.041657068
-0.011325896
-0.13579063
0.022486683
0.0069789914
-0.19636269
-0.027070878
0.099392191
0.064900331
-0.041957296
0.037276737
-0.05744746
0.0031721862
-0.10474326
-0.029898448
0.021538189
-0.012189811
0.0082805911
0.0023654555
0.20224601
-0.07833264
0.040578935
0.071934417
-0.091147274
0.093544006
-0.039412662
0.064000368
-0.023813751
0.02347165
0.012901938
0.12402704
-0.093393616
-0.035055503
-0.073269755
0.046031464
-0.049655613
-0.045115598
-0.0053244205
0.044455636
0.00087841356
-0.0038749154
-0.11024804
-0.022717489
-0.095869556
0.021164412
0.088697545
-0.10188522
-0.069817208
-0.032836203
0.039133061
-0.14227992
-0.08716666
0.067328811
-0.061175078
0.055443428
0.043280791
-0.10103814
0.010643539
0.040008333
0.064549468
-0.13663541
0.046017781
-0.030294538
-0.015118807
0.050510325
0.062776245
0.018257553
-0.09661191
-0.032515287
0.10163765
-0.012256307
-0.12267071
-0.016626839
-0.044820752
-0.056456685
0.082764119
-0.095363945
-0.0056128907
0.01779948
-0.095164277
0.02256367
-0.05079478
-0.0069342759
0.00063851586
0.03218057
-0.072388068
0.081642769
0.0030168763
0.080085553
0.026862843
0.031861983
-0.038328435
0.056195192
-0.08342652
0.044929679
-0.16448607
0.047640745
-0.042104349
-0.045353316
0.10555466
-0.01143994
-0.065628
-0.03032738
-0.15368706
-0.090592124
0.057348754
0.080607012
-0.18537572
0.064775035
0.013702049
0.065681063
0.016043166
-0.065926246
-0.012646317
0.0037206549
-0.029706446
0.051115323
0.024756925
-0.083759546
0.033657402
-0.14721613
-0.077715531
-0.12845194
0.11982805
-0.14494929
-0.041294862
0.04990875
0.099605232
0.097646467
-0.018687364
0.033647362
-0.079011291
-0.082703695
-0.020445637
-0.18480623
-0.034310572
0.047745034
-0.0024596527
0.102497
-0.013234134
-0.082685679
-0.067179501
0.0018334105
0.001819458
0.13098978
-0.05921182
-0.12217136
-0.0023683724
-0.025115099
0.0056506358
0.010746101
-0.029030945
0.018033972
-0.033670675
0.070774063
-0.053719319
0.011723891
0.076633461
0.049574442
0.053889178
-0.024590237
-0.0063762064
0.01743181
-0.016527351
0.0020382332
-0.068658724
-0.10665026
0.0091264527
0.015358934
0.021695767
-0.021296352
-0.051500972
0.069300875
0.0019547958
0.051401168
-0.011511519
-0.16710208
-0.051627818
0.0098158065
-0.21281612
-0.043604638
0.069183379
-0.02018643
0.022950295
-0.031368636
-0.023371147
-0.064969614
-0.024232242
-0.048824761
0.060754534
-0.04714248
-0.070271574
-0.037756745
-0.043064427
-0.086791895
0.14850527
0.037070457
0.032393996
-0.0063226493
0.068161957
0.099719346
-0.14493501
-0.023154531
-0.1123634
-0.11002056
0.098558858
0.030823125
0.0013650799
0.094217382
-0.082786731
0.094894424
-0.009504552
0.040014241
0.02807714
0.0080776792
0.088134028
-0.059761781
0.07467296
-0.054391176
-0.056705125
-0.041733209
0.01944826
0.014294952
-0.042983446
0.049295809
-0.046315473
-0.055288263
-0.10686072
0.0067103473
-0.042388197
-0.0099415351
-0.070804387
-0.060404692
0.071895234
0.032999221
0.036539115
-0.11220827
-0.068443112
-0.058958046
-0.015504988
0.087296061
-0.071201801
-0.026890166
-0.033840619
-0.038648318
-0.18633473
0.00068859279
0.013987842
0.020136574
-0.0024015505
0.061516594
0.012380135
0.16658464
-0.080111556
-0.040483043
-0.089401029
-0.022428591
-0.091959201
-0.061849568
0.0058367387
-0.019336076
-0.03411255
-0.12672548
-0.0083628809
0.0013141696
0.040139984
0.13114421
0.002772107
0.010054361
-0.040649593
-0.23417348
0.036019597
0.016555391
-0.057645131
0.13566867
0.029363424
0.011209181
-0.040630709
0.1072008
-0.09307538
-0.079220191
-0.10658015
-0.039138407
0.0036159204
0.02379249
-0.11122036
0.056459088
0.056435764
-0.03001393
0.031368155
0.11025028
0.15401515
0.079309352
0.0061316583
-0.1031141
0.020116119
0.1199678
-0.038882907
0.02419012
0.013514846
0.010564491
0.028889161
0.038479093
0.028467046
-0.056357373
0.039597243
0.046506979
-0.047022436
0.068452388
-0.070792504
0.04739641
0.0059722429
-0.0075194994
0.069596082
0.058449142
-0.056756113
-0.037893232
-0.014771668
-0.0016257628
0.014692812
-0.078158416
-0.019643413
0.048212506
-0.045457475
0.13593817
0.10139489
0.048895612
0.058434963
0.030098649
0.074514173
-0.079913102
0.06136848
0.064433627
-0.017403822
0.077813163
-0.073118687
0.07851626
-0.032499306
-0.089324169
-0.03170801
0.045806959
-0.019392077
-0.025672166
-0.068085328
-0.022257576
0.015102711
-0.025455989
-0.03469627
-0.08036644
-0.079699181
0.01129842
-0.048725724
0.11552404
-0.065888964
-0.070296586
0.011019083
0.064433612
0.096073195
0.016339542
-0.037127774
0.08534573
-0.067343213
-0.030013623
-0.075661354
0.1276734
0.11230501
0.059622142
0.043299761
-0.048742771
0.096578628
0.024282215
0.074396953
0.055534177
0.17413376
-0.023421619
0.017764
-0.023052925
0.0416595
-0.094137065
0.054864381
0.052977502
-0.017806787
-0.051480316
0.074553266
0.071717612
-0.062252726
-0.069064282
-0.074244455
-0.046265744
-0.030972712
0.096710578
0.017175656
0.0090002762
-0.075403146
-0.039302595
0.022537932
0.040304057
-0.056473073
0.19244254
0.022578118
0.040023565
0.015362157
-0.0067483843
0.088172458
0.010463377
0.03876853
0.0043374579
0.033883132
0.075320542
0.090815865
-0.10808424
0.002137067
-0.14656015
0.13355884
-0.038077682
0.02282659
0.0082134129
0.070015036
0.026600296
0.11945985
0.061473802
0.098603912
0.031438086
-0.024449717
-0.099768057
-0.061441235
0.034556303
0.0023746409
-0.022318799
-0.10999341
-0.075490378
0.033902291
-0.062295914
-0.055159081
-0.088300668
0.071424328
-0.047653053
0.055568535
0.0091481833
-0.023698021
-0.039143238
-0.067015968
0.019072913
-0.027712086
-0.01355871
-0.013802153
-0.0093692243
0.072483361
-0.023876708
0.01560001
0.0099692829
0.10131337
-0.019822262
-0.085652344
-0.029393211
-0.15213954
0.074059732
0.088706873
-0.02082916
-0.16525835
-0.0033618335
-0.0047506583
0.03104003
0.036285721
0.076193191
0.086055629
-0.040025461
0.022733865
0.096547581
0.053237967
-0.060953241
-0.067520797
0.052266255
0.035917509
-0.088081457
0.079949781
-0.03902692
-0.027782846
-0.14434704
0.021724913
-0.053921733
-0.078187093
0.053784415
0.040358763
0.077673733
0.046259411
-0.029157881
-0.11673834
0.035006959
0.069248624
0.036993545
0.042137846
-0.11882384
0.077778965
0.052293368
-0.087974638
0.0092887217
-0.047969509
0.21030498
0.052082732
0.015449726
-0.090445518
-0.01828151
-0.1550893
-0.0021085055
-0.053472046
0.0032975816
-0.12699848
-0.082865275
-0.064000599
-0.02355407
-0.012905338
-0.11732095
0.019123934
-0.014690358
0.039514057
0.075170912
-0.075035736
-0.052382283
0.082852624
-0.0067188912
-0.10937172
-0.050036997
0.033809811
0.0128551
0.027492471
0.051503923
-0.1414725
0.024558106
-0.016378308
-0.012415214
-0.037352338
-0.0017780621
-0.030325957
0.056726392
0.026903283
0.047358669
0.064081453
0.040618118
-0.047825467
-0.091970831
-0.0061506703
-0.064548574
-0.054156467
-0.049219888
0.044943377
-0.09488222
-0.022156546
0.058311153
0.020039996
0.054886401
-0.0079750931
0.061707467
-0.002248707
-0.024662171
0.050883412
0.12068881
-0.036457386
-0.013046131
0.026045414
0.026632505
0.060632549
0.13447911
0.041215997
-0.046234917
-0.052980419
0.010518118
-0.019222295
-0.086292312
0.058029994
0.067071587
-0.014085565
0.025214691
-0.14619815
0.13149032
-0.055947363
-0.00096129603
-0.081043087
-0.020553185
0.073468059
0.0019448029
-0.041495491
0.086746059
-0.081073172
-0.059732988
0.05360556
-0.052324489
0.074016765
0.11485086
-0.14352246
-0.010741633
-0.10634406
-0.073510915
0.0025582172
-0.0065672421
-0.091292664
-0.093869582
-0.028699238
0.02812946
-0.066733375
-0.11724723
0.019750405
0.040383354
-0.0049483106
-0.1905981
0.019851509
0.0083302911
-0.023661252
-0.03442838
0.068595573
0.028084643
-0.0048302254
0.10589829
0.064760588
-0.017044468
-0.011191811
0.10178727
-0.041043397
0.069353461
-0.0048496234
-0.057935067
0.053036887
-0.04783579
0.083372585
0.061701957
-0.0013028794
0.0661994
-0.0024661676
-0.074908257
0.047482394
-0.035792261
0.084185801
0.011883342
0.0030070387
0.015175884
0.037265114
0.16800942
0.046556659
-0.047602721
-0.0083152801
-0.031792872
0.083343424
-0.039077226
-0.0083004022
0.0060515637
0.075472705
0.027812166
0.10027853
-0.023417596
-0.14442982
-0.039415374
0.065185107
0.048220988
-0.026186267
0.095534317
-0.021848261
0.0026352683
-0.076075807
0.01069428
-0.054304641
-0.083587125
0.017776156
-0.089683682
0.0083575072
-0.012116906
0.041719276
-0.045477238
0.030676968
-0.12898248
-0.0057197637
-0.04410053
0.045554325
0.074050233
-0.0452988
0.036690343
0.056547496
0.036620926
0.031381797
0.0010829171
0.12009584
-0.08571256
0.025751533
-0.081647702
0.064636096
0.10897271
-0.081375293
-0.013472908
-0.11302458
-0.004836149
0.055080414
0.13794903
-0.010450683
-0.0055448832
0.028959982
-0.010875852
0.00087940047
0.048836563
0.032668699
-0.078032412
0.017153371
0.045925517
-0.091231138
0.018815724
0.0048493398
-0.059474628
0.012372095
-0.028467406
-0.075553782
-0.008393608
-0.0372646
-0.010719967
-0.073904037
-0.13978824
-0.11476614
-0.0018060566
0.033078719
-0.11303647
0.072418578
0.015124151
0.069196597
-0.051243071
-0.080699287
-0.1345813
-0.038405802
0.029063856
-0.039120216
0.001983288
0.027880993
-0.078782804
0.12447109
0.060955871
-0.19828072
-0.059814755
0.098292381
-0.1201111
-0.06814044
-0.016837807
0.089017801
-0.022052534
-0.028375359
-0.062442265
-0.044257324
0.05635301
-0.14982238
-0.061358679
0.083821751
0.02901715
-0.058650747
0.072418936
0.023098117
-0.058885295
0.013586882
0.077632807
0.037809841
-0.12194039
0.086294793
0.046972178
0.063506342
-0.035284467
-0.056318056
0.081613019
-0.058517594
-0.18344635
0.032716468
0.031297993
-0.072718292
0.0077449065
-0.0053793029
-0.013140998
0.021288715
-0.065126941
0.02196376
0.034193106
-0.0014538504
0.0085403603
-0.0050761704
-0.089340404
-0.040989947
0.065646797
-0.018174406
-0.015521399
0.00066302536
0.033536728
-0.070385918
-0.064555258
-0.034800526
-0.040500641
0.1388033
-0.051606413
0.035992879
-0.086549208
0.072777659
0.0061652777
0.0057248711
-0.025959048
-0.12883604
-0.05354888
0.0074279592
0.061134122
0.089178406
-0.041742485
-0.07490626
-0.061877735
-0.015119544
0.097531199
0.059206586
0.048062768
0.030143591
-0.076252781
-0.0096119447
0.029433168
-0.039177816
-0.083029956
-0.025254358
-0.13071144
0.0066731297
0.037061293
-0.011492701
-0.022783015
-0.092968173
0.037566863
-0.047161572
0.016069021
0.089397863
-0.0089645777
0.0084727649
-0.10514199
0.0033834637
-0.2120996
0.082169361
-0.083277442
0.017010614
0.0024200715
-0.021429688
-0.041806687
-0.038890827
-0.090564407
-0.010077484
-0.04027538
0.060246177
-0.077290922
0.0241115
-0.067113779
-0.067006081
-0.10858529
-0.042874467
0.063530147
-0.0256989
-0.075615034
0.060042664
-0.029184356
0.095856726
-0.0034094336
-0.070919387
-0.060079936
0.04840783
0.063073225
0.033833548
-0.037369564
-0.060607418
-0.023598619
-0.010600728
-0.075119428
-0.024671592
-0.042757556
0.0046518431
-0.020030951
-0.063006371
-0.071998149
-0.075917102
0.0090243546
-0.020850647
-0.0053492035
-0.032175254
-0.054525208
0.015419054
0.0012114859
-0.0023282575
0.018797301
-0.01010889
0.031218935
-0.052582245
0.018032864
-0.078366928
0.043476947
-0.047774173
0.015928227
0.013848789
0.11616059
0.021444332
-0.081003204
0.063640997
-0.0091359057
-0.031171417
-0.0093111498
-0.0072196843
-0.049884703
0.043294039
0.0021932819
0.05809382
0.0016156757
-0.077978462
0.017493
0.0059089414
0.0028155551
0.070333622
0.066211417
0.028939866
-0.12325168
-0.011984596
-0.13709973
-0.058841098
0.00030766358
0.022241123
-0.064489469
-0.10345075
0.12628716
0.0020565521
-0.0083946576
-0.022983538
-0.01801073
-0.16043234
-0.0088890782
0.059357762
0.031351484
-0.045778912
0.0054014619
-0.07637573
-0.036973007
-0.055469733
-0.050817445
-0.13729608
-0.00412464
-0.029746447
-0.087354541
-0.031798214
-0.058363654
0.0085508861
0.075861417
0.084427029
0.0038541667
0.031425111
0.026196517
-0.075064413
-0.035838898
-0.049331564
0.09191329
-0.021264477
0.059659373
-0.014639735
-0.035294224
-0.13340421
0.072848082
0.010422886
0.0075343563
-0.049678326
0.080808356
0.050883844
-0.020772966
0.0065859598
0.017634701
-0.025334129
-0.097779453
-0.11766278
0.014989665
0.027941072
-0.062539272
-0.0283446
0.024268562
0.025663577
-0.046475139
0.03940868
-0.010190521
-0.015663249
0.045473848
-0.14191316
0.0020144489
-0.0098733418
0.040577691
0.084776558
0.11154359
-0.10014404
0.06512107
-0.025073718
-0.052933376
0.064591594
-0.16670142
-0.10594539
0.001410572
-0.1308127
0.044477735
-0.11329547
-0.024181636
0.015509602
0.00084094133
0.026528213
0.051792558
-0.053335875
0.022494419
-0.05413989
-0.065975614
0.0090533076
-0.055064354
0.011990801
-0.052452773
-0.10977092
-0.10735014
-0.10861734
0.035887409
-0.0068966276
-0.045223627
0.069302008
0.022840658
-0.072102681
0.07510785
0.017652625
-0.045219317
0.077681057
-0.0098410361
-0.021782618
0.030358639
-0.036475077
0.0020146435
0.090020515
0.094738051
-0.057323925
-0.068835653
-0.0013372055
-0.035454601
0.064360045
-0.022302592
-0.054521784
-0.037855882
-0.0053463383
-0.023692384
0.034515958
-0.015960602
-0.04856009
-0.013101294
-0.0210733
-0.00977585
-0.063803956
-0.025069436
0.044472631
0.075932764
-0.051646966
0.036873341
-0.029039443
0.075316727
0.0047534453
0.078400843
-0.055527087
-0.029849136
-0.14883146
0.029315565
0.06883537
-0.060818437
0.05854613
0.0050655222
-0.09673579
-0.056416668
-0.036413882
0.019931713
0.1044024
0.026166128
-0.05810548
0.016031617
-0.0035592944
0.11610441
0.052454066
-0.066752523
-0.039613288
0.027559733
-0.060087442
-0.12536094
0.0087397425
-0.41967157
0.010042928
0.033930838
0.027487634
0.054515801
-0.10113429
-0.018404685
-0.056765299
-0.042574853
0.025368145
-0.073918447
0.054351252
-0.057112429
-0.068587087
-0.00322312
0.044375554
0.030926192
0.011387867
-0.07530807
-0.01831734
0.025998522
-0.054233298
-0.010010058
0.10312136
0.17063616
0.0729734
0.022443838
-0.052087661
-0.0064290143
0.031993855
-0.038699206
-0.011553621
0.0012934487
0.14638428
-0.015688328
-0.076649927
-0.23879248
0.0041133203
-0.031559903
0.037833724
0.0082383212
0.0040707872
-0.026318388
-0.031113235
0.046170671
-0.059177119
-0.11309547
0.027746616
0.13927144
0.087964922
0.048911493
0.073602363
-0.016933477
-0.038020726
-0.059208769
0.016761037
0.030017015
-0.063163631
-0.031508937
-0.022305487
0.0079744048
-0.038752031
-0.21061373
-0.081677809
-0.0083963834
-0.059605777
-0.04657653
-0.032029826
-0.02383098
-0.093977317
-0.015519274
0.031076469
-0.0414587
0.073992506
0.047947463
0.026045619
-0.035119429
0.083725192
0.090531558
0.029208323
0.20483509
0.10986972
-0.015168842
-0.072345607
0.088441014
-0.11016665
-0.068251431
-0.031877026
0.0072479285
0.037214406
-0.045251887
0.0022334424
0.06145066
0.0042179325
0.052315965
0.0081635611
-0.039302904
-0.051431257
0.04373173
-0.086537965
-0.034683149
-0.11978342
0.021656912
0.075805373
0.06074312
-0.016559293
-0.050928384
-0.10883482
0.01808458
-0.012999387
0.030315347
-0.10327775
0.041036405
0.0052312245
0.011836357
0.045129418
-0.049635079
-0.094408952
0.034459587
0.048532788
0.051187493
0.00023516051
0.0074174316
-0.017279217
-0.077668361
-0.16124485
0.12355216
0.032039344
0.048679411
0.061245136
-0.016313948
0.019468024
-0.032468889
-0.19395648
0.0073359134
-0.020760363
-0.019048531
0.014403609
-0.031412967
-0.097869396
-0.13610367
-0.13338768
9.4503834e-05
0.071695887
0.03444355
-0.060808834
-0.018408407
-0.0057277153
-0.017065126
0.0010915142
-0.026618296
-0.01368641
0.015610982
0.03382111
0.049222205
0.0024331554
-0.042730756
-0.022169266
0.037289452
-0.11080862
-0.068409629
0.022301879
0.024244152
-0.035541445
0.021312907
0.01256833
-0.19694437
0.0085632149
0.08008901
0.017857023
-0.095434301
-0.059178714
-0.041994117
-0.019906772
-0.04375378
0.018240217
0.015573008
-0.0098659871
0.032432795
-0.01932908
-0.032107137
0.082000203
0.05829563
-0.10961769
0.047473211
-0.025511354
-0.19087939
-0.17073806
0.070416756
-0.23591751
0.071212158
-0.049537204
-0.024218924
0.00028488258
-0.083444677
0.050980702
0.045918241
-0.011317624
0.1421466
-0.076538906
0.060237311
0.040558182
-0.039761767
0.054641299
-0.0093985759
0.059041761
-0.079574883
-0.039089218
0.030063547
-0.044932693
-0.012769342
-0.014464056
0.020081894
-0.043778118
-0.012672969
-0.060929872
-0.069006875
0.022896782
0.019189755
0.009935216
0.06805177
0.0189148
0.052499007
-0.10019089
-0.065530039
-0.17859782
-0.06114918
0.084840938
0.0029702319
-0.086214587
-0.030826878
-0.044514135
0.045572959
0.0086396867
-0.049095921
-0.027146954
0.07431379
-0.065955736
-0.1178195
-0.00044256647
-0.0073718443
0.067626961
-0.051053375
-0.073433727
0.074220426
0.065337352
-0.0071049486
-0.030556066
0.06190199
0.035359465
0.070184588
-0.078444131
-0.089225397
-0.00025844265
-0.046011444
0.064151041
0.10342008
-0.006087536
0.041467778
-0.012955348
0.072378628
-0.01428863
-0.08736594
-0.00078544795
-0.0099548604
-0.040491451
0.0096425582
-0.0010031515
-0.035712257
0.030052431
-0.018321427
-0.026622871
-0.054922651
-0.028669376
-0.050536212
0.036079887
-0.046749402
-0.007556356
-0.061096791
-0.0045724981
-0.027252646
0.13665813
-0.021090681
0.040798824
-0.053614449
-0.024098679
0.0029018642
-0.05252086
-0.0076469211
-0.134177
0.017195046
-0.054430328
0.030822886
-0.055095822
0.075992137
0.17781103
-0.025617324
-0.074476354
0.033112571
0.047360856
0.029677579
0.012946256
0.067769527
-0.017442523
-0.12712094
-0.035775278
0.065414928
-0.024342204
0.042901035
-0.077635825
-0.14892411
-0.038684264
-0.026426718
-0.026585393
-0.010904153
-0.010261763
-0.10467672
-0.063814618
0.023754075
-0.023693934
-0.078237653
0.03465233
-0.018161051
-0.025636163
-0.076214671
0.066945232
0.010001072
-0.014508004
0.020721
0.076011807
0.013715357
-0.074467778
-0.015061884
0.0032503845
-0.067745477
0.075572774
-0.12670483
-0.16423157
0.067170888
0.003818884
-0.02897587
-0.12011987
0.065029778
0.023186009
-0.05457779
-0.00037320793
0.15704547
-0.025410926
-0.038184073
-0.11706877
-0.11457384
-0.052863974
-0.091845647
-0.024068356
-0.1162307
0.069385849
0.017292859
0.11708029
-0.028638549
-0.08263211
0.00089193403
0.15471987
0.041074492
0.03560194
0.010564312
-0.019517194
0.052150633
0.076200567
0.1310529
-0.042252142
-0.075469621
-0.0045889495
0.063078329
-0.10456564
0.036855303
0.044340469
0.10412013
0.078650936
0.088508226
-0.10395856
0.054722216
0.013300465
0.020255469
-0.092934154
-0.098083064
-0.0073271375
0.054301057
0.01396129
0.02000214
0.064828239
0.031221982
0.0097432453
-0.092252582
-0.08021386
0.023454584
-0.031569611
0.06187157
0.044912033
0.044546604
-0.0090041943
-0.052178569
0.065319344
0.055336341
0.094088212
-0.062749259
0.0022956894
-0.037407141
-0.011148429
0.073740527
-0.16337812
0.059321657
0.068395019
-0.097993664
0.030675922
-0.0057310066
-0.08008191
0.013612681
0.051474784
0.027381524
-0.0107266
-0.031676076
0.068239115
-0.0060190242
-0.029888052
0.009789696
-0.11338473
0.026149811
-0.013325961
0.033364773
0.150791
-0.087915532
0.034615334
0.17378151
0.082080521
-0.0091534341
-0.077083714
0.12470036
-0.076019697
0.088807605
0.071377628
-0.029407419
-0.025120826
0.029640682
0.011750327
0.062241618
0.12604637
-0.0088300034
-9.7445649e-05
0.072884992
0.011911259
0.040715232
0.024088742
-0.071129523
-0.043171398
-0.10024455
0.1414845
-0.024729999
0.027410744
0.12288547
-0.049378369
-0.012362954
0.063616268
-0.079142131
0.045082711
-0.1392542
0.03700893
0.052661669
-0.035406023
0.009686199
-0.0089727007
-0.21264444
-0.030865412
-0.067698807
0.070957243
0.027216993
0.083206803
0.011294723
-0.062637769
-0.043483939
0.073170036
-0.0055299071
0.024179919
0.078804418
0.0061223377
-0.030434558
0.016090129
-0.082931481
0.052125093
-0.093395501
-0.023247471
0.13126218
0.0062403423
0.045035347
0.12825471
-0.052336607
0.10689853
0.092256278
-0.01138331
-0.080379352
-0.067402408
0.0039129378
0.062798239
0.10068163
-0.13231944
-0.02468135
-0.072990023
-0.11132724
-0.12858717
-0.011477202
-0.10813591
0.089210905
0.046444967
0.086742006
0.019306492
-0.09199854
0.069753051
-0.022666642
-0.055538785
-0.040823817
-0.046239179
0.049987789
0.080642864
0.048944928
0.084128477
0.042824104
0.05011791
-0.045829091
-0.010597336
0.091640465
-0.042872097
-0.05251966
-0.076587953
-0.15836813
-0.048100948
0.10241569
0.0066999546
0.14964852
0.13203819
0.017268591
-0.11958463
-0.004585959
0.016348619
-0.19817439
0.01420498
-0.024183925
-0.015283842
0.0024219167
-0.20361611
0.14158891
0.056828063
-0.14134523
-0.0065954062
-0.022402382
0.026031395
0.020813348
-0.16483724
0.0035948276
-0.024683597
0.011707191
0.080327772
-0.11612736
0.068826236
-0.051531479
0.057220269
0.050219055
-0.20236135
0.15705913
0.11621506
0.016527837
0.058203146
-0.0098413806
0.031680241
-0.048394836
0.042206824
0.31646746
0.11214937
0.060585335
-0.060192678
0.027285395
-0.11034549
-0.023984198
0.033628803
-0.038669232
0.05713851
-0.1121335
-0.10836449
-0.084066175
0.04164993
-0.033962719
0.0010552679
0.098963216
-0.09650711
0.082787648
0.023812236
0.10978485
-0.1460939
0.032464415
-0.046726163
0.0071816752
-0.10677378
0.032087117
-0.053864166
-0.097281381
-0.054033697
-0.22006252
0.022084774
0.067206822
0.052316759
0.071032718
-0.12033964
-0.10164702
0.14023238
-0.07870999
0.15611763
-0.029562334
0.015161832
-0.010375536
-0.092580147
-0.00060796901
-0.15785123
-0.021202922
-0.028049668
-0.07359165
-0.01853786
0.094886594
0.12265055
-0.0085221268
-0.097631663
-0.029785223
0.028382448
0.0028676239
-0.05870406
-0.081842758
-0.021252541
0.17307158
-0.036623806
-0.091185503
-4.9143378e-05
-0.14628083
0.062703989
-0.17354761
-0.061067719
-0.16946369
0.054241985
0.086960755
-0.0067296913
0.0061896648
0.095664456
0.030986262
-0.00053232262
-0.03575014
0.074444376
0.0097778812
-0.023389855
-0.0064230855
-0.15996812
0.11730307
0.037094999
-0.0053613284
0.047780138
-0.042849753
-0.25947484
0.14017881
0.03443088
0.017577084
-0.0034936762
0.0071726572
-0.071963497
-0.03367161
0.02960667
0.059752043
0.10398833
0.074774325
0.075632825
0.15356867
-0.081700064
0.019217197
0.078333206
-0.027673686
0.05042582
-0.12905705
-0.0059234165
-0.033169277
0.0069906986
-0.061658211
0.056407187
-0.029894738
0.19875778
-0.12521993
0.029371846
-0.019752229
0.13116872
0.15008855
-0.12496027
-0.062066164
0.094348595
0.066967465
0.060828436
-0.0091694016
-0.032685772
-0.12111916
-0.0073927855
0.030316476
0.14245781
-0.047066215
-0.0059784311
0.063606746
-0.047011089
0.047770802
0.041922186
-0.20146506
0.11698146
-0.0057373308
0.025737207
-0.1671221
0.010694852
-0.012542267
-0.069294043
-0.035205316
0.0077451556
0.21599211
-0.23219037
0.15390591
-0.096945986
0.050052866
-0.012133405
-0.42101395
-0.077916637
-0.016913284
-0.053366359
0.028599543
0.0057147318
-0.097536556
-0.011250093
0.17330606
0.10971913
0.010629424
-0.034545172
-0.086945735
-0.13727453
-0.11988816
0.11309028
-0.0075016869
-0.060468301
0.16763449
0.069515593
-0.12051839
-0.020502556
-0.083825991
-0.063879214
0.004457484
0.0038795357
0.1694762
-0.044476245
-0.0017000709
-0.043716922
0.068117738
0.039035454
0.056766026
0.043320116
-0.034256317
-0.1161652
-0.13077763
0.063920677
-0.057293087
-0.016288919
-0.028150659
0.008393419
-0.0095705586
-0.045760315
-0.015942253
-0.07262142
-0.01821354
-0.043359928
0.061920032
0.072101288
0.046897288
0.024584638
-0.028383072
0.023111681
0.061589044
-0.071310267
-0.014560829
-0.053980954
-0.019240318
-0.092189655
-0.029902602
0.086714879
0.0014966398
-0.040154006
-0.052749265
0.031475168
0.059402458
-0.13205245
-0.062677838
-0.10625396
0.037926361
-0.042895962
0.088454336
-0.012948798
-0.045610644
0.011999374
-0.084985107
0.052222744
0.09571261
-0.027258543
0.027385734
-0.0062204292
-0.034479976
-0.061061233
-0.059532996
-0.034097292
-0.045394257
-0.056440108
0.024850219
-0.03231347
0.034817614
-0.055940658
0.042669065
0.045024902
-0.16287959
0.021329613
-0.18409134
-0.0055033648
-0.046470109
-0.171452
-0.025697814
-0.052697245
0.025547205
-0.11700695
-0.094196953
-0.026102269
0.053266473
-0.11275606
0.044057958
0.083639339
0.0034709589
-0.0033654354
-0.033317737
-0.0092694741
0.029169334
-0.02344081
0.0059039094
-0.039921276
-0.015990304
-0.043865431
-0.035669755
0.072142199
-0.0068264394
-0.007919007
0.021031182
0.04116552
-0.077905297
0.033852007
-0.10858433
-0.043779306
-0.039182734
0.062282026
0.030349761
-0.016562885
-0.11064378
-0.020754511
-0.016300973
-0.026312951
0.009761028
0.02049258
0.036202982
-0.11142646
-0.048891578
-0.058543976
0.067179978
0.067770697
0.040138464
-0.10015398
-0.068805709
0.069360152
0.1188131
-0.12921813
-0.0026777054
-0.0066532604
-0.060005642
0.014857088
0.041387461
0.022407144
0.11977686
-0.020030484
0.021011662
0.0019645598
0.019178919
-0.11404052
0.011026028
0.048193287
0.036206309
0.10058486
-0.022362195
-0.014595975
-0.10284177
0.022985926
0.07247033
-0.055248395
-0.11606073
-0.0097594019
0.14639199
0.059188802
0.052157592
-0.023207031
-0.033337489
0.039099999
-0.016560454
-0.12178316
-0.10766571
0.0066022407
-0.13317949
-0.030050909
0.054489035
-0.12360178
0.083363771
0.061044417
-0.081079029
0.043684281
-0.026214972
0.0056506833
-0.081813097
-0.0011326922
-0.018888501
-0.066328585
-0.021590967
0.042070743
0.058098998
-0.10560121
0.074274778
0.031917572
-0.0010728104
0.019698549
0.038451824
-0.077194974
-0.013490266
-0.083733879
-0.0504498
0.015821425
0.03816418
-0.10994212
-0.0029024845
0.039216835
0.089036547
-0.022175372
-0.033832543
-0.089868762
-0.028701842
0.038576204
0.050765838
-0.078160159
0.00498681
0.056268059
-0.06603463
-0.018039519
-0.12519267
-0.029027358
-0.048606552
0.024516916
-0.05859543
-0.10864594
-0.022931056
0.068325527
-0.029445328
0.061377842
-0.096989922
-0.078636862
0.027436638
-0.053201146
0.0090267016
-0.0028186569
-0.0048707854
-0.0038524629
-0.22270979
0.0066882404
-0.096697457
0.0086204568
-0.073712029
-0.053815804
0.0025658396
-0.0014539744
-0.0048526661
0.10502679
-0.051244792
0.081988789
-0.15070474
-0.006359573
-0.00050580665
-0.044807237
0.047357135
-0.01230035
-0.036741048
0.054160699
0.1028649
-0.04609343
0.02009934
-0.032052752
0.20166574
-0.10403483
-0.055655211
0.01276378
-0.12543193
-0.040177748
0.024579989
0.0048278859
-0.017874334
0.017585076
-0.15196477
-0.021366077
-0.020403273
0.030995723
-0.0062669958
-0.073886074
-0.041101359
0.00061840378
0.0023817664
0.12177771
0.032354325
0.043971062
-0.031545032
0.053207871
0.012900187
-0.1021092
0.0037659595
-0.037430141
-0.021807626
-0.039007504
-0.069282621
0.046536814
0.036263116
-0.014197523
-0.038579345
0.074192055
0.01139574
-0.043890484
-0.0044945437
0.075127698
0.082199171
-0.045757692
-0.082353011
0.071967743
-0.029684866
-0.040028412
-0.010825128
-0.0016750565
-0.1086009
0.038499389
-0.0039764657
0.022683978
-0.033500243
0.05034079
-0.020286925
-0.031919796
0.038828708
-0.088931538
-0.00464223
-0.049843919
0.074467756
0.016040668
0.0059346077
0.068120085
0.062708393
-0.047250021
-0.05244318
-0.17850457
0.075946979
0.016081642
0.067505315
-0.021375587
-0.093662627
-0.072805613
0.049733251
0.01512056
-0.034903094
-0.0064386209
-0.091805592
0.06171741
-0.04423704
-0.015100723
-0.032001808
0.13656409
0.032157879
-0.022560969
0.029608151
-0.01933527
-0.057463259
-0.027820246
0.045323245
-0.055909842
-0.051341031
0.046827774
-0.17050663
0.0072156624
-0.015306166
0.069346927
0.093693227
0.079014964
-0.087681353
-0.010796123
0.078634106
-0.038619742
-0.064916112
0.038197946
-0.11639801
0.070338473
0.0095940866
-0.068951294
-0.031291768
0.068001844
0.080424197
0.04632796
-0.03714015
-0.071328864
0.014843986
0.050738405
-0.076760769
0.020437676
0.016993361
0.079500586
0.04364229
0.03913838
0.028923668
-0.031653997
0.09170489
0.006314083
0.10295504
-0.019085735
-0.051638506
-0.028494174
0.014770436
0.039356042
0.02919361
0.031071322
0.062292468
0.081677549
0.029832406
0.049996685
0.072496332
-0.035353478
0.054536384
0.061886925
-0.024406319
0.046006784
-0.020549914
-0.03494101
0.041546319
-0.20424759
-0.10102393
-0.043453872
-0.14807996
-0.052306119
-0.083620541
-0.086670995
0.032637712
0.034079719
-0.040944669
-0.016896861
-0.074885614
0.054527842
-0.025867056
-0.019012144
0.13474222
0.023370162
0.075989544
-0.034491409
0.10369502
0.07116513
0.078320026
-0.028834565
-0.00064042094
0.015581817
0.032561447
-0.10377971
0.027831225
0.071222126
0.0021217843
-0.075331792
0.067267343
0.036781233
-0.0848177
0.015970686
0.09937387
-0.066671975
0.02828279
-0.06325078
0.11767717
-0.028860943
-0.10617667
-0.113291
0.010868084
-0.045557734
-0.12550958
-0.021627638
-0.038688205
-0.013386429
0.0025271049
0.024307098
-0.024108995
-0.10612741
-0.089780286
-0.011007796
0.026488505
-0.0396282
0.016390918
-0.041586164
0.052965682
-0.058446754
0.020952228
5.2896172e-05
0.032714907
-0.071252257
0.016452942
-0.0051550842
-0.050848026
-0.080072843
-0.037213448
-0.054735102
-0.014624078
-0.044816326
0.061766099
-0.067312159
-0.044032805
0.087431177
-0.015671983
-0.056556359
0.043679744
-0.013819589
-0.038299095
0.018437782
-0.19026883
0.071392782
0.077529453
-0.024110094
-0.06111154
0.060220152
0.085038722
0.01159624
-0.082974359
-0.0093205953
-0.013367599
-0.059626427
0.033459529
0.0014489829
-0.0032582888
-0.035388198
-0.074574515
0.025209697
-0.016224965
-0.0017372811
-0.092441402
-0.045211382
-0.0011807382
-0.05044065
0.077743538
0.010731112
-0.017378429
0.050714411
0.012401262
-0.015231026
0.0090520335
0.019791581
-0.085033
-0.077933341
-0.068963028
-0.046442956
-0.050559051
-0.013109598
-0.020996062
0.021351818
0.06706094
0.047427069
-0.0011208598
-0.0082613798
0.068500511
0.0048791235
0.096270427
-0.24557391
-0.12654583
-0.023767853
-0.038548246
0.049363859
0.075541176
0.070304945
-0.0038221686
-0.0030842959
-0.080682985
0.032380529
-0.069536664
0.026264977
-0.0099007664
-0.019358989
0.083801582
-0.045423184
-0.050897982
0.071401343
-0.0075619551
0.02346782
-0.13386251
0.034669321
0.043340329
0.03133481
0.039112724
-0.0029614228
0.044448514
0.022450784
-0.047250021
-0.009464574
-0.0079048313
0.0025845196
-0.037235871
-0.028445136
0.033074714
0.0097399093
0.019661419
0.059955038
0.05269143
-0.0038411485
-0.10098175
-0.033512101
0.0099096689
0.030242139
0.0065447637
0.0063068261
0.039445311
-0.0069696228
0.034184158
-0.026984742
-0.0082051754
-0.027017139
0.029394399
-0.068902567
0.0092535522
-0.059679408
0.023690641
0.060275529
0.013953112
-0.077064782
0.060921889
-0.29225108
-0.01059481
-0.0022138613
-0.10888944
-0.012878925
-0.00928808
0.018797936
0.032094989
0.090681501
0.05022677
0.060928553
-0.029584255
-0.011541187
-0.13876688
-0.017699577
0.035517719
0.026402205
0.027151341
0.047738794
0.016228238
-0.0038626527
-0.059311684
0.01616423
0.059373982
0.048943296
-0.027250422
-0.071541466
0.035444222
0.0070641916
-0.015084807
-0.0010383517
-0.048580814
0.05445962
-0.0020828724
-0.018485837
0.032263607
-0.025294833
0.059628408
-0.10067792
-0.029229511
0.041455999
0.031846415
0.042130776
-0.003312591
0.038665347
-0.048420966
0.029056638
-0.00713711
0.059679639
-0.05552249
0.10298935
0.0022018412
-0.068329461
0.081910074
-0.075521812
0.023095753
-0.024806004
0.063108318
0.022361252
0.094108798
0.032983981
-0.050916698
0.0018472606
-0.034193128
-0.10747499
-0.020616006
0.018909616
-0.087382376
0.020200018
-0.042255994
0.057729907
0.0095261354
0.04946886
0.026404884
0.021015802
-0.092158549
0.012513164
-0.11004739
0.10429994
-0.28509733
0.026040921
0.06649331
-0.028451925
-0.081479385
0.13169883
0.035684481
0.051974751
-0.019932715
0.043716908
0.02732333
-0.042781375
-0.006519597
0.050414324
0.057423528
-0.05978765
0.051345449
-0.0785532
0.047448944
0.10842099
-0.12669961
0.021678582
-0.1052587
-0.1437249
-0.019401766
0.0048987214
-0.15707153
-0.016751913
0.05445917
0.019872887
0.091814943
-0.044037852
-0.040784918
-0.050711006
-0.039535947
0.079148427
0.035935391
-0.14377078
-0.12681621
0.050814219
0.1086475
0.12643725
0.085648611
-0.0028808292
0.040851261
-0.022095321
0.053943001
-0.052236807
-0.028576603
0.034106478
-0.071484663
0.054708157
-0.078874208
0.0066277962
-0.010199543
-0.033472363
-0.11905206
-0.083309978
0.018248353
0.064336702
0.090667002
0.045465142
-0.0048485752
-0.048851322
0.053132333
-0.062269997
-0.043214712
0.10134022
-0.019219816
0.035893936
0.032584868
0.025917957
-0.060782179
-0.042154636
-0.030189866
-0.061225303
0.11690418
-0.082615316
0.022379192
-0.065699041
0.0039109681
-0.046147887
-0.046244912
0.029069372
-0.050916675
0.1163261
0.13661551
0.0077027278
-0.016100507
-0.01692557
0.076197959
-0.06811095
0.083750211
0.037661377
-0.020396456
0.0037564884
0.010650921
0.036717236
0.000350594
-0.13137096
-0.071093149
-0.0059514241
0.035372328
-0.006347328
0.018962983
0.010731013
-0.071397752
0.050661221
-0.0032983583
-0.024206491
-0.037759267
0.071105294
-0.0076791286
0.087410659
-0.0090439627
0.025389861
-0.017630033
0.10685927
-0.066971511
-0.00043117345
-0.027533563
-0.018735211
-0.036464248
0.068482772
-0.0009486432
0.010062129
-0.058969602
0.022810858
-0.092665076
-0.14860539
-0.094567336
-0.011859031
0.0043006437
0.065453574
0.010671473
0.0046622958
-0.048574101
-0.01298607
-0.023538558
0.020882791
0.0061375969
-0.12006127
0.10779799
-0.044652373
-0.031078016
0.073443502
-0.056958787
-0.048640106
0.014229457
0.06689053
0.098592207
-0.055154603
-0.016413873
0.058380932
0.12444249
-0.053265348
0.0054589994
0.094528712
-0.026538912
-0.12910818
0.070334658
0.052401718
0.082992367
-0.10004411
-0.084003568
0.011886525
-0.011828311
-0.056401365
0.036694143
0.032450769
-0.038603213
-0.012359626
-0.044042412
-0.045991376
0.026783355
0.038626801
-0.0002760526
0.10120336
0.0483688
0.0040629506
0.07397116
-0.0046608122
-0.068846621
-0.087478809
0.011370524
-0.033831585
-0.096288033
0.080068432
0.028185146
-0.0064256066
0.049422383
-0.050163414
-0.065534122
0.02325825
0.068972662
-0.10698156
0.035200778
-0.018705858
0.055830065
-0.038344029
-0.057563357
0.095341332
-0.055225812
0.048601639
-0.081797205
-0.0039612711
0.048454296
-0.022141233
0.017610943
0.089436948
0.046261679
0.033697888
0.090092041
-0.014596592
-0.035806574
0.028404474
-0.018084239
-0.043573145
0.00054900034
0.017327867
-0.067931995
0.04092529
0.05259512
-0.11105066
-0.034867994
-0.078873292
0.056854364
0.072898872
0.059059206
0.036279108
-0.040957801
-0.0015622836
0.041148607
0.036273908
0.09800265
-0.053658351
0.044556223
-0.038344819
-0.084930576
0.10041755
0.028042546
-0.037839346
0.0028438824
0.08169961
0.11561105
-0.051669307
0.090934768
-0.018903395
0.091302961
-0.049943123
0.10485634
0.072631694
0.0023510719
0.0062704389
-0.010587327
0.077337861
0.038170479
-0.096666358
0.00080019457
0.04763056
0.072193205
-0.028068107
0.035782572
0.1073966
0.059962206
0.067614086
-0.054128878
-0.10120757
-0.003268102
-0.055382725
-0.0080471374
-0.033858813
0.072229408
0.0086050564
-0.021380788
0.02591591
0.14833046
-0.056726716
0.08145377
0.055989496
0.042386696
-0.04075788
0.030104807
0.0010068496
0.034174562
-0.054796152
0.083953477
0.0080195982
0.024817593
-0.048850421
-0.082528517
0.054457419
0.051521618
-0.039300676
-0.26680866
0.093588032
-0.1468074
0.086075701
0.025499275
-0.028042175
0.1039838
-0.042922214
0.0051097851
-0.052914292
-0.01333049
0.090772524
-0.025308255
0.085272834
0.13852298
-0.12670688
0.0081800465
-0.0027024348
0.066229425
-0.0031175178
0.05010872
0.01718485
0.15738612
-0.032928433
0.18282115
-0.12294933
0.094603747
-0.034341928
-0.029701438
-0.0039202468
-0.094873607
0.024796164
0.055452287
0.025425106
-0.052706931
-0.11361652
0.0029820248
-0.003199785
-0.19843741
-0.17636147
0.0039478554
-0.011561436
0.023273842
-0.029619984
0.018896572
-0.064515263
0.073162086
0.037589282
0.11738902
0.054375719
-0.10446731
0.16314237
-0.055691037
-0.10371678
0.01830548
-0.012170194
0.098222278
-0.11963625
0.033002667
0.10965331
-0.067410037
-0.02103303
-0.014658182
0.01107036
-0.051249024
0.086368747
-0.0037074396
-0.10942644
-0.028562691
-0.047276322
0.081070319
0.096227594
-0.020051073
-0.046616655
0.096530303
-0.1312191
-0.023756362
-0.012794803
-0.096771657
-0.068964481
0.12310825
-0.074062005
-0.00028901265
0.056897689
-0.10311306
-0.07556086
-0.0059383544
0.082693547
0.036779668
-0.027327618
-0.0051393108
0.0056732637
0.090571381
0.079277523
0.04876728
-0.17482869
-0.06904994
-0.097726382
0.072281815
0.094105087
-0.13397835
0.02520079
0.13945541
0.010391386
-0.032918893
0.034997407
-0.088177994
0.078062952
0.07258746
-0.085834548
0.060411222
-0.094814457
0.022840953
0.11545701
0.16397488
-0.042872127
-0.037827827
0.010594462
0.063999034
0.054273091
-0.00074447109
0.053158239
-0.072841763
0.050169226
-0.064812951
0.18579251
-0.034252223
-0.061772361
-0.04334132
0.029062314
-0.035477865
-0.037065938
0.093807571
-0.15779427
0.17275593
0.12331541
-0.044871099
0.077775456
-0.07963299
-0.036031015
-0.07489235
-0.009620212
-0.0072956076
0.025583243
-0.068194337
-0.035581306
0.099529505
-0.026781319
0.0068128551
0.044719823
0.053577505
-0.058018889
-0.057973444
0.021023769
0.034055896
-0.090681367
0.025356438
0.10132097
-0.19579816
0.13586882
-0.26398176
-0.0032152592
0.0065980712
0.027257511
0.016921025
0.031851191
0.12460231
-0.042714071
-0.10226373
0.008498773
-0.12635982
0.044264589
0.1037334
-0.0066187396
0.062344972
-0.047312964
-0.17056128
0.046193674
-0.14214191
0.15057448
-0.011950345
-0.13981561
-0.041993126
-0.14175166
-0.0011775427
-0.096855365
0.076055303
-0.0059326729
-0.077245526
-0.088049084
-0.17942226
0.042095564
-0.17244491
-0.062386665
0.0018356395
-0.00926519
0.003978116
0.04570723
0.0092920149
-0.024483595
-0.020820746
0.056712978
0.066384219
-0.047125265
0.003236589
-0.012257237
-0.043525364
0.039449438
-0.078723811
0.015621416
-0.06717252
-0.0030057244
-0.078855664
-0.0045419252
0.061214287
0.044053148
-0.051048633
0.11618681
-0.064867482
-0.0060844752
0.0029035339
-0.030789696
0.023771448
-0.0057085231
0.02006053
-0.043597691
-0.021140514
-0.072463945
0.016971892
0.055076744
-0.065635256
0.0056075957
0.043663137
0.0024678884
-0.0025157216
0.017680522
0.038968991
0.083167329
0.003478209
-0.01712434
0.079378724
0.032804925
-0.037546661
0.0099793924
-0.075266384
0.034659203
0.057860114
0.028550668
0.051721901
-0.12724364
-0.13309424
0.032770269
0.061206013
0.041730803
-0.14921571
0.0039373953
0.027766205
-0.039579529
-0.047160778
-0.0036331231
-0.060804877
0.0039585968
0.022652511
0.01728633
0.0060859281
-0.07058046
-0.023178272
0.00057917717
-0.039565369
-0.0022735384
-0.028360432
-0.069376007
-0.0043140566
-0.14642766
-0.018519154
-0.030441027
-0.14760761
0.018016007
-0.040835287
0.033181164
-0.15628962
-0.035772391
0.013390256
0.069329813
0.1250255
-0.097019643
-0.019659389
-0.047989905
0.013400648
0.038747687
0.065059446
-0.056273606
0.093223557
-0.059069339
-0.011523769
0.048081968
0.0037200239
0.019171758
-0.016145336
-0.23351873
0.0034993943
0.022838999
0.0087166289
0.010328391
-0.15289338
-0.03475013
0.057317629
0.033810541
-0.024467509
-0.08747343
0.001558719
-0.063648455
0.079144217
-0.016129486
0.048035376
0.10174856
-0.060554765
-0.023808431
0.00839632
0.10294483
-0.048084151
-0.026702955
-0.093683653
0.060840826
-0.10470609
-0.056491632
-0.0077259135
0.032868296
-0.095843427
0.11409547
0.0037591292
-0.10515736
-0.072726622
0.035497684
0.047291726
-0.019315988
0.070584647
0.0077035306
0.0079550892
0.00089911051
0.084171049
0.059660513
0.057239279
0.021283999
0.10487613
-0.068732008
0.064549029
0.015420703
0.040541451
0.030602792
0.19328001
-0.069879949
-0.038839836
-0.030127592
0.030720906
-0.065461144
0.088247433
-0.10067254
-0.18236873
0.1458935
0.099376291
-0.037534405
-0.022337545
-0.11654072
0.20652717
-0.05846994
0.0542823
-0.06346152
-0.007113371
0.065505609
0.047118027
-0.073780335
-0.087250665
0.045682464
0.021592693
0.054529425
-0.051309075
-0.051431824
0.051098596
-0.048481539
0.025687892
-0.070138082
-0.001877011
0.15307182
-0.058725752
0.033822291
-0.068121582
0.0073320661
-0.069760583
0.067869969
-0.065006927
-0.064127661
0.028061317
-0.021209355
0.037362121
-0.035731915
-0.073158912
0.087425165
0.034769174
0.13269863
0.077790461
-0.19102524
-0.067689858
-0.098067954
-0.027305789
-0.001777514
-0.1246998
0.036598194
-0.084410563
0.13872744
-0.041956011
0.0079102814
0.018679565
0.031396635
-0.10321308
-0.040317409
0.0065075662
0.10057545
-0.014852576
-0.047236104
-0.15539066
-0.028382212
-0.039963629
-0.043790136
-0.0033647239
-0.0072583519
0.017865965
0.040258087
0.10984663
-0.020429121
0.10590232
0.010477325
0.053976942
0.026522813
0.033043262
0.04641477
-0.025687795
0.099201269
0.051630393
0.028081952
0.033372473
-0.081627935
0.0088202497
-0.028071936
-0.051629633
0.033781055
0.1308046
0.03965747
-0.051273771
-0.071602635
0.13942146
-0.045223136
-0.033205558
-0.036000524
-0.0082220305
0.050086617
0.023102535
0.025988637
0.015982926
-0.087798744
-0.0044161985
0.090609871
-0.039846178
-0.090655819
0.039168786
0.1068242
-0.030004837
-0.062005702
0.011177802
0.023953248
0.12869705
-0.23011351
0.052151833
0.071948238
0.01795336
-0.0449486
-0.083844632
0.074721724
-0.19551645
0.088811554
0.053160891
-0.055913657
-0.0064303842
-0.0045389943
0.085610367
-0.041174065
0.084412292
-0.16308761
-0.004090826
0.035341114
-0.056544483
0.018021379
0.035533395
-0.1333071
-0.13869636
0.050445456
0.093823507
-0.13889223
0.058953453
0.017679345
-0.016349372
0.038751658
0.090139359
0.0086750323
-0.048165757
-0.022111291
-0.0013455347
0.018562965
0.0011519751
-0.0099840127
0.045415297
0.033236019
-0.13245177
0.062374517
-0.056067821
-0.085548982
0.021175522
0.022471664
0.083267033
0.065199204
0.040915057
-0.012549997
-0.042241473
0.036348391
0.056608167
-0.022569314
0.049079001
0.12054685
0.089436732
-0.05911791
0.025657488
-0.026012221
0.020098558
-0.0042226184
0.019193342
-0.026836906
-0.13642459
-0.10070933
-0.051581923
0.0032401041
0.11565012
-0.041475274
-0.065792382
0.041073494
-0.14173891
-0.032747705
0.029834462
-0.085369751
0.017738987
0.038381889
0.037222899
-0.0090305433
-0.026845237
0.068886206
0.090134837
-0.067343906
-0.07202287
-0.055158082
0.028105302
0.066126585
-0.05278641
0.094108857
0.096106105
-0.059463993
0.0017731062
-0.016080363
-0.058891658
-0.032639842
0.0041412502
0.032264601
-0.11872463
-0.09451548
-0.09486194
0.036289856
-0.022718417
-0.056509219
0.019881055
-0.038821224
0.011799512
-0.03509409
-0.086844303
0.053659879
-0.056746665
-0.054148581
-0.028404014
-0.040986866
-0.15472955
0.0098233903
0.0082085012
-0.043909546
0.042345267
-0.025025226
0.003393512
-0.030824689
0.021536037
-0.031693522
0.029897323
0.0302223
0.065824419
-0.010895276
-0.019937653
0.0018701825
-0.0035794661
0.059592601
0.031844433
-0.014108042
0.0089556463
-0.083237976
0.071678333
-0.038540874
-0.03339158
-0.084294207
0.106182
-0.07752046
0.038513694
-0.056635283
-0.056503572
-0.07148838
-0.088803604
-0.07544259
-0.0063970634
-0.036765769
0.010890312
0.089588664
-0.02631489
-0.12851667
-0.072820112
0.082095049
-0.13654613
0.099381238
0.053503498
-0.084272422
-0.090007864
0.026230905
0.024046721
0.063518271
-0.12021578
-0.040584918
0.056501351
0.00381543
-0.048401542
0.066722974
0.013479442
-0.037150536
0.019399812
0.10041822
-0.025309347
-0.0047940775
0.09819787
0.025856394
0.028390704
0.030918021
0.087281518
-0.0094673214
-0.063395143
-0.03792239
-0.02090409
0.065901726
0.026918629
-0.038658518
0.019584322
0.051401604
0.022348411
-0.091766477
0.02694957
-0.089856096
-0.10529321
0.026661463
-0.0070691048
0.029497119
0.07584098
0.011504955
-0.012994319
-0.033523995
0.055037666
0.01711791
-0.019791136
0.025079584
-0.20276523
0.044920567
-0.013587313
0.034127001
0.052514706
-0.021999219
-0.043403294
0.044500519
-0.023601463
-0.043593381
-0.013010075
-0.054584835
0.025342774
0.067931063
-0.077076115
0.042907435
-0.005895311
-0.047561686
-0.0049780095
-0.099710427
-0.13628779
-0.0084651336
-0.012704141
0.065601587
0.0067169257
0.028921295
-0.056778859
-0.088922344
-0.00018167662
0.07762076
-0.021724567
-0.053804625
-0.069750153
-0.11695579
-0.14214449
-0.028866265
-0.030760698
0.09849637
0.063726418
0.046189092
0.032310672
0.030563179
-0.035946682
0.10814631
0.0027329475
0.056291431
-0.039416183
0.063557282
0.04743734
-0.031245595
-0.0038785252
-0.035419159
-0.13785665
0.034448829
-0.0097929332
0.080270268
0.0052831108
-0.048567638
0.01856105
0.061803039
0.0021469551
-0.018149026
-0.12148144
-0.052144766
-0.074570633
-0.016877562
-0.11898653
-0.063433826
0.094587848
-0.028896596
-0.092482157
-0.019120816
0.042656783
-0.046236224
-0.061900873
-0.051199041
0.053748224
0.10976462
0.066705443
0.10311285
0.062633231
-0.038191922
0.12488284
0.028216347
0.010855192
0.028025202
-0.029932933
-0.17317927
-0.041727986
0.075833209
0.14247014
-0.20321079
-0.086407393
-0.025564512
-0.038948283
0.095912911
0.0032804357
0.0023452796
-0.025455022
0.021733072
-0.014384426
-0.027413484
-0.0920524
0.028655566
0.0099466229
-0.012831248
0.092509694
0.025957169
-0.10646473
-0.027654657
0.035365578
-0.018168235
0.020607242
-0.023240553
0.0061485441
-0.04545214
-0.0015805893
-0.069946378
0.10613197
-0.061752751
-0.11934459
0.004261049
-0.27124509
0.096820429
0.057492297
-0.19044551
0.02051441
0.04006204
0.010984535
0.013370664
-0.083149165
-0.0027227625
-0.057420067
-0.01571797
0.0019136226
0.016380517
-0.1007282
0.18205489
-0.055897001
0.069173627
0.14853951
-0.11739361
-0.020253349
0.014077685
0.11970289
0.066445626
0.048534982
0.051496491
0.057537705
-0.023872361
0.046633143
-0.061114214
0.12537295
-0.070256218
-0.090680428
-0.0088476278
0.0066881045
-0.11084817
-0.044644922
0.013715228
0.069055095
0.033196427
-0.0048824726
0.0050109993
-0.11571118
0.042163186
-0.15076892
0.10463715
0.098879121
-0.004992574
0.0020577593
-0.012635893
0.0030283474
-0.011641745
-0.067121603
-0.17589739
0.050217297
-0.10884525
0.019009136
-0.00071929581
0.012280101
-0.022267323
0.0093940729
-0.39561591
0.14699087
-0.018033478
-0.0019600517
-0.089042418
-0.060148712
-0.058587171
-0.10230325
0.039139822
-0.087565087
0.11234619
-0.072032101
0.061505686
-0.01293023
0.050606094
0.085028164
0.060025454
0.077893592
-0.043109633
0.029483091
-0.005096301
-0.049668025
-0.023279514
0.073414415
0.031439669
0.11226413
0.085620813
0.058681887
-0.073385611
-0.057494648
-0.037768357
0.043112285
-0.049554594
-0.043281142
-0.069748394
0.01499455
-0.01521391
-0.038452424
-0.037116528
-0.036782768
0.066352628
-0.041652758
0.0060409573
-0.0010332041
0.087521158
-0.12823665
0.16113053
-0.031334631
-0.20073421
-0.024334911
0.010824083
0.04013313
-0.12965035
0.040409848
0.018575592
-0.019655991
0.0055357385
0.016074771
-0.12865978
0.051870577
-0.043678574
0.10030071
0.034567803
0.082700148
0.052395854
0.0042081131
0.069722906
-0.11721369
0.013890762
0.058362383
-0.096609972
-0.021737065
-0.058834042
0.070444286
0.058547232
0.010160321
0.08023908
-0.031810146
-0.046117626
0.022340247
-0.0074958066
-0.017839208
0.011482057
0.03047345
-0.029698879
0.090331018
-0.075037591
-0.017456202
0.0058817668
0.054890677
-0.25404531
0.032363143
0.047478534
-0.035304103
0.019351821
-0.0022206178
-0.071082748
-0.061622433
0.03606265
0.0051934896
-0.16423386
0.021743193
-0.012022743
0.024641171
0.002028492
0.073595099
0.029377911
0.02839884
-0.011607518
-0.056001771
0.023308095
0.016315099
-0.17451876
-0.011048005
-0.10292779
0.030473031
-0.050349124
-0.047245067
0.060583204
0.0051874332
-0.049790759
-0.075485349
-0.057660058
0.030987099
-0.032072537
0.00026697275
-0.018777821
0.12420233
0.017542694
-0.057609618
-0.0041099107
6.1738749e-05
0.031922288
0.035766128
0.037221532
-0.061080206
0.04657026
-0.13922693
0.016591864
-0.052561682
-0.026622785
0.031790353
0.038115505
0.033396497
-0.064313538
-0.023981618
-0.065345049
-0.027958982
-0.0071166707
0.012350615
0.030507568
-0.027337724
0.012871659
0.11154302
-0.010005373
0.048078265
-0.061042197
-0.011991642
-0.039100915
-0.050382834
-0.043361232
0.014090348
-0.015708417
-0.027568849
-0.076555513
-0.13752329
-0.03360844
-0.032272
0.01586643
-0.121098
-0.087783903
-0.015590444
0.063628234
-0.046007618
-0.2420077
-0.018820815
0.036076859
0.16669448
-0.068668552
-0.049805377
0.012883665
-0.028933631
0.034919195
-0.037858747
-0.054230087
-0.05598259
-0.022859519
0.0071740355
-0.058818169
-0.032556012
-0.040801227
0.0026335351
0.027214507
0.058904029
0.048779111
0.0074000433
0.066129178
0.011849715
0.072640814
-0.01140586
0.0087640025
-0.022501394
0.009723681
-0.00083046232
0.028807662
0.078512892
-0.066669226
-0.014725417
0.047197282
-0.050687533
-0.050603773
-0.056864657
-0.06115495
-0.057972316
-0.077614367
-0.032522857
0.023381606
0.093663998
-0.018445224
0.001451925
0.045017418
0.06231159
0.029812513
0.033192817
-0.009665343
-0.05571492
-0.14367047
-0.059667699
0.0068254415
-0.021221342
0.057407103
-0.037607368
-0.017453361
0.055482551
0.06261722
0.030579099
0.068158217
-0.026652053
0.0355682
-0.11142767
-0.047124851
0.087385558
-0.044078674
0.074346706
-0.0023149508
-0.048486777
-0.0012575822
-0.091720618
0.024599107
0.077382632
-0.0029366626
-0.27948904
0.065614156
-0.053023603
-0.0067184144
0.025041642
0.021208489
0.0046414007
0.044154402
-0.0035661727
0.0025039189
-0.063812867
0.040751431
-0.1315753
0.052597251
-0.019446105
-0.028911037
-0.0139793
-0.08035583
-0.028470522
0.12630574
0.0056685572
0.047070939
0.059430204
-0.065311171
0.0062580011
-0.021914892
0.052534543
0.016341224
0.048114687
-0.043168526
-0.067778692
0.0471466
-0.039719194
-0.10992346
0.067986295
-0.031581853
0.12134594
0.0086756675
-0.18249394
-0.0092728138
0.034561731
-0.026158324
0.0089179724
0.061711583
-0.050918568
-0.020279704
0.0037552621
-0.038907241
0.01926022
-0.052382458
-0.030727757
-0.042984392
-0.027010651
0.0040659448
0.0096245203
-0.044420991
-0.088764496
0.11041752
0.066486582
-0.014543509
-0.060526904
0.0032718328
0.011875004
-0.10343776
0.0029158245
0.023696091
-0.032527275
-0.049203489
0.0012250844
-0.043005116
0.009894642
-0.045327339
-0.04473779
0.024337264
0.0087198289
-0.033429578
0.069826655
0.004453253
-0.03308481
0.030491859
-0.031274367
-0.053844869
0.023914177
0.031544525
-0.023582622
0.0042419485
-0.046439074
-0.0046780384
-0.043875635
0.01621425
-0.069024317
-0.054056447
0.025871087
-0.10832472
-0.042764563
0.081060283
-0.041454148
-0.032564059
0.052380364
-0.024191456
-0.017455978
0.054135606
-0.066336758
-0.080514394
-0.0014457632
0.015689787
0.043569319
0.053565118
-0.083593808
0.0048431405
-0.13346824
-0.063660197
-0.13613214
0.027731333
0.024558073
0.042193156
0.076623492
0.096871033
-0.075484939
0.024244318
-0.11737466
0.01785294
-0.01777629
-0.00053728372
-0.0096302228
-0.0010735343
0.025853623
-0.077532515
0.070019133
-0.032381758
-0.097377963
-0.020591173
-0.045104988
0.062984176
0.0046132412
-0.042170912
0.023098459
0.061725218
0.012892562
-0.013624841
0.013768578
0.067987032
-0.037021033
-0.11080648
0.046443217
-0.1091978
-0.00056071824
-0.054933101
-0.049269963
-0.043428201
0.081170157
-0.0117714
0.0065687932
-0.10429852
0.038308054
0.012946754
-0.0021051874
-0.043324996
0.015948834
0.075673133
-0.03623056
-0.0091321524
-0.029603679
0.0054246536
-0.054495655
-0.02895961
0.11271724
-0.034945652
0.054881863
-0.12798019
0.039479721
-0.15997919
0.030027146
0.034527142
-0.0759634
0.00018917602
-0.03241951
0.095827043
0.073438533
0.11155235
0.05438498
0.051580898
-0.074016057
-0.012847229
-0.04504599
0.046825606
-0.061753426
-0.0026014247
0.040154442
-0.024972918
-0.12297997
-0.054106593
-0.13712753
0.017863708
-0.037119128
-0.0027293663
-0.031187437
0.016926972
0.089128539
0.04560291
0.11377595
-0.083334185
0.00047133432
0.095983915
-0.11603244
0.05568729
-0.071022086
0.081371531
0.10818633
-0.02560967
-0.083095305
0.0036765882
-0.043231502
-0.0095241927
-0.035128765
0.011901443
-0.052563582
0.065176077
-0.016841933
-0.11949366
0.030682061
-0.051291868
-0.039767738
0.043562159
0.048274085
0.065622851
0.010016006
-0.10323816
-0.022925349
0.042487923
-0.050355259
0.023758566
0.039481558
-0.016968263
0.055981856
-0.021766242
-0.0064818403
0.049096379
-0.023097292
0.070886776
-0.012155828
-0.034302182
0.07077869
-0.017422304
0.0084060663
-0.03035639
-0.13526161
-0.041037459
-0.054474235
-0.12925078
0.0092828004
-0.0066688582
-0.023451608
0.14619626
-0.057234202
-0.15476333
-0.034788352
-0.011512033
0.026082326
0.090143755
0.014608414
-0.00046239613
-0.13728893
0.039217852
0.010693672
-0.029235313
-0.077699743
0.010883433
-0.055754624
0.022204224
-0.0083522024
-0.045666464
0.03661748
-0.026421722
-0.059031148
-0.0071008503
-0.086890996
-0.04353236
-0.074243344
-0.077818699
0.018551432
0.027374569
-0.016215201
0.0010900138
0.039103072
0.0043792739
-0.086790211
-0.023063185
0.015601437
0.039121598
0.033003382
0.0070002889
0.052625801
-0.040519889
0.014167738
0.047279142
0.035697315
-0.021243772
-0.045209043
0.057888359
-0.012843735
0.0060023759
-0.10221102
0.059677701
0.00047214431
0.056489963
0.015176814
-0.41618744
-0.034350432
0.028541615
-0.010358733
0.082052134
0.038982604
-0.010210927
0.01017104
-0.029103937
-0.052301187
0.049550779
-0.054364666
0.086755261
-0.14918403
-0.003325193
0.032922775
0.069282785
-0.072128437
0.010895491
-0.02870694
-0.0015430868
-0.024889953
0.071130022
0.015039769
-0.05446931
0.038225621
0.0067785713
0.014543789
-0.0080792652
0.031070137
-0.034879051
-0.022370437
-0.048885122
0.07742846
0.066973239
-0.013347482
-0.056155991
-0.024816966
-0.23983459
0.051936779
0.037406228
0.036270719
0.0015193811
-0.051444113
-0.0042161844
-0.045221061
0.03069956
0.0089125736
0.044252038
-0.00046027705
-0.043577407
0.070747025
-0.081717394
-0.0045210938
-0.0013819007
-0.04453709
-0.05009618
-0.084032848
0.038994506
0.12015133
-0.24414988
-0.1719767
-0.069673076
-0.076911323
0.03110772
0.0078832665
-0.15306778
0.062451918
0.15319656
0.1035511
-0.030574122
-0.06352561
0.10830297
0.015773002
-0.047747489
-0.0680025
0.014166652
0.024098648
-0.18004988
-0.12311515
-0.040631242
0.00039041674
0.024679834
0.0067308242
-0.036148556
0.016707964
-0.062195003
-0.16511695
-0.10778496
-0.089236498
0.019631468
0.076397449
-0.022335786
-0.11445218
-0.088874042
0.078867674
-0.00025101783
-0.061491914
0.11940412
-0.02401934
0.012990223
-0.073677324
-0.16378091
0.013252308
-0.070043407
-0.021695895
0.012378669
-0.2260749
-0.1384242
-0.027088864
0.057925634
0.082104415
-0.1761034
-0.0028787882
-0.42327029
-0.0088784629
0.20693824
-0.076357342
-0.066022925
-0.0010926477
-0.072272934
-0.18813299
-0.17392538
-0.09375412
-0.23496911
-0.12248858
0.20121199
0.048691317
0.18216242
0.23936489
-0.077628188
0.14609374
-0.024074782
-0.10796369
0.019568838
0.0014420737
-0.12370299
0.0014391766
0.074617773
-0.094379798
-0.016748492
-0.17756289
-0.11216016
0.017860305
0.02441315
-0.061261792
0.031258635
0.19923469
-0.043577474
-0.089718424
0.08255522
0.037409276
-0.046740748
-0.083742917
0.081124067
-0.12023826
-0.057490233
0.03870951
-0.074474797
0.034739848
-0.0069790101
-0.24611382
0.07267376
-0.075257935
-0.18286464
0.039253574
-0.13274942
-0.12837137
0.078706533
0.0060176402
-0.079215981
-0.031397123
0.053780165
-0.11330365
0.047138639
0.134634
-0.039836358
-0.029027162
-0.12914456
-0.020842284
0.055938743
0.23178275
-0.033016473
0.038665399
0.036302015
-0.041940078
-0.0094432868
0.040442407
-0.0073039187
-0.10512789
-0.057498604
0.016913196
0.0034805965
0.05832218
0.034640953
-0.075274847
0.15187888
-0.26948196
-0.023366146
-0.04792678
0.025980093
0.059295375
0.021543464
-0.055053838
0.019101026
0.050905172
-0.041244864
-0.038024228
0.017360354
-0.058749221
-0.032051347
-0.097968847
0.065397844
0.020690272
0.038132567
0.019843668
0.044447757
-0.20546198
-0.055257984
0.014911086
0.032923553
0.066020973
-0.0017771516
0.024080997
0.063807257
-0.049486008
0.10640147
0.01970371
0.021743558
0.011489546
0.098447241
0.0071709887
-0.033169832
0.080284186
-0.17259441
0.016806521
0.11689308
0.075057529
-0.044742499
0.01784059
-0.10045964
-0.043384869
0.066309854
0.069798693
0.005753444
-0.088413514
-0.11432436
0.067726776
0.024900114
0.080080643
0.010292063
-0.17720976
0.058113672
0.0061953729
-0.0095995963
-0.016679404
0.019262513
-0.0025636845
-0.013129747
0.05628071
-0.14834975
-0.13261139
-0.017999047
0.090560988
-0.0043277256
0.014762785
-0.038519625
0.058046285
0.010763569
0.14732137
0.030524997
0.066060476
0.042127382
-0.08485584
0.0065073515
-0.043210149
-0.014488053
0.052411571
0.023056515
-0.12971114
0.010061259
-0.036060907
-0.078688689
-0.040919878
0.049986571
0.085835949
-0.012565219
0.038236447
0.00285435
-0.0092795165
-0.1359286
-0.048112608
-0.10445905
0.027998062
0.0078257415
-0.029978065
0.012048912
0.0096777361
0.010778751
-0.066410549
-0.0355771
-0.051606644
0.05496702
0.012698207
-0.14578576
0.064151049
0.007252939
0.017859299
-0.047414213
0.044321243
-0.089126341
-0.088174008
-0.032929286
0.022467375
0.07270088
0.034251049
0.04487472
0.048796464
-0.01725832
-0.042309627
0.042674005
-0.026804909
0.071583919
-0.05842042
-0.043697346
0.065794535
-0.077363946
-0.11303382
0.005122764
-0.074492082
-0.089145005
-0.018976938
0.093860641
-0.040269103
-0.029813768
0.041826107
0.015819192
-0.018689621
0.011248634
-0.040706869
-0.067297921
-0.064175025
0.084558681
-0.082754776
0.055343039
-0.085702404
-0.094253965
0.029655261
0.15163875
-0.049105238
0.048697762
-0.12459595
0.036440685
0.049610425
-0.010950048
-0.00051952829
0.050761096
-0.085603587
0.025501959
-0.047441803
0.046976022
0.0057698605
0.019175006
0.065869398
0.010707491
-0.041904178
-0.046144664
-0.0073082405
0.051747732
-0.023886893
0.031730141
0.030089721
0.097160183
-0.024701474
-0.011115394
-0.10158385
-0.048098829
-0.091432929
0.089077204
0.0039211204
0.023980491
0.022073912
-0.11237677
0.041351181
-0.0027869579
0.0092714196
0.050963733
-0.056394219
-0.029431654
0.016196635
-0.064067416
0.011265338
0.054994602
-0.0055014584
0.090320945
0.047594279
0.0094407052
0.088967994
0.00010398217
-0.017395824
0.021279655
-0.016911767
-0.025494738
-0.10181641
0.035668001
-0.033818871
0.075748399
-0.096667908
-0.010492293
0.015007199
0.010786368
-0.057815589
0.01706359
-0.004990485
-0.011751349
-0.0068103657
-0.04587467
-0.041589741
0.0082688043
0.01942504
-0.14130288
-0.026632976
0.045766696
0.031159028
-0.066596925
-0.0034826575
-0.087860741
-0.026619587
-0.097765252
0.048950672
-0.068813331
-0.044369154
0.11817648
-0.0029807005
-0.068484992
-0.086403765
-0.052424829
0.010350632
-0.12223952
-0.050183121
0.091470644
-0.0095012011
-0.039859504
0.059279483
-0.0016692552
-0.083833054
0.024852969
-0.15660229
-0.035690304
0.00048317356
0.015092975
-0.13763906
-0.040084988
-0.055089198
0.056074515
0.013532389
-0.049699899
-0.10883702
0.045177329
0.093127318
-0.14491993
0.020732561
0.014892617
-0.062546745
0.0074808709
-0.020456793
-0.0061968849
0.080744937
-0.032012638
-0.011482417
0.11633122
-0.026969148
-0.071729727
0.12767079
-0.28574425
0.20204337
-0.054981645
-0.1655008
0.11870333
-0.082446232
0.015203192
-0.05265991
-0.076081716
-0.07493493
0.089505561
0.082805313
-0.048686452
0.00062104809
0.075475723
-0.063265629
0.011319133
0.049275935
-0.15888739
-0.024940904
0.049368888
0.058443975
0.011078564
-0.023343228
-0.11407364
-0.082213663
0.0274674
-0.10718317
0.020388111
-0.122384
0.040172826
-0.032645702
0.053590547
0.072723225
-0.010713685
0.015274674
0.044118624
-0.038655955
-0.0023807469
0.047040805
0.026139218
-0.046143934
-0.0026553238
0.05640807
0.067712538
-0.0058879931
-0.059565809
-0.041108597
-0.068787262
-0.010538221
-0.020352321
-0.07255929
-0.067572959
-0.021054575
0.074392945
-0.0072383871
-0.027021324
0.066766255
-0.064282104
-0.1855828
-0.11787371
-0.102392
-0.072070226
0.0089233276
-0.047163464
-0.14579296
-0.0059283846
0.010097318
0.052984715
-0.28555837
0.0034239909
0.0125513
-0.021534877
0.033812091
0.089351065
0.00028876832
-0.0031818924
0.1118864
-0.097777002
-0.045401644
0.020734409
-0.0052988194
0.016513566
0.11474197
-0.070290245
-0.11012901
0.021512056
-0.029923795
-0.022866445
-0.012202347
0.039095856
-0.015836956
-0.075667068
0.016193278
0.042721126
0.056198109
0.016097201
-0.040278018
-0.01686465
-0.062833101
-0.10781325
-0.039479099
-0.031077577
0.048547801
0.10206151
-0.030264046
-0.0057328278
-0.0014792506
-0.046978015
0.067907512
-0.075958565
0.015445332
0.00064352306
-0.01633792
-0.060911268
-0.21942063
0.12235533
0.0072013945
-0.071004838
-0.11922923
0.06762673
-0.056531198
0.00074595545
0.016619373
0.033870645
0.0027038106
0.037353806
0.057548501
-0.028664859
0.018150931
-0.0064660846
-0.018615924
0.010090511
-0.0047321552
0.0012871148
-0.00089369592
-0.075162344
-0.040883034
-0.010624897
0.052560538
-0.035932358
0.033156674
0.0071174842
0.015392623
-0.010940386
0.034052279
-0.068083405
-0.052435916
0.062114596
-0.17606765
-0.036931306
-0.0091813188
-0.012450297
-0.11006459
-0.097124703
0.030367725
0.029330708
0.068451256
-0.045770999
0.011725642
0.0089692809
0.035770088
-0.044355337
0.041952588
-0.058581904
0.0085440241
0.10137358
0.020770684
0.086045571
-0.051297244
-0.045716316
-0.0092602968
-0.053637821
0.099497788
0.015862631
0.08735168
0.0034835609
-0.023261569
-0.027086355
-0.068129741
0.021190418
-0.070804201
-0.060881492
-0.099189311
-0.052918345
0.086728916
0.047090776
-0.10843636
-0.028873214
-0.04136575
0.034261711
0.074866265
0.072191522
-0.025235921
0.039375912
0.068752117
0.014503228
-0.022886971
-0.16751634
-0.050651655
-0.00067636179
0.010461031
0.013651888
0.10267279
0.091613255
-0.0017416616
0.0051378179
0.081516437
-0.089563392
0.034433383
0.043808851
-0.040085007
0.022458859
0.010288341
-0.056903128
0.07183294
-0.033282015
-0.048209086
-0.07932049
-0.053893447
-0.0027264643
-0.019917149
-0.026429418