0.0666245
-0.060071386
0.09774819
0.078289583
-0.017228452
-0.10659528
-0.007525688
-0.020097477
-0.052070305
0.014800355
-0.027223131
0.057642274
0.033845842
-0.014751685
-0.0095071169
0.015254694
-0.050295711
-0.058517307
0.072149664
0.014201333
0.027616365
-0.10174804
-0.043427743
-0.015521321
0.01841479
-0.030842504
0.017874481
-0.020434771
-0.02553907
0.075495712
0.084595904
-0.019941704
0.012313876
-0.027385803
0.014286487
-0.0076224152
0.074988008
-0.014627087
0.019536447
0.007255014
0.0070403609
-0.012150716
0.067603663
0.037412584
-0.042636946
-0.048847817
-0.020847421
-0.064034872
0.097194195
-0.044323482
0.040049266
0.10191128
-0.063882582
-0.018690247
0.11598121
0.032971077
-0.024062818
-0.029699992
0.133819
-0.0053314907
0.096616916
0.10102744
-0.088680923
-0.017937193
-0.054952692
-0.062168732
0.056203574
-0.050933845
-0.065888889
0.028569618
-0.028926268
-0.03519294
0.063964315
-0.028486837
0.0097374544
0.062446423
0.003579889
-0.039971247
-0.019993456
0.0069988933
0.018326968
0.067358084
-0.063231409
0.028552691
-0.011918183
0.051671691
-0.0067908503
-0.024894001
-0.062576577
-0.08274208
0.062909029
-0.099026635
0.082939081
0.0064690248
-0.093626499
0.12601174
-0.056023408
-0.055286713
0.0001846972
0.070084505
-0.014409945
-0.17215794
0.0694516
-0.002431937
0.0092609087
-0.035631899
-0.065866672
-0.019064069
0.036399204
0.030487191
0.039574467
-0.067686714
0.05893068
0.015261898
0.010746812
-0.028666211
0.023981245
0.00059243455
0.022496814
0.00060496927
-0.0028613086
-0.028062467
-0.0083136382
-0.024720302
-0.0036561601
0.043363277
-0.14987668
0.039245058
-0.036222268
0.086869836
0.005336591
-0.084966145
0.046158019
-0.042032797
-0.035297237
0.0023230733
-0.056367204
0.029963627
0.0050606937
0.059797127
0.084993318
-0.089784577
-0.055773932
-0.058886953
0.021605371
0.011351307
-0.005231177
0.084107809
-0.076692343
0.13823591
-0.096666776
-0.044663332
-0.011864047
0.098898634
0.042745903
-0.14650044
-0.054782797
-0.050888248
0.031618465
-0.032821342
-0.067971788
-0.043716595
0.12980247
0.016727086
-0.027494099
0.00015686832
0.10389329
0.057550609
-0.012391229
0.020160027
-0.0043007364
-0.0022033853
0.043877251
-0.012594401
-0.054387938
-0.021866832
-0.010932247
0.031413231
-0.076985739
0.064113036
0.019240951
-0.052615508
0.027978424
-0.034431312
0.033699669
-0.057909053
-0.038542408
0.055686094
-0.084659003
-0.016332176
0.10141093
0.071171455
0.14431775
-0.022621477
-0.062120602
0.033816773
-0.047310624
-0.019795282
-0.0091551254
0.054822147
0.0058083469
-0.022542108
0.059480786
-0.07174053
0.020899538
-0.033237331
0.053362016
-0.055620503
0.096413672
-0.0094989641
-0.019618094
0.06382627
0.110215
-0.069372907
0.028816907
-0.059744
-0.14905328
0.036822986
0.084231675
0.038308647
0.04651814
0.044107728
0.05008053
-0.061365541
0.10518745
0.042654019
-0.054957028
0.057709318
-0.098575167
-0.13160017
-0.056521192
0.020837609
-0.045795299
0.099184185
0.036049712
-0.0021236711
-0.070025012
0.04447493
-0.02141577
-0.082980938
-0.046040501
0.024521826
0.070147611
0.036447998
0.068929128
-0.043130558
-0.08555121
0.057359666
-0.022298854
-0.020035276
0.061069857
0.0037887495
0.141755
-0.099788629
-0.028999597
0.096031867
0.026287729
0.10753942
0.07332895
0.031219818
0.061106436
-0.029169789
-0.053645521
-0.065394796
0.020262839
-0.026494812
-0.089724511
0.059045557
0.00094992138
0.10775182
-0.063608207
0.066588923
0.017674915
-0.062888764
0.10474528
-0.019382708
0.04856338
0.08972954
0.10189845
0.022604946
-0.026549466
-0.12705463
0.07221067
-0.065139435
-0.014431925
0.044812735
0.037749633
0.030830283
0.044666946
-0.0043373113
0.016357845
-0.13340393
0.027366182
-0.012567008
0.0038594333
0.02842786
0.055231638
0.031323373
0.029326577
-0.040043365
-0.019469613
0.018090066
-0.10332727
-0.0083494745
-0.029806327
-0.041348975
0.064304397
0.086538151
0.024951056
0.039436296
0.034993455
0.042220268
0.031525269
0.0056049814
-0.040316802
0.098487645
0.048190784
-0.0053779264
-0.051598828
-0.028511794
0.056190692
-0.0085564721
-0.017299427
0.010321415
0.053356566
-0.070412152
-0.0012618607
0.083604351
-0.072863467
0.049364626
-0.10833142
-0.027176566
-0.032765664
-0.0032775532
-0.16852099
0.16810909
-0.056065299
0.0043508923
0.061218344
0.030295601
0.0011299211
0.04959292
0.023031713
0.018020473
-0.099051505
0.05112236
0.074458569
0.065445907
0.13318783
0.074732728
0.0084152315
0.012817027
0.013021026
-0.089462116
-0.064720668
-0.03888775
0.0036044728
-0.069014475
-0.017169867
-0.002316989
-0.057598609
-0.092135981
0.052423827
-0.0038646657
-0.042631961
0.023248861
-0.0047341338
-0.041358449
-0.073088966
0.079230674
-0.064359687
0.034771021
0.055925932
0.015932901
0.089735277
0.048277222
-0.069002837
-0.12649238
0.034623157
0.048866
0.10974412
0.047510047
-0.016512541
0.10610717
-0.077406056
-0.060203191
0.054396261
-0.041317545
0.029317576
-0.052452642
0.066371597
0.023001466
0.050936539
-0.044745591
-0.094794631
0.022556057
0.07180322
-0.0034409864
0.029118963
0.036291149
0.0064846892
0.026821299
0.060248554
-0.062644124
0.079378568
0.023777476
0.052303202
-0.06535928
0.046009913
0.03351954
0.021547213
-0.025030181
-0.028873229
0.024553197
0.058592465
0.017972348
-0.026623944
0.079598173
-0.017233858
-0.12130047
-0.052827902
0.056614786
-0.048694931
0.042915914
-0.029289788
-0.015167511
0.069625571
-0.06944412
0.013027817
0.061199632
-0.044846769
-0.070963465
-0.04298025
0.051027462
0.037809849
-0.0041261287
-0.020980608
0.0066406964
-0.067773886
0.01507501
-0.0010555071
-0.028035726
-0.074546739
-0.04450563
-0.029816495
-0.01444969
0.019141393
-0.014635177
-0.035856299
-0.046977974
0.023704277
0.029781176
0.10472613
-0.015836691
0.016674453
0.014523562
-0.02072862
0.016983848
0.016611453
-0.054390948
-0.066933855
-0.052627094
0.00037932131
0.056006815
-0.052807808
-0.055544838
0.0025985374
0.052454352
-0.039157588
0.067397453
-0.0010589433
0.0013748874
-0.037370283
-0.0099146357
0.01325724
0.10125355
-0.021023406
-0.00079608464
0.048260346
-0.062717713
0.0055165659
-0.068883948
-0.012634795
-0.1600533
-0.095776886
-0.022062156
0.021901669
0.025988219
0.019755896
-0.00017517267
0.033651941
-0.029123608
-0.090628833
-0.031011663
0.029898774
0.038352873
-0.079432406
0.046140417
-0.059359659
-0.0094489111
0.051069826
-0.020409029
0.026801122
0.039779507
0.095509462
-0.038488187
0.062224258
0.0059745954
0.061051998
0.040571284
0.03634508
-0.068245247
-0.045212224
0.00045734085
0.081093006
-0.032041419
-0.018602952
0.010924218
-0.026805
-0.010690713
0.064590313
0.019370588
-0.031018006
-0.077533059
-0.049122177
0.090646252
0.00068537699
-0.022020768
0.071143806
0.062938109
0.054130796
-0.066122681
0.081869557
0.050579686
0.0078309085
-0.018549217
0.024732066
0.04960021
-0.0021556464
0.018012814
-0.038467094
0.0037579688
-0.085282825
-0.033965975
-0.10878498
0.018171929
-0.099333227
0.075580947
0.003031844
0.028611841
0.061606333
0.012348255
-0.096272498
0.074992947
-0.017538747
-0.0068053687
-0.00070267339
0.059059896
0.022805609
-0.071806647
-0.024556888
-0.12395436
0.05241907
-0.0081969379
0.008216586
-0.0095887929
-0.080380835
-0.014968154
0.07919012
-0.05012846
-0.039266706
0.066988938
-0.088396914
0.0021465735
-0.0057608914
-0.020654915
0.093737409
0.010711198
0.01499532
0.033023585
0.096349701
-0.097758204
0.0069055823
0.01600685
-0.088378429
0.15178095
-0.104275
-0.070751198
0.014137232
0.071669653
0.049524933
0.01919839
-0.075397842
-0.01107981
0.03305934
-0.004813883
-0.025753453
0.043304693
0.0061239563
0.019402785
0.0086851129
0.1245733
-0.092732929
0.020164162
-0.07079605
0.055144098
0.059335001
-0.12548156
0.013655812
-0.03621015
-0.0067442176
-0.042274743
0.028852634
0.059839245
0.038554106
-0.073392749
0.02957049
0.037958067
0.069310993
0.063898772
-0.12524982
0.046826955
0.010768568
0.08072748
0.015064958
-0.019483343
0.035199873
0.02876229
-0.02782259
0.10633688
-0.037042253
0.05654534
0.041361354
0.043256149
0.041425589
-0.013340573
-0.015968286
-0.0015556212
0.037059013
-0.1513588
-0.020325795
0.048443805
-0.040138379
-0.021621363
0.0088321446
0.024012556
0.063760526
0.0096573308
0.0033720226
-0.017959761
-0.062606253
0.041117974
-0.0091834739
-0.082530931
-0.048335187
-0.032106604
-0.027499659
0.038240943
-0.010754771
0.046498641
-0.012973726
0.0075387042
0.070660807
-0.021539576
0.06227548
0.020494439
0.050669774
-0.14367168
-0.064874329
-0.064337164
-0.083292589
-0.085726433
-0.010544616
0.080470569
-0.01783709
0.049941655
0.038520295
0.011809903
-0.072594315
0.068681277
-0.012834282
-0.049819864
0.051526897
0.011023187
-0.11243547
0.0049221874
-0.030722888
-0.081089497
0.029574826
0.015366405
-0.012295552
0.055853512
0.026199486
0.0460959
0.0020813944
-0.031429946
-0.0036363674
-0.066337615
0.076485887
0.0046208482
0.036231268
0.033905745
-0.002599559
0.04397399
0.028202623
0.018684693
-0.084575802
-0.047046974
-0.039127734
-0.046743535
0.0025147942
0.066019759
-0.021152126
0.033487558
0.019310964
-0.033610012
-0.023761591
-0.036008053
-0.049404729
0.042566575
-0.054294977
-0.025492456
-0.073709376
-0.031006645
-0.060432538
0.094273634
0.00079236552
0.0031864406
0.077310525
-0.11300069
0.067856006
0.044540703
-0.10047124
0.032303743
-0.0081736809
-0.053473651
0.039315529
-0.016385915
-0.034096304
-0.041329175
0.0013121781
0.047214538
-0.048361551
-0.014046115
-0.047614887
0.074212782
-0.024743358
-0.052572761
-0.020537807
0.045689218
-0.0072772433
0.018501515
0.02102199
-0.050820064
-0.03645052
0.0053311135
0.060237974
-0.084059417
0.069815367
0.075861081
-0.011798822
0.02417415
0.10528117
0.028037611
0.028382977
-0.040664528
0.015840162
0.011266327
-0.023352722
-0.019362263
0.059915714
0.093351752
-0.057931792
-0.021462817
0.05983223
-0.074628606
-0.010079108
-0.043036088
0.041478276
0.02367059
0.023975313
-0.036681622
0.080789588
0.039946575
0.029902758
0.054403197
0.080389217
-0.051014811
-0.025498757
0.026363434
-0.051407389
-0.0063035265
-0.019606307
-0.052886542
0.0082815504
0.041242391
0.093254849
0.066478617
0.1002838
0.042641912
0.06622494
-0.037996508
0.031795342
-0.0051494641
0.03673565
-0.030381272
0.032405749
-0.043195203
0.0196412
0.026146628
-0.06958992
-0.02561116
-0.020891419
-0.0060117589
-0.063140415
0.0087365508
-0.072062254
0.050278552
0.0046275673
0.10037546
0.039594475
0.063163407
0.016517719
0.020521257
0.042385843
0.068241008
-0.013473451
-0.024433181
0.064616241
0.043545987
0.068371147
-0.025946422
-0.028767275
-0.0028982568
0.001173116
0.00024386607
-0.015211689
-0.07187546
-0.014193048
-0.069253057
0.12044086
0.040127847
-0.10078637
0.037517875
0.048751377
-0.061920889
0.066583216
0.030151783
-0.044169333
0.074545331
0.039253619
0.028360946
0.097716123
-0.049795892
0.01584772
0.0036279401
-0.02214765
-0.011560896
-0.00038263324
0.034051273
0.047200132
0.079003319
-0.0041984655
0.0045188251
-0.027190128
0.011841832
-0.055026446
-0.10975979
0.0026188362
-0.057368815
-0.02429622
0.026130769
0.040682487
-0.098597981
0.028049523
0.0073709739
0.0046811565
0.070880793
-0.00059042382
-0.029382989
0.023838827
0.034169216
0.025681295
0.056168992
-0.0022828793
0.0115321
0.010818707
-0.047508929
0.074324004
0.0032397325
-0.11822269
-0.079526484
0.046065778
0.1219206
-0.043435052
0.066508643
0.024884662
0.074899986
-0.024053985
0.041428693
0.081548266
-0.079780497
-0.035478901
-0.035249826
0.045586716
0.078263819
0.082015082
-0.014092384
-0.098331816
-0.00044591026
-0.011957348
0.11034533
-0.076905414
-0.086753346
0.010448209
0.050953038
-0.045936301
0.025866503
0.050521914
0.053282969
-0.017466061
-0.045702312
0.020947972
-0.0093634613
0.033050839
0.029392036
0.025352933
-0.028962681
0.012384681
-0.12809676
-0.040592566
0.036707662
0.044754926
0.068989046
0.032817699
0.091686033
0.03543292
-0.090046175
0.055360187
-0.018008085
-0.066113658
-0.025438622
0.01587473
0.082226098
0.049827956
0.0037782954
0.10854583
0.052745894
0.078904144
-0.061143674
0.048525214
0.032627594
0.017628182
0.017829511
0.093148328
0.056886204
0.061108842
0.060400225
-0.023454562
-0.02441133
0.0064846277
-0.05235118
-0.040119793
-0.021225104
-0.042452749
0.0035497271
-0.013094368
-0.038592141
-0.0063469252
-0.012706425
0.059252538
0.105573
-0.010169645
-0.017725755
-0.011379774
-0.017907998
0.093642294
0.084686548
-0.056707874
0.017406043
-0.027404126
0.060268093
0.0077048866
-0.041161757
-0.10185501
-0.05007723
0.019644532
-0.074802957
-0.059733972
-0.0087776855
-0.098392814
0.045675796
-0.0097295195
0.062220436
0.038283899
0.022199733
0.010406891
0.0087296404
-0.066167362
0.014408395
-0.0021491766
0.06166853
0.021188086
-0.068103775
0.065465204
-0.083783247
-0.072235972
-0.064182028
0.01699557
-0.065186352
0.012047523
-0.04050174
-0.062248178
-0.072069205
0.029025672
0.00013745359
-0.044710871
0.028523529
0.011428831
0.079598553
-0.051010087
0.0008624607
0.055081017
0.0066607771
0.051846016
0.026880534
-0.030978082
0.041021559
0.014209053
0.01147713
-0.080280632
0.04219795
-0.027244782
-0.035201818
0.0027263185
-0.18231095
-0.058500797
0.044391204
0.0081126383
-0.028740579
0.027508605
0.049226124
-0.00015363976
0.055943422
-0.068875618
0.11695441
-0.0019106867
0.063623242
-0.027535243
-0.014716311
0.0052026641
0.055953942
0.055490837
-0.027982211
0.033756457
-0.03126505
-0.042711981
-0.040341381
-0.043251228
0.054094762
-0.026964853
-0.14456183
0.042601097
-0.041359786
0.0020632024
0.033212665
-0.068329781
-0.023766372
0.11456584
0.007860587
0.041992959
0.046190687
-0.098770715
-0.1234359
-0.0050693667
-0.042729724
-0.031404383
0.0059952522
-0.013455017
0.037210107
0.05683744
0.037782792
-0.0037116781
0.11657343
-0.00086509524
0.049625821
-0.06686379
-0.053825323
-0.052079339
-0.065629385
0.097617768
0.045483634
0.1002259
-0.003767804
-0.023576427
-0.053928111
-0.048762284
0.024092104
-0.058111697
0.0092020482
0.017620863
-0.025857741
0.033209857
-0.06026705
-0.019428184
0.061417103
0.052549295
-0.093410239
0.016882893
-9.795864e-05
-0.014421087
0.075624436
-0.015328324
0.0027089983
-0.07101728
0.038275409
-0.029165791
-0.056744792
-0.0038722209
-0.035436023
0.038918559
0.046017461
-0.063726209
0.030149406
-0.022211481
0.046629641
-0.0085120872
-0.015843721
0.036367495
-0.0015784086
-0.077492379
-0.021731641
0.096915476
-0.046093673
-0.017275386
-0.029609123
0.022658162
-0.052008431
-0.058626909
0.04460359
-0.057130191
0.0073171332
-0.058024969
-0.048871074
0.045932997
0.071891032
-0.031286068
0.02633154
-0.11999441
-0.015527179
0.064655706
0.0022890253
0.066154748
-0.066739671
0.028727265
0.11975813
-0.0077018146
-0.011390159
0.03204786
-0.03914753
-0.0077054114
0.049637496
0.00076730252
0.067290381
0.047793508
-0.12429391
-0.061998907
-0.10105744
0.0050875959
-0.017315919
0.027693531
0.04113828
0.086331479
0.010764301
-0.017979274
0.0052466164
0.03166407
0.028195512
0.019345706
-0.11421365
0.049921602
0.084906891
0.017798891
-0.02726111
-0.021680841
0.0036788338
-0.02619634
-0.012113228
0.067266352
-0.036991134
0.040734231
0.012734199
-0.062182218
-0.041402873
0.0018047421
-0.029667877
-0.0063835508
-0.020780114
0.036951996
-0.027907088
0.0073648747
0.05998791
0.05219394
0.031619929
-0.049429651
-0.0011547825
-0.053624298
0.029437441
-0.14348421
-0.027749183
0.07041873
-0.063337348
0.083129138
0.077827767
-0.033410374
0.078422852
0.0040552453
-0.0057169609
0.039995834
0.03161699
-0.13465606
-0.0026040352
0.033856172
0.041849341
0.030558115
0.048153806
0.068880901
0.031512771
-0.02547548
-0.074099712
-0.064094387
0.031648267
-0.07200186
-0.063457422
0.0078620361
-0.022588385
-0.0091125146
0.050867535
-0.072050832
0.075557016
0.086862713
-0.091166437
0.041985448
-0.1172686
0.037309758
-0.0092394045
0.054467116
0.12995997
-0.091487959
-0.015613263
0.0034576864
0.031073513
-0.024224224
0.033274774
0.033105083
0.13056663
-0.014591206
-0.053288981
0.033719752
-0.0061993003
0.068763196
0.04622006
-0.0048845257
0.072693519
-0.012490654
-0.039283149
0.1105269
0.066852987
-0.051368918
-0.021294238
0.18301098
0.044833168
0.039723027
0.098521508
-0.03048514
-0.065522552
0.0073729963
0.050556399
-0.085153908
-0.036928289
-0.04554341
0.037791934
0.057269674
-0.0050052931
0.030064454
-0.038383722
-0.0014030633
0.043186899
-0.006042996
0.046928499
0.03017403
0.10075682
-0.059201509
-0.15733175
0.011279469
-0.021117698
0.074984714
0.040647369
-0.0088519044
-0.024411576
-0.0045938268
-0.010389968
0.026217284
-0.075971223
-0.01868291
0.07207337
-0.044246126
-0.16135819
-0.031160578
-0.052358419
-0.013397677
0.017494103
-0.038055468
0.018165968
-0.044298999
0.049524788
-0.016723327
0.076136976
0.0028578036
-0.0065687918
0.029016398
-0.051210787
0.037263904
-0.018433133
-0.099623054
-0.00100892
-0.058044996
-0.016862327
0.026758807
-0.042002216
0.049645264
0.021625038
0.05848486
0.023435839
-0.021037385
0.052657664
-0.049906116
0.00058893149
-0.07976108
-0.093375728
0.0079448223
-0.035213366
-0.0071454947
0.11022945
-0.02099691
-0.0096869515
-0.033749592
-0.026901215
0.03200097
0.012197861
0.038463306
0.011029684
0.02151135
0.061439727
0.030204127
-0.061977383
-0.080906421
0.035973899
-0.017580133
-0.02544751
-0.024502596
0.0042908359
-0.025612753
0.073441476
0.0024360078
0.083456881
0.0051275706
0.0041141761
-0.014381215
-0.020113749
0.046850659
0.023345917
-0.072018102
-0.019616758
0.011606893
-0.045115959
-0.085567161
0.044432323
0.037532471
-0.046837937
-0.0040750592
0.046105534
-0.014946675
0.021683922
0.050984554
-0.0086553236
0.093662046
0.0052578752
0.033613786
-0.0024851791
-0.044983786
0.062424093
-0.067426607
-0.036754988
-0.03495115
-0.070226282
0.032001458
0.0012291849
0.048088357
0.047963295
0.051268075
-0.029209265
0.10169189
0.0050077522
0.019538784
0.011843492
-0.04370496
-0.050976794
0.038555276
0.063545294
0.087648109
-0.11434851
0.0034340022
-0.14460355
-0.11546823
0.0055948426
-0.095024697
-0.025919257
-0.012352721
0.050089508
0.024239376
-0.019819016
-0.10423132
-0.056698967
0.010171051
0.077990532
0.077734739
0.0050658537
-0.075117089
-0.089103453
-0.006925819
0.013545755
0.037593763
0.059585035
0.030257836
-0.0054445406
-0.16739036
0.12225101
-0.037551004
-0.0060107894
0.037334461
0.0066583976
0.0061430563
0.027655564
0.10781758
0.048682727
0.081575438
-0.051913723
-0.0073704314
0.040646359
0.047493
0.054427363
0.00052857684
0.12760347
0.036426481
-0.079439573
-0.079457566
0.060671922
-0.083002083
-0.031791799
-0.097934827
0.13404217
0.09910655
0.048544265
0.0040244493
-0.03865499
-0.16380264
-0.094603643
-0.092539035
0.022486199
0.051008034
0.032326292
-0.18903023
0.0060596857
0.036250487
-0.033389188
-0.003902748
0.091016926
0.013072749
0.029002819
-0.00075370475
0.10502433
0.026279515
0.018480089
0.025604965
-0.026375569
-0.10917681
0.030247189
0.029541021
-0.15311079
-0.007496973
-0.046497475
-0.05275828
-0.1946566
-0.0082965745
0.037598453
-0.070393145
0.019681843
0.0080027115
0.05478223
0.035937384
0.027166631
-0.09732724
0.011619118
0.038060471
-0.0044439849
-0.018007915
-0.011738658
-0.19621463
-2.4564975e-05
-0.060722254
-0.084618926
-0.019068453
-0.037550516
-0.023567913
0.0096714376
-0.056952074
0.085246906
0.088735722
-0.073685706
0.061049916
-0.0073379157
-0.047248553
-0.070463471
-0.031752266
-0.0043200073
-0.115876
-0.011157412
0.024786077
-0.064225674
0.0045095338
0.02939729
0.071997263
0.090235762
-0.028724819
0.12079644
-0.038100839
0.038315397
0.10985315
-0.044084728
0.057443261
-0.042979877
0.046238203
0.044412605
-0.021438541
0.055882134
-0.015851572
0.026246963
0.022075191
0.056832097
-0.037423957
0.0032952034
0.06102255
-0.036912262
-0.021437917
0.0057445979
0.044831891
0.012487214
0.017611342
-0.088067435
-0.025874542
0.045200333
0.073695369
0.02040109
-0.014465027
-0.0017112462
0.027231146
0.071485899
0.068841539
0.036940306
0.047409561
-0.041672725
-0.10838245
0.080642805
0.029457258
-0.037104938
0.042388812
-0.051704213
-0.0054104496
0.053951506
0.02779481
0.12031311
-0.013515371
-0.018276349
-0.063771538
0.03282731
-0.040640824
0.0021456459
-0.050064314
-0.047601279
-0.048138931
0.005039128
0.015100902
-0.091472387
-0.05756814
-0.11454696
-0.018801007
-0.11929218
0.040265154
-0.01741565
0.059342857
-0.11099583
0.028153669
-0.044909324
0.12386798
-0.038368896
0.013172196
-0.019716803
-0.050089695
0.001329187
0.026524024
-0.036169898
-0.035380419
0.070651278
0.040336974
-0.017808219
0.00089733856
0.013363972
0.073515058
0.084258355
-0.01946993
-0.024683986
0.027303366
-0.039485838
-0.049089927
0.072441094
-0.047241203
0.09570615
0.048682489
0.094155595
0.046634689
-0.031968474
0.050106302
-0.0038244869
0.056862112
0.027773652
0.032029118
0.011477374
-0.018038509
-0.025528589
0.0065746326
0.13697559
0.080133222
-0.010943589
-0.10070817
0.082187437
0.044414692
-0.14780816
-0.047780473
0.037791986
-0.11564829
-0.031519972
0.080196939
-0.049718469
0.00061610393
-0.064796694
-0.02885819
0.0099883415
0.013449365
-0.048252128
0.062976316
-0.053400736
0.0020356392
-0.047630992
-0.065124944
0.061871313
0.051720131
-0.023390761
-0.032961316
-0.030760143
0.072574139
0.040610079
0.033417333
0.016767254
0.052314959
0.08019603
-0.064183876
-0.017251514
-0.0095978919
-0.021910623
0.053011414
0.01786186
-0.080528483
-0.045214005
-0.03875941
-0.0074789282
-0.026731027
0.059422713
-0.18128723
-0.054443769
-0.065101169
-0.054474574
0.010723828
0.0027101187
0.054041579
0.035497043
0.032169387
-0.041290384
-0.0026521429
0.023500828
-0.039675172
0.003575145
-0.04913355
0.025596818
0.043505456
-0.10485248
0.059366472
0.036425479
0.029617215
-0.10684178
-0.04942992
0.063058764
0.015108684
0.021236619
-0.0087163849
-0.012193786
0.02746252
0.034310848
-0.054184578
0.048991416
0.00478076
0.055991523
0.0090670353
-0.019621147
-0.056347359
-0.037278961
0.076978251
0.032924976
-0.021266693
0.011130472
-0.013993594
0.012567937
0.041070241
0.0024733196
0.080437876
0.048954234
0.070718713
-0.043148298
-0.036615741
0.06396056
-0.045303486
-0.036787022
-0.021216165
-0.11605637
0.097398505
0.066213734
-0.088406175
0.069709957
0.066757366
-0.015460977
0.048846226
0.015664134
-0.095858343
0.019931721
0.055082601
0.01466868
-0.033717696
0.013864275
0.063973866
0.00034716038
0.044315536
0.065293305
0.032096215
-0.047410548
-0.013874982
-0.033325631
-0.055191945
0.0057032127
0.053262193
0.070031241
0.083898708
-0.034597576
0.043324027
-0.024583593
-0.083367094
-0.0058801258
-0.034664121
0.032349132
-0.022325387
-0.083002247
0.064581253
0.027074551
0.024250116
-0.0092021693
0.047974337
0.0088672005
0.024081541
-0.016031606
0.0014874819
-0.046511155
0.06428194
0.029928174
-0.081393495
-0.068065502
0.13404778
0.00087683043
0.016967466
-0.10642654
0.074486107
-0.068541624
-0.076992273
-0.019910406
0.011791191
0.073951378
-0.045761459
0.0079272725
0.089696929
-0.058703292
-0.020818548
0.060528271
0.10545398
0.13766931
0.080804877
0.078705229
-0.03612633
0.018282527
-0.012847949
0.00018712514
0.04763931
0.078815155
0.041096725
0.16868037
0.11539453
0.10835671
0.063149385
0.080230698
0.18297943
-0.085152835
-0.080928192
0.023249464
0.015624691
0.0028476345
0.053779349
0.051452406
0.036360867
-0.023622535
-0.012635177
0.091115125
-0.15092461
-0.0035182524
0.039336529
0.022688439
0.023848951
-0.028000308
0.082945041
0.045497488
0.045571633
-0.083518043
0.014720982
-0.018655717
-0.082763702
-0.16831338
0.092081428
-0.011718454
0.15111269
0.0024408447
-0.010618172
-0.15302514
-0.019504197
-0.070307083
0.03610817
-0.051381771
-0.038906783
0.038758475
0.035164453
-0.01921051
0.017318774
0.0065396652
-0.012979082
-0.12735298
0.064025506
0.01343588
-0.047454566
0.058417227
0.073801726
-0.0066291927
0.001241056
0.025127137
0.1186525
-0.085622124
-0.024519408
0.019896464
0.01277052
-0.001472928
0.1227696
0.11583623
-0.1155474
-0.10300544
-0.081025533
0.03591492
0.041648861
-0.11672875
-0.029863801
8.0477948e-05
-0.029594796
0.02316677
0.0062156497
0.016117435
0.048711408
0.043535493
-0.0070125791
0.11623069
-0.090843476
-0.10141855
0.014881474
-0.017524671
-0.107661
-0.0036248404
0.024625044
0.03284166
0.1056719
-0.049995065
0.023707844
-0.13135272
-0.036007922
-0.063607723
0.14753862
0.063990913
-0.084397338
0.04639481
-0.051923897
-0.049826667
0.025704691
0.0004418329
-0.076478541
-0.091395885
0.077314876
-0.056124814
-0.037004661
-0.12683244
-0.0091021806
0.023379847
-0.0038334779
0.00057069707
0.099446669
-0.069512166
-0.027017388
0.073602617
0.012300536
0.046619456
0.083075583
0.060144536
-0.017215205
0.017369458
-0.019579126
-0.08727169
-0.051612534
-0.031783022
0.023141244
0.07358443
0.090262696
-0.014015499
0.034753356
0.026607543
0.1113101
-0.054488417
0.027017716
-0.025653554
0.012287178
0.078000739
0.0028763304
-0.046358366
0.096274413
-0.012512677
-0.12556489
0.032020949
-0.1051959
0.0092793908
0.073951468
-0.007773885
-0.032523047
0.0647799
0.076711729
0.015058883
0.043557044
-0.0027309803
0.0459316
-0.031455591
-0.026236042
0.020448912
0.097574696
0.023266157
0.038848642
-0.0081671849
-0.0088084405
-0.056293469
-0.062987633
-0.012602097
0.029244257
-0.0013735917
-0.028704703
0.028563511
0.016198132
-0.0013640935
-0.079710238
-0.074127376
-0.11239503
-0.014279253
-0.00044002375
0.03553088
-0.085022934
0.04302185
0.021421526
-0.01338374
0.0020591791
0.012195709
-0.027145373
0.0076995911
-0.11549205
-0.1373231
0.090504363
-0.049048319
-0.061520278
0.078981236
-0.028740207
-0.12438972
0.0225043
0.048140801
-0.13090503
-0.054932978
-0.0096448958
-0.067533106
-0.0208026
-0.037629474
0.051397439
-0.042630676
0.066186309
-0.015488274
-0.025701754
-0.013012353
-0.17614101
-0.062716737
-0.036764711
0.024876634
0.053760037
0.026055595
-0.021780981
0.097960465
0.055899661
0.011137028
0.05965554
-0.072632931
0.0016946135
0.053879585
-0.039736643
0.063717671
0.028007355
0.021199331
0.0047995853
-0.033480231
0.060645841
-0.032219101
-0.095218033
-0.015556225
0.043396298
-0.033299774
-0.061189365
-0.044008426
0.014302467
-0.032904465
-0.038304977
0.0024566308
-0.07961572
-0.15408538
0.022053799
0.0946742
-0.047161378
0.023823177
0.073303647
-0.019989198
-0.01846369
-0.069579624
-0.019792521
0.071820401
-0.090224259
-0.017919216
-0.025788913
-0.011667739
-0.077015631
-0.087967217
0.030306563
0.059523877
0.0039453749
0.020476867
-0.010245645
0.027234683
0.047552492
-0.067332491
-0.10557449
0.069823138
-0.0038892371
0.066502161
0.00021742081
0.065272808
0.034789063
-0.17039791
0.047845066
0.053803548
0.0103784
0.019321151
-0.021692386
-0.013458682
-0.061448019
-0.039155111
0.028105177
-0.049739059
0.06629391
0.019977374
0.037862051
0.043307498
0.10769869
0.081676804
0.04607546
0.1016249
-0.042190488
0.04900188
0.050370615
-0.0027350786
-0.016355397
0.0095665324
0.0026307257
-0.016334325
0.044059191
0.026661644
0.071608856
-0.013363265
0.039711375
-0.094888784
0.01669208
-0.059844863
0.047339283
-0.036015872
-0.022066006
-0.018011341
-0.119197
0.068970487
0.019538535
-0.029173734
0.07919544
0.063086614
-0.039033953
-0.029994953
-0.0034383885
-0.064781755
-0.013913197
0.080601275
-0.10008512
0.051010471
-0.10913551
0.053093221
-0.020104496
-0.062204488
0.038159151
0.0093228333
-0.013337788
-0.037314989
-0.054968212
0.024976829
-0.10102674
0.04256824
0.032089114
0.06214992
-0.022621233
-0.0014697205
-0.035111818
0.01876422
-0.012411108
0.044820059
0.016551986
0.055493694
0.091339782
0.040539663
-0.058820754
0.03424599
-0.026079724
-0.070454724
-0.0055578845
-0.030240808
-0.046256296
-0.053301036
0.057681106
-0.046053756
-0.037248965
0.032968368
-0.078700483
-0.058726452
0.018383857
0.042823479
0.014149301
-0.043096062
-0.021733766
0.026847176
0.062475696
0.0038287353
-0.049245279
0.020618604
0.0064665265
-0.067120627
0.05093034
-0.050025705
0.023104196
0.063954473
0.079643272
-0.027904442
0.086274222
-0.072878234
0.017520105
-0.01551526
0.074197233
0.011277024
0.017341003
0.039571121
-0.00089958974
0.042498287
0.060449772
0.003209017
-0.013316888
0.038324643
-0.042383261
-0.001875704
-0.000997102
0.044681519
-0.015000321
-0.022824157
0.0063319225
0.074852265
0.0028100659
0.038946826
-0.023276331
-0.036117718
-0.024661122
0.012740635
-0.0036228315
0.048356727
-0.017594216
0.021096192
0.07380981
0.0088826278
0.12852943
0.051523831
0.041169617
0.080251783
-0.036910653
0.07968659
-0.090523653
0.032083463
-0.095571399
-0.14212422
0.1195411
-0.064472109
-0.069836691
-0.0016681086
-0.051880792
-0.0071918303
0.064230949
-0.034321826
0.08334741
0.063209817
-0.052234486
0.022074012
0.051109891
-0.075372815
-0.078467496
-0.043998025
0.038601987
-0.035434075
-0.0077641383
0.035443183
-0.032136556
-0.12129214
-0.12442832
0.049919192
-0.011029034
-0.020291641
0.0071338755
-0.041893478
-0.088738538
0.0065679154
0.057448696
0.0048143365
-0.060409542
-0.046569586
-0.075708218
0.081210792
0.048789755
0.011372979
-0.042612549
-0.013380659
-0.035064742
0.0053143543
0.088764518
0.038810305
-0.019442622
0.0019297005
-0.02546533
0.029984903
-0.05605026
0.0047584693
0.034126144
-0.0041506845
-0.03142057
-0.012644027
-0.088959731
-0.054321878
0.038319752
0.0064272061
-0.015697645
0.0082763098
0.023172718
-0.0082363486
-0.080127873
0.029642334
-0.0099625457
0.045764737
-0.022894368
0.08116395
0.012572543
-0.14712565
-0.029724242
-0.023483062
0.052924711
0.0011153133
0.052281644
0.03128409
-0.017182417
-0.04011758
-0.028638357
0.0056849737
-0.0074357982
0.033860333
-0.01127008
-0.10361797
-0.074891038
-0.029806919
-0.063755803
-0.068982258
0.0091410847
0.06716188
-0.063464239
0.11435408
0.070596837
0.048158821
0.0074669267
-0.013453343
-0.045062356
-0.015552555
0.019733889
0.028048849
-0.0031253432
0.0076734372
0.023540648
0.0069884975
0.045959815
0.05909583
0.056443766
0.066411406
-0.022827543
0.018781636
0.061743423
-0.057635974
-0.028053284
0.0035669969
0.075521648
-0.020208471
0.0065797418
0.053139467
0.0042523677
0.067995697
0.085704416
-0.0083565535
-0.047731224
-0.0027407205
-0.081041425
-0.013343968
0.020603074
0.028458234
0.110476
-0.030293515
0.06866733
0.027328586
0.082066923
0.056374792
-0.09357851
0.01576779
0.017935716
-0.061346918
-0.036433049
-0.067693874
-0.023752877
0.023710812
-0.028676018
-0.045114912
-0.036443215
-0.069086105
0.067539781
-0.036979362
-0.010812914
-0.03086997
0.043775629
0.10577577
-0.02229139
-0.023209579
-0.0098198317
-0.043217909
-0.040795114
-0.0085708303
-0.0093220854
0.033184923
0.032727379
0.085427068
-0.0050950851
0.0048170104
-0.0048401575
0.024647756
0.027214255
0.0085952189
0.014138997
-0.033144906
-0.027985016
0.067936391
-0.062610582
-0.080175415
0.058290973
0.08412464
-0.024125712
-0.051969111
0.069578081
-0.023000449
0.055243168
-0.02584891
-0.10019442
0.012316207
-0.019052802
-0.015854759
-0.010027692
-0.01528863
0.031086553
-0.034685507
-0.038891733
-0.022150511
0.055049665
-0.02670183
-0.071531244
-0.019356387
-0.046346225
0.011386497
-0.018095147
0.024892766
0.022942213
-0.010496624
-0.010272263
0.017185204
0.026600828
0.0159465
0.0034249113
-0.030533852
-0.032744978
0.019629447
0.042147003
0.024353497
0.03044758
0.0057015303
-0.013666807
-0.040062699
0.021431526
-0.038918313
0.081265248
0.011674691
-0.082989059
0.0150302
-0.045785856
0.030083988
0.051083446
0.003491461
0.026203763
-0.029959377
0.084574252
-0.0078572128
0.058078639
0.014519604
-0.087559916
-0.068146221
-0.0036944111
-0.096796893
-0.038741749
-0.041167002
-0.030575348
0.031945463
0.048213042
0.0065253349
-0.038883999
0.003042103
-0.026077321
-0.07613828
0.024226578
-0.017400136
0.045570053
0.0025284688
0.071267821
-0.011246627
0.13103837
0.092892021
0.10171948
0.00051211828
-0.096462749
0.0090352381
0.0070490278
-0.0999403
0.023833318
-0.01296015
-0.0050478606
0.018770203
-0.12623535
-0.021097774
0.092466764
-0.025337497
-0.062235855
0.11281542
0.085621901
0.036663607
-0.0057212235
0.074834988
-0.019220991
0.10404953
-0.064193167
0.0055131605
-0.058882162
-0.081944115
-0.0033050866
0.011422361
0.042318847
0.05471978
0.017323069
0.073081888
-0.04766668
0.0084864162
-0.063141584
-0.028340125
-0.017871421
0.028206365
-0.050669033
-0.0083237803
-0.0060957316
0.046136253
0.050555736
-0.030999374
-0.055502884
-0.11318625
0.017214451
0.038905118
0.03466386
-0.023023097
0.037837446
0.035424422
0.079175875
0.062929206
-0.0482268
-0.033125781
0.03336706
-0.085015833
0.0081952484
-0.033114415
0.014693634
-0.053287096
-0.0011204053
0.067516126
0.054311469
0.061063834
0.092274852
-0.030943556
-0.02138076
0.010211724
0.025654113
-0.024639472
0.023196049
0.064117476
-0.050096378
0.04890633
-0.04199183
-0.044126175
0.050267577
0.068877392
-0.0069351131
0.088190615
-0.0053735869
-0.023695325
0.047282025
0.019362289
0.048928194
0.037285041
0.070259243
0.01697845
-0.081107438
-0.029496366
0.0033196011
-0.058344875
0.054216851
0.074175045
0.020953678
0.10661179
-0.031063074
-0.076776817
-0.042481575
-0.063779742
0.087440774
-0.013821769
0.017018417
0.025414662
-0.054676719
-0.01052134
0.013373998
-0.029077532
-0.080088206
-0.042339437
-0.02200745
0.024367994
-0.0051748608
-0.0063132057
-0.072321102
0.031271841
0.017505357
-0.01567243
-0.080851205
-0.011154657
-0.063425861
0.01770192
0.1093703
0.037044581
0.090662472
0.065887243
0.11396236
0.041760623
-0.044803519
0.070857905
-0.035197906
-0.052711744
-0.012465294
-0.062398575
0.024843004
0.079988174
0.034613483
0.012719077
0.076322258
-0.042350192
0.032937493
-0.0056710602
0.0073292344
0.0011620029
-0.029100513
0.0024598809
-0.038924292
0.13305785
0.0010321039
-0.033001021
0.032811034
-0.0067700385
-0.020237379
-0.066922478
0.013625856
0.016578726
-0.023439683
-0.0085379155
-0.048161313
0.037991129
0.023103774
0.040837843
0.021979276
-0.040132578
-0.016170397
-0.074183919
-0.023081483
0.10828463
0.03572401
0.039468482
0.0054570432
0.021676293
-0.058382489
-0.035245921
-0.022850791
0.01634926
0.042077295
0.11533558
0.025179274
0.070442848
-0.094151795
-0.02349841
0.064776599
-0.078504443
0.0050716293
0.00076888583
0.02116828
-0.095747903
-0.0075437305
-0.091299385
0.025974095
0.054907724
0.0069662617
0.024137059
0.037344541
-0.026466055
0.014009051
-0.026433356
0.043015085
0.0046177744
0.031165451
-0.068033271
0.011977345
0.075970113
-0.077800997
0.01573923
0.05944993
0.0075909835
0.0056301141
-0.00092048891
0.050939608
0.054902013
0.0054733483
0.054646436
0.045926031
-0.028472757
-0.009964087
-0.038567808
-0.026012825
0.022779657
0.019664973
-0.013471032
0.035405003
-0.070012189
-0.0011511967
-0.0041798055
-0.012120424
0.035478912
-0.069903165
0.0082275998
-0.010223499
0.011454361
-0.069748409
-0.0050806059
-0.028218355
-0.11478909
0.055526346
0.00070317113
0.038212903
-0.008650043
-0.050898351
-0.025858309
0.066482387
0.055800743
-0.10088174
-0.0030504463
-0.010843109
-0.12663665
0.055793427
-0.025316196
0.009222094
0.0043725171
-0.0038851637
0.017001346
-0.051534604
-0.053168155
-0.037715018
0.062932096
0.010246105
-0.017424947
-0.00079485815
0.0095984749
0.090339825
0.046098515
0.077927358
0.021309547
-0.074794203
-0.036369521
0.054624453
0.017319232
0.056119617
-0.080682918
-0.012372597
-0.03221076
-0.0097370567
-0.10329567
-0.049011379
-0.082199156
0.026860228
0.035316881
0.01968311
-0.03533525
0.0989893
-0.012842555
0.10190155
0.059012204
-0.091541402
0.0077574332
0.03214984
0.054696195
-0.068710737
-0.0072308118
-0.042896684
0.13290787
-0.013228991
-0.057632647
0.038601708
-0.028223198
0.035157226
-0.089690305
0.038444955
-0.072143465
-0.064721525
0.0083485674
0.011021513
-0.0032694042
-0.036032282
0.021252442
-0.16081634
-0.046823826
0.028820079
-0.098668411
0.054908801
-0.030790992
-0.058751702
-0.025213106
0.037145291
-0.085185185
-0.19671367
0.012833632
-0.039123345
0.065800689
0.020685017
0.029050412
0.050518084
0.068885937
-0.069806673
0.06102911
0.020845924
0.0036037576
0.015725434
0.059543293
0.0081211571
-0.062849112
0.045017533
-0.065554172
0.023225252
-0.0013533043
-0.034174167
0.093525685
-0.030451091
-0.022732269
-0.015313536
0.037156828
-0.01865707
-0.029390598
-0.017876046
-0.01977803
-0.023677442
0.048819542
-0.0068030455
-0.1374229
0.06790974
0.0014859012
0.012646916
-0.02735411
0.024894075
-0.039210521
0.064640872
-0.0053894166
-0.065575294
0.0086432835
-0.065524526
-0.054376774
-0.027666554
-0.047211509
-0.039498378
0.011337944
-0.067201272
0.028095584
-0.070858456
0.00096829538
0.020967139
-0.0050648227
-0.046627302
-0.089723766
-0.14246665
0.075059429
0.066580139
0.02005104
0.062743343
0.0060468321
0.011910916
-0.046458319
0.052946158
0.040226694
0.058273423
0.039505914
-0.0011957375
0.043333087
-0.00061058771
-0.0033320191
0.064656362
-0.096480109
0.063242741
0.015789339
0.0049148984
-0.0563257
0.0054283906
0.037059449
-0.050642528
0.0012339103
-0.045261484
-0.0091276383
0.013518127
0.022040078
-0.059956279
0.11385426
-0.03060516
-0.0026082364
0.028820455
0.015265322
-0.086020552
-0.035549849
-0.013785647
-0.00090133824
-0.02638096
-0.01995342
-0.080335513
-0.043944273
-0.01439164
0.012550754
0.087131806
0.016694468
0.07888604
0.029135134
-0.046422616
-0.071574122
-0.020677065
-0.033286117
-0.0046992982
-0.022184035
-0.077004291
0.0015795534
-0.0010525013
-0.030921986
0.055017278
0.065953165
-0.041092314
0.015903171
-0.046458393
0.031784967
0.01493854
-0.077674761
0.028936544
0.017087257
0.077827103
0.070150964
0.048628144
-0.029145548
0.028629579
-0.020856904
-0.063744031
0.035417333
0.062846288
0.061271101
-0.041754153
-0.040321514
0.037045628
-0.081218928
0.027526513
0.12229503
-0.019185498
0.071145408
-0.051145043
-0.058359969
0.045821488
0.0063590789
0.10633229
0.022752324
0.047442149
0.068763465
-0.015514814
-0.02776809
0.1014284
-0.068568766
0.01147623
-0.045049626
-0.10063794
0.043928795
0.084019244
0.023312956
-0.017162997
-0.013097585
0.019181831
-0.073056929
-0.0090780258
0.069823109
-0.046407402
-0.096136473
-0.0016024787
-0.068495147
0.034699008
-0.10994298
-0.12079467
0.043052044
0.014908596
0.075608
-0.031195352
0.04177358
-0.0023544435
-0.14446315
-0.03846563
-0.051223777
-0.032798987
-0.025663599
-0.017944794
-0.070975587
0.10500973
0.073019363
-0.029668974
0.028708911
0.0269976
-0.078948967
-0.010514855
-0.04161391
-0.076436184
-0.035670646
-0.0092030792
-0.050764129
0.015824394
0.093662411
0.016882805
0.0072098798
-0.00024164759
0.1087008
0.044781521
0.043666728
-0.02811054
0.030941639
-0.013752173
0.015372312
0.00047803659
-0.00038313936
0.011128745
-0.00058364699
-0.001393685
0.0050654151
-0.061959572
0.010925004
-0.045976378
0.061836015
0.035861913
0.028978975
0.062414914
0.021837723
0.072511822
0.0019961176
0.0049126782
0.017420433
-0.025489463
-0.012305797
0.032107897
0.037951477
0.072816797
0.0015995873
0.021758243
-0.025076343
-0.0068503241
-0.0044476259
0.006624619
-0.014223858
0.0017769862
0.030395828
-0.076627664
-0.037102729
-0.00083561061
-0.065717004
-0.01140803
0.075263835
-0.029790588
-0.0031804703
0.073357783
-0.067429408
-0.044631816
-0.046458714
-0.085029848
-0.0053173192
-0.034873672
-0.014303015
0.016440677
-0.037581142
-0.068520017
-0.052116826
0.010205052
0.018189348
-0.025651861
0.01921504
-0.1264769
0.083455451
-0.0014176342
-0.0022730217
0.02887368
0.078524522
-0.05214968
-0.069783852
-0.10746282
-0.018910525
-0.0011598363
-0.052652147
0.050847575
0.036452826
-0.021239642
-0.049457975
0.040675607
0.054372586
0.094943255
-0.091979444
0.036485422
-0.012589037
-0.025126431
-0.12356402
0.049439967
0.029172957
0.0077451775
0.0085949507
-0.022371074
0.079565614
-0.040940974
0.027732654
0.06517338
-0.015991539
-0.11172158
0.052803986
-0.022069002
-0.038939022
0.024549406
-0.043865979
0.028017148
0.068554461
0.088364735
0.13316964
0.028380102
0.015014462
0.063866511
0.0552327
0.040774379
0.027206384
0.077286527
0.0022417589
0.036063656
0.098601118
-0.0024816408
0.053519335
-0.0046426356
-0.074437447
-0.077705741
0.00084322464
0.040487532
-0.11153516
-0.011389508
-0.052629549
0.061380196
-0.12622441
-0.054178935
-0.0027877048
-0.089602135
0.051031865
0.035386048
0.05556602
0.097902916
-0.0090262173
-0.11590497
-0.022753196
0.019470707
0.0033492346
-0.017496377
0.0573649
-0.055824798
-0.0348721
-0.068364896
-0.041391462
0.011956635
0.0032683078
-0.017301308
-0.037833884
0.02247636
0.016438952
0.0046119499
-0.0034607768
-0.05547975
0.05562399
-0.023137184
-0.03986194
-0.025753986
-0.021429669
0.0018076916
0.042474333
-0.084240265
0.02290464
0.035988439
0.004045648
0.11874766
-0.06969253
0.044554729
-0.012425243
0.052324839
-0.012662155
-0.029701507
-0.022859642
-0.0063805277
-0.061620295
0.13737491
-0.0040606717
0.083323613
-0.12758851
-0.010260875
0.022487782
0.087214336
-0.086811379
0.10512367
0.029518621
-0.1090354
-0.042622276
-0.062947422
0.036281511
-0.017119123
-0.062461246
-0.0022089402
0.079789981
0.079768673
0.033614065
0.006664583
-0.10912062
0.029489374
0.059871882
0.060405549
-0.038677197
0.02519609
-0.0035645871
0.031422678
-0.06803859
0.059532117
-0.029934615
0.036858816
0.030560752
-0.030680994
-0.044522464
0.00051718688
-0.056573726
-0.02402745
-0.010178247
-0.020965816
-0.033677801
0.076576963
-0.014549395
0.00317206
-0.014964523
-0.0090325251
0.047353748
0.036615923
0.044856168
-0.072767459
-0.016577788
0.019958772
0.010673856
0.10704704
0.091398947
0.00048348767
0.063886821
-0.038234852
-0.0073111467
-0.044545572
0.012397145
-0.027726399
0.012358511
0.027447287
-0.010989352
0.0060097002
0.01147863
0.060723744
-0.056754429
-0.050464977
-0.049115337
0.011116624
0.022681594
-0.0027349519
0.059194293
-0.048930418
0.001901574
-0.016006935
0.04637862
0.060913485
0.0051721083
0.0013072236
-0.19454369
0.09022437
-0.11076979
-0.12507176
-0.068861946
-0.03625416
-5.9881736e-06
-0.048636362
-0.032936603
-0.0042831847
-0.072779387
-0.06141749
-0.0090785399
0.024899665
0.065762825
-0.05006139
-0.0045292741
-0.043000482
0.015589509
-0.032577079
0.068856776
-0.017787715
0.0060625859
-0.019250318
0.0033673926
0.0070563271
0.013387912
-0.024084304
-0.012929254
0.046813041
0.012112031
0.081510328
0.023683881
0.014096286
-0.016987696
-0.15279648
0.011991654
-0.044483785
-0.047683325
-0.02564035
0.0069243279
0.12607068
-0.098170854
-0.0069609727
-0.00039251972
-0.027762718
-0.0040601487
-0.012721356
0.0051992685
0.013812839
-0.033130817
-0.002616792
-0.0075144055
-0.12375263
-0.012814051
0.10092635
-0.0021160808
0.064125396
0.012372675
0.06128538
-0.074331596
-0.010071887
0.024411712
0.058477599
-0.012210713
-0.05078147
0.025596756
-0.088469818
0.0093911067
-0.16769774
-0.039955132
-0.049413037
0.062216401
-0.10996013
0.10806789
-0.018973242
0.037366632
-0.0082188966
-0.14450808
-0.061533358
0.086160786
0.015114523
-0.029359873
0.054267284
0.014381962
0.084657237
-0.026508572
-0.049300428
-0.0084587783
0.020530254
-0.070108615
-0.076691762
0.047832012
0.020049248
-0.05718698
-0.076524556
-0.028519087
0.063039817
0.011681736
-0.04287326
0.032380048
-0.036134262
0.038115583
0.038399361
-0.046936784
0.015624412
0.050077889
0.0061063794
-0.070388138
0.014307882
0.10860744
0.032924451
0.071059465
0.061538622
0.065949418
0.080457233
0.0086869989
-0.016209956
-0.0050883996
-0.024519015
-0.079108834
0.086965099
-0.030002039
-0.071843594
-0.032833308
0.033004783
-0.0069160704
0.04358805
0.03901374
-0.1315082
0.062539354
0.073798083
0.057446539
0.024259934
0.091732904
-0.048012786
0.018526053
-0.027104309
-0.016046271
0.070150144
0.043978229
-0.04355083
0.074379034
0.021044526
0.09299399
-0.11825292
-0.016752746
-0.075173423
0.14190394
0.013731402
-0.012067616
0.09255448
-0.10881703
-0.06175454
0.030894974
-0.0069249594
-0.00057801616
0.016487898
0.02170164
-0.0033444373
0.075095631
-0.03968513
-0.018232161
0.049138758
0.047891922
-0.083630838
0.1134776
0.0393309
0.070696063
-0.042644538
0.12021833
-0.05249586
0.055645242
-0.032886263
-0.042694055
0.074598752
-0.00091897615
0.055351064
0.035180923
-0.055782564
0.011848193
0.057705704
-0.012704668
0.061415888
0.010294844
0.13521282
-0.065732203
0.0049822615
0.10892413
-0.013086538
0.05162438
-0.061200038
0.0010680722
-0.010175224
0.040426884
0.069575146
0.10056859
0.084485985
-0.030463286
-0.027571967
0.028397718
-0.044974919
-0.025990628
0.10155772
-0.0087473718
-0.022002915
-0.0528371
0.064323641
0.053853977
-0.1089564
0.018147307
0.023760127
-0.011342332
0.0014126012
0.0042580799
-0.062179249
-0.040032391
-0.0075025079
0.015650973
0.077048697
0.077153854
-0.066150442
0.017961614
0.045291953
0.051501974
-0.039633714
-0.020024758
0.01881022
0.081453763
-0.033296753
-0.010433811
0.034731951
-0.035286009
0.080252208
0.081890829
0.016303273
-0.075339556
0.064302087
0.074815951
-0.015683426
0.1604771
-0.036470499
-0.033728633
0.00012664506
-0.0800393
0.044501912
0.12083234
-0.068130717
0.0038034446
0.075265571
-0.13806857
0.10674915
-0.036112387
0.013881157
-0.043228079
-0.09383063
0.12074903
-0.065258659
-0.022491882
0.12233854
0.045749851
0.092046052
-0.1083077
0.031429723
0.030408368
0.0090459352
-0.059023615
0.061581176
-0.046758883
-0.0018921281
0.11000077
-0.0092530986
-0.067218341
-0.0068654604
-0.03347785
-0.013547105
-0.0081912251
0.05927778
0.068472371
0.014132204
-0.027845221
0.066869952
0.06539268
-0.14440222
0.048230562
0.0076476377
-0.01220566
0.083432928
0.065461457
-0.056454379
-0.040704101
0.0037670939
0.11211322
0.015165002
-0.075770706
-0.017851986
0.1029667
-0.0042763879
0.038746405
0.015318974
-0.044925045
-0.12765051
-0.010353061
-0.10045317
0.020408807
0.053677902
-0.037258506
-0.049888395
0.03495495
-0.047922876
-0.0040605091
0.069337718
-0.01721108
0.084496275
0.13457696
-0.061942734
0.017732637
0.023671316
-0.048680685
0.013629326
0.04996435
-0.070394136
-0.012929876
-0.075412728
0.07532531
0.0028919082
0.021604503
0.052868415
-0.048905879
-0.028205071
-0.07089065
0.011474593
0.027270488
0.056895435
-0.13165674
0.0051440601
0.01962498
0.04403038
-0.014621693
0.0004258815
0.023802182
-0.068364032
-0.0060299961
-0.096893318
0.034779526
0.030964408
0.037373405
-0.023291424
0.087097585
-0.032332379
0.043490306
0.039251138
0.015551991
-0.048561946
0.0031299933
-0.0098659927
0.061069228
0.0093070865
-0.060085308
-0.062077098
-0.0042547239
0.064254537
0.016490936
0.053473458
-0.051657617
0.10154948
-0.041135255
-0.0053442298
0.075703651
-0.035346039
0.014965987
0.081605293
-0.089032002
-0.17669107
0.0019896766
-0.012814923
-0.084222771
0.081553243
-0.018458862
0.051127635
-0.1338699
-0.031774119
-0.031842455
-0.14990805
0.11982788
0.039801303
0.0054327538
0.082828611
0.050901495
-0.029089823
-0.041121304
0.03936027
0.060376029
0.021920215
0.017575711
0.0071607172
0.033629104
0.081980459
-0.081514724
-0.00058522308
-0.047127813
-0.018795868
-0.036550261
-0.065913893
0.039502643
-0.031713929
-0.049764257
-0.020136749
-0.016264513
-0.16129127
-0.04519508
-0.033943918
0.075997986
-0.068535656
0.041602645
-0.014067862
-0.10166929
0.020434093
0.032361951
0.098815724
0.07470797
0.087711416
0.046530463
-0.084957168
-0.012032278
0.04519989
-0.039795652
-0.12786062
0.016840395
-0.025914552
0.033236105
-0.012576435
-0.056181222
-0.016001865
0.07911706
0.048693359
0.033754844
-0.032542642
-0.10913897
0.037756089
0.070023447
-0.0045472244
-0.044107202
0.1034566
-0.079139456
-0.0047714859
-0.0063276682
0.081362531
0.02119402
0.051626176
0.044304527
-0.088336632
0.02652932
-0.066994309
-0.077116974
0.02046209
0.12595095
-0.056812469
-0.0576295
-0.062423568
0.098031908
-0.0048379819
0.038608912
-0.15833549
0.054298576
0.1202797
0.015506374
-0.014658796
0.10143115
0.082905851
-0.28224957
0.009327841
0.029130636
0.044445943
0.021777539
0.013564618
0.013818979
0.010006906
0.0051339637
0.033262435
-0.16106424
0.039570995
-0.045049939
-0.048944086
0.0050824396
0.065749809
0.052626964
-0.023702733
0.013590286
-0.050076224
-0.010701356
-0.0033748255
-0.078643717
0.045526214
0.092792444
-0.024200011
-0.025021365
0.052954055
0.014816716
-0.01665011
0.031255655
-0.036184363
-0.03500269
-0.049250372
-0.071924873
0.056061294
0.078096755
-0.051435988
0.053253099
-0.21526039
0.06431102
0.042762384
0.039164942
-0.020811424
0.041466527
0.022855312
0.010950077
-0.074588329
-0.031683262
0.052852888
0.055082984
-0.07718242
0.029550141
-0.044524513
-0.019831808
0.039701566
-0.044385057
-0.037274331
0.015942866
0.017502945
0.074524358
-0.11795823
-0.02288164
-0.026304895
0.0055801971
-0.077874504
-0.0079038693
-0.0075707356
-0.021927554
0.00478946
0.10476874
0.036306091
-0.0020688053
0.0099763181
-0.029356495
0.075222582
-0.021835158
-0.025979798
-0.028955601
0.0080564599
-0.0098585458
0.041495152
-0.046559084
-0.0069414806
0.016507808
0.040287521
-0.027514575
-0.055322789
0.05330094
0.0088956039
0.075336136
0.0084687984
-0.067844398
-0.025890183
0.092473634
-0.05990015
0.025049314
0.036791395
-0.026101613
-0.070839919
0.05135281
-0.09653195
0.035448555
-0.05424941
0.083650649
0.019196356
-0.036024053
-0.034667108
-0.0011416853
-0.0029866395
-0.042520128
0.013022671
0.039981816
-0.067648053
-0.069036908
0.099834658
-0.035970382
-0.0098024523
0.08574269
0.12539236
-0.083686322
0.06123957
0.014598123
-0.040282037
-0.04130939
0.083899945
-0.027634516
0.023368305
0.018688627
-0.04502894
0.025359415
-0.13207947
0.0019947686
-0.012270578
-0.12458976
-0.070478827
-0.056757368
-0.052279878
-0.053550664
0.014827694
-0.0075126132
-0.025668649
0.037512958
0.01478634
0.035745591
-0.0052100886
-0.02067625
0.086537853
0.062224835
-0.031741023
0.027916348
-0.0060668346
-0.00071845815
0.018766824
-0.030136283
0.033272944
0.11260807
-0.059178311
-0.050315566
0.0099200802
-0.010358231
0.07754308
0.032861721
-0.019749237
0.011669859
0.082811557
-0.090651378
0.003536778
-0.074410088
0.02860236
0.037894428
-0.025978368
0.027459348
0.083590664
0.03344154
-0.084410593
0.13450082
-0.011074114
-0.047303766
0.046891708
0.014080671
-0.045836892
-0.023970941
-0.077359594
0.01292134
-0.051347069
0.022474715
-0.026658637
-0.069764502
0.062624194
0.091589421
-0.0045768186
-0.053877953
0.092302635
-0.096956022
0.02241143
0.041060857
-0.03049108
-0.0014388111
-0.054705154
-0.0373419
-0.076919138
0.035714503
-0.022576617
-0.0016745321
0.088172786
-0.084573351
0.011723646
0.031689834
0.087138519
0.062136523
-0.041051894
0.023358138
-0.03984246
-0.040533692
-0.0058132834
-0.03185321
-0.027362268
0.0032122317
0.040115498
-0.0015193928
-0.041839648
0.027695779
0.013473676
0.064463913
0.025221325
0.025936773
-0.067694888
0.0095863566
-0.073877558
-0.025630457
-0.0022081861
0.025926964
-0.031569287
0.0097454339
-0.086973935
0.092255086
0.11492799
-0.013866089
-0.063803658
0.0648738
-0.036604464
-0.11997433
0.017282275
0.10218176
0.069903649
-0.07124795
-0.0013259245
0.015446967
-0.047806442
-0.037444856
-0.0051965825
0.020225484
0.0012541022
0.039523475
-0.098286696
0.021673147
0.020361995
0.010608193
-0.077628672
0.025889713
0.018902846
0.064420521
0.031825397
0.015739778
0.0044332654
0.047456965
-0.012259978
0.13134401
-0.0047959741
0.015386045
0.10279163
-0.092030831
-0.013062402
0.0084335133
0.014014753
0.023980739
-0.02333197
0.059468094
-0.041036714
-0.01944964
0.072333261
-0.009062672
-0.083381869
-0.027728993
0.086859219
0.079831094
0.026442591
-0.081033342
-0.0073156394
0.027341325
-0.0029191175
-0.0050591175
0.062152885
-0.060581554
0.0056121442
0.025767023
-0.056363143
0.043386418
-0.025664002
0.071538486
-0.016961588
-0.052489918
-0.04674039
-0.069110133
0.071212113
0.0035329151
-0.022213029
-0.044216122
-0.0045051612
0.061805967
0.012801625
-0.090210155
-0.023344556
-0.047285091
-0.0089344569
-0.03145735
0.077256009
-0.12119818
-0.11437682
-0.064978801
-0.024349455
0.075067624
0.06004712
-0.044180892
-0.025636328
0.029562412
-0.085545287
-0.021122577
0.043583769
-0.041813549
-0.048085105
-0.01237377
-0.022100398
0.014400929
0.032593664
0.080765039
0.020014649
-0.066911787
0.012288356
0.00099183747
0.022654569
0.02605647
-0.0071037933
-0.0031670386
-0.026970517
-0.021887409
0.0512265
-0.044566441
-0.022896983
-0.0098759634
-0.089552589
0.059039626
-0.11463482
-0.0098868869
-0.04194789
0.070151217
-0.053839691
0.15351439
-0.035273824
0.077063814
-0.0082640368
0.0058478876
0.0082380073
0.038405061
0.086108193
0.015669407
0.04769887
0.10068699
-0.048439108
0.018935904
0.058164962
-0.047035009
0.022826316
0.025370911
0.089692652
-0.12580928
-0.015958076
0.053681783
-0.078977823
-0.026178369
0.040130846
-0.022687173
0.05522291
-0.001101413
0.011532499
0.082157485
-0.12841187
0.012776795
-0.10727805
0.0059236968
-0.12300207
0.010274116
-0.017868901
-0.045368381
0.056158949
-0.086160772
-0.10496991
-0.0016069587
0.048333865
0.0058262297
-0.11534682
-0.050736759
0.04162991
0.022542519
-0.0031709622
-0.042931978
0.067255124
-0.039915685
-0.009129948
0.0095336353
-0.01011976
0.036436051
-0.078797147
-0.074309483
0.013157318
-0.092008606
0.062914342
-0.018833805
0.024533745
-0.041105263
0.1018622
-0.11220074
0.011223572
0.014688111
-0.0060430779
0.0026579476
0.04148436
-0.059428059
0.12853141
-0.034909967
-0.06877695
-0.013668224
0.024606179
-0.018593848
-0.078657091
-0.0087807756
-0.15863264
-0.090219192
-0.041046303
0.022124292
0.041228138
0.0425497
0.013244799
0.025267463
-0.029477013
0.02628628
-0.013124907
0.017461127
0.037803441
0.073158711
-0.042269427
0.067283407
-0.017902754
-0.022198301
-0.038651861
-0.0093956133
-0.02555657
0.081132829
-0.0072814971
0.015606523
0.076446757
-0.015493694
0.052371278
0.058330283
0.010644292
0.03619118
0.05760368
-0.0055151535
0.03237341
-0.028493255
0.022439465
0.028285887
0.085059591
0.031230155
0.030536607
0.048916359
-0.057531726
-0.044958357
0.057845157
0.020401271
0.05284458
-0.02882638
0.04037293
-0.17229795
0.033267967
0.028303852
0.038070124
0.058765616
-0.077124
-0.052813031
0.053880304
-0.019596109
-0.0093661351
0.026158128
0.018625632
-0.0056829397
-0.098224767
-0.068824016
-0.024308193
-0.049674843
-0.027915597
0.031795476
-0.030741898
0.021549646
0.021709125
-0.060472798
0.029567882
0.013211337
0.063425086
0.015839003
0.021108225
0.010928393
-0.096689992
-0.030023959
-0.022865586
-0.090495512
0.024746019
-0.048965599
0.0065206094
0.011684888
-0.076250434
0.074453764
-0.08367914
-0.037394725
0.030087963
-0.03756341
-0.064248472
-0.0053106728
-0.033323795
0.019958764
0.017161105
-0.018158862
0.04954388
0.025380772
0.074639611
0.10302403
-0.01494238
0.10407153
0.046301428
0.062151548
-0.020979667
-0.035951767
-0.040155668
0.013367913
-0.0023534228
-0.036948677
0.056127619
0.0071432949
0.046459533
0.017593076
0.022740187
-0.0031263791
0.00059307396
0.069844745
0.015480382
0.10097887
0.044864167
0.042900771
0.060120404
-0.058030006
-0.068631776
-0.060351793
0.022033652
-0.033823103
-0.046438724
-0.014796244
0.038635407
0.080097876
0.018661071
-0.03990883
0.071029752
-0.0097699556
-0.10016012
-0.023887653
-0.021328593
0.029183425
0.0097478684
0.0029705514
-0.054601707
-0.020170338
0.00065769558
-0.0045480472
0.061596982
-0.0032250853
0.053851996
0.072250925
0.0055582928
0.082026534
-0.023532564
-0.036611725
0.0202244
-0.0089087877
-0.019216361
0.036721319
-0.019171236
0.0092411367
-0.054813415
-0.019818
0.075453363
0.039360043
0.026332321
0.093422554
0.064495325
0.015156619
-0.083664395
-0.022909837
0.031535871
-0.011553053
-0.028880056
0.01915768
-0.035897505
0.057432223
0.02925623
0.054798294
0.0074656005
-0.023930468
-0.14559889
-9.3497474e-06
-0.11463972
-0.011004312
0.058647849
-0.0063079363
0.057098657
0.0067468444
-0.033399865
-0.09537752
-0.045145445
0.020733671
0.023985034
0.04901766
0.0077659856
0.0021986137
0.0056022112
0.017340349
0.015364214
0.040455632
-0.053544316
-0.067976177
0.026711905
0.021460157
-0.006304401
0.014331847
0.038597859
0.018370021
0.027518034
-0.053605225
-0.059668627
0.089242339
-0.068799533
0.089603543
0.03932577
0.052172024
0.061408889
0.021960633
0.099557698
0.07915891
-0.025647543
0.023917461
0.037421867
-0.0058484348
-0.029124221
0.0039406978
-0.030303681
-0.048643343
0.05899059
0.0035356448
0.0062900921
0.043525338
-0.070570849
-0.044683721
-0.0030726974
0.012047759
0.021252207
0.037047043
-0.043341447
-0.04851051
0.037224084
0.041018125
0.081326179
0.0085904887
0.025816068
-0.010141425
0.03207681
0.0091305012
-0.028904051
0.00077765115
-0.022718336
0.093473136
-0.051630776
0.084992751
0.058544099
-0.040711928
-0.072123282
0.040537138
0.021876708
0.11971717
0.010758455
-0.013962859
0.03299202
-0.047565185
0.049541105
0.022687333
-0.12935264
0.0058937408
0.015767856
-0.081647247
0.097671553
-0.033995543
-0.0091990624
-0.052424684
0.053841423
-0.018537296
0.0034682178
-0.011737093
-0.039251611
-0.086059287
-0.019633714
0.047863483
-0.11205413
0.014840997
-0.0274368
-0.066444688
-0.052515805
0.0015909614
0.086452767
0.045106187
0.041647028
0.0050401622
-0.065822028
0.020356104
-0.04447249
0.013505278
-0.07028161
0.084143765
-0.026522681
0.043102358
-0.025161119
0.01656762
-1.2058238e-05
0.026890814
0.060043905
0.13140666
0.046966892
0.05493401
0.028656678
-0.091398887
-0.027325623
0.050325148
-0.024010276
0.049653728
0.051548209
-0.045334198
-0.12142554
-0.059508417
0.098148152
-0.017168175
-0.011383337
0.054584716
0.043021616
0.030351754
0.01161796
0.045393225
0.031700291
-0.06546694
0.082885265
0.072152629
0.05733835
0.021436917
-0.056857578
-0.018324126
0.0025605601
0.043407734
-0.035874456
-0.089332432
-0.048198998
-0.018397417
0.007378682
0.023308959
-0.077420115
0.023756757
0.066338688
-0.025096871
-0.14721689
0.00028554938
-0.042044867
0.00067497214
0.067264281
0.0075645847
0.033127114
-0.059935071
0.038923077
0.11252081
-0.041113943
-0.097667851
0.043137621
0.009922619
-0.058893103
-0.059094269
-0.061909974
0.045658238
-0.032022722
0.021348974
0.038484015
-0.087073237
-0.068356849
0.065921396
-0.0079419985
-0.0097271362
0.022867551
-0.016048612
-0.0018983281
-0.079812609
0.024156731
0.016501313
-0.011333133
-0.021153245
-0.020503875
0.026359547
0.010642874
0.018995555
0.066726528
0.0059412569
-0.028233305
-0.045719262
-0.030709913
-0.049299061
0.015505201
-0.00075893902
0.073919915
0.017432699
-0.13044573
-0.037504632
0.084573157
-0.067406982
0.055287618
0.081698157
-0.084118403
0.075806037
0.13604373
0.082705796
-0.029559366
0.023903409
-0.0036579065
0.10038964
-0.088155925
-0.012237117
0.034405328
-0.045020416
-0.050553568
-0.033841483
-0.0039686165
0.015978901
-0.012472286
0.020403022
-0.013846844
0.011964636
-0.076450974
0.07089024
0.061908592
0.064777076
0.029216126
-0.05959475
0.0047833975
-0.024796754
0.049678847
0.02381219
0.021350143
-0.091704145
0.051200572
-0.021664456
-0.028894078
-0.0051997001
-0.1097062
0.01317247
-0.011825067
-0.040517911
0.018399626
0.094054192
0.010770728
0.0034137266
0.0080104275
-0.011326246
0.019633533
-0.068551183
-0.028470118
0.057791032
-0.03701349
-0.07330475
0.070691191
-0.027215896
0.0013832265
-0.039523475
0.0069657764
-0.047810081
0.062460836
0.0030156302
-0.048310231
0.089609019
-0.032965049
-0.022311077
-0.009715613
-0.010189022
-0.095835678
0.091871314
-0.035235744
0.037324142
-0.1281025
-0.035758466
-0.024948126
-0.052653644
0.012274045
0.0468444
-0.17379932
0.047660131
0.085735984
0.081276052
0.020200077
0.087132208
0.060299177
-0.026685145
0.055780776
-0.076736525
0.023444196
0.10010266
-0.020083141
-0.040825091
-0.01630377
-0.037354767
0.0041063786
0.038326953
-0.032970779
0.008187905
0.015161832
-0.029747
-0.072870389
0.060457587
-0.051516019
0.0094795655
-0.021768657
0.05232235
-0.0038004897
-0.046258517
-0.033163927
0.050307069
-0.0084011368
0.073435329
0.050135095
0.0083274618
-0.13932936
-0.033907786
0.037186068
0.012489947
0.083993971
-0.052525271
-0.018611254
-0.025045186
0.069846205
-0.029558642
-0.017129788
0.079710647
0.031571273
0.012929838
-0.063407533
-0.12333931
0.0074984413
-0.039002601
-0.014922907
-0.032358196
-0.014424302
0.039178111
0.021441586
-0.039974838
0.028519552
0.056336943
0.04293444
0.046109103
-0.009925805
-0.10584494
-0.037946247
0.056180786
-0.0012389467
-0.035181459
0.038422562
-0.087388784
-0.039824739
-0.030768359
-0.021280048
-0.074649297
0.047071703
0.079997793
-0.089162655
0.02293
0.040097151
0.0031264725
0.0067134392
-0.082410753
0.03206851
0.13832553
-0.012222516
0.073875822
0.064324565
-0.060930528
0.072200187
0.012238212
-0.039346412
0.1533511
0.062123947
0.033121601
-0.12895855
0.00088736106
0.024258787
-0.11440249
0.020818828
0.0056654164
0.084201641
0.050764687
-0.050675347
-0.016618541
-0.015380075
-0.03777466
0.062064234
0.026434898
-0.035655163
-0.041560028
-0.048223961
0.023789272
-0.040423855
0.087594092
-0.11806402
-0.11171896
0.065453313
-0.065450139
0.017734028
-0.086920656
-0.029500742
0.075916208
0.037296269
0.07357917
-0.15854873
0.026762402
0.052793078
-0.074596778
0.062501974
-0.12280665
-0.044690523
-0.011138755
-0.030109227
0.098535918
0.0051999935
-0.10958627
0.065920591
-0.077947102
-0.12696896
0.016029093
-0.11748527
0.058045231
-0.055409279
0.011652984
-0.016518688
0.017548412
-0.0040759859
0.05887226
0.024866275
-0.015053076
0.0099132732
-0.093156949
-0.04812317
-0.1127714
0.040963046
0.042949986
-0.015314158
-0.030755924
-0.02907313
-0.0015792116
0.028553978
0.092026703
0.03873127
0.049536113
-0.030890638
0.045163568
-0.0012259543
-0.073310331
-0.046886321
0.1180279
-0.0013612837
-0.016437985
-0.044541918
-0.005712362
0.039203841
-0.063531257
0.10862888
0.060716264
-0.10301694
-0.020796299
0.063841484
0.068393603
-0.028368857
0.043844569
0.087159984
-0.00016150469
0.03773864
0.046348121
-0.031465199
-0.0041101323
-0.024750404
-0.0035948588
-0.0070033171
-0.032209702
-0.069745965
-0.0042200028
0.12267824
0.014298298
-0.015344367
-0.0021864888
0.052685916
-0.034927242
0.033680927
-0.02219213
-0.016273648
0.029416189
0.017760038
0.027276572
-0.09145426
0.02027541
-0.02308036
-0.10505179
-0.04896304
0.08697775
-0.082008347
0.051303707
-0.082911268
0.012274794
0.024048917
0.075200625
0.030289916
0.028944883
-0.03143033
-0.076378874
0.036905386
0.079001687
0.030669741
0.037841748
-0.042959608
-0.086786792
0.043476678
-0.0348344
0.025332004
0.021456767
0.020454478
-0.019134961
0.10919186
0.055604599
0.011429938
-0.029449746
0.0068058772
-0.088165924
-0.0090182964
0.029483985
-0.063543901
-0.067287624
0.013228424
0.095255911
0.014622856
-0.056119699
0.019279268
-0.039699931
0.078397639
-0.014399111
-0.012399481
-0.0040487237
-0.044119764
0.075943716
0.0088541191
0.036455221
0.028840007
-0.05321623
0.055408172
0.058201611
0.036288679
0.019916629
0.064527825
0.0018188277
0.085491471
-0.12703745
0.039757382
0.0088820579
-0.059749093
-0.06431549
0.037719019
-0.084057979
0.014490649
0.053713307
0.074068576
-0.062512003
-0.041285183
0.012181369
-0.084145121
-0.10028923
-0.034874231
0.068759218
-0.042286452
0.082732752
-0.012122219
-0.0077788499
0.005337486
0.0022171277
-0.032676768
0.014084674
0.073038124
-0.0089809187
-0.055301312
-0.057479497
0.054926924
0.11298635
0.0029301667
0.029056532
0.021040574
0.00020028396
0.044548046
-0.0400488
-0.0093976958
-0.051122122
-0.049227785
-0.041376635
0.0750072
0.032432154
-0.072448
0.0039594295
-0.062805511
0.029213669
0.025140995
0.015511379
-0.062331252
0.022419866
0.059300333
-0.089977309
0.070067585
0.039102975
-0.00080289168
-0.035536245
0.048215594
-0.041019451
0.048034482
0.0026187145
0.033308059
-0.042310145
0.090001047
0.0025810767
-0.1341732
0.009018939
-0.0027429657
-0.018400718
0.024437785
-0.077017859
0.0094044181
0.05607352
0.0085104872
-0.057136193
-0.016176023
0.017588016
-0.023500703
0.1072327
-0.011405217
0.022732697
-0.010461112
-0.047665842
-0.0069000786
-0.02072251
-0.013244529
0.057895076
-0.030538235
0.013080477
0.019528069
-0.058602214
-0.013075694
-0.020966761
0.073361732
-0.037278801
0.080352671
0.041118726
-0.14996971
-0.015520716
-0.027999816
-0.0628509
0.069282122
0.013976173
-0.083413996
-0.051108927
0.050981954
-0.0051620794
0.07987868
-0.031047225
-0.018226061
0.03691582
-0.10782237
-0.047517624
-0.011031548
0.014235481
0.061354712
0.039282188
0.060757745
0.015626347
0.093586072
0.078702115
0.001536387
0.063294053
0.019696617
-0.05296227
0.04069544
-0.023464862
-0.042105135
0.027089372
-0.094880328
0.00041521
0.074745834
-0.097062774
-0.090057358
0.067078941
0.034010544
-0.029620288
-0.011996322
-0.0069352458
-0.11667898
0.0048091463
-0.12375855
0.0093349777
0.023770805
0.016437067
0.037937585
-0.082099698
0.017006163
0.054890335
0.034253541
0.085677423
-0.0072892951
-0.036280066
-0.021455565
0.027435424
0.038348656
0.025641371
-0.11831951
-0.013458754
-0.059440758
0.074784286
-0.028664794
-0.0036174865
-0.0096155601
0.0045149177
-0.039968994
-0.053993717
-0.0039567431
-0.046877641
0.029293139
0.046878103
0.041822359
-0.076189108
-0.045476042
0.0059536286
0.0069901496
-0.11570719
-0.047454182
0.048275139
0.029728947
-0.08855693
0.073936693
-0.035208229
0.038613711
-0.028248945
0.0087392693
0.046603322
-0.010173208
0.053140443
0.015068628
-0.020542772
0.085709356
-0.033098828
0.038193475
-0.034047764
0.059736989
-0.077414922
-0.0017865738
-0.0040412815
-0.049504392
-0.097443573
0.042348132
0.063784026
-0.012449437
0.0096257413
0.079245232
0.021422323
0.048457969
0.014146212
-0.079410598
-0.058463242
-0.012864543
0.0062339082
0.056734841
-0.0041103326
-0.0018529176
-0.11575518
-0.024528923
0.085543707
-0.080228902
-0.056500845
-0.043546725
-0.036390997
0.0034585556
0.0093720574
-0.15648283
-0.037453499
-0.035070736
-0.049710725
-0.05485224
0.0010319436
-0.099860959
-0.018747754
0.041701976
0.034787465
-0.023268456
-0.079551227
0.021664912
0.056450449
0.058322173
0.033808544
-0.0063144942
0.033543088
0.03094898
0.12494351
-0.011915969
-0.042298593
-0.01377258
0.026910443
0.0062381281
0.1194379
0.012257967
0.024346326
0.070902728
-0.030750407
0.11019781
-0.05795262
-0.073197626
-0.019625288
-0.026443914
-0.040128913
0.12668009
-0.08151906
0.037620008
-0.043621451
0.021971501
0.12216691
-0.079740606
-0.07120306
0.034334645
-0.018371318
0.047766156
-0.057212181
-0.10724749
-0.0096606491
0.048233964
-0.069444917
-0.067703091
0.043698326
0.0020715913
-0.0023572794
-0.02160248
-0.035677701
-0.072711721
-0.011056115
-0.044529967
0.080388226
0.032447904
0.033446163
0.082890376
-0.01251129
0.087704778
0.0021599962
0.0074810358
-0.04971505
-0.1056066
0.010300591
0.027542835
0.048660189
-0.033421274
-0.050716348
0.038040213
0.045460902
-0.06379278
0.014156794
-0.0077122799
-0.0049430598
0.007972273
0.034127831
-0.0052681384
0.020794524
-0.099887289
-0.049217455
-0.049159549
-0.013338612
0.065639831
-0.10996185
-0.07587976
0.03961302
-0.021994473
-0.019068141
0.023119442
-0.0076355999
0.044850659
-0.045216758
0.055076208
-0.032871176
-0.048170194
0.017325046
-0.055557866
0.010774423
-0.0529139
0.12832417
-0.007285147
0.032461654
0.01261111
-0.01401232
-0.12274117
-0.0098741138
-0.0025303792
-0.055660855
-0.071262971
-0.038244192
-0.040872458
0.07238365
0.042339105
-0.049183775
0.02201857
-0.030222429
0.09421619
-0.029408569
0.057731021
0.042853236
-0.053576615
-0.059328284
0.0082225129
-0.0061768359
-0.0020724274
0.011970734
-0.071702823
-0.017630523
0.017199157
0.052028734
-0.068033814
0.021202885
-0.013843472
-0.020932356
-0.026399532
0.0013789085
-0.068733335
0.056606274
0.075890705
-0.017838739
0.084119037
0.049625766
0.022554455
0.0039092931
-0.0068653584
-0.096119821
-0.024480863
-0.019183286
0.044849217
0.059844811
0.0049270736
-0.15426654
-0.0382879
-0.0053916904
0.069046445
-0.066456616
-0.027621524
0.068802416
0.035112277
0.090004191
0.014465143
0.062783442
-0.055574659
0.016036779
-0.049110137
-0.028629296
0.037392523
-0.041743465
0.0091910437
0.072674274
-0.018703397
-0.033930391
-0.035969596
-0.044277981
0.013271273
-0.044044055
-0.0022175005
-0.068051875
-0.002091622
0.013542281
0.058984041
-0.096376866
-0.10249373
0.045227163
-0.029016636
-0.028277533
-0.058978062
0.042146165
-0.0073022735
0.12733109
-0.026278619
-0.0071240328
-0.007466624
-0.043762479
0.019167295
-0.037239987
-0.031768307
0.0060843006
0.059890453
0.0731823
0.042500637
-0.040699035
-0.045476202
-0.0031055887
-0.066054948
-0.067878939
-0.09019696
0.061718367
-0.029091926
-0.036659524
0.085142158
-0.081609882
0.094796747
0.070843168
-0.03152753
-0.011617954
-0.0055212993
0.068017572
-0.043369938
0.14812386
-0.074809857
-0.065381795
-0.025888288
0.020189822
0.0896485
0.042943075
0.0034474144
0.1187574
-0.024945008
-0.037858613
-0.10138557
0.014289127
0.02246635
0.071944244
0.014239185
-0.0019424035
-0.0012413603
0.016017009
0.069679722
0.018664641
0.0066679749
0.026639339
0.037349999
0.024019314
0.0081015825
0.063011453
0.023436025
-0.041457672
0.080228895
0.074858747
0.010161438
0.019548222
-0.02012145
0.064548589
-0.0033240807
-0.034398608
-0.0098385243
-0.0084308013
0.11266544
0.0045844102
0.00084268459
0.099972673
0.022570251
-0.046074454
0.07881777
-0.036928322
-0.038270433
-0.11723517
-0.011327537
0.050677162
-0.040153306
-0.10475615
0.08725588
-0.079422705
0.057659548
0.048856806
0.069337159
0.032194685
0.032587729
0.005800263
0.027235236
0.00069591618
0.017636333
-0.0036802529
-0.014621063
-0.053428624
-0.054112934
-0.0082056113
0.071065716
-0.079376355
0.023335773
-0.038596809
-0.013214766
-0.097095832
-0.23405939
0.046263646
0.071219198
0.012198078
-0.020165244
0.00044263341
0.034104314
-0.044727396
0.0074551492
-0.037105355
-0.00855707
0.09073139
-0.054584429
0.031180261
0.098302133
0.055389535
0.057625711
-0.044058505
0.025949495
-0.089794151
0.01204129
-0.012382756
-0.031044224
0.014225828
0.050101772
-0.040547341
-0.070033893
0.021806402
-0.0051849899
-9.4376643e-05
0.037992012
-0.045261763
-0.037122518
0.038959969
-0.079062544
0.031830963
0.01662448
-0.048254702
-0.049025822
-0.15901594
-0.042633619
-0.10599276
-0.052549664
-0.041231487
-0.026631774
0.0049705207
0.086132459
0.016379638
-0.074720621
0.062829316
-0.015583688
-0.03804981
0.052566968
0.021564189
-0.0023994597
0.16463818
-0.13179062
0.031201364
0.012364379
-0.016607838
-0.0076933438
-0.040020056
0.024219118
0.058941137
-0.017563015
0.0073560313
-0.022133192
-0.073626213
0.0087932143
0.00048079152
-0.011471626
-0.1359203
0.055519011
-0.0079049235
-0.074306101
0.095272079
-0.036746666
-0.14526694
-0.0022780593
0.096197575
-0.2315826
0.069985725
-0.053061169
0.020240571
-0.12014609
0.094600499
0.11047544
-0.052643694
0.12405439
-0.017142605
0.01081079
0.042423818
-0.10609338
0.12308452
-0.063421167
0.057193894
-0.019171938
-0.037252456
0.10589044
-0.013949593
-0.037356116
0.016243875
-0.042915218
-0.055844236
-0.0060945558
-0.096973851
0.0012227222
0.021191193
-0.066966407
-0.091607578
-0.0089829424
0.059521824
-0.1512496
0.15490377
-0.042497676
-0.071305051
0.051363107
-0.090861216
0.029867766
-0.041531663
0.029325159
-0.08307106
-0.055570159
-0.11216398
-0.0082818735
-0.048846688
0.098249562
0.11829096
0.041449409
-0.071657896
-0.017900636
-0.07815405
-0.030286357
-0.044200715
0.0061965422
-0.046873827
-0.15266079
-0.0045270077
0.039247107
-0.046172883
-0.018762322
0.031560145
0.094265208
0.018649248
0.053127132
-0.091009311
-0.017409105
-0.040636186
0.029900553
0.13718255
0.038097303
0.0032362451
0.053827852
0.1297825
-0.12764063
-0.12601233
-0.026532592
-0.038400907
0.087786868
0.063049026
-0.062392402
0.031145977
0.034333322
-0.03970629
-0.012875674
0.046226069
0.011078537
-0.11317323
0.028945731
0.0058816164
-0.033218045
0.053022847
0.016201761
-0.03351577
-0.096129842
0.028262118
0.032508772
0.04684161
-0.14359508
-0.064894333
-0.023734165
0.033261832
-0.044197887
0.13814218
0.020127788
0.036563031
0.0028342118
-0.10846161
0.04242735
0.081854381
0.11629591
0.043560151
0.085934989
0.015702095
0.044982553
-0.10638067
0.059963673
-0.053881563
0.034919281
-0.0086301221
0.033232458
0.048478924
0.055880301
-0.045866221
-0.0058741807
0.022267884
-0.025318604
-0.022200596
-0.023508718
0.0082532
-0.037405536
0.057127748
-0.017825451
0.031980854
-0.052238159
-0.13826106
-0.033721991
0.099323437
-0.026478069
0.04407417
0.043938704
0.053887911
0.019130128
0.014018794
0.0034187634
-0.0042566224
-0.028984414
-0.080864653
0.027926676
-0.050354544
-0.061532911
0.0070184795
-0.025388237
-0.063939601
0.011122921
-0.090427026
-0.0089313043
0.080605946
-0.091586702
-0.00169192
0.017336676
-0.045369767
-0.033595417
0.074577458
0.0052739582
0.00086090527
0.034894224
-0.0096479598
0.026084542
-0.0086069508
-9.7754993e-05
-0.10199967
-0.022393506
-0.03679407
0.056894515
0.044623796
-0.14169006
0.034821168
-0.033204265
-0.049271457
0.062256441
0.050513711
-0.021908723
0.035268568
-0.0042512226
0.048738908
-0.016365938
-0.11721902
-0.021280466
0.031624004
0.08221636
-0.093975648
-0.0049079023
-0.019621285
0.067912519
0.0088854264
0.049271509
0.066841699
0.0093003865
0.018654894
0.04380415
0.064951845
-0.037524238
-0.016320007
-0.080025345
0.020148298
-0.00051945966
0.062332012
0.017069658
-0.025122339
-0.025843132
-0.0098094726
0.081619628
-0.023491517
0.024904514
-0.019979481
0.10324233
0.068177782
0.068418145
0.02885909
0.045734238
0.0066890935
-0.081837974
-0.025977066
-0.019859439
0.026860513
-0.051658634
-0.063500613
-0.047880597
-0.016848112
0.085560486
0.034228962
0.041625325
0.006035937
-0.046814363
-0.0057569984
0.056977257
-0.017984666
0.060054414
-0.0066341711
0.094143011
0.022863457
0.01552518
0.0071500768
0.0056765722
0.0050934847
-0.086068705
0.13761839
-0.029053906
0.0016880318
0.082586549
-0.050497368
0.05897478
-0.042478886
-0.0022116532
-0.036247365
-0.0193309
0.057749361
-0.025650002
-0.027864773
-0.014121672
-0.046206709
0.01208479
-0.0858844
-0.011355118
0.049562998
-0.10023484
0.039420202
-0.014758384
-0.10654652
0.0083919736
-0.020926852
-0.025163021
0.021745663
-0.019935783
-0.0094938809
0.019373877
-0.020119481
0.013437595
0.030193936
0.02016825
-0.032842316
0.0083533665
-0.055172201
0.0044244789
0.1201365
-0.13766032
-0.046445005
-0.066666067
0.050267957
0.083345257
0.052287627
-0.02166564
0.061892763
0.020213712
0.065082736
0.012829068
-0.02017965
0.039278202
0.02036931
0.023133744
0.034417294
0.019223886
0.01490501
0.098345213
0.092332907
-0.069999531
0.021309152
0.077163711
-0.0033044941
-0.0854664
0.079155982
-0.012475352
0.048529048
0.055148721
0.033209197
0.018369596
0.0059220414
-0.078092627
-0.00041696825
0.029173872
-0.067955256
0.046180017
-0.067212813
-0.035468709
-0.08014565
0.050457872
-0.071312577
0.068179466
0.085660212
-0.011581153
0.0051680477
0.02086613
-0.0062525221
-0.028167807
-0.10005829
-0.057861466
-0.056433685
0.0040121945
-0.12492678
0.045760766
-0.0068972646
0.061018538
-0.048814058
-0.017276444
0.024573863
-0.062012587
0.047089621
0.05106907
0.0029338477
0.019387869
-0.0025271967
-0.032919697
0.087051429
-0.06284041
-0.020416483
0.038315281
0.071245238
-0.044942547
0.048402235
0.013895296
-0.063676596
-0.030465858
-0.0073813312
-0.0059446418
0.020969132
-0.021817155
0.040208202
0.013384288
0.033004224
0.048073839
-0.022608209
0.12762168
-0.027620243
-0.056176834
0.068321645
0.11595414
-0.024415679
0.057233695
0.010785133
0.013899898
-0.10674248
-0.032045435
0.031781796
0.004128193
0.023472343
-0.013200576
0.031667408
-0.14307384
0.045292284
-0.0043935296
0.013743062
0.019513082
0.017635779
-0.0021907229
0.023188053
-0.016559174
0.0075599044
-0.064962588
0.06720905
0.089352302
0.020064451
0.00035787176
-0.12309412
-0.0042747641
-0.037057225
0.0027562352
0.042950828
-0.0022787107
-0.048292369
0.059176717
-0.19521862
0.088799052
0.03645242
-0.1192295
-0.034423694
-0.059612714
-0.026697582
0.025944149
-0.028214417
0.012569283
-0.0053023919
-0.040169463
-0.08739382
0.046365768
-0.08207152
-0.066991895
-0.035752244
-0.021541892
-0.027836148
0.049432658
0.090564571
-0.10005345
-0.0017429293
-0.014985994
-0.077418968
0.074267834
0.031150736
-0.006038615
-0.03052515
-0.055211015
0.00088243932
-0.0057045445
0.022056328
-0.078970611
0.061471071
0.047156882
0.024067748
-0.049593091
-0.060241509
-0.0026403123
-0.060305353
-0.0069935801
0.027258975
0.05131679
-0.069196753
0.0032079355
-0.063009411
-0.15170781
-0.038703259
0.06002691
-0.034473147
0.13390186
-0.064223751
-0.051240083
-0.030763689
-0.038806763
-0.04883384
-0.018183345
-0.10233316
-0.0057481239
0.035606217
-0.0071227704
-0.072339542
0.0217028
-0.06992197
-0.027714781
-0.018495843
0.082158707
0.048452441
-2.1312933e-05
-0.0010890474
-0.079342522
0.079864219
-0.027595855
0.0023124209
0.017069999
0.092674956
0.039191246
-0.010623718
0.070334747
0.034554344
0.027097965
0.040026516
0.060775306
-0.027472867
0.038635474
-0.019479457
0.0080406768
0.049681995
-0.022769399
-0.013507931
0.055989951
-0.055377901
-0.046483073
-0.073901668
-0.084274836
0.046590459
-0.1268204
-0.073373534
0.01995546
0.036173683
0.051243316
-0.16405161
-0.11805733
0.054805819
0.0031938974
-0.050657645
0.0049600564
-0.04067627
-0.089179188
0.060106989
-0.017604826
-0.030894358
0.060995184
0.0016642646
0.034015376
-0.095198281
0.047916267
0.059115488
0.029187303
0.0062345541
-0.032957941
0.024696382
-0.00047088877
0.007298403
0.01689768
-0.025474695
-0.0083893845
0.034665629
0.045052543
-0.070035048
-0.056388944
-0.039026748
0.052162848
0.082694843
0.023373706
0.02083583
0.001776873
0.012172947
0.098084874
-0.090413213
-0.18554166
0.0062407861
0.046356063
0.051031705
-0.025354803
0.030460924
0.032855038
-0.088918753
-0.021588454
-0.11751089
0.013043109
-0.0019270737
-0.10777527
0.033579119
-0.013143594
0.059718579
-0.074333131
0.011553638
-0.079880245
-0.072908893
0.0093791895
0.083041914
-0.0020703035
-0.042999078
-0.0057891724
0.096695751
0.035053439
0.078510188
0.03715447
0.05953043
-0.02951706
0.028635105
0.073884629
0.004021538
-0.015431888
0.13107778
-0.05570405
-0.013241176
-0.0047852686
0.027543368
0.033076938
-0.046545908
-0.046344947
-0.04580424
0.029961279
-0.057325289
0.078377545
-0.051298354
0.11887185
0.050939929
-0.037801731
-0.029374795
0.022607362
0.033602726
-0.025597228
-0.040696718
0.052713279
0.048137262
0.025701324
0.030586733
-0.071169443
0.079324596
0.0050711138
-0.039122626
0.037918527
0.010893476
0.041930631
0.035998087
-0.0010209269
0.048724994
0.046552397
-0.0026997756
0.00093308609
0.0072135599
0.070340164
0.0097437436
0.018221656
0.010256451
-0.07944724
-0.028571
-0.020726211
-0.003656894
0.0084241582
0.055199295
0.04818752
0.071211576
-0.049893107
0.0040829517
-0.016417814
-0.04796895
0.013293375
0.06352178
-0.032170564
0.010914432
0.013894521
-0.024959747
0.019808425
-0.02685081
-0.0010183067
-0.014591734
0.048342038
0.031202333
0.014017127
0.01818998
0.023629829
0.052300248
0.10892216
0.010682352
-0.041792292
0.025813904
0.00388299
0.071565241
-0.061385319
0.0035347859
0.023630951
0.00083991751
0.036088713
-0.063936666
-0.058446474
-0.039449748
0.091003478
0.01145251
-0.033946306
-0.048836593
-0.043447509
0.08689943
-0.011094875
0.034998976
0.0086151613
-0.0046473532
0.0548351
-0.021373117
0.036009751
-0.0055830269
-0.096745819
-0.12187135
-0.092131302
-0.017935056
0.0072133658
0.0036975306
-0.013965457
-0.0010601858
-0.023608979
0.071018368
0.053397723
-0.079704441
-0.075206392
0.061891474
0.028099246
0.064425685
-0.064673662
0.09209732
-0.099598303
-0.032011595
-0.004849744
0.028843014
0.028839126
-0.013877565
0.077106752
-0.054100275
0.023189189
-0.034928758
0.034770448
0.029779425
0.093591958
0.012058421
-0.088138171
-0.091287456
-0.1184148
-0.070553474
0.071819559
-0.0023957868
0.012144811
0.051992558
0.092620738
0.0079365876
-0.022661997
0.091670863
0.076704815
0.0043939268
-0.074233532
-0.033461418
0.052423429
0.032215253
-0.016296942
0.10803001
0.059613433
0.015436538
-0.080119796
0.096169092
-0.016075891
-0.025480594
0.074144796
0.044798989
0.073246218
0.023404047
0.091010466
0.0037439913
-0.022339595
-0.060735971
0.013443626
-0.04576534
0.027264588
-0.017809296
0.065297522
-0.019981673
-0.085767478
0.077462867
-0.080562375
0.010444464
0.022890871
0.013541667
0.062074576
-0.022706352
0.0094268359
0.021388998
0.088946253
0.0041958098
0.07261245
-0.042571973
-0.073653892
0.020224154
-0.10081068
-0.023375161
-0.042666506
0.0063226479
0.036378201
-0.023476435
-0.017809857
-0.012045086
-0.052902024
0.012173116
-0.039163727
-0.031101756
-0.017957678
-0.031701177
0.0055242982
-0.084227972
0.056579154
0.050809212
0.02259692
-0.013833741
-0.010866771
0.062779002
-0.0011983061
0.035806775
-0.03509045
0.075803094
-0.057423621
0.03258786
0.057824828
-0.11857789
0.017492844
0.035041351
-0.013184359
0.010367265
-0.032461062
0.01790398
0.057408635
0.067876026
0.01320614
0.097574174
-0.1013247
0.009025652
-0.046258435
0.041542895
0.063078865
-0.055797711
-0.077858604
0.044625502
-0.0088487444
-0.010739831
-0.02963837
-0.0054616253
-0.1664214
0.018599818
-0.040405445
0.0067783645
-0.0046012742
-0.064394422
0.0054292115
0.051951133
-0.0073689544
-0.011663723
0.0053503658
-0.076832764
0.010114251
-0.02128266
-0.054860123
0.038608804
0.012108074
0.018813426
0.10908782
-0.0095152203
-0.00097029936
-0.082474992
0.031263191
0.046544828
0.014809143
0.078249373
-0.021075666
-0.038159847
-0.018156273
-0.078652106
-0.12676261
-0.039952576
-0.055492319
-0.019190701
0.047153804
0.0071165371
0.059113313
0.012203094
-0.08815708
0.068888865
-0.01164177
0.027895184
0.033773284
0.04123418
-0.11445728
0.045062225
-0.019965144
-0.038542453
-0.045779131
0.0090209097
-0.039051317
-0.049273591
0.047104813
-0.011765718
0.032314803
0.058991972
-0.02012174
-0.014492902
0.046508864
-0.043666229
0.051507376
-0.057899769
0.03024181
-0.030129684
0.037927568
-0.0083030155
0.043146722
0.0011739798
-0.038199894
-0.0090231905
-0.11384363
0.042098626
0.014374726
0.033988792
-0.04628044
0.010484445
0.0039586863
0.091053151
0.066590361
-0.025960147
-0.031842027
0.0065864371
-0.014277827
-0.025503613
-0.016866546
0.0034931616
0.033118118
0.049403414
-0.09379632
0.0020826238
-0.015458151
0.012627385
0.0070391744
-0.0086939102
-0.075098559
-0.050835304
0.098992512
0.052372746
-0.02814462
0.027033249
0.045533773
0.0045236293
0.00093135826
-0.13223603
0.091249093
0.048115805
-0.011654227
0.046869304
0.0064267046
-0.15145345
0.022349793
-0.043819416
-0.12023941
0.038396429
0.1075562
0.061841603
0.12252417
0.034664907
-0.077111788
-0.041796681
-0.015071704
-0.018472975
0.0094691906
0.035265252
-0.094108529
-0.096725926
-0.035099104
0.023124456
-0.026116408
0.080282614
-0.0036386221
-0.035017125
-0.033562727
0.077458844
-0.033403154
-0.047375116
-0.012543382
0.062449243
-0.077325366
-0.0032719867
0.016605495
0.055766627
-0.14142087
-0.018084461
0.044479847
-0.12335849
-0.028467914
-0.0025563498
0.10645759
0.0053894976
-0.03771434
0.1061674
0.014269747
0.0093043055
-0.066309892
-0.0079727275
0.0058315154
-0.12225442
-0.050733555
-0.016162423
-0.0037128206
0.034638163
0.027464315
0.085716441
-0.022407724
-0.13447562
0.0085621281
0.041990384
0.021659775
-0.028069876
-0.047113977
0.03475786
-0.0040406263
0.071320884
0.071725078
0.059746042
0.044828031
0.10348228
-0.0036839414
-0.13605282
-0.096358955
-0.030977929
0.064754926
-0.053737503
-0.052135322
-0.025535055
-0.059793685
0.020783335
0.069582656
0.054841939
-0.055228502
0.031761914
0.072405957
-0.085376993
-0.030947179
-0.096571319
-0.022844795
0.019982543
-0.044077422
-0.027278844
-0.026528608
0.010373143
-0.034423217
0.039566219
0.061338793
-0.021776531
0.0066589513
0.022711826
0.071727954
-0.0086414441
-0.039054945
0.0080894055
-0.011836942
0.0010035145
0.032392621
0.079117157
0.0052868035
0.039286505
-0.056388311
0.0038694385
-0.079269402
-0.0029031169
-0.0095808189
0.020663647
0.054703563
-0.028134141
0.017352076
-0.029747786
-0.0023391275
0.06138023
-0.044099126
0.032840889
0.023225797
-0.037701972
-0.17301615
0.076878697
0.007603873
-0.10210058
0.01144258
-0.017922673
-0.073485106
-0.023860421
0.069334738
0.090669185
0.0095279748
-0.047857776
0.0034107293
0.082873277
-0.0026036967
-0.018616274
-0.026443191
-0.062653668
-0.12391017
-0.010027111
-0.057579052
0.052294068
-0.019811358
0.0041985353
-0.027126942
0.019443486
-0.033343744
-0.15347145
0.040366936
-0.027494421
-0.04898065
0.025076021
0.024757665
-0.041211337
-0.014252322
-0.012811031
0.031955555
0.02729097
-0.022989381
-0.09952683
0.0097753005
-0.080887012
0.14816199
-0.1039304
-0.090581939
-0.040576983
-0.013914988
0.041415576
0.077460095
-0.042872828
-0.0071885129
-0.013242628
0.028225524
0.060017709
0.083014913
-0.005454455
-0.040433824
0.025794011
-0.01973209
-0.0086870249
0.0066095083
-0.0017180748
-0.066056743
-0.030164346
0.0035832054
-0.23927018
0.059850972
-0.036261063
0.018957512
0.10160225
-0.060112886
-0.036116209
0.033658251
-0.034185529
0.033870898
0.096129373
0.062484138
0.030488949
-0.10353535
0.039907441
-0.057776585
0.017540658
0.038665365
-0.02773639
0.003227937
-0.027233744
0.035508234
-0.07948181
-0.023505541
-0.048668865
0.055608738
-0.0016534451
0.03140568
-0.014460279
-0.053838827
0.0013107568
-0.048595771
0.0032335513
0.061276212
0.058397561
-0.075607918
-0.016387003
0.014528242
-0.030257626
0.019295765
-0.034882091
-0.035957176
-0.031217434
-0.076957054
0.0035300832
-0.015979523
0.0045349128
0.0068509644
0.10139392
-0.00012312715
-0.045102604
0.083947815
0.10479991
-0.07456927
0.062162116
-0.025657078
-0.022864778
0.087507881
0.038890172
0.0089148385
0.022115635
-0.0048199752
0.066598162
0.058997776
0.041186828
-0.016139163
0.021424692
0.033809088
-0.004836848
0.014133998
0.01885644
0.0063557909
0.031182054
-0.034404919
-0.0056993039
0.038643505
-0.055484593
0.057063263
-0.027019987
0.070309095
-0.082808629
-0.016433641
0.027985753
0.0069974205
0.021532251
0.051569402
0.070167899
0.064818807
0.048538886
-0.062955335
0.060774852
0.071475782
0.068064384
-0.013092296
0.026018657
-0.029659042
-0.024834666
-0.04098282
-0.032846514
-0.073032551
0.061415307
0.05604085
0.068112485
0.074172385
0.03212684
-0.020151146
0.01659926
0.07359691
0.020198256
-0.039507058
0.036249746
-0.019537233
-0.14447993
0.048991766
-0.06093543
0.14834742
0.046978667
0.095670447
0.03399656
-0.040528316
0.087893873
0.036445659
0.016391642
0.03365973
0.038441759
-0.060507447
-0.081038781
-0.088143654
0.083764181
-0.0059808213
-0.19203615
-0.0095457882
0.087856591
0.0083596492
0.060568139
0.0045338799
-0.045697208
-0.023926446
0.030496135
0.01404371
0.037131216
0.076309077
-0.049297746
0.011544648
-0.033585194
-0.032715719
-0.080486141
-0.059392966
0.029947478
0.083579272
-0.073799737
0.12564977
0.014785622
0.0033446276
0.016767196
-0.06719178
0.038771689
0.010832353
0.016713457
-0.063302569
-0.060327906
0.047868606
0.04763734
-0.027994383
-0.0058314051
0.023645569
-0.044455245
0.045867153
0.032466877
0.011244182
0.016456762
-0.016781123
-0.070358954
0.0080403211
-0.02297133
-0.026275022
-0.04152577
-0.005583534
0.051294934
-0.0021660749
0.047113776
-0.03772876
-0.026874831
-0.0025531836
0.084485956
0.055339519
0.0051687532
0.053502791
-0.039652593
0.040503215
0.13137628
-0.028336553
-0.0057907854
-0.061870597
-0.017114604
0.081553176
-0.052148432
-0.049803529
-0.065526105
0.013216535
-0.062539496
-0.10816699
-0.051985856
-0.0023756672
-0.0014446235
0.10037305
0.079157971
0.045021143
0.10909358
0.09745463
0.017538842
0.016839527
0.015493968
-0.019752214
0.011026393
0.020713555
-0.023303406
-0.06820444
0.050109453
-0.00096161262
-0.12378731
-0.064386576
-0.021022538
-0.042775955
-0.10288158
0.12140732
-0.048184287
-0.094077066
-0.0092957783
0.017737657
-0.029317314
-0.04444835
-0.059760109
0.073116593
-0.054647837
-0.045190867
0.04219345
0.09266445
-0.034828685
0.067273393
0.11923647
-0.093141176
0.0097102281
-0.050638348
-0.015532841
-0.016062995
-0.042120103
0.073536724
-0.010669326
0.017518431
-0.012623723
-0.084837884
-0.063324548
-0.076475687
0.0025619343
0.026625842
0.088351116
-0.03730699
-0.10876869
-0.02028423
0.078521654
0.070892707
0.014204764
-0.077331126
0.06475585
0.065513454
0.0050175432
-0.0070916493
0.041081496
-0.025586043
0.042859036
-0.059441809
0.083531097
0.11799631
-0.11057775
0.080010183
-0.070764706
0.0059977421
0.018345602
-0.082444251
0.067750208
0.033447787
-0.018741179
-0.061328065
0.0033195333
-0.0052460032
-0.037697542
0.034880146
0.029012768
-0.12144089
0.077412695
0.0693167
-0.043966155
0.028226586
-0.047174476
0.13842323
0.014698307
0.026110655
0.048021216
-0.030232713
0.052487005
-0.034218352
-0.10042151
0.047371369
-0.047971107
-0.04624154
-0.025368402
-0.059005812
-0.079903014
0.04298972
0.0022764534
-0.034966405
0.080934346
0.10532259
0.067198664
0.044260301
-0.0045811594
-0.028893244
-0.022910047
-0.074819498
-0.069983467
0.057931766
-0.024823871
0.019237824
0.041776206
-0.060329136
-0.082797125
-0.045598812
-0.019359669
0.10579119
0.049745444
0.031877857
0.077258945
0.016730314
-0.013330112
-0.063191704
-0.045617536
-0.0091298837
-0.031349204
-0.022331575
0.020681735
0.0011614447
-0.044068929
0.049037635
-0.0032588628
0.084739923
-0.035430774
0.050577488
-0.060334504
0.045312162
-0.012049075
0.09718588
0.12262158
-0.12052662
-0.0096931271
0.0042001875
0.0031388034
0.0329169
-0.049447421
-0.11658005
-0.055754393
0.080467895
0.039793439
-0.066907592
0.074229397
0.07964094
-0.010107284
0.052810822
-0.059245653
-0.039265901
-0.0067583052
0.043097589
0.021130133
-0.0018475661
-0.11670402
-0.074433304
0.00056213245
0.0045712157
0.030377062
-0.050041679
-0.08173091
0.062536418
0.079214744
0.040354822
-0.021758841
0.0012728064
-0.011271221
0.0028326253
-0.042112712
0.063904375
0.049193088
0.027248763
-0.029924255
-0.074865699
0.043347545
-0.051384233
-0.10038792
-0.021980252
0.099877529
0.015128562
-0.023072056
0.048718039
0.0035207919
0.032954767
0.059631292
-0.11371205
0.029963169
0.0092233
-0.043095011
0.01458165
0.11251818
-0.035375658
-0.33666024
-0.051260155
0.052363932
0.026298454
0.0023247194
-0.064592756
0.07708405
-0.011609317
0.028415244
0.012015485
-0.078855209
0.044830762
-0.0073409625
-0.016144782
-0.020835314
-0.0083142938
0.0027042166
-0.043342039
0.036999863
0.0097278422
-0.016689764
0.083643138
-0.076064564
0.046565879
0.040218603
0.038416352
0.0069282237
0.024373334
-0.040639974
0.022946585
-0.0040588444
-0.053097505
0.073832519
-0.0087923491
-0.018402306
0.071043275
0.0029528881
-0.055045135
0.033494286
-0.19924508
0.06310755
0.086983085
-0.025512399
0.039537016
0.063768677
-0.00069179403
-0.0065778
0.0086966921
-0.096151464
0.03595126
0.050262213
-0.04335887
-0.052252524
-0.01621904
-0.019529365
0.019976269
0.013773045
-0.073609695
-0.10900668
-0.054981716
0.046254925
-0.045258839
0.04419044
0.031107558
0.029252928
-0.05097498
0.027937075
-0.00063977635
0.077607937
-0.056974109
0.05130874
0.076359779
0.077500604
0.026214847
0.017613737
0.086770795
0.04223996
0.048860982
0.026648629
0.020713046
0.040130638
-0.014894868
-0.0083767604
0.036250655
0.0041888836
0.011027475
0.043154392
0.0078964084
0.00062052626
-0.0710788
-0.032398507
0.00042062771
0.018097112
0.0016857971
0.040754091
-0.033042539
-0.053792369
-0.031606808
0.055693921
0.054151397
-0.055477168
0.083094552
0.16732411
-0.077176608
-0.012008487
0.0017970368
-0.036894463
0.038970683
0.024218343
-0.025811726
0.066754974
0.012467548
0.020883171
-0.087284453
0.027172765
0.08581493
-0.10167336
0.024371976
-0.036829431
0.072031491
-0.048871007
-0.026588613
0.044629622
-0.13616732
-0.053314686
0.11284138
0.040942639
-0.0061759679
-0.050234031
-0.099684164
0.04278731
0.014480913
-0.0043455618
-0.052541189
-0.0097030951
-0.047417738
0.023418847
0.038046949
0.0044506239
-0.079902753
-0.053881016
0.0026051004
-0.046720069
0.0045755645
0.017423933
0.031293202
-0.051068604
0.03034159
0.028466905
0.029680166
-0.020583861
0.015031585
0.04826403
-0.02903503
-0.010924949
0.026504064
-0.063537918
-0.085167207
-0.19682445
0.033199809
0.037746806
0.008634964
-0.045052104
0.0578194
0.01701138
-0.0097964816
0.038534991
-0.057691105
0.014143407
0.033259261
0.034586199
-0.033654936
0.060479857
0.052231383
0.0499449
0.014092755
-0.067578129
0.05536494
0.028469233
-0.052322276
-0.00057976868
0.021686871
0.020424111
-0.039517146
0.0087046968
0.027857468
0.062396877
0.020467419
-0.029840702
-0.026965667
0.036473989
-0.086118378
0.094848536
-0.010629834
0.024056889
0.019196011
-0.012401259
0.042797636
0.025312494
0.11653411
0.049220517
0.052383862
0.042772576
-0.015582917
0.04195435
-0.025159789
0.035388134
0.063237965
-0.040360853
-0.04677777
0.08752232
0.074167848
0.0032237999
0.029295351
0.024971353
0.021166515
0.0021256215
0.030277913
-0.010593766
0.033827633
0.063838542
0.025899004
-0.038089368
-0.11744901
0.041613597
-0.028639574
-0.093156055
0.074638993
-0.11939249
-0.057160277
0.0086377058
-0.021455478
0.082823604
-0.025131656
-0.11351765
0.074038915
-0.052726675
0.010359027
0.036486596
0.064879611
0.01356093
-0.034713622
-0.066707999
0.041148279
-0.076473556
-0.0088151097
-0.019810608
-0.05067005
0.050458219
0.046305347
-0.065765366
0.024160387
-0.052010309
0.090392388
-0.071458787
0.0066045146
0.022136016
-0.087826438
-0.02051943
0.002276218
0.0097785844
-0.0141089
-0.0024861668
-0.00022181359
0.037717678
0.0064155646
-0.0052536163
-0.037995249
0.04684848
0.0058809202
-0.07757584
-0.039576206
-0.054904554
-0.077498995
-0.099183455
0.012705891
-0.059135631
0.024939531
0.023076117
0.03315169
0.053554885
-0.058669779
0.012253982
-0.0051461291
0.061576933
0.011384196
-0.053586744
-0.11909818
-0.011987015
0.036769483
-0.0032229077
0.019982673
0.038723987
0.048815165
0.011739487
-0.039466485
-0.0020843018
-0.060278188
0.041332841
-0.047330696
-0.0007078842
0.082860589
0.071039781
0.063983969
0.080905981
0.036372934
-0.19961011
0.032258276
-0.081361942
-0.10670456
-0.037981275
-0.051230446
0.051573791
-0.044558804
-0.048787903
-0.069243968
-0.033348013
-0.02779264
0.0091141751
0.066776052
-0.0039367182
-0.037153579
0.051439002
-0.04333337
-0.058798309
-0.0054139202
-0.0033021395
-0.049122397
0.013786839
0.039639682
-0.035873704
-0.0036808706
-0.013619261
0.089112282
0.0039235945
0.0019992017
0.10810947
0.027494581
-0.014265209
-0.12641515
0.028386662
0.074941643
0.057638712
0.026101496
0.034609355
0.036273208
0.011268814
-0.056547623
-0.054871093
-0.0021167055
-0.006273475
-0.033533506
0.12102496
0.012121306
-0.051560421
-0.12650178
0.086151764
-0.069383159
0.036409806
0.11398147
-0.010178842
0.036900453
-0.032076206
0.0034499571
0.031554598
-0.025443891
-0.083931923
0.030519178
-0.015032095
-0.015285134
-0.056356657
-0.004551881
0.019437259
-0.034463163
0.036706299
-0.025908832
0.084468789
0.079048634
-0.032204423
0.00028211559
-0.081208713
-0.049048871
-0.027032129
-0.0024084121
0.037232138
0.052265048
-0.047926042
-0.023732917
-0.04261104
-0.049460091
-0.060942866
-0.025015
0.021284662
0.021604436
-0.026736824
-0.0020096204
-0.00014334131
0.021081703
-0.021587048
-0.077084199
-0.0037659479
-0.047797736
0.084767804
-0.05535128
-0.091850601
0.01018727
0.059044477
0.0021460748
-0.060916148
-0.0098920185
-0.013684685
0.020867459
-0.023749992
-0.039714079
0.076896407
-0.062787972
0.069307335
0.056175347
0.0065663299
0.0013379863
0.06541618
-0.052619636
0.082482845
0.0070970682
0.01789795
0.0033621676
-0.030497173
0.041948102
-0.0054647475
-0.06963066
-0.10083242
-0.01382743
0.010347849
-0.0031023016
-0.0094703706
0.017453998
0.034975309
-0.0090173772
-0.019310737
-0.024504934
-0.025266083
-0.30681279
0.025940331
-0.052887168
-0.031516649
0.027554767
-0.094050154
-0.025042381
-0.042975359
0.058140926
0.0055872109
-0.017213913
-0.06681066
0.058036301
-0.07388445
-0.06699463
-0.0020311163
-0.03127915
-0.03611752
0.049175758
0.010846636
-0.013068667
-0.081083223
-0.018940661
-0.045572251
0.042624671
0.00098762021
0.022901643
0.029121634
0.030107895
0.0004846282
0.10118066
0.011719938
0.063221462
-0.091159798
-0.0078539643
0.0064420565
-0.002283057
0.036993224
0.014131609
0.054121099
-0.050416011
0.058063775
0.044503603
-0.056203283
0.0051855831
-0.095684543
-0.035348922
0.1017286
0.0073259487
-0.035466846
0.087793618
-0.01091574
0.058885071
0.10704059
0.068450525
-0.026829233
-0.071659856
0.033115845
0.008594377
-0.0093679428
0.074105725
-0.029234158
-0.019825764
0.0023162402
-0.05192459
-0.11335757
-0.0070296209
-0.046660319
0.073033601
0.0057961023
-0.037298389
-0.078902245
-0.005065022
-0.034362037
0.016344013
0.046300538
0.027576609
0.057782631
0.070168547
-0.031165702
0.072811134
0.014140205
0.061759319
0.043847457
0.050122589
0.044988483
-0.0011208433
-0.034144938
-0.037513487
-0.033809714
-0.0075536976
-0.042582449
-0.020645702
0.006678625
0.056592792
-0.0039534671
-0.036786899
0.092925459
-0.013297524
-0.079918779
0.032103252
0.046875343
-0.028005242
-0.0064181569
-0.016384397
0.057032451
-0.057512052
-0.08773382
-0.014016411
-0.051524587
-0.039823063
-0.030317601
-0.071484707
-0.010101623
-0.035017453
-0.052948002
-0.0017335486
0.014547654
0.071093746
-0.011181522
0.046099152
0.01945417
-0.032812491
-0.066232473
0.085599884
-0.051179968
-0.076704577
-0.032571699
0.050997172
-0.0047547077
0.01097734
-0.0020557081
-0.039561126
0.036566947
-0.0094029214
0.01451942
-0.0057450067
0.094363965
-0.034151524
0.011149425
-0.074423887
0.064477347
-0.065522999
0.087654576
0.082451068
-0.058822524
0.002381277
-0.01423672
0.026707847
0.029116761
0.082878508
0.028727107
0.045086578
0.06952253
0.041527517
-0.046608355
0.0052962475
0.026665214
0.043820601
-0.035043292
0.047140617
0.022044959
-0.011478824
-0.042607531
-0.0055879545
0.0076094535
0.063114375
5.1102761e-05
-0.048980616
-0.10063922
0.030132515
-0.048344973
0.017453879
0.047942143
0.022949588
0.15419552
0.025058957
-0.068793543
0.01700837
-0.031672355
0.0082758488
0.068870731
0.061330598
-0.013487075
-0.031841941
-0.13800396
0.0050512939
0.029709475
0.044775929
-0.043692622
0.052259903
-0.042851318
-0.030224582
-0.013928079
-0.081891879
-0.059664544
0.10855041
-0.062156614
-0.021022195
0.049294543
-0.089873306
-0.019583892
-0.016462797
-0.06235195
-0.022376271
0.027470991
0.0053297975
-0.019995242
-0.054131065
0.045293037
0.090034544
0.11099141
-0.027998412
0.05988108
-0.0099123847
0.010950113
0.040460821
-0.023671776
0.056317061
0.020027775
-0.01481606
0.079782434
-0.018594198
0.056721851
-0.017932678
0.03493502
-0.0059866919
-0.0088632377
0.014209358
0.0027183611
0.036609631
0.0065787472
0.026996281
0.10585197
-0.038284272
-0.097456895
0.045149006
-0.10161484
0.015534686
-0.026352368
-0.12830982
-0.00091840298
-0.11744338
0.02734158
-0.036234859
0.015129116
-3.3180295e-05
0.051560421
0.012220124
-0.067827716
0.010413129
-0.0070278104
0.016377395
0.029033031
-0.024691409
0.051316272
0.039866846
0.047204945
-0.037745342
-0.043831907
0.067049935
0.036927771
0.015286487
0.0074867783
-0.0042863563
-0.0056455848
0.092783876
0.0032802094
-0.091173083
-0.048007213
-0.023600718
0.070158496
-0.00966895
0.030909723
-0.045000177
0.072473273
-0.0096483743
0.031558752
0.026565183
0.034557171
-0.0083814859
0.035771038
0.06715975
-0.050330784
0.017934641
0.06003888
0.089833312
0.091014601
-0.067605957
-0.039780531
-0.079544932
0.0041446299
0.098126926
0.011817717
-0.068540744
0.019780302
0.067811571
0.010992463
-0.055936493
-0.0060190577
-0.062548131
0.046925612
0.02814094
-0.029421041
0.0079692854
-0.078618519
0.1221161
0.066626683
-0.034373131
0.011059863
0.047777325
0.013800683
-0.031248445
-0.025863292
0.13284995
-0.041796394
-0.040309604
0.0074791685
-0.01394516
0.0091541056
-0.047356918
0.053003266
0.010231826
-0.049194317
0.0045557502
-0.026293999
0.11883371
0.031260155
-0.049565334
0.030371923
-0.11902445
-0.025332579
-0.0056214985
-0.015043857
0.053039588
-0.072026178
0.0073567838
-0.026713436
-0.049860366
-0.036311232
0.0013610668
-0.030821918
-0.042201579
-0.0065712635
0.014059694
-0.018527951
0.015001187
-0.025936538
0.022497337
0.025556844
0.015465472
0.081044547
-0.034136526
0.046336658
0.096145608
-0.01926136
-0.019794304
-0.0042318776
0.013910632
0.053313281
0.081409559
-0.0091512073
0.01308942
0.032153573
0.038939118
-0.015377129
0.0071032299
-0.08025188
0.01175766
0.039528243
-0.017554292
0.0014188583
-0.010137091
0.00046948346
0.020659713
-0.017854355
0.0029229745
-0.070892148
-0.063236922
0.035323907
-0.042258728
-0.031456366
-0.094325908
-0.027404815
-0.066085428
0.060785789
-0.0057799695
-0.043677937
0.025190886
0.097104929
0.033853568
0.018331811
0.069509782
-0.026263656
0.0022542605
0.018761069
0.001921548
-0.07407362
0.023343731
0.064253986
-0.0012612173
0.012577901
0.078197792
0.043613348
-0.026888462
-0.016529173
0.14388092
0.025013203
-0.014361271
-0.0097959144
0.087849729
-0.029261829
0.01681537
-0.040134005
-0.0080252243
0.0064660679
-0.067280881
0.062538147
0.017489534
0.017465128
-0.046017755
0.033456139
-0.077749245
0.042172711
-0.00057457812
-0.014765209
-0.058861867
0.014097551
-0.039200176
0.064245455
-0.21718866
-0.04019722
-0.041814499
-0.013893721
0.029563231
-0.081262216
-0.036118247
0.034116939
0.076366387
-0.0030527948
-0.013838529
-0.023733294
0.12718822
-0.069927007
-0.0068823309
0.062378909
0.016332332
-0.044074085
0.10754943
0.020025153
0.073253453
-0.061012376
0.090441696
0.023732726
-0.053369466
0.047689132
-0.041854732
0.025398312
-0.075986117
-0.045373965
0.01354922
-0.043718114
-0.071890384
-0.08492624
-0.020635827
0.039741162
-0.088937759
-0.091514342
-0.098162107
0.059553821
0.11150716
0.017346015
-0.019114843
-0.064437628
0.078588136
-0.043029763
0.10748993
-0.021362649
-0.060557194
0.076178133
-0.028597742
-0.029161546
0.03990021
0.0002616948
-0.023343943
-0.12442582
0.04884069
-0.20479706
0.031788405
-0.0038555469
0.014685917
-0.037875336
-0.032401435
-0.018330336
0.073572293
-0.096492201
-0.051841076
-0.0071171932
0.0148006
0.012723986
0.083458781
0.10598608
-0.068334088
-0.018152086
0.023687178
0.00028785446
0.049569763
-0.024526887
-0.044647161
-0.065740101
0.0097884266
0.04607318
0.062001865
0.063554406
-0.13465613
-0.01113118
-0.029072983
0.11172909
0.010092574
-0.017806478
-0.052515082
0.0030004575
-0.13082048
-0.096613757
-0.0040593697
-0.035199996
-0.041592933
0.0032795407
0.046120647
0.040708836
0.06630782
0.019961976
0.14880931
0.0075598178
-0.012850224
0.13584077
-0.079996966
0.075997457
0.029887626
-0.024912376
-0.061222591
-0.022584468
-0.073731557
0.021477826
-0.031402051
-0.020656068
-0.052488588
-0.093459964
0.0048432499
0.048495695
0.031613238
-0.003403977
-0.047570162
-0.030818939
0.026804008
-0.034598611
0.0013727181
-0.10368055
-0.012137538
-0.041932777
-0.0015603816
-0.0086378315
0.068296678
0.10756816
-0.0090394188
-0.036394242
-0.13320161
0.020837324
-0.056437675
-0.01556344
-0.010390203
0.021552093
-0.05866782
-0.083380677
0.0078345146
-0.012218844
-0.042979304
0.064941585
-0.041349873
-0.00029192801
0.077684402
0.025261892
0.075796738
0.038743246
-0.061586961
0.00066542637
-0.046122923
-0.033004407
-0.00021604572
0.066549689
-0.044367921
-0.051538561
0.065866016
0.069579393
-0.13438575
0.056460381
-0.045593511
-0.10518853
0.0064061084
-0.055093501
-0.055582922
0.014756413
0.036760334
0.024399497
0.11075867
0.021184081
0.011195643
-0.031236457
-0.10475165
0.036491826
-0.081618845
-0.023289865
0.11415851
-0.038723718
0.017013274
-0.060560454
-0.060418505
0.023093659
0.047696799
-0.048411522
-0.046854202
-0.07149417
-0.014809284
-0.034258228
-0.039642241
0.1108171
-0.1036244
0.041882407
-0.030999504
0.033945326
-0.082511559
-0.082613297
0.039841156
-0.018038366
-0.034556709
-0.034154817
0.029650023
0.0012548384
0.042047545
-0.17452154
-0.042172682
0.0091320025
-0.059833832
0.038860828
0.021548411
0.03452117
0.077663846
0.042658783
0.023407603
-0.069020793
-0.11232534
-0.093467757
-0.071032599
0.07781978
-0.13994463
-0.057365965
0.13663639
-0.050249841
0.0059431251
0.031003229
-0.05141991
0.051134329
0.087651916
0.020359367